{"type":"FeatureCollection","features":[{"type":"Feature","geometry":{"type":"Polygon","coordinates":[[[34.84653,48.01361],[34.84178,48.0398],[34.83935,48.04901],[34.84097,48.05072],[34.87558,48.05431],[34.87104,48.06907],[34.86145,48.10674],[34.85505,48.13298],[34.87822,48.13389],[34.88127,48.12687],[34.91559,48.13039],[34.91951,48.11463],[34.91158,48.11372],[34.91101,48.10291],[34.91461,48.09081],[34.93032,48.09257],[34.93005,48.09036],[34.98631,48.09657],[34.98929,48.08996],[35.00074,48.09309],[35.02871,48.09707],[35.03682,48.09741],[35.03988,48.0993],[35.04069,48.10433],[35.04477,48.10955],[35.05655,48.11872],[35.06101,48.12129],[35.06686,48.12207],[35.07673,48.1221],[35.08454,48.12387],[35.09373,48.12813],[35.10705,48.13117],[35.11586,48.13113],[35.12874,48.12972],[35.14307,48.12888],[35.16419,48.12896],[35.18016,48.13176],[35.18726,48.13491],[35.19439,48.14029],[35.20908,48.13968],[35.21578,48.14012],[35.22047,48.1416],[35.22387,48.13968],[35.2355,48.13559],[35.24484,48.13488],[35.25918,48.13724],[35.27137,48.14275],[35.28987,48.14388],[35.29408,48.14372],[35.30309,48.14122],[35.30894,48.13857],[35.32008,48.13233],[35.3303,48.12956],[35.33586,48.12466],[35.35227,48.12237],[35.36567,48.12104],[35.36879,48.11925],[35.3801,48.11829],[35.38268,48.12003],[35.39385,48.11455],[35.4006,48.11473],[35.40436,48.11176],[35.40889,48.11077],[35.41304,48.11168],[35.41648,48.10968],[35.42004,48.10004],[35.44476,48.1022],[35.45155,48.1033],[35.47348,48.0983],[35.48074,48.09736],[35.48323,48.09529],[35.48745,48.09483],[35.50048,48.09745],[35.51158,48.09663],[35.51932,48.09455],[35.51949,48.09253],[35.52431,48.0744],[35.55601,48.08453],[35.61235,48.10534],[35.63466,48.11331],[35.65366,48.12054],[35.69525,48.13595],[35.70323,48.14025],[35.7428,48.09568],[35.75659,48.09655],[35.76196,48.09767],[35.77309,48.09726],[35.78122,48.09423],[35.7945,48.09649],[35.80132,48.0995],[35.80599,48.10074],[35.8166,48.06568],[35.86508,48.07315],[35.92111,48.08193],[35.96332,48.0934],[35.96826,48.09452],[35.97527,48.09235],[35.97485,48.08735],[35.97753,48.08604],[35.98438,48.08648],[35.98456,48.08037],[35.98359,48.07794],[35.97701,48.07805],[35.97008,48.07433],[35.96936,48.07234],[35.97414,48.06661],[35.9714,48.06086],[35.97571,48.05978],[35.97763,48.06241],[35.98114,48.0633],[35.98788,48.05918],[35.98347,48.05716],[35.97809,48.05181],[35.97512,48.04335],[35.98635,48.04518],[36.05225,48.05881],[36.05784,48.04674],[36.05563,48.04627],[36.06514,48.02511],[36.03419,48.01872],[36.04148,48.00364],[36.04859,48.00345],[36.06158,48.00142],[36.06595,47.98195],[36.07084,47.97214],[36.04779,47.96585],[36.05145,47.95847],[36.07339,47.96505],[36.0756,47.95867],[36.08457,47.93026],[36.10895,47.94172],[36.12008,47.92794],[36.1106,47.92472],[36.12801,47.90213],[36.12235,47.90019],[36.12976,47.89061],[36.11819,47.87337],[36.11728,47.86806],[36.11954,47.86486],[36.08699,47.86115],[36.0824,47.8776],[36.08019,47.88345],[36.054,47.87995],[36.05737,47.86826],[36.06837,47.86745],[36.07366,47.84788],[36.08672,47.84879],[36.09428,47.8501],[36.09989,47.84929],[36.10126,47.84242],[36.17884,47.8504],[36.17737,47.85714],[36.19323,47.85932],[36.19706,47.85898],[36.19632,47.85254],[36.19203,47.84485],[36.18793,47.84139],[36.18962,47.83703],[36.19397,47.83728],[36.19439,47.8352],[36.19769,47.83277],[36.26589,47.83334],[36.27362,47.82336],[36.27534,47.81535],[36.29817,47.81774],[36.29855,47.81588],[36.32661,47.81979],[36.33068,47.82168],[36.33211,47.82567],[36.32958,47.82718],[36.33021,47.83043],[36.32627,47.83419],[36.32358,47.83521],[36.32373,47.83935],[36.37443,47.838],[36.3763,47.83019],[36.38196,47.83001],[36.39791,47.8308],[36.40428,47.82974],[36.41203,47.82759],[36.4223,47.82874],[36.42813,47.82767],[36.4379,47.82714],[36.44903,47.82409],[36.47596,47.82423],[36.52254,47.82887],[36.52082,47.83632],[36.55273,47.84156],[36.585,47.84715],[36.57673,47.88031],[36.54937,47.87731],[36.54178,47.9059],[36.59254,47.91076],[36.58969,47.92165],[36.59324,47.92173],[36.61776,47.91754],[36.64013,47.92037],[36.62906,47.96168],[36.5853,47.95657],[36.57642,47.99797],[36.58253,48.00048],[36.58504,48.00264],[36.58016,48.00795],[36.57006,48.01319],[36.57789,48.01587],[36.58628,48.01747],[36.59088,48.02058],[36.5889,48.02294],[36.58685,48.02879],[36.57882,48.03698],[36.57383,48.03995],[36.58205,48.04903],[36.58684,48.05192],[36.58682,48.05401],[36.58251,48.05998],[36.58203,48.06291],[36.58643,48.06429],[36.58604,48.06953],[36.58469,48.07186],[36.58702,48.07548],[36.58008,48.07814],[36.58251,48.07989],[36.58559,48.07808],[36.58767,48.08023],[36.58599,48.08213],[36.59508,48.08251],[36.60205,48.08472],[36.60445,48.08659],[36.60025,48.08839],[36.60185,48.09086],[36.60944,48.08966],[36.61118,48.08714],[36.61674,48.08642],[36.622,48.08214],[36.62533,48.08519],[36.62932,48.08359],[36.63232,48.08454],[36.63143,48.08906],[36.63655,48.08774],[36.63867,48.08956],[36.64409,48.08732],[36.64627,48.0896],[36.65003,48.08798],[36.65075,48.09153],[36.64612,48.09382],[36.63957,48.09161],[36.63637,48.0947],[36.6483,48.09538],[36.65098,48.09969],[36.65352,48.10018],[36.65792,48.09745],[36.65512,48.09465],[36.66086,48.09139],[36.66205,48.08865],[36.66507,48.08813],[36.66926,48.091],[36.6752,48.09067],[36.68286,48.08605],[36.6877,48.08661],[36.69624,48.0855],[36.70122,48.08239],[36.70628,48.08195],[36.70874,48.08003],[36.71308,48.07984],[36.71532,48.08482],[36.71863,48.08459],[36.72242,48.08049],[36.72542,48.07957],[36.72444,48.07625],[36.72625,48.0712],[36.72964,48.06931],[36.73461,48.06836],[36.73994,48.06852],[36.73872,48.06609],[36.74364,48.06513],[36.7484,48.06198],[36.743,48.06013],[36.74164,48.05434],[36.74377,48.0502],[36.75299,48.04921],[36.76007,48.05167],[36.76332,48.05578],[36.76998,48.05069],[36.77248,48.04772],[36.77822,48.04896],[36.78433,48.04764],[36.78629,48.05134],[36.79299,48.04827],[36.79822,48.05016],[36.80025,48.05255],[36.80508,48.05194],[36.80403,48.04785],[36.80818,48.04587],[36.80877,48.04373],[36.81313,48.04037],[36.81897,48.04014],[36.82742,48.03583],[36.83378,48.03517],[36.84032,48.03826],[36.84511,48.03763],[36.84774,48.03515],[36.85454,48.03244],[36.85568,48.03468],[36.85803,48.05223],[36.87645,48.05106],[36.87818,48.06185],[36.88162,48.06288],[36.88151,48.06347],[36.89623,48.07759],[36.89415,48.08637],[36.88533,48.12691],[36.87835,48.15799],[36.8727,48.18413],[36.8803,48.18192],[36.88475,48.18188],[36.88329,48.17887],[36.88707,48.17729],[36.8938,48.17966],[36.89165,48.18593],[36.89311,48.18882],[36.8983,48.18763],[36.89948,48.19074],[36.90853,48.19206],[36.91552,48.19448],[36.91993,48.19388],[36.93084,48.19595],[36.93655,48.19428],[36.9266,48.24135],[36.92402,48.25493],[36.9123,48.30919],[36.8737,48.3055],[36.87117,48.31688],[36.81656,48.3125],[36.81215,48.33129],[36.80876,48.34813],[36.81621,48.34885],[36.8129,48.3645],[36.81706,48.36607],[36.82152,48.36584],[36.82768,48.37115],[36.82487,48.38465],[36.82259,48.39367],[36.82032,48.40648],[36.83073,48.40731],[36.83076,48.41078],[36.82476,48.41304],[36.83066,48.41746],[36.83342,48.41658],[36.84234,48.42063],[36.84869,48.41633],[36.85131,48.41807],[36.84957,48.42025],[36.85114,48.4241],[36.84845,48.42794],[36.84532,48.44365],[36.83667,48.44312],[36.83012,48.48438],[36.8567,48.48698],[36.85443,48.49673],[36.85027,48.51769],[36.87854,48.52011],[36.90597,48.52291],[36.90404,48.53047],[36.90148,48.54338],[36.88484,48.54182],[36.88297,48.55105],[36.87136,48.55019],[36.859,48.56877],[36.82498,48.56662],[36.82432,48.56996],[36.81037,48.56896],[36.80669,48.58813],[36.80573,48.59633],[36.77972,48.5964],[36.77859,48.60035],[36.7453,48.59637],[36.73886,48.62616],[36.70395,48.62239],[36.70281,48.62763],[36.67243,48.62471],[36.6739,48.61824],[36.65395,48.61605],[36.65543,48.60932],[36.59111,48.60244],[36.58998,48.60795],[36.58023,48.60712],[36.57826,48.61592],[36.56275,48.6168],[36.56088,48.62334],[36.55636,48.62393],[36.53049,48.63778],[36.51529,48.64638],[36.49913,48.65506],[36.4825,48.66353],[36.45242,48.63715],[36.44822,48.63326],[36.44527,48.63252],[36.42409,48.63503],[36.42611,48.63181],[36.44235,48.62869],[36.42815,48.61581],[36.4382,48.61377],[36.43358,48.61213],[36.42684,48.61426],[36.41167,48.60006],[36.38106,48.57032],[36.39192,48.56468],[36.36537,48.54125],[36.35478,48.53212],[36.34959,48.53498],[36.35505,48.53973],[36.32373,48.55562],[36.2963,48.53145],[36.2713,48.54374],[36.28284,48.55399],[36.31903,48.58718],[36.26524,48.61306],[36.26396,48.61445],[36.2512,48.62073],[36.25114,48.62443],[36.25392,48.62548],[36.25888,48.62354],[36.26268,48.62809],[36.26223,48.631],[36.26832,48.63761],[36.26803,48.64264],[36.26598,48.64765],[36.26693,48.64966],[36.27785,48.65486],[36.28423,48.65947],[36.26974,48.66662],[36.26734,48.66325],[36.25227,48.67013],[36.24204,48.67541],[36.20912,48.69148],[36.14279,48.72437],[36.16167,48.74884],[36.15496,48.75312],[36.13998,48.76589],[36.14852,48.76767],[36.15887,48.76812],[36.15293,48.78104],[36.15904,48.78414],[36.13395,48.80241],[36.13086,48.8065],[36.12387,48.80538],[36.12386,48.80836],[36.10649,48.80909],[36.10479,48.80661],[36.09811,48.80729],[36.0923,48.80904],[36.08994,48.80791],[36.08321,48.80906],[36.07342,48.80769],[36.06602,48.80896],[36.06484,48.81148],[36.06776,48.81453],[36.0704,48.81992],[36.06845,48.82325],[36.07013,48.82716],[36.07546,48.82985],[36.07539,48.83515],[36.07083,48.83807],[36.05912,48.8422],[36.05365,48.84338],[36.04155,48.84371],[36.01941,48.85472],[36.04031,48.87349],[36.01168,48.88789],[36.04363,48.91556],[36.0252,48.92498],[35.99592,48.93932],[36.00413,48.94605],[35.97758,48.95971],[35.98964,48.96862],[35.98957,48.96924],[35.96925,48.98133],[35.96757,48.98269],[35.93997,48.99919],[35.93705,48.9984],[35.93428,48.99285],[35.93778,48.99049],[35.93718,48.98665],[35.93435,48.98165],[35.94368,48.97729],[35.93845,48.97505],[35.9375,48.97291],[35.93073,48.97473],[35.92405,48.97374],[35.91905,48.97111],[35.91721,48.96872],[35.91263,48.96892],[35.91042,48.97195],[35.90458,48.97304],[35.89743,48.97213],[35.88499,48.97519],[35.87915,48.96292],[35.85511,48.95798],[35.85437,48.95705],[35.85641,48.94577],[35.8381,48.94729],[35.83531,48.9465],[35.83264,48.94916],[35.82932,48.9499],[35.82761,48.94716],[35.8224,48.9431],[35.81971,48.93991],[35.81363,48.94217],[35.80985,48.94127],[35.80854,48.93919],[35.81373,48.93223],[35.81456,48.92921],[35.80938,48.92715],[35.8018,48.92723],[35.79871,48.92804],[35.79217,48.93422],[35.79118,48.93694],[35.79291,48.9399],[35.79731,48.93925],[35.8011,48.94196],[35.79122,48.94513],[35.78894,48.94753],[35.79192,48.95248],[35.78662,48.95467],[35.77697,48.94823],[35.77075,48.95066],[35.76912,48.95241],[35.7626,48.95524],[35.75902,48.9551],[35.75711,48.95267],[35.75957,48.94886],[35.75154,48.94704],[35.74594,48.94866],[35.73938,48.94956],[35.7378,48.9521],[35.7397,48.95467],[35.73666,48.9575],[35.73898,48.96249],[35.73468,48.96673],[35.73161,48.96445],[35.72668,48.96448],[35.72371,48.96659],[35.7196,48.96515],[35.71201,48.95711],[35.716,48.95425],[35.71397,48.94866],[35.70301,48.94552],[35.69633,48.947],[35.69606,48.94276],[35.69161,48.94536],[35.69027,48.95015],[35.69524,48.95306],[35.6925,48.95818],[35.69552,48.96153],[35.69647,48.96444],[35.69495,48.96714],[35.68528,48.97117],[35.67901,48.97087],[35.67352,48.97232],[35.66855,48.97139],[35.66297,48.96893],[35.6618,48.97326],[35.6559,48.97287],[35.65018,48.9741],[35.64701,48.97285],[35.64344,48.96914],[35.64544,48.96789],[35.64391,48.96334],[35.63077,48.96247],[35.62478,48.97137],[35.62598,48.97828],[35.6285,48.98156],[35.62498,48.98322],[35.61421,48.98174],[35.60717,48.98197],[35.60233,48.98106],[35.5977,48.98291],[35.59712,48.98537],[35.59394,48.98674],[35.58523,48.98325],[35.58178,48.98078],[35.57803,48.97499],[35.57159,48.97405],[35.5722,48.97759],[35.56954,48.97853],[35.56212,48.97373],[35.55928,48.97694],[35.54932,48.97605],[35.54069,48.97854],[35.53828,48.98195],[35.52948,48.9819],[35.53116,48.97655],[35.52883,48.9764],[35.51305,48.9795],[35.5118,48.98222],[35.50738,48.98128],[35.50195,48.9779],[35.49691,48.9782],[35.48523,48.97262],[35.4855,48.98132],[35.47784,48.97892],[35.47455,48.98074],[35.47343,48.98433],[35.46837,48.98824],[35.45927,48.98835],[35.45603,48.98995],[35.45668,48.99234],[35.46017,48.99456],[35.45855,48.99775],[35.44809,48.99929],[35.44253,49.00093],[35.43586,49.00456],[35.4353,49.0073],[35.43884,49.01111],[35.42978,49.01388],[35.42635,49.01082],[35.41712,49.01448],[35.41124,49.01203],[35.4028,49.01606],[35.39959,49.01905],[35.40551,49.01967],[35.40264,49.02427],[35.40621,49.02657],[35.39818,49.03011],[35.38663,49.02661],[35.3833,49.02978],[35.36916,49.03945],[35.36192,49.0416],[35.35465,49.04076],[35.3514,49.04119],[35.34412,49.04552],[35.3418,49.04569],[35.33829,49.04871],[35.3428,49.05097],[35.34447,49.05337],[35.34173,49.05636],[35.33866,49.05655],[35.33318,49.06165],[35.32922,49.06144],[35.3266,49.06359],[35.32206,49.06291],[35.31657,49.06835],[35.31389,49.06665],[35.30221,49.0707],[35.31201,49.07635],[35.3128,49.08111],[35.31029,49.08822],[35.30779,49.09142],[35.30472,49.09213],[35.303,49.08959],[35.28995,49.0939],[35.28206,49.09286],[35.28316,49.09567],[35.27941,49.09614],[35.27935,49.09139],[35.27613,49.09077],[35.2706,49.09442],[35.26842,49.09795],[35.26852,49.10357],[35.26417,49.10589],[35.26144,49.10533],[35.25837,49.10739],[35.25774,49.11327],[35.24698,49.11154],[35.24257,49.11403],[35.23837,49.11416],[35.2374,49.11073],[35.23436,49.10788],[35.22992,49.10107],[35.22667,49.10051],[35.22251,49.10195],[35.22236,49.10568],[35.21978,49.10702],[35.19984,49.10892],[35.19429,49.10832],[35.18938,49.11188],[35.19823,49.11856],[35.2037,49.11911],[35.20946,49.1181],[35.2107,49.12022],[35.20861,49.12226],[35.21051,49.12408],[35.21559,49.12545],[35.2251,49.12396],[35.22865,49.12629],[35.21661,49.13061],[35.20712,49.13579],[35.20352,49.13705],[35.19947,49.13674],[35.19601,49.13885],[35.18989,49.13882],[35.19085,49.14161],[35.18849,49.14513],[35.19132,49.14838],[35.19724,49.14999],[35.20764,49.14963],[35.20971,49.15109],[35.20588,49.15423],[35.19752,49.15592],[35.19285,49.16079],[35.18914,49.16102],[35.18671,49.16287],[35.18045,49.15991],[35.17622,49.15983],[35.17356,49.16169],[35.16119,49.16138],[35.15831,49.16016],[35.15201,49.15254],[35.14787,49.15086],[35.14304,49.1507],[35.13429,49.153],[35.13143,49.15534],[35.13724,49.15783],[35.13587,49.15938],[35.12973,49.16128],[35.127,49.1589],[35.11994,49.16346],[35.11654,49.16008],[35.10816,49.15696],[35.10562,49.15845],[35.09299,49.15517],[35.08683,49.14938],[35.08425,49.14539],[35.08641,49.14124],[35.0823,49.14183],[35.07776,49.14534],[35.07535,49.14911],[35.07653,49.15439],[35.08029,49.15693],[35.0791,49.16181],[35.07188,49.15923],[35.06892,49.16699],[35.07344,49.17018],[35.06204,49.17359],[35.06147,49.17606],[35.05402,49.17606],[35.04775,49.17377],[35.04993,49.16551],[35.04301,49.15586],[35.03283,49.15327],[35.02543,49.15249],[35.01772,49.1508],[35.01213,49.15068],[35.01507,49.15439],[35.00741,49.15616],[35.0076,49.16009],[35.00349,49.16207],[35.0012,49.16125],[34.99483,49.16513],[34.99412,49.16684],[34.98909,49.16978],[34.98726,49.16855],[34.97671,49.17781],[34.97697,49.18105],[34.97038,49.18265],[34.96489,49.18244],[34.96046,49.18583],[34.9561,49.18723],[34.95926,49.18938],[34.95833,49.19201],[34.95373,49.19295],[34.94829,49.19156],[34.94749,49.19345],[34.94055,49.1858],[34.9354,49.18137],[34.9293,49.18571],[34.92459,49.18208],[34.92144,49.1758],[34.919,49.15576],[34.91134,49.15414],[34.90763,49.15629],[34.89961,49.15042],[34.88864,49.15331],[34.88847,49.15518],[34.87818,49.15833],[34.86487,49.16143],[34.86594,49.16593],[34.87119,49.16813],[34.88165,49.16918],[34.89157,49.16739],[34.89682,49.16934],[34.90126,49.17484],[34.90194,49.17817],[34.89727,49.1786],[34.89462,49.17735],[34.88891,49.17805],[34.88625,49.17999],[34.86496,49.18129],[34.85704,49.18426],[34.85672,49.19067],[34.84906,49.19116],[34.82537,49.1876],[34.8233,49.189],[34.81865,49.18605],[34.82153,49.18127],[34.82532,49.17998],[34.82683,49.17492],[34.81757,49.17303],[34.81472,49.17124],[34.81304,49.16723],[34.80798,49.16642],[34.80527,49.16948],[34.80732,49.17343],[34.80254,49.17444],[34.80506,49.17665],[34.80318,49.17915],[34.79602,49.17828],[34.79179,49.17587],[34.78324,49.17678],[34.77713,49.17586],[34.77467,49.17273],[34.77032,49.1702],[34.7654,49.17093],[34.76417,49.16892],[34.75812,49.16819],[34.75732,49.16657],[34.76113,49.15791],[34.76511,49.1561],[34.76501,49.15122],[34.76377,49.14957],[34.76632,49.14499],[34.76286,49.14333],[34.75009,49.14436],[34.74998,49.14129],[34.74699,49.14105],[34.74315,49.14424],[34.73987,49.14456],[34.73571,49.14057],[34.72805,49.13603],[34.72148,49.13685],[34.71588,49.13367],[34.70598,49.12982],[34.70048,49.12986],[34.69588,49.13165],[34.69345,49.13393],[34.68745,49.13302],[34.68181,49.13057],[34.68078,49.12659],[34.68201,49.12187],[34.66315,49.11932],[34.65946,49.12268],[34.65023,49.12698],[34.64885,49.13137],[34.64317,49.13012],[34.63781,49.12633],[34.63633,49.1242],[34.6307,49.12488],[34.62432,49.12298],[34.6208,49.12058],[34.60677,49.11496],[34.60823,49.11221],[34.60231,49.11085],[34.60059,49.10923],[34.59328,49.11281],[34.58952,49.11183],[34.58756,49.10776],[34.59076,49.09861],[34.59399,49.09369],[34.59268,49.0926],[34.58705,49.09431],[34.57975,49.09514],[34.57631,49.09654],[34.57231,49.09517],[34.57402,49.09183],[34.56989,49.08886],[34.56963,49.08654],[34.57211,49.08425],[34.56659,49.08292],[34.5679,49.07873],[34.56405,49.07304],[34.57113,49.0678],[34.56947,49.06669],[34.57389,49.06331],[34.5645,49.05825],[34.55821,49.05552],[34.55562,49.05637],[34.54528,49.05571],[34.53774,49.05823],[34.5158,49.07191],[34.50998,49.07036],[34.49915,49.06171],[34.47493,49.0737],[34.46589,49.06533],[34.46422,49.06476],[34.45408,49.06964],[34.41101,49.09101],[34.40211,49.09386],[34.40758,49.07855],[34.4043,49.07486],[34.40969,49.06977],[34.41106,49.06512],[34.41568,49.05485],[34.39019,49.05045],[34.3953,49.04311],[34.36019,49.03341],[34.36369,49.02838],[34.35203,49.02136],[34.35317,49.01646],[34.34379,49.0162],[34.33177,49.0086],[34.3255,48.99881],[34.34071,48.99496],[34.34605,48.99271],[34.34357,48.98866],[34.3529,48.98386],[34.33857,48.96862],[34.33803,48.96738],[34.32852,48.95835],[34.31185,48.94066],[34.30512,48.91554],[34.30019,48.89577],[34.31164,48.88942],[34.30595,48.88479],[34.33738,48.87147],[34.33494,48.85683],[34.34135,48.8562],[34.35033,48.85627],[34.35061,48.85067],[34.34941,48.84609],[34.34631,48.84346],[34.33845,48.84058],[34.33768,48.84355],[34.3309,48.84442],[34.32514,48.84424],[34.32303,48.8289],[34.32778,48.82925],[34.33036,48.82744],[34.33377,48.82807],[34.34057,48.82431],[34.33621,48.82139],[34.33266,48.82091],[34.32906,48.82239],[34.32636,48.82128],[34.29709,48.82075],[34.29806,48.78459],[34.31304,48.78487],[34.31586,48.7863],[34.32329,48.79236],[34.33666,48.78616],[34.34249,48.78419],[34.34093,48.78197],[34.33714,48.78077],[34.3333,48.7776],[34.32351,48.77306],[34.32215,48.76903],[34.31869,48.76735],[34.31096,48.76637],[34.30874,48.76511],[34.31128,48.75887],[34.31638,48.75732],[34.31434,48.75122],[34.31416,48.74726],[34.30957,48.74607],[34.31046,48.73866],[34.30729,48.73894],[34.30159,48.73249],[34.30564,48.72971],[34.30618,48.72732],[34.29997,48.72521],[34.29781,48.72305],[34.29216,48.72365],[34.29452,48.7293],[34.29819,48.73572],[34.2957,48.7395],[34.28845,48.74337],[34.27344,48.74518],[34.2615,48.74288],[34.25278,48.7439],[34.24871,48.7453],[34.22946,48.75726],[34.21785,48.75935],[34.21109,48.75892],[34.20635,48.75954],[34.19844,48.76308],[34.19154,48.76911],[34.18472,48.77311],[34.17553,48.77598],[34.16655,48.77569],[34.15733,48.77314],[34.15121,48.77264],[34.14208,48.7734],[34.13017,48.77706],[34.12551,48.77906],[34.12032,48.78358],[34.11829,48.78724],[34.11689,48.7945],[34.11776,48.79985],[34.12084,48.80435],[34.12523,48.80727],[34.12735,48.81047],[34.1261,48.81473],[34.11811,48.8213],[34.11127,48.82384],[34.1028,48.8244],[34.09625,48.82404],[34.08272,48.82184],[34.07577,48.8226],[34.06923,48.82527],[34.05596,48.83449],[34.05054,48.83689],[34.03957,48.84033],[34.03287,48.844],[34.03084,48.84678],[34.03132,48.85282],[34.03036,48.85869],[34.02302,48.86328],[34.01741,48.86413],[34.0025,48.86531],[33.98532,48.86498],[33.97875,48.86668],[33.96185,48.87349],[33.94357,48.8795],[33.93414,48.87923],[33.93077,48.87981],[33.92643,48.88108],[33.91758,48.88528],[33.90346,48.89481],[33.89376,48.90201],[33.88962,48.88508],[33.88529,48.87467],[33.88268,48.86607],[33.87364,48.84044],[33.86511,48.83877],[33.86215,48.83745],[33.85075,48.80282],[33.84772,48.80258],[33.85323,48.77876],[33.8508,48.77082],[33.83009,48.76885],[33.82869,48.77375],[33.81898,48.77608],[33.81545,48.78923],[33.81513,48.79217],[33.81128,48.80285],[33.7922,48.80052],[33.79384,48.79462],[33.77218,48.79194],[33.77026,48.79918],[33.76069,48.79806],[33.76072,48.79666],[33.74861,48.79529],[33.74402,48.79127],[33.74265,48.78866],[33.72527,48.78667],[33.72408,48.79346],[33.72027,48.8098],[33.71297,48.81023],[33.71424,48.81353],[33.70707,48.81357],[33.68938,48.80812],[33.68513,48.81367],[33.67637,48.81531],[33.67389,48.81485],[33.66943,48.80911],[33.66116,48.79971],[33.65652,48.79258],[33.61781,48.78761],[33.6164,48.79324],[33.60398,48.79167],[33.60217,48.79863],[33.58301,48.79678],[33.58716,48.78141],[33.57818,48.77884],[33.58133,48.76641],[33.58583,48.75736],[33.58511,48.75477],[33.5898,48.75341],[33.59279,48.74809],[33.60755,48.75137],[33.61885,48.72758],[33.63005,48.72557],[33.63427,48.72422],[33.64928,48.72559],[33.65062,48.72103],[33.68148,48.72319],[33.70527,48.70816],[33.7144,48.70203],[33.73072,48.69219],[33.74646,48.69339],[33.75036,48.68074],[33.77336,48.68344],[33.80511,48.68744],[33.80526,48.68604],[33.80213,48.66287],[33.7561,48.65721],[33.75952,48.64707],[33.76263,48.64716],[33.76323,48.6434],[33.75956,48.64314],[33.76332,48.62705],[33.76148,48.62464],[33.75538,48.62382],[33.75182,48.62111],[33.74487,48.6198],[33.7447,48.61689],[33.74085,48.61522],[33.73654,48.61723],[33.73177,48.61538],[33.72211,48.61389],[33.72212,48.61263],[33.71491,48.61118],[33.70044,48.60585],[33.66046,48.58567],[33.65749,48.58604],[33.65623,48.59224],[33.65161,48.59191],[33.65003,48.59987],[33.62678,48.59777],[33.62592,48.60218],[33.60925,48.59943],[33.6133,48.59036],[33.62281,48.56643],[33.6222,48.56594],[33.5902,48.55956],[33.58491,48.57639],[33.57261,48.57496],[33.52063,48.56948],[33.50963,48.56811],[33.5116,48.55892],[33.504,48.5581],[33.50329,48.56045],[33.48175,48.55807],[33.48425,48.54776],[33.4724,48.54503],[33.47989,48.53612],[33.46967,48.53361],[33.47944,48.48449],[33.48255,48.47022],[33.48879,48.4378],[33.48836,48.42653],[33.48629,48.40419],[33.49496,48.40474],[33.49719,48.39368],[33.48506,48.39313],[33.48444,48.38643],[33.47408,48.38674],[33.47078,48.38366],[33.46955,48.37536],[33.46972,48.37077],[33.47568,48.36971],[33.4597,48.35756],[33.4617,48.34946],[33.47871,48.3493],[33.47297,48.32609],[33.47685,48.32566],[33.47757,48.32867],[33.49631,48.33034],[33.50548,48.3324],[33.5105,48.32993],[33.51723,48.32827],[33.51007,48.29417],[33.51549,48.29243],[33.51833,48.28357],[33.51536,48.2822],[33.51367,48.27729],[33.52972,48.27579],[33.5352,48.25233],[33.53957,48.25285],[33.54616,48.23534],[33.54003,48.23137],[33.5391,48.22744],[33.52773,48.22185],[33.52534,48.22375],[33.52063,48.2211],[33.51243,48.23056],[33.50065,48.23195],[33.49818,48.21697],[33.48772,48.21446],[33.48442,48.21447],[33.49167,48.20761],[33.49741,48.21057],[33.49611,48.20199],[33.47749,48.19968],[33.4789,48.19438],[33.43044,48.18872],[33.42831,48.18402],[33.43155,48.17054],[33.41794,48.16861],[33.38007,48.16508],[33.37497,48.1623],[33.36023,48.16345],[33.35691,48.15907],[33.31555,48.15786],[33.31651,48.15215],[33.29082,48.15003],[33.29422,48.14669],[33.30699,48.12784],[33.31437,48.12902],[33.31648,48.1249],[33.31542,48.11797],[33.30326,48.11912],[33.30186,48.11703],[33.30149,48.11062],[33.29751,48.10838],[33.29395,48.10416],[33.29344,48.10176],[33.277,48.10319],[33.27198,48.13808],[33.27558,48.13847],[33.27176,48.15369],[33.2475,48.15113],[33.24299,48.17264],[33.21281,48.16991],[33.21455,48.16136],[33.21728,48.14824],[33.22704,48.14923],[33.23212,48.12714],[33.22906,48.12534],[33.21796,48.1242],[33.21845,48.12189],[33.18171,48.11814],[33.18489,48.10446],[33.18824,48.10424],[33.22151,48.10777],[33.21998,48.11492],[33.22416,48.11536],[33.22485,48.11243],[33.23541,48.11338],[33.23686,48.10729],[33.22196,48.10579],[33.22487,48.09205],[33.17231,48.08658],[33.17079,48.08513],[33.15325,48.08332],[33.15433,48.07784],[33.14171,48.07648],[33.14408,48.06716],[33.14843,48.06763],[33.15368,48.04208],[33.14805,48.04158],[33.14335,48.06401],[33.1157,48.06098],[33.1146,48.06466],[33.1057,48.06388],[33.10782,48.05981],[33.10425,48.05665],[33.10534,48.04688],[33.1106,48.04289],[33.09549,48.04065],[33.0622,48.03709],[33.03632,48.03388],[33.03686,48.03126],[33.03179,48.03092],[33.0335,48.02168],[33.03547,48.02169],[33.03564,48.01187],[33.03242,48.01156],[33.02409,48.00852],[33.0262,48.00468],[33.02398,48.00118],[33.02284,47.99443],[33.02121,47.99196],[33.02196,47.98764],[33.02509,47.98479],[33.02219,47.98359],[33.01271,47.98654],[33.00657,47.98908],[33.00474,47.98876],[32.99468,47.98342],[32.9952,47.9674],[33.00159,47.96644],[33.00478,47.94913],[33.00767,47.93676],[32.99183,47.93462],[32.99091,47.93409],[33.00614,47.91217],[33.01272,47.91044],[33.05323,47.91651],[33.05884,47.91761],[33.07828,47.92038],[33.08643,47.88517],[33.06974,47.88254],[33.072,47.87399],[33.08104,47.83483],[33.05724,47.83185],[33.06307,47.80428],[33.06776,47.78359],[33.04962,47.78186],[33.05453,47.76161],[33.0668,47.76263],[33.07216,47.73888],[33.05173,47.73655],[33.00757,47.73194],[33.00863,47.72628],[32.97202,47.72263],[32.98332,47.67343],[32.99339,47.63241],[32.99447,47.62731],[32.99361,47.62452],[32.99661,47.62228],[32.99713,47.61655],[32.99006,47.6164],[32.98694,47.61342],[32.99038,47.60641],[32.98609,47.60423],[32.98161,47.60376],[32.97761,47.60569],[32.97618,47.60288],[32.97076,47.60268],[32.96035,47.59784],[32.95978,47.59202],[32.96134,47.58984],[33.01899,47.59302],[33.04232,47.59451],[33.09496,47.59704],[33.09262,47.57869],[33.16739,47.56819],[33.17098,47.56678],[33.17548,47.56765],[33.18008,47.57082],[33.18682,47.57406],[33.19628,47.57002],[33.2068,47.56931],[33.22589,47.57355],[33.2313,47.57782],[33.23396,47.57692],[33.23731,47.57202],[33.23766,47.56849],[33.23536,47.56185],[33.23208,47.55707],[33.22876,47.55389],[33.21932,47.54933],[33.21821,47.54783],[33.22153,47.54501],[33.22116,47.53849],[33.21592,47.53499],[33.21649,47.53222],[33.22505,47.53034],[33.22832,47.53122],[33.23175,47.5293],[33.2442,47.53107],[33.24864,47.53338],[33.25681,47.53641],[33.26019,47.53973],[33.26459,47.54222],[33.27486,47.54628],[33.28429,47.54477],[33.28794,47.54205],[33.28866,47.5344],[33.28623,47.52519],[33.27954,47.52094],[33.27931,47.51656],[33.28667,47.50977],[33.29799,47.50326],[33.30379,47.50307],[33.30987,47.50162],[33.31484,47.49158],[33.31405,47.48903],[33.30705,47.48606],[33.31365,47.48215],[33.32651,47.48644],[33.33268,47.48791],[33.34886,47.49357],[33.32987,47.51004],[33.32624,47.51776],[33.32519,47.52282],[33.35814,47.52771],[33.38632,47.53115],[33.41686,47.5352],[33.46744,47.5415],[33.48612,47.54398],[33.47367,47.58718],[33.50367,47.59064],[33.5281,47.59372],[33.58033,47.59999],[33.58351,47.58812],[33.58816,47.58868],[33.59243,47.5735],[33.60526,47.57498],[33.60858,47.56298],[33.60847,47.56075],[33.58892,47.55817],[33.5923,47.54453],[33.58029,47.5326],[33.5882,47.50213],[33.60471,47.50407],[33.60371,47.51013],[33.63584,47.51401],[33.64347,47.48445],[33.67492,47.48784],[33.71439,47.49227],[33.74272,47.49524],[33.79942,47.50152],[33.83307,47.50476],[33.89331,47.51073],[33.91711,47.51297],[33.92686,47.51454],[33.93214,47.51654],[33.93901,47.51617],[33.94096,47.51422],[33.94263,47.50795],[33.94753,47.49981],[33.95184,47.46158],[33.95242,47.45914],[33.95544,47.45739],[33.97781,47.4592],[33.98678,47.45777],[33.993,47.45924],[33.99839,47.45937],[34.00301,47.45651],[34.02567,47.46189],[34.05676,47.46779],[34.08525,47.47165],[34.10882,47.47401],[34.13188,47.47637],[34.13948,47.47738],[34.1881,47.48537],[34.20259,47.4876],[34.22098,47.49118],[34.2337,47.49432],[34.25334,47.50166],[34.2642,47.50728],[34.2729,47.51086],[34.2975,47.51852],[34.30469,47.51948],[34.34522,47.52205],[34.392,47.52704],[34.42263,47.53016],[34.43439,47.53074],[34.45832,47.53145],[34.46768,47.53207],[34.47922,47.53474],[34.48675,47.53768],[34.49801,47.54355],[34.51341,47.5486],[34.52817,47.55387],[34.55098,47.55824],[34.57239,47.56173],[34.59003,47.56259],[34.62317,47.56163],[34.64427,47.56008],[34.65351,47.55877],[34.67034,47.55571],[34.70797,47.54587],[34.73781,47.53878],[34.74624,47.5388],[34.77769,47.5381],[34.7968,47.53719],[34.80333,47.53545],[34.8187,47.53046],[34.84151,47.52096],[34.86123,47.51532],[34.87677,47.51528],[34.88625,47.51648],[34.90353,47.51934],[34.92812,47.52467],[34.94458,47.5295],[34.95106,47.53302],[34.95726,47.53788],[34.96445,47.54704],[34.96518,47.55113],[34.96186,47.55907],[34.95721,47.56819],[34.95286,47.57129],[34.94884,47.5722],[34.9367,47.5701],[34.94579,47.57421],[34.93943,47.58037],[34.92731,47.58036],[34.92735,47.58152],[34.93607,47.5825],[34.93443,47.58817],[34.92827,47.5905],[34.92613,47.59338],[34.93185,47.59318],[34.93491,47.59093],[34.93841,47.59439],[34.93706,47.59799],[34.9415,47.601],[34.94121,47.60367],[34.93293,47.63569],[34.91614,47.63376],[34.91016,47.65476],[34.90552,47.67399],[34.9377,47.67756],[34.92965,47.71156],[34.95588,47.71242],[34.95196,47.72702],[34.95735,47.72763],[34.95444,47.73893],[34.96477,47.74002],[34.96043,47.75502],[34.95693,47.7693],[34.91109,47.76249],[34.8935,47.76014],[34.89111,47.7692],[34.87887,47.81855],[34.884,47.82132],[34.90333,47.82983],[34.89741,47.8527],[34.8821,47.85084],[34.87065,47.85133],[34.86872,47.86042],[34.86468,47.87471],[34.86395,47.87916],[34.85782,47.8806],[34.85065,47.87797],[34.8427,47.87213],[34.83719,47.86984],[34.82731,47.86839],[34.82015,47.86521],[34.81721,47.86471],[34.81508,47.86895],[34.80187,47.91552],[34.81702,47.91726],[34.84721,47.9203],[34.85306,47.92156],[34.84912,47.9379],[34.87644,47.942],[34.88085,47.92883],[34.91847,47.9334],[34.91345,47.94067],[34.90896,47.95741],[34.91239,47.95778],[34.90474,47.98576],[34.86937,47.98229],[34.8644,48.00139],[34.85826,48.01511],[34.84653,48.01361]]]},"properties":{"oblast":"dnipropetrovsk_oblast","id":"dnipropetrovsk_oblast","name":"Дніпропетровська область"}},{"type":"Feature","geometry":{"type":"Polygon","coordinates":[[[36.17698,50.40157],[36.16954,50.41052],[36.16112,50.43032],[36.15562,50.43144],[36.15463,50.43316],[36.13629,50.43752],[36.11648,50.43865],[36.11168,50.4396],[36.09253,50.4449],[36.08672,50.44829],[36.07521,50.44762],[36.06951,50.44618],[36.06795,50.45092],[36.05756,50.45068],[36.0477,50.44926],[36.04595,50.44811],[36.03971,50.44925],[36.03564,50.44753],[36.02808,50.44707],[36.02401,50.44569],[36.00339,50.44563],[35.99849,50.44313],[35.98214,50.44086],[35.97442,50.44094],[35.97324,50.43779],[35.9689,50.4359],[35.96395,50.43598],[35.95676,50.43397],[35.95108,50.43503],[35.94204,50.43341],[35.93875,50.43374],[35.93586,50.43079],[35.93196,50.43113],[35.9275,50.4349],[35.92031,50.43701],[35.91774,50.43515],[35.91267,50.43446],[35.90896,50.43555],[35.90608,50.43815],[35.90018,50.43881],[35.89271,50.43763],[35.88909,50.43891],[35.87501,50.42613],[35.87234,50.42262],[35.85464,50.42947],[35.83507,50.42472],[35.83194,50.43382],[35.79289,50.41593],[35.79641,50.41162],[35.80657,50.4113],[35.80685,50.40495],[35.80227,50.39757],[35.79479,50.39167],[35.78439,50.38499],[35.75561,50.36775],[35.73851,50.35433],[35.67352,50.35509],[35.65799,50.35116],[35.6537,50.3468],[35.68004,50.34264],[35.68226,50.34749],[35.69273,50.34558],[35.68865,50.33471],[35.68309,50.3351],[35.68208,50.33117],[35.67781,50.33013],[35.67345,50.32565],[35.66036,50.32681],[35.65576,50.31239],[35.65123,50.31269],[35.6501,50.30979],[35.63655,50.31344],[35.63704,50.31504],[35.62809,50.31757],[35.62385,50.32039],[35.63031,50.32441],[35.61726,50.32601],[35.61227,50.32613],[35.6006,50.32883],[35.59383,50.3312],[35.58612,50.32631],[35.57321,50.31964],[35.55727,50.32124],[35.52939,50.31823],[35.51583,50.31721],[35.53532,50.30201],[35.53409,50.29832],[35.53114,50.29829],[35.53013,50.29456],[35.52751,50.29409],[35.52442,50.29012],[35.50417,50.29984],[35.4962,50.29247],[35.45826,50.30959],[35.45957,50.3149],[35.439,50.31692],[35.43612,50.32266],[35.42342,50.33511],[35.41943,50.33048],[35.4147,50.32838],[35.41023,50.32101],[35.3969,50.31878],[35.37892,50.32054],[35.38018,50.31123],[35.38512,50.30597],[35.38219,50.29456],[35.35338,50.30751],[35.32994,50.31867],[35.31867,50.31357],[35.32141,50.31152],[35.29648,50.28966],[35.32529,50.27759],[35.33108,50.2767],[35.32835,50.27332],[35.31595,50.27078],[35.29988,50.26248],[35.26648,50.26547],[35.26224,50.26157],[35.26044,50.25684],[35.26261,50.2483],[35.25916,50.24329],[35.26073,50.23807],[35.26035,50.23456],[35.23748,50.23653],[35.2349,50.22824],[35.19933,50.23552],[35.19766,50.23823],[35.19274,50.22848],[35.15936,50.23837],[35.14849,50.24257],[35.12648,50.22558],[35.10532,50.21433],[35.08954,50.21233],[35.07024,50.20588],[35.07696,50.20055],[35.06971,50.19651],[35.06878,50.19056],[35.0626,50.18538],[35.05868,50.18566],[35.04649,50.17137],[35.04282,50.16605],[35.03958,50.16466],[35.02961,50.16615],[35.03215,50.17341],[35.03106,50.1782],[35.03253,50.18015],[35.02108,50.18187],[35.00891,50.18458],[35.00622,50.1779],[35.00147,50.18249],[34.99414,50.18363],[34.97739,50.18222],[34.96462,50.18472],[34.96206,50.18467],[34.97304,50.16254],[34.97355,50.15853],[34.96767,50.15732],[34.96415,50.15549],[34.94078,50.15235],[34.93277,50.13393],[34.93695,50.09521],[34.94905,50.09628],[34.94973,50.09441],[34.95576,50.09343],[34.95663,50.08207],[34.96171,50.08127],[34.96349,50.07374],[34.93744,50.06158],[34.93416,50.05456],[34.91713,50.04227],[34.90225,50.03202],[34.8948,50.02333],[34.88115,50.00659],[34.87275,49.999],[34.86272,49.99066],[34.85618,49.9869],[34.86538,49.96269],[34.86789,49.95903],[34.87222,49.95683],[34.86826,49.95361],[34.86335,49.95279],[34.86004,49.94985],[34.86548,49.94835],[34.86987,49.94855],[34.87302,49.946],[34.8789,49.94358],[34.89299,49.93197],[34.91231,49.93524],[34.93756,49.90457],[34.945,49.89835],[34.96209,49.8884],[34.97067,49.8851],[34.97971,49.88949],[34.99073,49.88504],[35.01548,49.87666],[35.02322,49.88085],[35.02727,49.88511],[35.03358,49.88841],[35.0644,49.8861],[35.06348,49.88182],[35.0541,49.88051],[35.05584,49.87451],[35.04554,49.87342],[35.05007,49.86793],[35.05395,49.86756],[35.06395,49.8624],[35.0647,49.86019],[35.06906,49.85797],[35.07415,49.85801],[35.08497,49.86013],[35.09643,49.85878],[35.10753,49.85688],[35.11982,49.85163],[35.13316,49.85558],[35.1399,49.8597],[35.16373,49.85369],[35.16796,49.84804],[35.16981,49.84737],[35.19943,49.8401],[35.19696,49.83559],[35.21361,49.83331],[35.21978,49.82946],[35.21875,49.82606],[35.2155,49.82106],[35.21489,49.81819],[35.21731,49.81115],[35.22257,49.80671],[35.21961,49.80403],[35.21367,49.8031],[35.21082,49.80508],[35.20608,49.80386],[35.20457,49.80131],[35.20002,49.80054],[35.20402,49.79669],[35.20304,49.79442],[35.20667,49.79183],[35.21247,49.78929],[35.20609,49.78218],[35.21209,49.77139],[35.20682,49.76373],[35.20628,49.75641],[35.20962,49.75397],[35.20923,49.74669],[35.22401,49.73632],[35.23922,49.73622],[35.2594,49.73365],[35.26492,49.71446],[35.25488,49.71345],[35.25182,49.71233],[35.2482,49.71461],[35.24243,49.71287],[35.24566,49.70994],[35.25271,49.71203],[35.25627,49.70879],[35.24313,49.69341],[35.25816,49.68819],[35.26607,49.68586],[35.27166,49.68617],[35.27847,49.68552],[35.29093,49.68704],[35.29781,49.68541],[35.30383,49.68577],[35.30979,49.68457],[35.32444,49.6838],[35.33065,49.68226],[35.34432,49.66499],[35.39075,49.66724],[35.3906,49.66956],[35.40611,49.67062],[35.42544,49.67154],[35.42681,49.67312],[35.43342,49.67321],[35.43441,49.66584],[35.42359,49.66368],[35.42531,49.65633],[35.44348,49.64166],[35.45122,49.63163],[35.45784,49.6169],[35.46494,49.60218],[35.47744,49.5843],[35.48543,49.57133],[35.47491,49.56852],[35.47376,49.56581],[35.43121,49.5629],[35.40657,49.56083],[35.40425,49.55635],[35.40589,49.5532],[35.40848,49.55223],[35.42743,49.54931],[35.4245,49.54074],[35.4324,49.53966],[35.42755,49.52641],[35.44987,49.52288],[35.44956,49.52186],[35.48535,49.5162],[35.48603,49.51355],[35.49063,49.50753],[35.48724,49.4981],[35.48147,49.48402],[35.46255,49.487],[35.46069,49.48385],[35.43351,49.48841],[35.39238,49.49477],[35.38022,49.4969],[35.36081,49.49967],[35.33175,49.50422],[35.32815,49.49605],[35.33071,49.49564],[35.32231,49.4724],[35.32108,49.47066],[35.31574,49.4555],[35.34675,49.45059],[35.35492,49.44493],[35.36366,49.44735],[35.36142,49.44164],[35.34858,49.40464],[35.37586,49.39838],[35.3753,49.39709],[35.34553,49.37014],[35.33411,49.3611],[35.31213,49.34427],[35.30079,49.33496],[35.29189,49.32829],[35.27921,49.31816],[35.28908,49.2949],[35.28298,49.29206],[35.27955,49.29141],[35.28071,49.2886],[35.27846,49.28732],[35.27856,49.28433],[35.27183,49.27706],[35.2587,49.28216],[35.26296,49.28876],[35.24248,49.2967],[35.2167,49.29843],[35.21478,49.29582],[35.1712,49.29578],[35.12473,49.30281],[35.0994,49.3006],[35.09562,49.30211],[35.09092,49.30037],[35.08414,49.30417],[35.07892,49.30833],[35.07776,49.31214],[35.07906,49.3171],[35.05099,49.32644],[35.03657,49.3315],[35.02329,49.32416],[35.01906,49.31843],[35.02393,49.3172],[35.01436,49.30543],[35.01586,49.30485],[35.01194,49.30024],[35.00625,49.30208],[35.00053,49.28922],[34.99839,49.28648],[34.98025,49.25003],[35.00852,49.17542],[35.01772,49.1508],[35.02543,49.15249],[35.03283,49.15327],[35.04301,49.15586],[35.04993,49.16551],[35.04775,49.17377],[35.05402,49.17606],[35.06147,49.17606],[35.06204,49.17359],[35.07344,49.17018],[35.06892,49.16699],[35.07188,49.15923],[35.0791,49.16181],[35.08029,49.15693],[35.07653,49.15439],[35.07535,49.14911],[35.07776,49.14534],[35.0823,49.14183],[35.08641,49.14124],[35.08425,49.14539],[35.08683,49.14938],[35.09299,49.15517],[35.10562,49.15845],[35.10816,49.15696],[35.11654,49.16008],[35.11994,49.16346],[35.127,49.1589],[35.12973,49.16128],[35.13587,49.15938],[35.13724,49.15783],[35.13143,49.15534],[35.13429,49.153],[35.14304,49.1507],[35.14787,49.15086],[35.15201,49.15254],[35.15831,49.16016],[35.16119,49.16138],[35.17356,49.16169],[35.17622,49.15983],[35.18045,49.15991],[35.18671,49.16287],[35.18914,49.16102],[35.19285,49.16079],[35.19752,49.15592],[35.20588,49.15423],[35.20971,49.15109],[35.20764,49.14963],[35.19724,49.14999],[35.19132,49.14838],[35.18849,49.14513],[35.19085,49.14161],[35.18989,49.13882],[35.19601,49.13885],[35.19947,49.13674],[35.20352,49.13705],[35.20712,49.13579],[35.21661,49.13061],[35.22865,49.12629],[35.2251,49.12396],[35.21559,49.12545],[35.21051,49.12408],[35.20861,49.12226],[35.2107,49.12022],[35.20946,49.1181],[35.2037,49.11911],[35.19823,49.11856],[35.18938,49.11188],[35.19429,49.10832],[35.19984,49.10892],[35.21978,49.10702],[35.22236,49.10568],[35.22251,49.10195],[35.22667,49.10051],[35.22992,49.10107],[35.23436,49.10788],[35.2374,49.11073],[35.23837,49.11416],[35.24257,49.11403],[35.24698,49.11154],[35.25774,49.11327],[35.25837,49.10739],[35.26144,49.10533],[35.26417,49.10589],[35.26852,49.10357],[35.26842,49.09795],[35.2706,49.09442],[35.27613,49.09077],[35.27935,49.09139],[35.27941,49.09614],[35.28316,49.09567],[35.28206,49.09286],[35.28995,49.0939],[35.303,49.08959],[35.30472,49.09213],[35.30779,49.09142],[35.31029,49.08822],[35.3128,49.08111],[35.31201,49.07635],[35.30221,49.0707],[35.31389,49.06665],[35.31657,49.06835],[35.32206,49.06291],[35.3266,49.06359],[35.32922,49.06144],[35.33318,49.06165],[35.33866,49.05655],[35.34173,49.05636],[35.34447,49.05337],[35.3428,49.05097],[35.33829,49.04871],[35.3418,49.04569],[35.34412,49.04552],[35.3514,49.04119],[35.35465,49.04076],[35.36192,49.0416],[35.36916,49.03945],[35.3833,49.02978],[35.38663,49.02661],[35.39818,49.03011],[35.40621,49.02657],[35.40264,49.02427],[35.40551,49.01967],[35.39959,49.01905],[35.4028,49.01606],[35.41124,49.01203],[35.41712,49.01448],[35.42635,49.01082],[35.42978,49.01388],[35.43884,49.01111],[35.4353,49.0073],[35.43586,49.00456],[35.44253,49.00093],[35.44809,48.99929],[35.45855,48.99775],[35.46017,48.99456],[35.45668,48.99234],[35.45603,48.98995],[35.45927,48.98835],[35.46837,48.98824],[35.47343,48.98433],[35.47455,48.98074],[35.47784,48.97892],[35.4855,48.98132],[35.48523,48.97262],[35.49691,48.9782],[35.50195,48.9779],[35.50738,48.98128],[35.5118,48.98222],[35.51305,48.9795],[35.52883,48.9764],[35.53116,48.97655],[35.52948,48.9819],[35.53828,48.98195],[35.54069,48.97854],[35.54932,48.97605],[35.55928,48.97694],[35.56212,48.97373],[35.56954,48.97853],[35.5722,48.97759],[35.57159,48.97405],[35.57803,48.97499],[35.58178,48.98078],[35.58523,48.98325],[35.59394,48.98674],[35.59712,48.98537],[35.5977,48.98291],[35.60233,48.98106],[35.60717,48.98197],[35.61421,48.98174],[35.62498,48.98322],[35.6285,48.98156],[35.62598,48.97828],[35.62478,48.97137],[35.63077,48.96247],[35.64391,48.96334],[35.64544,48.96789],[35.64344,48.96914],[35.64701,48.97285],[35.65018,48.9741],[35.6559,48.97287],[35.6618,48.97326],[35.66297,48.96893],[35.66855,48.97139],[35.67352,48.97232],[35.67901,48.97087],[35.68528,48.97117],[35.69495,48.96714],[35.69647,48.96444],[35.69552,48.96153],[35.6925,48.95818],[35.69524,48.95306],[35.69027,48.95015],[35.69161,48.94536],[35.69606,48.94276],[35.69633,48.947],[35.70301,48.94552],[35.71397,48.94866],[35.716,48.95425],[35.71201,48.95711],[35.7196,48.96515],[35.72371,48.96659],[35.72668,48.96448],[35.73161,48.96445],[35.73468,48.96673],[35.73898,48.96249],[35.73666,48.9575],[35.7397,48.95467],[35.7378,48.9521],[35.73938,48.94956],[35.74594,48.94866],[35.75154,48.94704],[35.75957,48.94886],[35.75711,48.95267],[35.75902,48.9551],[35.7626,48.95524],[35.76912,48.95241],[35.77075,48.95066],[35.77697,48.94823],[35.78662,48.95467],[35.79192,48.95248],[35.78894,48.94753],[35.79122,48.94513],[35.8011,48.94196],[35.79731,48.93925],[35.79291,48.9399],[35.79118,48.93694],[35.79217,48.93422],[35.79871,48.92804],[35.8018,48.92723],[35.80938,48.92715],[35.81456,48.92921],[35.81373,48.93223],[35.80854,48.93919],[35.80985,48.94127],[35.81363,48.94217],[35.81971,48.93991],[35.8224,48.9431],[35.82761,48.94716],[35.82932,48.9499],[35.83264,48.94916],[35.83531,48.9465],[35.8381,48.94729],[35.85641,48.94577],[35.85437,48.95705],[35.85511,48.95798],[35.87915,48.96292],[35.88499,48.97519],[35.89743,48.97213],[35.90458,48.97304],[35.91042,48.97195],[35.91263,48.96892],[35.91721,48.96872],[35.91905,48.97111],[35.92405,48.97374],[35.93073,48.97473],[35.9375,48.97291],[35.93845,48.97505],[35.94368,48.97729],[35.93435,48.98165],[35.93718,48.98665],[35.93778,48.99049],[35.93428,48.99285],[35.93705,48.9984],[35.93997,48.99919],[35.96757,48.98269],[35.96925,48.98133],[35.98957,48.96924],[35.98964,48.96862],[35.97758,48.95971],[36.00413,48.94605],[35.99592,48.93932],[36.0252,48.92498],[36.04363,48.91556],[36.01168,48.88789],[36.04031,48.87349],[36.01941,48.85472],[36.04155,48.84371],[36.05365,48.84338],[36.05912,48.8422],[36.07083,48.83807],[36.07539,48.83515],[36.07546,48.82985],[36.07013,48.82716],[36.06845,48.82325],[36.0704,48.81992],[36.06776,48.81453],[36.06484,48.81148],[36.06602,48.80896],[36.07342,48.80769],[36.08321,48.80906],[36.08994,48.80791],[36.0923,48.80904],[36.09811,48.80729],[36.10479,48.80661],[36.10649,48.80909],[36.12386,48.80836],[36.12387,48.80538],[36.13086,48.8065],[36.13395,48.80241],[36.15904,48.78414],[36.15293,48.78104],[36.15887,48.76812],[36.14852,48.76767],[36.13998,48.76589],[36.15496,48.75312],[36.16167,48.74884],[36.14279,48.72437],[36.20912,48.69148],[36.24204,48.67541],[36.25227,48.67013],[36.26734,48.66325],[36.26974,48.66662],[36.28423,48.65947],[36.27785,48.65486],[36.26693,48.64966],[36.26598,48.64765],[36.26803,48.64264],[36.26832,48.63761],[36.26223,48.631],[36.26268,48.62809],[36.25888,48.62354],[36.25392,48.62548],[36.25114,48.62443],[36.2512,48.62073],[36.26396,48.61445],[36.26524,48.61306],[36.31903,48.58718],[36.28284,48.55399],[36.2713,48.54374],[36.2963,48.53145],[36.32373,48.55562],[36.35505,48.53973],[36.34959,48.53498],[36.35478,48.53212],[36.36537,48.54125],[36.39192,48.56468],[36.38106,48.57032],[36.41167,48.60006],[36.42684,48.61426],[36.43358,48.61213],[36.4382,48.61377],[36.42815,48.61581],[36.44235,48.62869],[36.42611,48.63181],[36.42409,48.63503],[36.44527,48.63252],[36.44822,48.63326],[36.45242,48.63715],[36.4825,48.66353],[36.49913,48.65506],[36.51529,48.64638],[36.53049,48.63778],[36.55636,48.62393],[36.56088,48.62334],[36.56275,48.6168],[36.57826,48.61592],[36.58023,48.60712],[36.58998,48.60795],[36.59111,48.60244],[36.65543,48.60932],[36.65395,48.61605],[36.6739,48.61824],[36.67243,48.62471],[36.70281,48.62763],[36.70395,48.62239],[36.73886,48.62616],[36.7342,48.64631],[36.72811,48.64793],[36.72934,48.65018],[36.72698,48.65306],[36.72249,48.65492],[36.72701,48.65673],[36.73036,48.65664],[36.72957,48.6601],[36.726,48.66046],[36.7219,48.66262],[36.72124,48.66458],[36.72703,48.66672],[36.72195,48.67286],[36.71718,48.67349],[36.71843,48.67601],[36.71769,48.68296],[36.72136,48.68316],[36.71656,48.691],[36.71956,48.69332],[36.73051,48.69546],[36.73517,48.70251],[36.73547,48.70516],[36.7286,48.71122],[36.72546,48.71536],[36.71259,48.74371],[36.71748,48.74455],[36.71633,48.74799],[36.71207,48.75348],[36.71334,48.75546],[36.70858,48.76822],[36.70081,48.76853],[36.69108,48.77052],[36.68908,48.77608],[36.70124,48.78296],[36.70421,48.78547],[36.72078,48.80597],[36.73475,48.80404],[36.76291,48.79713],[36.77019,48.79728],[36.79049,48.80137],[36.78385,48.78985],[36.79218,48.78598],[36.78839,48.78063],[36.81671,48.77761],[36.82121,48.77134],[36.84067,48.77283],[36.83961,48.77483],[36.84599,48.78694],[36.85412,48.80038],[36.92103,48.79773],[36.9231,48.79388],[36.93218,48.79226],[36.94433,48.79172],[36.94751,48.79576],[36.96892,48.79333],[36.97387,48.79067],[36.97572,48.78807],[36.98172,48.78426],[36.98538,48.78042],[36.98663,48.77658],[36.9989,48.76983],[37.00209,48.76547],[37.00805,48.76507],[37.01664,48.76044],[37.01958,48.75564],[37.02585,48.75194],[37.03244,48.74922],[37.03803,48.75222],[37.04321,48.76655],[37.02304,48.76777],[37.02308,48.77508],[36.99487,48.78739],[37.00535,48.79716],[37.00729,48.80275],[37.01857,48.8015],[37.0238,48.81787],[37.03541,48.81555],[37.04392,48.81484],[37.06622,48.81384],[37.0675,48.81741],[37.07813,48.81761],[37.08556,48.82985],[37.09875,48.85081],[37.13373,48.84267],[37.13985,48.8436],[37.14773,48.84166],[37.1443,48.83891],[37.14038,48.83265],[37.15125,48.83247],[37.15744,48.82467],[37.16743,48.82209],[37.19212,48.81466],[37.19502,48.84804],[37.18983,48.87235],[37.19404,48.88231],[37.19867,48.88259],[37.20277,48.88511],[37.21031,48.88708],[37.21338,48.88982],[37.21625,48.8942],[37.22333,48.90178],[37.22397,48.90826],[37.22975,48.90822],[37.24437,48.90648],[37.24501,48.90882],[37.26636,48.90647],[37.26914,48.92272],[37.28384,48.9231],[37.29909,48.92286],[37.30152,48.91946],[37.31285,48.92274],[37.32804,48.92171],[37.33233,48.93474],[37.32865,48.93472],[37.32824,48.93746],[37.33256,48.94024],[37.32734,48.9418],[37.32553,48.93759],[37.31564,48.93921],[37.31395,48.94164],[37.31067,48.94193],[37.30729,48.94715],[37.30814,48.95113],[37.31874,48.95232],[37.32078,48.95652],[37.31147,48.95673],[37.30867,48.96051],[37.30469,48.96145],[37.30509,48.96483],[37.30922,48.96561],[37.30818,48.96829],[37.30235,48.96678],[37.29616,48.96752],[37.29462,48.97047],[37.29916,48.9726],[37.30332,48.97875],[37.30789,48.98101],[37.31407,48.98006],[37.31753,48.98308],[37.3245,48.98283],[37.324,48.98503],[37.31889,48.98488],[37.31196,48.98595],[37.3128,48.98966],[37.32234,48.98971],[37.3288,48.99287],[37.32997,48.99186],[37.33893,48.99606],[37.3441,49.00343],[37.35981,48.99861],[37.35877,48.99236],[37.36378,48.9922],[37.37363,48.99435],[37.37069,49.00444],[37.37213,49.01697],[37.37542,49.02622],[37.3868,49.02472],[37.39183,49.02493],[37.39106,49.02785],[37.38592,49.03159],[37.38502,49.03614],[37.38832,49.03886],[37.38428,49.04439],[37.38487,49.04831],[37.39394,49.05057],[37.40647,49.05163],[37.41375,49.05634],[37.41732,49.06123],[37.42298,49.06112],[37.43188,49.05934],[37.43843,49.06153],[37.44286,49.05743],[37.4505,49.06014],[37.4512,49.05321],[37.45708,49.05656],[37.45909,49.0562],[37.46304,49.05943],[37.46686,49.06034],[37.46796,49.05464],[37.47706,49.06005],[37.47678,49.06315],[37.48144,49.06255],[37.49401,49.0636],[37.49598,49.0643],[37.49825,49.06827],[37.50366,49.06976],[37.506,49.07216],[37.50726,49.07637],[37.50588,49.08151],[37.49839,49.08837],[37.50098,49.09129],[37.49385,49.09304],[37.49064,49.09695],[37.48654,49.09945],[37.49485,49.10475],[37.49719,49.10344],[37.54622,49.11201],[37.58487,49.12613],[37.57128,49.13582],[37.56804,49.13572],[37.5624,49.13341],[37.55569,49.13969],[37.54718,49.14247],[37.54226,49.1456],[37.55019,49.14792],[37.55934,49.14434],[37.56397,49.14556],[37.56415,49.14826],[37.55928,49.15581],[37.55707,49.16225],[37.55351,49.16549],[37.53484,49.1727],[37.51515,49.17859],[37.50292,49.17999],[37.49914,49.18312],[37.50586,49.19306],[37.51264,49.19867],[37.54528,49.21316],[37.55267,49.21949],[37.56124,49.22802],[37.56843,49.23106],[37.57609,49.23137],[37.59772,49.23006],[37.61432,49.23309],[37.70396,49.22104],[37.71396,49.21951],[37.74643,49.21291],[37.79779,49.20197],[37.79806,49.20692],[37.82465,49.2064],[37.82468,49.20266],[37.84349,49.20138],[37.84663,49.20489],[37.85027,49.22161],[37.85232,49.22218],[37.85437,49.22606],[37.86541,49.23715],[37.87218,49.2376],[37.86617,49.24636],[37.88262,49.24914],[37.88984,49.25171],[37.89507,49.25272],[37.89495,49.256],[37.90564,49.25789],[37.91152,49.25972],[37.89895,49.27025],[37.91335,49.2776],[37.92789,49.28025],[37.9377,49.28048],[37.951,49.28222],[37.95838,49.28521],[37.95428,49.28987],[37.94807,49.29862],[37.94594,49.30374],[37.93272,49.30608],[37.90089,49.31093],[37.88374,49.31287],[37.88402,49.31745],[37.87722,49.32863],[37.8831,49.33814],[37.88386,49.34127],[37.88654,49.34478],[37.885,49.34973],[37.88747,49.36042],[37.88901,49.3647],[37.89561,49.39852],[37.89566,49.4039],[37.88111,49.41519],[37.87762,49.41889],[37.87958,49.43587],[37.8744,49.43665],[37.87583,49.44674],[37.84387,49.44515],[37.84842,49.47106],[37.85087,49.48774],[37.84588,49.4906],[37.83696,49.49252],[37.84407,49.50008],[37.84428,49.50268],[37.84173,49.50796],[37.8455,49.51461],[37.84679,49.52058],[37.88562,49.51883],[37.89405,49.5246],[37.91751,49.53415],[37.92562,49.54159],[37.92718,49.54798],[37.88632,49.54923],[37.88628,49.55071],[37.89648,49.56625],[37.90106,49.57378],[37.9042,49.57163],[37.91041,49.57087],[37.92259,49.56752],[37.92362,49.57003],[37.94374,49.56955],[37.95266,49.56839],[37.95284,49.5729],[37.93897,49.58258],[37.93467,49.5883],[37.93425,49.59383],[37.94201,49.59384],[37.94426,49.61127],[37.96178,49.61219],[37.97495,49.61165],[37.97451,49.61508],[37.97782,49.61785],[37.97724,49.62263],[37.98228,49.62612],[37.99495,49.62789],[37.98996,49.63592],[37.98732,49.64163],[37.99494,49.64698],[37.9993,49.64838],[38.04542,49.65731],[38.03609,49.66274],[38.035,49.66044],[38.03096,49.66025],[38.02681,49.66333],[38.03177,49.66687],[38.02669,49.66912],[38.01925,49.67504],[38.01981,49.67722],[38.0146,49.67905],[38.01342,49.68845],[38.01356,49.69545],[38.00622,49.69523],[37.99892,49.70022],[38.01763,49.70594],[38.01699,49.7128],[38.0101,49.71415],[37.99707,49.71334],[37.99073,49.71571],[37.97468,49.70853],[37.95977,49.71831],[37.95159,49.73059],[37.95152,49.73168],[37.96785,49.75879],[37.9766,49.76758],[37.98023,49.76464],[37.98231,49.75708],[37.98898,49.75442],[37.98954,49.75276],[37.99857,49.75327],[38.00928,49.75717],[38.01069,49.76505],[38.02441,49.77294],[38.0232,49.77464],[38.03473,49.7783],[38.03677,49.78309],[38.04232,49.78374],[38.05277,49.78352],[38.0551,49.79152],[38.04153,49.79422],[38.03177,49.80165],[38.00964,49.81283],[38.01968,49.83454],[38.01778,49.83721],[38.03962,49.83888],[38.04786,49.83896],[38.05454,49.83724],[38.07017,49.83603],[38.07731,49.83684],[38.0937,49.84599],[38.0798,49.85583],[38.06716,49.86521],[38.05287,49.87861],[38.04165,49.89183],[38.03277,49.90047],[38.02606,49.90647],[38.01879,49.91568],[38.02489,49.91905],[38.02399,49.92205],[38.0206,49.92557],[38.04403,49.93263],[38.0241,49.95156],[38.01724,49.95631],[38.00854,49.96317],[38.00484,49.96717],[37.99934,49.96348],[37.9806,49.97665],[37.9695,49.9784],[37.96198,49.98304],[37.95466,49.99391],[37.94605,50.00452],[37.94254,50.00987],[37.9415,50.0135],[37.93514,50.01951],[37.93088,50.02493],[37.92663,50.03372],[37.92347,50.03625],[37.90449,50.04584],[37.8934,50.05055],[37.88174,50.05249],[37.85887,50.0554],[37.85562,50.05738],[37.84495,50.06084],[37.82392,50.06842],[37.79732,50.0842],[37.78952,50.08334],[37.75539,50.07856],[37.75113,50.08486],[37.74371,50.09432],[37.73755,50.09891],[37.73473,50.10214],[37.72607,50.10695],[37.72209,50.11093],[37.708,50.12691],[37.70716,50.12929],[37.70873,50.13309],[37.69936,50.13445],[37.69529,50.1375],[37.6941,50.14061],[37.68685,50.14348],[37.68315,50.14577],[37.66819,50.15283],[37.66541,50.15815],[37.65438,50.16618],[37.65451,50.16729],[37.64952,50.17233],[37.64083,50.17568],[37.63881,50.17936],[37.64022,50.18444],[37.64355,50.19094],[37.63737,50.19663],[37.63058,50.20165],[37.62354,50.20797],[37.62107,50.21229],[37.61709,50.2144],[37.6149,50.21716],[37.61514,50.22256],[37.62384,50.23484],[37.62678,50.23992],[37.62553,50.24615],[37.62742,50.26309],[37.62734,50.27502],[37.62667,50.28158],[37.62645,50.29307],[37.62899,50.29666],[37.63732,50.30223],[37.63788,50.30349],[37.63574,50.31092],[37.62923,50.31388],[37.60849,50.31645],[37.59496,50.31616],[37.58559,50.31418],[37.57691,50.30634],[37.55537,50.32969],[37.53472,50.33373],[37.52091,50.33664],[37.50866,50.34698],[37.50583,50.35207],[37.48587,50.35674],[37.4845,50.35737],[37.4768,50.36589],[37.4723,50.36848],[37.47079,50.37084],[37.47078,50.37571],[37.46733,50.37867],[37.46632,50.38138],[37.46601,50.39245],[37.46634,50.40627],[37.46447,50.41409],[37.46601,50.4181],[37.46366,50.4242],[37.46508,50.42975],[37.46912,50.43114],[37.47965,50.43095],[37.48553,50.43618],[37.48433,50.43729],[37.48417,50.44352],[37.49075,50.45723],[37.4771,50.45947],[37.47324,50.45565],[37.46931,50.45367],[37.44965,50.44845],[37.44228,50.44684],[37.4322,50.44362],[37.43061,50.44174],[37.42153,50.43495],[37.41348,50.43333],[37.39663,50.43112],[37.37773,50.43268],[37.36797,50.43416],[37.35281,50.43734],[37.33335,50.43709],[37.31992,50.43294],[37.31143,50.42741],[37.29961,50.40631],[37.29237,50.40121],[37.26432,50.39392],[37.25787,50.39098],[37.25634,50.39276],[37.22236,50.37928],[37.22342,50.37793],[37.21457,50.37444],[37.198,50.36953],[37.18359,50.36367],[37.15914,50.35834],[37.14888,50.35581],[37.13856,50.36091],[37.10332,50.35732],[37.10561,50.3517],[37.08173,50.34786],[37.07047,50.34669],[37.06044,50.34712],[37.04482,50.34497],[37.03758,50.34869],[37.01308,50.34876],[36.95559,50.34939],[36.93745,50.35026],[36.91896,50.3471],[36.91257,50.34547],[36.88103,50.33625],[36.87037,50.33519],[36.861,50.33119],[36.85588,50.33026],[36.84998,50.32624],[36.83299,50.31304],[36.83067,50.31224],[36.81906,50.31276],[36.80848,50.31109],[36.80366,50.30954],[36.80045,50.30622],[36.7862,50.30471],[36.77999,50.30284],[36.77303,50.30304],[36.7681,50.30183],[36.76645,50.29562],[36.76403,50.29078],[36.75421,50.28963],[36.7502,50.28641],[36.75003,50.28102],[36.74761,50.28027],[36.73987,50.28292],[36.72881,50.27716],[36.71962,50.27718],[36.70646,50.26919],[36.70362,50.26869],[36.70482,50.26494],[36.69973,50.26504],[36.69544,50.26902],[36.68894,50.26691],[36.68354,50.25776],[36.68412,50.25062],[36.67957,50.2378],[36.66361,50.22202],[36.64754,50.21772],[36.63863,50.22258],[36.61941,50.22689],[36.61487,50.22687],[36.61329,50.22369],[36.5973,50.22924],[36.59977,50.23029],[36.58333,50.23653],[36.56964,50.24437],[36.5603,50.25071],[36.5691,50.25804],[36.57471,50.25585],[36.57776,50.25859],[36.57523,50.26065],[36.58045,50.26258],[36.57663,50.26879],[36.57521,50.27423],[36.58045,50.27542],[36.59377,50.27581],[36.59349,50.27809],[36.58992,50.27918],[36.58865,50.28383],[36.58501,50.28592],[36.58047,50.28628],[36.56989,50.28579],[36.56046,50.28422],[36.55751,50.28185],[36.54996,50.28187],[36.54002,50.28387],[36.52467,50.28614],[36.52261,50.28878],[36.52638,50.29392],[36.5112,50.29546],[36.50185,50.29888],[36.49768,50.30209],[36.48997,50.306],[36.48748,50.3116],[36.47206,50.31306],[36.44444,50.31154],[36.4401,50.31104],[36.43358,50.33057],[36.4265,50.3287],[36.42276,50.32605],[36.41817,50.32045],[36.41084,50.31358],[36.40454,50.3093],[36.39482,50.30545],[36.37436,50.3004],[36.37918,50.29338],[36.37854,50.29204],[36.36591,50.2877],[36.36134,50.28728],[36.35424,50.28877],[36.34908,50.28861],[36.32919,50.28941],[36.30314,50.29204],[36.29719,50.29193],[36.29904,50.29963],[36.28627,50.29859],[36.28467,50.30602],[36.27872,50.31269],[36.27612,50.31715],[36.28024,50.32294],[36.27388,50.32391],[36.27907,50.33151],[36.28375,50.33561],[36.27389,50.34277],[36.25486,50.35547],[36.24303,50.35793],[36.23289,50.36453],[36.2311,50.37139],[36.2204,50.37831],[36.21092,50.38575],[36.21048,50.38871],[36.20768,50.39239],[36.19685,50.40036],[36.19166,50.40359],[36.18461,50.40647],[36.17698,50.40157]]]},"properties":{"oblast":"kharkiv_oblast","id":"kharkiv_oblast","name":"Харківська область"}},{"type":"Feature","geometry":{"type":"MultiPolygon","coordinates":[[[[34.94458,47.5295],[34.92812,47.52467],[34.90353,47.51934],[34.88625,47.51648],[34.87677,47.51528],[34.86123,47.51532],[34.84151,47.52096],[34.8187,47.53046],[34.80333,47.53545],[34.7968,47.53719],[34.77769,47.5381],[34.74624,47.5388],[34.73781,47.53878],[34.70797,47.54587],[34.67034,47.55571],[34.65351,47.55877],[34.64427,47.56008],[34.62317,47.56163],[34.59003,47.56259],[34.57239,47.56173],[34.55098,47.55824],[34.52817,47.55387],[34.51341,47.5486],[34.49801,47.54355],[34.48675,47.53768],[34.47922,47.53474],[34.46768,47.53207],[34.45832,47.53145],[34.43439,47.53074],[34.42263,47.53016],[34.392,47.52704],[34.34522,47.52205],[34.30469,47.51948],[34.2975,47.51852],[34.2729,47.51086],[34.2642,47.50728],[34.25334,47.50166],[34.2337,47.49432],[34.22098,47.49118],[34.20259,47.4876],[34.1881,47.48537],[34.13948,47.47738],[34.1399,47.47709],[34.17515,47.46745],[34.2074,47.45674],[34.21617,47.4536],[34.2245,47.44965],[34.23154,47.44468],[34.24191,47.43481],[34.2486,47.42124],[34.25632,47.39534],[34.25171,47.39161],[34.26076,47.35981],[34.27237,47.36119],[34.28272,47.32555],[34.28141,47.32362],[34.29245,47.27837],[34.29284,47.27491],[34.3054,47.26911],[34.33001,47.29041],[34.35712,47.29354],[34.35845,47.29318],[34.36946,47.28399],[34.37083,47.28362],[34.40154,47.2871],[34.39897,47.29833],[34.41928,47.30064],[34.41395,47.32337],[34.48988,47.33185],[34.49611,47.33364],[34.49974,47.33802],[34.50356,47.3369],[34.51502,47.33592],[34.51603,47.33344],[34.51205,47.33256],[34.50776,47.32823],[34.50722,47.32588],[34.51414,47.32346],[34.51437,47.32055],[34.51718,47.31834],[34.47878,47.31455],[34.48794,47.27989],[34.51858,47.28368],[34.52263,47.26726],[34.52616,47.26761],[34.53028,47.25109],[34.51863,47.25017],[34.4899,47.24683],[34.49899,47.20286],[34.5049,47.17588],[34.50741,47.16788],[34.51135,47.14648],[34.51676,47.11879],[34.51923,47.10472],[34.55318,47.10579],[34.55306,47.10077],[34.55549,47.08645],[34.56714,47.0245],[34.5901,47.02682],[34.59261,47.02539],[34.59764,46.99979],[34.59965,46.99191],[34.61919,46.99353],[34.62377,46.97338],[34.64143,46.9744],[34.65386,46.97668],[34.6819,46.97913],[34.68638,46.95568],[34.72076,46.9597],[34.73636,46.96135],[34.74191,46.93475],[34.74577,46.9172],[34.75249,46.87968],[34.80457,46.88255],[34.80916,46.85281],[34.81271,46.83336],[34.81706,46.8284],[34.80574,46.82748],[34.75801,46.8228],[34.76156,46.8046],[34.76745,46.78106],[34.75003,46.78089],[34.74945,46.75813],[34.73436,46.75732],[34.73498,46.74746],[34.65852,46.74052],[34.66112,46.72717],[34.62515,46.72403],[34.63234,46.68686],[34.68104,46.69142],[34.68355,46.67721],[34.69842,46.67821],[34.69922,46.67887],[34.74599,46.68313],[34.74953,46.66569],[34.75611,46.6271],[34.71278,46.62033],[34.72304,46.58137],[34.74804,46.58413],[34.75334,46.56238],[34.75472,46.56172],[34.75735,46.55014],[34.83318,46.55794],[34.88715,46.56379],[34.89104,46.56261],[34.89454,46.54131],[34.8947,46.53784],[34.88513,46.53693],[34.89025,46.50675],[34.9149,46.50909],[34.94723,46.5125],[34.94818,46.50368],[34.95338,46.50359],[34.96165,46.5],[35.0072,46.484],[35.01586,46.48043],[35.02296,46.4792],[35.05117,46.48162],[35.05286,46.48115],[35.06161,46.42588],[35.06382,46.42517],[35.06743,46.39912],[35.07075,46.37913],[35.06762,46.37653],[35.05816,46.37579],[35.06291,46.35543],[35.06571,46.33663],[35.07117,46.31293],[35.07353,46.29984],[35.09663,46.30182],[35.10312,46.30174],[35.10888,46.30208],[35.13312,46.30049],[35.16825,46.29433],[35.17817,46.29233],[35.21412,46.28429],[35.24002,46.27623],[35.25438,46.27064],[35.26998,46.26609],[35.27492,46.26503],[35.27766,46.26445],[35.28875,46.27849],[35.29763,46.29047],[35.30454,46.29715],[35.30777,46.29895],[35.31419,46.30429],[35.31928,46.30969],[35.32728,46.32075],[35.33194,46.3248],[35.34027,46.33374],[35.3458,46.34142],[35.35479,46.35206],[35.37823,46.37442],[35.38079,46.37754],[35.39696,46.3925],[35.40905,46.40497],[35.42333,46.41707],[35.42751,46.41976],[35.43738,46.42916],[35.4452,46.43597],[35.45868,46.44429],[35.47167,46.44914],[35.49345,46.45337],[35.49567,46.45345],[35.50865,46.45675],[35.51957,46.46036],[35.5313,46.46683],[35.54722,46.47193],[35.55703,46.47294],[35.5786,46.48088],[35.5933,46.48816],[35.61732,46.50205],[35.62873,46.50996],[35.64582,46.52104],[35.65465,46.52759],[35.67652,46.54578],[35.68914,46.5578],[35.70428,46.57112],[35.71432,46.57658],[35.71832,46.58016],[35.71968,46.58286],[35.72703,46.58818],[35.73344,46.58976],[35.74734,46.59681],[35.75966,46.60097],[35.76554,46.60339],[35.78767,46.61007],[35.79786,46.61285],[35.80939,46.61691],[35.81983,46.62115],[35.82746,46.62366],[35.83684,46.62762],[35.84989,46.636],[35.8632,46.64383],[35.86838,46.64592],[35.8723,46.64523],[35.87646,46.64613],[35.87904,46.64811],[35.88695,46.65147],[35.90679,46.65687],[35.912,46.6571],[35.91923,46.65939],[35.93413,46.66189],[35.95765,46.6636],[35.96903,46.66368],[35.98219,46.66438],[36.00432,46.66643],[36.01436,46.668],[36.03086,46.66946],[36.04282,46.6694],[36.0545,46.66843],[36.0712,46.66578],[36.09061,46.66107],[36.10173,46.65875],[36.11053,46.65933],[36.13172,46.66482],[36.13806,46.66696],[36.14983,46.67004],[36.15639,46.67085],[36.17238,46.67088],[36.18272,46.67148],[36.19609,46.67034],[36.21123,46.66473],[36.22306,46.65831],[36.22838,46.65493],[36.23902,46.64709],[36.24634,46.64025],[36.25237,46.63316],[36.25758,46.62536],[36.26208,46.61603],[36.26286,46.61173],[36.26167,46.60274],[36.26448,46.60392],[36.26339,46.61013],[36.26507,46.61146],[36.26308,46.61512],[36.26599,46.61894],[36.26574,46.62438],[36.26982,46.62464],[36.27227,46.6173],[36.27483,46.62286],[36.27655,46.62322],[36.27484,46.62955],[36.27239,46.63012],[36.2703,46.63462],[36.27408,46.63451],[36.27374,46.63732],[36.27853,46.63634],[36.28357,46.63657],[36.28128,46.64279],[36.28994,46.63933],[36.28964,46.64172],[36.2848,46.6448],[36.28048,46.64524],[36.27563,46.64897],[36.27231,46.64887],[36.2717,46.65161],[36.27524,46.65224],[36.28523,46.64926],[36.29331,46.64433],[36.29625,46.64175],[36.29294,46.63574],[36.28922,46.63354],[36.28999,46.63173],[36.28399,46.6261],[36.2827,46.62203],[36.27402,46.61242],[36.27387,46.61013],[36.27116,46.60588],[36.26413,46.59914],[36.25781,46.59018],[36.25257,46.58558],[36.24893,46.57846],[36.24315,46.57401],[36.23763,46.56608],[36.23478,46.56514],[36.23343,46.56073],[36.22795,46.55432],[36.22215,46.54893],[36.21561,46.54841],[36.21096,46.54084],[36.20317,46.54108],[36.19684,46.53499],[36.18916,46.52977],[36.18368,46.52834],[36.17092,46.52337],[36.16243,46.52442],[36.15714,46.52655],[36.15449,46.5303],[36.16034,46.5321],[36.15949,46.53516],[36.15656,46.53908],[36.15368,46.53685],[36.15429,46.52727],[36.15318,46.51875],[36.15035,46.51145],[36.14813,46.50765],[36.14031,46.50165],[36.13005,46.49651],[36.12595,46.4952],[36.11973,46.49487],[36.11367,46.49613],[36.11046,46.49835],[36.10793,46.49498],[36.10263,46.49136],[36.1131,46.48896],[36.11798,46.48941],[36.12369,46.49316],[36.12887,46.49519],[36.14455,46.5029],[36.1551,46.5038],[36.1605,46.50205],[36.16565,46.49907],[36.17025,46.49883],[36.18174,46.50821],[36.18552,46.51254],[36.1992,46.52405],[36.21201,46.53753],[36.21945,46.54412],[36.22849,46.55399],[36.23873,46.56645],[36.25218,46.58134],[36.26327,46.5955],[36.27431,46.60888],[36.28103,46.61846],[36.29033,46.62993],[36.3018,46.64547],[36.3067,46.65127],[36.32436,46.66926],[36.32645,46.67175],[36.33749,46.68207],[36.34718,46.69012],[36.35945,46.69937],[36.37172,46.7068],[36.38614,46.71414],[36.40037,46.72024],[36.40876,46.72434],[36.41531,46.72672],[36.42977,46.73035],[36.45314,46.73779],[36.47463,46.74381],[36.50246,46.74955],[36.51485,46.75327],[36.53013,46.75714],[36.54325,46.75885],[36.55129,46.76032],[36.56154,46.76108],[36.5691,46.76221],[36.58037,46.76512],[36.59937,46.77208],[36.60124,46.77429],[36.60878,46.77711],[36.62409,46.77998],[36.63984,46.78117],[36.6501,46.78145],[36.66014,46.7812],[36.67736,46.77905],[36.68635,46.78053],[36.70335,46.78089],[36.71299,46.78041],[36.7208,46.77925],[36.72727,46.77734],[36.74693,46.77031],[36.76356,46.76287],[36.77278,46.75787],[36.77229,46.75414],[36.77435,46.75236],[36.77814,46.75284],[36.78826,46.74942],[36.79926,46.74231],[36.8099,46.73275],[36.81794,46.72404],[36.82338,46.71418],[36.82846,46.70882],[36.82978,46.70234],[36.82868,46.6997],[36.82103,46.68708],[36.81225,46.68209],[36.81412,46.67815],[36.81058,46.67404],[36.80751,46.67245],[36.80394,46.67308],[36.80236,46.66836],[36.79905,46.66791],[36.79612,46.67267],[36.79254,46.6706],[36.79146,46.66796],[36.79953,46.66521],[36.79305,46.6631],[36.78733,46.65854],[36.78536,46.66056],[36.78009,46.65741],[36.77998,46.65367],[36.77789,46.65125],[36.77737,46.64582],[36.77245,46.64615],[36.77092,46.64236],[36.7683,46.64206],[36.76642,46.64285],[36.7655,46.64513],[36.76102,46.64401],[36.76079,46.64785],[36.7635,46.6504],[36.75862,46.65145],[36.75983,46.6446],[36.75694,46.64221],[36.75267,46.6439],[36.74974,46.64165],[36.74981,46.63527],[36.75106,46.63212],[36.75715,46.63075],[36.76582,46.63172],[36.77245,46.6347],[36.78439,46.64432],[36.79279,46.65302],[36.79806,46.65779],[36.80901,46.66926],[36.81033,46.67261],[36.82298,46.68735],[36.82869,46.69719],[36.85003,46.73817],[36.85617,46.75048],[36.8669,46.76865],[36.87779,46.78308],[36.8824,46.79019],[36.89823,46.80975],[36.90697,46.81708],[36.9203,46.826],[36.93426,46.83305],[36.95116,46.84377],[36.96076,46.84912],[36.97112,46.85544],[36.98732,46.86348],[36.99438,46.86612],[37.00417,46.86871],[37.01046,46.86963],[37.02337,46.8704],[37.03193,46.87045],[37.03772,46.87203],[37.04779,46.87804],[37.06255,46.88401],[37.03832,46.91203],[37.03403,46.91746],[37.02142,46.92792],[37.03888,46.93799],[37.05938,46.94948],[37.08187,46.96266],[37.09232,46.9684],[37.10261,46.95994],[37.12527,46.97252],[37.14104,46.98163],[37.13545,46.98474],[37.08945,47.00746],[37.12484,47.03914],[37.0986,47.05935],[37.08643,47.05264],[37.08109,47.04752],[37.02268,47.0675],[36.9932,47.07682],[36.98817,47.08036],[36.99323,47.08108],[36.99553,47.08277],[37.00908,47.08479],[37.01217,47.09074],[37.0088,47.09186],[37.01034,47.09878],[37.00598,47.09749],[37.00198,47.10112],[37.00696,47.10416],[37.00975,47.10757],[37.01049,47.11351],[37.00584,47.11306],[37.00017,47.11412],[37.00024,47.11804],[37.00228,47.11976],[37.0015,47.12379],[37.00282,47.12584],[36.99806,47.1296],[36.99266,47.12411],[36.98818,47.1258],[36.98342,47.12443],[36.97899,47.12726],[36.97957,47.13092],[36.97521,47.13427],[36.97039,47.13558],[36.97376,47.13959],[36.97051,47.14247],[36.9637,47.14494],[36.96191,47.1487],[36.95494,47.14965],[36.95456,47.1536],[36.95064,47.15492],[36.95004,47.15825],[36.9466,47.16004],[36.94112,47.15725],[36.93669,47.16148],[36.93735,47.16495],[36.93141,47.16411],[36.92401,47.16028],[36.92252,47.16119],[36.92479,47.16696],[36.92401,47.17035],[36.91848,47.1714],[36.91479,47.16652],[36.90787,47.16401],[36.90513,47.16597],[36.90622,47.16849],[36.90234,47.16995],[36.89995,47.17376],[36.88958,47.1706],[36.88546,47.17723],[36.88135,47.17461],[36.87754,47.17634],[36.87677,47.18018],[36.87198,47.18359],[36.86386,47.18557],[36.86245,47.18826],[36.85904,47.18936],[36.85601,47.19409],[36.85728,47.19733],[36.85437,47.19933],[36.87882,47.19959],[36.88879,47.20016],[36.88182,47.20585],[36.90159,47.20612],[36.93127,47.20702],[36.93162,47.20066],[36.96235,47.20179],[36.96009,47.21153],[36.95529,47.22901],[36.94908,47.2283],[36.94516,47.24049],[36.93897,47.27215],[36.93661,47.28598],[36.93481,47.29354],[36.92869,47.30863],[36.92615,47.31934],[36.94414,47.32066],[36.94658,47.311],[36.96818,47.31193],[37.00845,47.31392],[37.0266,47.31465],[37.02881,47.31094],[37.03349,47.3091],[37.03585,47.30379],[37.03621,47.29999],[37.08208,47.31529],[37.08026,47.31774],[37.08191,47.32007],[37.08073,47.32266],[37.08585,47.32265],[37.09513,47.32599],[37.09232,47.32997],[37.12201,47.34035],[37.10615,47.37582],[37.14042,47.3802],[37.14465,47.37775],[37.14743,47.37219],[37.1501,47.3698],[37.16183,47.34138],[37.20347,47.3559],[37.19463,47.37328],[37.22079,47.41755],[37.23214,47.43767],[37.23659,47.43645],[37.24369,47.44961],[37.24436,47.4543],[37.23852,47.4576],[37.24456,47.46854],[37.18942,47.46894],[37.19104,47.47236],[37.19607,47.47892],[37.17968,47.48354],[37.15749,47.45475],[37.12959,47.46757],[37.1282,47.46975],[37.0841,47.49607],[37.07794,47.49166],[37.07456,47.49337],[37.06945,47.49888],[37.03985,47.53337],[37.02687,47.54798],[37.02098,47.55278],[37.00152,47.53897],[36.98814,47.55231],[36.98007,47.56075],[36.96643,47.55341],[36.94443,47.57587],[36.8931,47.54497],[36.8806,47.56103],[36.84751,47.60231],[36.83016,47.62423],[36.76426,47.60074],[36.76181,47.60362],[36.7637,47.60758],[36.748,47.6065],[36.7452,47.62173],[36.76499,47.62332],[36.76571,47.63411],[36.75936,47.63381],[36.72505,47.63106],[36.71799,47.65927],[36.75463,47.66228],[36.75196,47.66662],[36.76912,47.66809],[36.76862,47.66658],[36.77517,47.66427],[36.77934,47.67006],[36.7823,47.67],[36.78037,47.6763],[36.7837,47.68016],[36.7877,47.67982],[36.79034,47.6839],[36.77839,47.68364],[36.71326,47.67834],[36.70009,47.73256],[36.68545,47.73088],[36.67861,47.75781],[36.68014,47.75935],[36.6714,47.79319],[36.59925,47.78468],[36.59371,47.78411],[36.58755,47.78547],[36.5884,47.81594],[36.59889,47.81695],[36.60829,47.84018],[36.60437,47.85059],[36.585,47.84715],[36.55273,47.84156],[36.52082,47.83632],[36.52254,47.82887],[36.47596,47.82423],[36.44903,47.82409],[36.4379,47.82714],[36.42813,47.82767],[36.4223,47.82874],[36.41203,47.82759],[36.40428,47.82974],[36.39791,47.8308],[36.38196,47.83001],[36.3763,47.83019],[36.37443,47.838],[36.32373,47.83935],[36.32358,47.83521],[36.32627,47.83419],[36.33021,47.83043],[36.32958,47.82718],[36.33211,47.82567],[36.33068,47.82168],[36.32661,47.81979],[36.29855,47.81588],[36.29817,47.81774],[36.27534,47.81535],[36.27362,47.82336],[36.26589,47.83334],[36.19769,47.83277],[36.19439,47.8352],[36.19397,47.83728],[36.18962,47.83703],[36.18793,47.84139],[36.19203,47.84485],[36.19632,47.85254],[36.19706,47.85898],[36.19323,47.85932],[36.17737,47.85714],[36.17884,47.8504],[36.10126,47.84242],[36.09989,47.84929],[36.09428,47.8501],[36.08672,47.84879],[36.07366,47.84788],[36.06837,47.86745],[36.05737,47.86826],[36.054,47.87995],[36.08019,47.88345],[36.0824,47.8776],[36.08699,47.86115],[36.11954,47.86486],[36.11728,47.86806],[36.11819,47.87337],[36.12976,47.89061],[36.12235,47.90019],[36.12801,47.90213],[36.1106,47.92472],[36.12008,47.92794],[36.10895,47.94172],[36.08457,47.93026],[36.0756,47.95867],[36.07339,47.96505],[36.05145,47.95847],[36.04779,47.96585],[36.07084,47.97214],[36.06595,47.98195],[36.06158,48.00142],[36.04859,48.00345],[36.04148,48.00364],[36.03419,48.01872],[36.06514,48.02511],[36.05563,48.04627],[36.05784,48.04674],[36.05225,48.05881],[35.98635,48.04518],[35.97512,48.04335],[35.97809,48.05181],[35.98347,48.05716],[35.98788,48.05918],[35.98114,48.0633],[35.97763,48.06241],[35.97571,48.05978],[35.9714,48.06086],[35.97414,48.06661],[35.96936,48.07234],[35.97008,48.07433],[35.97701,48.07805],[35.98359,48.07794],[35.98456,48.08037],[35.98438,48.08648],[35.97753,48.08604],[35.97485,48.08735],[35.97527,48.09235],[35.96826,48.09452],[35.96332,48.0934],[35.92111,48.08193],[35.86508,48.07315],[35.8166,48.06568],[35.80599,48.10074],[35.80132,48.0995],[35.7945,48.09649],[35.78122,48.09423],[35.77309,48.09726],[35.76196,48.09767],[35.75659,48.09655],[35.7428,48.09568],[35.70323,48.14025],[35.69525,48.13595],[35.65366,48.12054],[35.63466,48.11331],[35.61235,48.10534],[35.55601,48.08453],[35.52431,48.0744],[35.51949,48.09253],[35.51932,48.09455],[35.51158,48.09663],[35.50048,48.09745],[35.48745,48.09483],[35.48323,48.09529],[35.48074,48.09736],[35.47348,48.0983],[35.45155,48.1033],[35.44476,48.1022],[35.42004,48.10004],[35.41648,48.10968],[35.41304,48.11168],[35.40889,48.11077],[35.40436,48.11176],[35.4006,48.11473],[35.39385,48.11455],[35.38268,48.12003],[35.3801,48.11829],[35.36879,48.11925],[35.36567,48.12104],[35.35227,48.12237],[35.33586,48.12466],[35.3303,48.12956],[35.32008,48.13233],[35.30894,48.13857],[35.30309,48.14122],[35.29408,48.14372],[35.28987,48.14388],[35.27137,48.14275],[35.25918,48.13724],[35.24484,48.13488],[35.2355,48.13559],[35.22387,48.13968],[35.22047,48.1416],[35.21578,48.14012],[35.20908,48.13968],[35.19439,48.14029],[35.18726,48.13491],[35.18016,48.13176],[35.16419,48.12896],[35.14307,48.12888],[35.12874,48.12972],[35.11586,48.13113],[35.10705,48.13117],[35.09373,48.12813],[35.08454,48.12387],[35.07673,48.1221],[35.06686,48.12207],[35.06101,48.12129],[35.05655,48.11872],[35.04477,48.10955],[35.04069,48.10433],[35.03988,48.0993],[35.03682,48.09741],[35.02871,48.09707],[35.00074,48.09309],[34.98929,48.08996],[34.98631,48.09657],[34.93005,48.09036],[34.93032,48.09257],[34.91461,48.09081],[34.91101,48.10291],[34.91158,48.11372],[34.91951,48.11463],[34.91559,48.13039],[34.88127,48.12687],[34.87822,48.13389],[34.85505,48.13298],[34.86145,48.10674],[34.87104,48.06907],[34.87558,48.05431],[34.84097,48.05072],[34.83935,48.04901],[34.84178,48.0398],[34.84653,48.01361],[34.85826,48.01511],[34.8644,48.00139],[34.86937,47.98229],[34.90474,47.98576],[34.91239,47.95778],[34.90896,47.95741],[34.91345,47.94067],[34.91847,47.9334],[34.88085,47.92883],[34.87644,47.942],[34.84912,47.9379],[34.85306,47.92156],[34.84721,47.9203],[34.81702,47.91726],[34.80187,47.91552],[34.81508,47.86895],[34.81721,47.86471],[34.82015,47.86521],[34.82731,47.86839],[34.83719,47.86984],[34.8427,47.87213],[34.85065,47.87797],[34.85782,47.8806],[34.86395,47.87916],[34.86468,47.87471],[34.86872,47.86042],[34.87065,47.85133],[34.8821,47.85084],[34.89741,47.8527],[34.90333,47.82983],[34.884,47.82132],[34.87887,47.81855],[34.89111,47.7692],[34.8935,47.76014],[34.91109,47.76249],[34.95693,47.7693],[34.96043,47.75502],[34.96477,47.74002],[34.95444,47.73893],[34.95735,47.72763],[34.95196,47.72702],[34.95588,47.71242],[34.92965,47.71156],[34.9377,47.67756],[34.90552,47.67399],[34.91016,47.65476],[34.91614,47.63376],[34.93293,47.63569],[34.94121,47.60367],[34.9415,47.601],[34.93706,47.59799],[34.93841,47.59439],[34.93491,47.59093],[34.93185,47.59318],[34.92613,47.59338],[34.92827,47.5905],[34.93443,47.58817],[34.93607,47.5825],[34.92735,47.58152],[34.92731,47.58036],[34.93943,47.58037],[34.94579,47.57421],[34.9367,47.5701],[34.94884,47.5722],[34.95286,47.57129],[34.95721,47.56819],[34.96186,47.55907],[34.96518,47.55113],[34.96445,47.54704],[34.95726,47.53788],[34.95106,47.53302],[34.94458,47.5295]]],[[[36.77076,46.64936],[36.76586,46.64773],[36.76668,46.64439],[36.76884,46.64257],[36.7704,46.64488],[36.77141,46.64797],[36.77076,46.64936]]]]},"properties":{"oblast":"zaporizhzhia_oblast","id":"zaporizhzhia_oblast","name":"Запорізька область"}},{"type":"Feature","geometry":{"type":"MultiPolygon","coordinates":[[[[33.61585,46.1346],[33.61587,46.1276],[33.61723,46.12144],[33.62202,46.11168],[33.63118,46.10158],[33.63484,46.09685],[33.63777,46.09032],[33.64215,46.08428],[33.64251,46.07887],[33.63851,46.07498],[33.63616,46.07742],[33.62533,46.07034],[33.61628,46.05664],[33.61472,46.0528],[33.61462,46.04727],[33.6168,46.03601],[33.62115,46.01764],[33.62308,46.00512],[33.62626,45.994],[33.63104,45.98465],[33.63096,45.97848],[33.63211,45.96339],[33.62964,45.9566],[33.61896,45.94913],[33.61814,45.94692],[33.6242,45.94338],[33.63498,45.94219],[33.63795,45.94265],[33.63782,45.94669],[33.63946,45.9496],[33.64584,45.95113],[33.65202,45.95373],[33.65879,45.9554],[33.66467,45.95538],[33.67178,45.95429],[33.68152,45.95384],[33.68704,45.95488],[33.69028,45.95646],[33.70778,45.95396],[33.72289,45.951],[33.73048,45.95103],[33.73981,45.95233],[33.74551,45.951],[33.74717,45.94912],[33.75206,45.94933],[33.75738,45.9394],[33.75955,45.93145],[33.75669,45.93086],[33.75697,45.92798],[33.74244,45.92733],[33.73479,45.92839],[33.72872,45.92771],[33.72011,45.92407],[33.71253,45.9177],[33.70347,45.91084],[33.69462,45.9064],[33.68822,45.9082],[33.68626,45.91001],[33.68256,45.90924],[33.67961,45.9067],[33.6768,45.90161],[33.67632,45.89817],[33.68093,45.87972],[33.68147,45.87591],[33.68118,45.8683],[33.68586,45.86013],[33.68681,45.85385],[33.68561,45.84735],[33.68379,45.84395],[33.68067,45.84239],[33.67893,45.84557],[33.68246,45.84981],[33.67291,45.85683],[33.66278,45.86158],[33.65975,45.86394],[33.6567,45.86823],[33.65476,45.87351],[33.64924,45.87409],[33.63951,45.87283],[33.63418,45.88049],[33.62357,45.88441],[33.62201,45.88707],[33.61828,45.88972],[33.6136,45.89028],[33.60347,45.88716],[33.59613,45.88409],[33.58889,45.87803],[33.58507,45.87215],[33.58136,45.86859],[33.57778,45.87001],[33.56974,45.86996],[33.56443,45.8666],[33.55866,45.8588],[33.55594,45.85297],[33.55043,45.8467],[33.54701,45.83775],[33.54347,45.83564],[33.5346,45.83888],[33.53441,45.8436],[33.53265,45.84648],[33.52667,45.84804],[33.52012,45.84585],[33.51385,45.84224],[33.50702,45.84017],[33.50149,45.84107],[33.49782,45.84826],[33.49431,45.84981],[33.49377,45.8535],[33.4899,45.85419],[33.48265,45.85329],[33.46679,45.8473],[33.44851,45.84265],[33.42795,45.83529],[33.41851,45.83022],[33.41261,45.82492],[33.41054,45.82206],[33.40036,45.81437],[33.38397,45.80343],[33.37736,45.79726],[33.37304,45.79564],[33.35484,45.78534],[33.33785,45.77844],[33.33141,45.77658],[33.3193,45.77114],[33.3025,45.76689],[33.2991,45.76658],[33.28744,45.76191],[33.28041,45.76108],[33.26988,45.7577],[33.26321,45.75483],[33.25785,45.7542],[33.24624,45.75177],[33.23834,45.75089],[33.23213,45.75115],[33.22369,45.75257],[33.21241,45.75588],[33.19821,45.76193],[33.18773,45.76786],[33.17842,45.77562],[33.17236,45.78264],[33.16924,45.78786],[33.16912,45.79183],[33.17234,45.79983],[33.17573,45.80202],[33.17854,45.80002],[33.18316,45.80568],[33.18073,45.80774],[33.1761,45.80617],[33.17278,45.80383],[33.16636,45.78389],[33.16479,45.77577],[33.16217,45.75725],[33.15747,45.7389],[33.15366,45.73252],[33.14435,45.72306],[33.13687,45.71867],[33.13121,45.7191],[33.12683,45.71841],[33.12367,45.7153],[33.11815,45.71269],[33.11137,45.71182],[33.09596,45.7147],[33.09227,45.71254],[33.0802,45.7069],[33.06784,45.70471],[33.05666,45.6992],[33.05264,45.69562],[33.04414,45.69258],[33.03966,45.69244],[33.03142,45.68846],[33.02437,45.68854],[33.01515,45.68437],[33.01391,45.68262],[33.00782,45.67868],[33.00291,45.67793],[32.99931,45.67904],[32.99469,45.67584],[32.98812,45.67333],[32.98507,45.67326],[32.96826,45.66468],[32.96636,45.66237],[32.95645,45.66112],[32.95377,45.65869],[32.94776,45.65553],[32.9418,45.65428],[32.93901,45.65098],[32.92121,45.64405],[32.91801,45.64157],[32.90962,45.63878],[32.90772,45.63728],[32.89831,45.63279],[32.87625,45.61905],[32.83348,45.59436],[32.82804,45.59172],[32.8219,45.58651],[32.8209,45.58438],[32.83381,45.58406],[32.83975,45.5834],[32.84356,45.58077],[32.84539,45.57517],[32.84527,45.57105],[32.8421,45.56521],[32.83905,45.56183],[32.83283,45.55758],[32.82807,45.55615],[32.83411,45.55366],[32.83363,45.551],[32.83007,45.54787],[32.82694,45.54738],[32.82433,45.54982],[32.82277,45.55616],[32.81816,45.55911],[32.81089,45.55461],[32.80405,45.55325],[32.79942,45.55481],[32.79973,45.5589],[32.78979,45.56156],[32.78308,45.55756],[32.7717,45.55594],[32.76714,45.55314],[32.75687,45.54995],[32.74639,45.54598],[32.74106,45.54268],[32.73498,45.54],[32.73396,45.53821],[32.72734,45.53443],[32.72607,45.53213],[32.71187,45.52877],[32.70939,45.52626],[32.71305,45.52463],[32.71028,45.52193],[32.71391,45.51941],[32.7121,45.51653],[32.70506,45.51406],[32.69926,45.51388],[32.69727,45.5104],[32.6897,45.50945],[32.69182,45.51348],[32.69699,45.51679],[32.69438,45.5194],[32.69538,45.5221],[32.69225,45.52281],[32.68786,45.51976],[32.68181,45.51693],[32.67997,45.51789],[32.66574,45.51304],[32.64463,45.50463],[32.63053,45.49815],[32.62173,45.49482],[32.62096,45.4928],[32.61699,45.49251],[32.60083,45.48594],[32.59312,45.48359],[32.59156,45.48026],[32.58802,45.48148],[32.58324,45.47926],[32.57951,45.47632],[32.57475,45.47483],[32.56895,45.47113],[32.56375,45.46987],[32.56129,45.46693],[32.55505,45.46292],[32.54871,45.46022],[32.54551,45.45703],[32.53964,45.4546],[32.53829,45.44938],[32.53215,45.44511],[32.52741,45.44021],[32.52623,45.43779],[32.51956,45.43325],[32.50657,45.42644],[32.50059,45.42238],[32.49636,45.41606],[32.49004,45.40889],[32.49103,45.40637],[32.48294,45.40451],[32.48074,45.40066],[32.47992,45.39566],[32.4804,45.38993],[32.48379,45.38931],[32.48887,45.386],[32.50273,45.3838],[32.506,45.38392],[32.51086,45.38021],[32.51371,45.37555],[32.51479,45.37156],[32.51448,45.36412],[32.51296,45.36105],[32.50745,45.35808],[32.50232,45.35352],[32.49334,45.34819],[32.49412,45.34678],[32.50155,45.34425],[32.50498,45.34443],[32.51226,45.34324],[32.51474,45.34189],[32.5285,45.34156],[32.53794,45.33865],[32.54136,45.33923],[32.55075,45.33744],[32.55132,45.33474],[32.56054,45.33555],[32.57183,45.33444],[32.57361,45.33145],[32.57637,45.33159],[32.5798,45.32912],[32.59691,45.32805],[32.60116,45.3297],[32.60373,45.32643],[32.61032,45.32605],[32.61748,45.3248],[32.6191,45.32102],[32.62476,45.31896],[32.6293,45.3202],[32.6334,45.32015],[32.64017,45.31781],[32.65249,45.31538],[32.66247,45.31836],[32.66759,45.32058],[32.67322,45.32188],[32.67834,45.32674],[32.67786,45.33],[32.68395,45.33396],[32.68802,45.33538],[32.69424,45.3362],[32.69931,45.33977],[32.70443,45.34177],[32.70989,45.34279],[32.71425,45.34649],[32.72453,45.35224],[32.72982,45.3564],[32.73388,45.35635],[32.74818,45.36352],[32.7582,45.36572],[32.77461,45.36621],[32.77777,45.36752],[32.78243,45.36732],[32.78565,45.36581],[32.79998,45.36662],[32.81669,45.36622],[32.82829,45.36773],[32.83216,45.36878],[32.84032,45.36837],[32.84429,45.36724],[32.85037,45.36736],[32.85643,45.36876],[32.86309,45.36662],[32.86781,45.36723],[32.87476,45.36517],[32.8874,45.36434],[32.89323,45.36275],[32.90285,45.36208],[32.91104,45.36038],[32.92069,45.35702],[32.95727,45.3418],[32.97642,45.33302],[32.98271,45.32963],[32.9959,45.32092],[33.0058,45.31375],[33.01266,45.3094],[33.02348,45.3004],[33.02896,45.29649],[33.0464,45.286],[33.06428,45.27641],[33.07083,45.27115],[33.07921,45.26245],[33.08809,45.25651],[33.09187,45.25323],[33.09448,45.24917],[33.09971,45.24565],[33.102,45.24159],[33.10577,45.23772],[33.10803,45.23397],[33.11526,45.2295],[33.12358,45.22723],[33.13434,45.22101],[33.13916,45.21717],[33.14291,45.21137],[33.14348,45.20898],[33.14771,45.20407],[33.15079,45.2021],[33.16036,45.19805],[33.16686,45.19393],[33.17193,45.19271],[33.18719,45.18414],[33.19391,45.1844],[33.20179,45.1837],[33.2081,45.18218],[33.22409,45.1762],[33.23177,45.17189],[33.2364,45.16831],[33.24459,45.15931],[33.25463,45.15083],[33.25976,45.148],[33.2639,45.147],[33.27487,45.14675],[33.28282,45.14814],[33.2878,45.1546],[33.29491,45.15915],[33.29659,45.16196],[33.29696,45.16705],[33.29879,45.16951],[33.30428,45.17335],[33.30997,45.17458],[33.3194,45.17513],[33.32442,45.17474],[33.33092,45.17302],[33.34341,45.17339],[33.35173,45.17526],[33.35796,45.17854],[33.36017,45.18185],[33.36674,45.18393],[33.37159,45.18456],[33.37558,45.18724],[33.37437,45.19118],[33.37866,45.1954],[33.38725,45.19784],[33.39072,45.19795],[33.40289,45.19642],[33.41311,45.19339],[33.41986,45.1908],[33.43527,45.18376],[33.45187,45.1748],[33.47173,45.16274],[33.49348,45.14825],[33.51079,45.13526],[33.52941,45.11876],[33.54877,45.09876],[33.56415,45.08128],[33.56796,45.07621],[33.5687,45.07302],[33.57778,45.05914],[33.5827,45.05025],[33.5875,45.04047],[33.58852,45.03505],[33.59626,45.01945],[33.60136,45.00575],[33.60387,44.99565],[33.60555,44.98314],[33.60535,44.9802],[33.5985,44.97596],[33.60718,44.95195],[33.61062,44.93927],[33.61232,44.93024],[33.6134,44.92002],[33.61314,44.90376],[33.61117,44.89818],[33.61034,44.88979],[33.60789,44.87216],[33.60575,44.86526],[33.6014,44.85549],[33.596,44.84772],[33.59207,44.84526],[33.58724,44.84629],[33.58024,44.84072],[33.57524,44.83828],[33.56794,44.83774],[33.56028,44.84132],[33.5533,44.83961],[33.55008,44.83428],[33.55206,44.81995],[33.55035,44.8106],[33.5483,44.80919],[33.54759,44.80582],[33.54137,44.80171],[33.53947,44.7979],[33.53413,44.79149],[33.53965,44.77114],[33.54177,44.75946],[33.54181,44.74706],[33.54091,44.74451],[33.54576,44.73219],[33.54812,44.72836],[33.5489,44.72172],[33.54706,44.71415],[33.54713,44.70796],[33.54862,44.69903],[33.54843,44.68898],[33.54639,44.67275],[33.54441,44.66241],[33.54121,44.65451],[33.53567,44.64467],[33.53178,44.64049],[33.52443,44.63804],[33.521,44.6385],[33.51588,44.636],[33.5121,44.63058],[33.51997,44.62821],[33.52231,44.62947],[33.52562,44.62717],[33.53101,44.62745],[33.53299,44.62582],[33.53667,44.6259],[33.53644,44.62326],[33.54856,44.62434],[33.55141,44.62616],[33.55369,44.62364],[33.56191,44.62535],[33.56457,44.62371],[33.56473,44.62045],[33.57436,44.62007],[33.5904,44.61568],[33.58912,44.61258],[33.59542,44.61153],[33.59845,44.61376],[33.60069,44.61143],[33.59704,44.60821],[33.59458,44.61049],[33.58687,44.61173],[33.57517,44.612],[33.57213,44.61333],[33.55893,44.6163],[33.5557,44.61539],[33.55393,44.61735],[33.54662,44.6157],[33.54383,44.61619],[33.5363,44.61515],[33.53286,44.61366],[33.53243,44.60896],[33.53369,44.60368],[33.52861,44.59849],[33.52675,44.60034],[33.52911,44.60228],[33.52979,44.60553],[33.52837,44.60896],[33.52851,44.61294],[33.52695,44.6147],[33.52709,44.61865],[33.52336,44.61812],[33.51935,44.61532],[33.5095,44.61664],[33.50171,44.61516],[33.5026,44.6129],[33.5004,44.61007],[33.49471,44.61452],[33.48514,44.61069],[33.47365,44.61071],[33.47425,44.60861],[33.4682,44.59452],[33.46579,44.60135],[33.46579,44.60521],[33.46771,44.6088],[33.46361,44.61162],[33.46031,44.60904],[33.45108,44.60868],[33.44734,44.60679],[33.44998,44.60169],[33.44805,44.59792],[33.4403,44.5988],[33.44085,44.60373],[33.43913,44.60534],[33.43452,44.60361],[33.43402,44.60036],[33.43155,44.5968],[33.42594,44.59863],[33.42324,44.59619],[33.42698,44.59333],[33.42622,44.58998],[33.42721,44.58288],[33.43039,44.57955],[33.43027,44.57637],[33.43368,44.57644],[33.43521,44.57367],[33.42639,44.57419],[33.42575,44.57794],[33.41862,44.58394],[33.41857,44.58723],[33.4139,44.58577],[33.41495,44.58143],[33.41286,44.57806],[33.41507,44.57477],[33.4127,44.57195],[33.41392,44.56964],[33.41317,44.56525],[33.41063,44.56415],[33.40928,44.57171],[33.41009,44.57559],[33.40795,44.57715],[33.40234,44.57307],[33.40304,44.57826],[33.40239,44.58256],[33.40064,44.58627],[33.40238,44.59077],[33.39741,44.5903],[33.3949,44.58692],[33.38427,44.58583],[33.37858,44.58324],[33.39077,44.57241],[33.39483,44.56713],[33.39971,44.56518],[33.4022,44.56139],[33.40082,44.5594],[33.40448,44.55787],[33.40537,44.55755],[33.40975,44.55423],[33.41463,44.55316],[33.41545,44.55081],[33.41938,44.54881],[33.4255,44.54763],[33.42841,44.54608],[33.42886,44.54361],[33.43467,44.54266],[33.43847,44.53982],[33.45202,44.53134],[33.45819,44.52934],[33.4637,44.52376],[33.46849,44.52189],[33.46887,44.51788],[33.4726,44.51744],[33.4743,44.51447],[33.47882,44.51213],[33.48153,44.50885],[33.48231,44.50414],[33.48447,44.50241],[33.48604,44.49867],[33.49,44.49756],[33.49222,44.5005],[33.49748,44.50349],[33.50499,44.50396],[33.51363,44.5014],[33.52196,44.50168],[33.52536,44.4985],[33.53834,44.49479],[33.54544,44.49014],[33.55477,44.48777],[33.56576,44.4896],[33.57057,44.49133],[33.57723,44.49203],[33.58449,44.49014],[33.59385,44.49256],[33.59217,44.49517],[33.59784,44.49768],[33.59649,44.49378],[33.60315,44.49277],[33.60734,44.49042],[33.61582,44.48845],[33.61845,44.48523],[33.62959,44.47977],[33.63321,44.47292],[33.63743,44.46891],[33.63821,44.46539],[33.64357,44.45315],[33.64239,44.44972],[33.64297,44.44],[33.64522,44.43673],[33.64652,44.43001],[33.64993,44.42661],[33.65836,44.42249],[33.66222,44.42158],[33.6681,44.41813],[33.67549,44.4172],[33.68405,44.4169],[33.68697,44.41875],[33.70524,44.42183],[33.7096,44.41953],[33.70879,44.41622],[33.71067,44.41346],[33.71506,44.413],[33.71708,44.40894],[33.72095,44.40579],[33.72488,44.39551],[33.72666,44.39327],[33.73351,44.3902],[33.73775,44.38751],[33.74352,44.38865],[33.75379,44.38971],[33.75705,44.39089],[33.76581,44.38922],[33.76758,44.38797],[33.77184,44.38868],[33.77742,44.38645],[33.78021,44.38843],[33.7832,44.38778],[33.79134,44.38993],[33.79214,44.39161],[33.79691,44.39325],[33.79959,44.39574],[33.80501,44.39348],[33.80897,44.39596],[33.82036,44.39572],[33.82181,44.39897],[33.82762,44.40079],[33.83487,44.40048],[33.83851,44.40447],[33.85059,44.4053],[33.85557,44.40472],[33.86203,44.40699],[33.86932,44.40397],[33.87366,44.40462],[33.88421,44.40398],[33.88538,44.40314],[33.89563,44.40225],[33.89889,44.40321],[33.90127,44.40134],[33.9074,44.40011],[33.91983,44.39865],[33.93233,44.3948],[33.93649,44.39469],[33.94041,44.392],[33.9477,44.3927],[33.9578,44.39123],[33.96546,44.39123],[33.97262,44.39209],[33.97977,44.39501],[33.9804,44.39758],[33.98367,44.39997],[33.99032,44.40112],[33.9932,44.39974],[34.00167,44.40241],[34.00987,44.40311],[34.01625,44.40737],[34.02844,44.40537],[34.03422,44.40595],[34.04002,44.40925],[34.04359,44.41476],[34.04744,44.41493],[34.05239,44.4182],[34.05506,44.41771],[34.05945,44.42051],[34.06473,44.4226],[34.06997,44.42272],[34.0731,44.42121],[34.07634,44.42321],[34.07959,44.42324],[34.08576,44.42593],[34.09438,44.4284],[34.10229,44.42616],[34.10657,44.42832],[34.11401,44.42887],[34.11892,44.42753],[34.12334,44.42776],[34.12808,44.42956],[34.12807,44.43236],[34.13049,44.43364],[34.13192,44.4385],[34.13742,44.448],[34.14446,44.45827],[34.1491,44.46363],[34.15052,44.47032],[34.15522,44.47467],[34.15793,44.47869],[34.16011,44.48507],[34.1652,44.49307],[34.16844,44.49551],[34.17193,44.49481],[34.17526,44.49684],[34.18438,44.49937],[34.19042,44.50034],[34.19955,44.49921],[34.21545,44.50388],[34.22003,44.50324],[34.22903,44.50422],[34.23141,44.50383],[34.23917,44.50593],[34.24189,44.50545],[34.24871,44.50618],[34.25767,44.51125],[34.2633,44.51556],[34.26556,44.51974],[34.26879,44.52188],[34.27323,44.52779],[34.27255,44.53016],[34.2754,44.53878],[34.27969,44.5423],[34.28354,44.54204],[34.28519,44.54383],[34.29145,44.54576],[34.29559,44.54615],[34.29836,44.54967],[34.30472,44.55259],[34.31333,44.55375],[34.31901,44.55286],[34.32641,44.54992],[34.33545,44.54778],[34.34656,44.5485],[34.34803,44.55225],[34.3464,44.55671],[34.34786,44.56005],[34.34847,44.56494],[34.34567,44.56827],[34.3474,44.57447],[34.35032,44.5792],[34.34939,44.58297],[34.35287,44.58727],[34.36186,44.59171],[34.36963,44.59116],[34.37102,44.59259],[34.37275,44.59974],[34.37301,44.60518],[34.37547,44.60777],[34.37559,44.61196],[34.38061,44.61682],[34.383,44.62437],[34.38744,44.62964],[34.39925,44.63927],[34.40322,44.65263],[34.40531,44.65461],[34.40805,44.66001],[34.41133,44.66305],[34.41642,44.67396],[34.41959,44.67572],[34.43144,44.68695],[34.44056,44.69326],[34.44935,44.70375],[34.4534,44.70752],[34.45999,44.71227],[34.4742,44.71892],[34.47979,44.72076],[34.48448,44.72414],[34.49175,44.72776],[34.49878,44.73046],[34.50325,44.73103],[34.50913,44.7342],[34.51817,44.73693],[34.5252,44.73664],[34.53251,44.73871],[34.53668,44.74074],[34.53783,44.74282],[34.54245,44.74663],[34.5495,44.75131],[34.5616,44.75558],[34.56471,44.75523],[34.58643,44.7596],[34.58951,44.76281],[34.6017,44.77142],[34.60405,44.77264],[34.61333,44.77498],[34.61715,44.77437],[34.62543,44.77767],[34.63478,44.78],[34.63696,44.78179],[34.64368,44.78482],[34.65032,44.7867],[34.65751,44.78735],[34.66214,44.78695],[34.66997,44.78779],[34.67545,44.7904],[34.67975,44.79106],[34.68661,44.79589],[34.69272,44.79839],[34.70044,44.80279],[34.70848,44.80402],[34.71415,44.80611],[34.72261,44.81028],[34.72977,44.81216],[34.73719,44.81221],[34.74497,44.81058],[34.7484,44.81062],[34.75556,44.81493],[34.76182,44.81682],[34.76927,44.81747],[34.77874,44.8191],[34.78456,44.81914],[34.78924,44.81808],[34.79875,44.81964],[34.80818,44.82019],[34.82578,44.81893],[34.83415,44.81898],[34.84582,44.81524],[34.85968,44.81957],[34.86382,44.82174],[34.87363,44.82241],[34.88133,44.82192],[34.88477,44.82098],[34.88526,44.81864],[34.8886,44.81638],[34.89595,44.81597],[34.89876,44.81832],[34.90581,44.82078],[34.9165,44.82161],[34.91854,44.82429],[34.91541,44.82677],[34.92034,44.83071],[34.92837,44.83196],[34.93476,44.83199],[34.94003,44.83617],[34.94552,44.83626],[34.94875,44.83811],[34.95355,44.83868],[34.95891,44.83821],[34.96191,44.83902],[34.96507,44.84102],[34.97189,44.84023],[34.98221,44.83748],[34.98833,44.83474],[34.9878,44.83202],[34.99025,44.82998],[34.99463,44.83178],[35.00078,44.83565],[35.00936,44.83243],[35.01347,44.83374],[35.01746,44.83333],[35.02373,44.8307],[35.03053,44.83023],[35.04176,44.82333],[35.04108,44.82181],[35.05095,44.81526],[35.04945,44.81194],[35.05028,44.80967],[35.04764,44.80436],[35.05124,44.80028],[35.05558,44.80039],[35.05944,44.79891],[35.06438,44.79916],[35.07487,44.79632],[35.08023,44.79244],[35.08357,44.79519],[35.08511,44.79826],[35.08997,44.80186],[35.09606,44.80296],[35.10008,44.80678],[35.10364,44.80778],[35.10861,44.80749],[35.11111,44.81301],[35.11785,44.81901],[35.12501,44.82227],[35.12977,44.82327],[35.13073,44.82524],[35.12826,44.82887],[35.13037,44.83366],[35.13022,44.83679],[35.13175,44.83989],[35.13164,44.84411],[35.13621,44.85874],[35.1395,44.86454],[35.14241,44.86742],[35.1438,44.87509],[35.14661,44.87958],[35.15765,44.89379],[35.16702,44.901],[35.17099,44.90199],[35.17666,44.90173],[35.18247,44.90628],[35.18804,44.90892],[35.19468,44.91081],[35.20148,44.91114],[35.20668,44.91262],[35.2133,44.91136],[35.22382,44.91225],[35.22882,44.91509],[35.23556,44.91603],[35.24253,44.92103],[35.24222,44.9231],[35.2458,44.92709],[35.24806,44.93275],[35.25299,44.93778],[35.25209,44.94071],[35.24949,44.94285],[35.24629,44.94857],[35.24703,44.95249],[35.24987,44.95709],[35.25389,44.96085],[35.26335,44.96633],[35.27374,44.96914],[35.28717,44.96699],[35.29106,44.96705],[35.29421,44.96507],[35.3017,44.9676],[35.31421,44.97007],[35.32341,44.96899],[35.32952,44.96632],[35.33489,44.96725],[35.3428,44.9665],[35.3524,44.9636],[35.35514,44.95887],[35.35893,44.95637],[35.36641,44.95431],[35.36872,44.95231],[35.37597,44.95103],[35.38095,44.94699],[35.39013,44.95461],[35.38345,44.956],[35.37322,44.95411],[35.37028,44.9547],[35.36663,44.96086],[35.36421,44.96311],[35.36482,44.96561],[35.35764,44.97368],[35.35351,44.97577],[35.35444,44.98136],[35.35772,44.98806],[35.36502,44.99448],[35.36726,44.99434],[35.37526,44.99759],[35.38284,44.99796],[35.38885,45.00078],[35.39295,45.00094],[35.41317,45.00756],[35.42488,45.01247],[35.4182,45.01634],[35.41627,45.02021],[35.41085,45.02345],[35.40312,45.02343],[35.39792,45.02541],[35.39129,45.0246],[35.38406,45.03221],[35.38318,45.03965],[35.38654,45.04895],[35.39131,45.05571],[35.39767,45.06282],[35.40063,45.06453],[35.40466,45.06885],[35.41725,45.07931],[35.42383,45.08404],[35.43978,45.09378],[35.45062,45.09946],[35.46485,45.10608],[35.4742,45.10981],[35.4924,45.11558],[35.52032,45.12328],[35.52881,45.12513],[35.54773,45.12845],[35.55852,45.12972],[35.57558,45.13057],[35.59229,45.12983],[35.60487,45.12847],[35.61578,45.12676],[35.64115,45.12081],[35.65073,45.11898],[35.67649,45.11249],[35.6961,45.10602],[35.71371,45.09922],[35.72897,45.09284],[35.75276,45.08183],[35.7765,45.06892],[35.781,45.06566],[35.78839,45.05765],[35.7946,45.05427],[35.80939,45.0441],[35.81549,45.03709],[35.81693,45.03432],[35.8144,45.0263],[35.81215,45.02264],[35.81777,45.02216],[35.82557,45.01897],[35.83294,45.01372],[35.83574,45.00813],[35.83058,45.00363],[35.83683,44.99975],[35.84298,44.99962],[35.8635,45.0037],[35.87087,45.00658],[35.87826,45.01144],[35.88724,45.01344],[35.89311,45.01371],[35.89981,45.01556],[35.90274,45.01824],[35.91152,45.02024],[35.92318,45.02103],[35.93056,45.02045],[35.93856,45.01777],[35.94283,45.01513],[35.95537,45.01371],[35.9651,45.01873],[35.97861,45.02284],[35.98454,45.02617],[35.98659,45.02973],[35.98923,45.03166],[35.99146,45.03587],[36.00162,45.04201],[36.00818,45.04472],[36.02104,45.04848],[36.0311,45.05026],[36.04298,45.05069],[36.05667,45.05028],[36.08163,45.04831],[36.10931,45.04471],[36.12268,45.04245],[36.14332,45.03944],[36.15987,45.03746],[36.17514,45.03607],[36.20081,45.03437],[36.21016,45.03152],[36.21456,45.02904],[36.21908,45.02852],[36.22247,45.02933],[36.22533,45.02823],[36.22877,45.03101],[36.23339,45.03257],[36.23669,45.03646],[36.24182,45.03838],[36.24651,45.04195],[36.24622,45.04663],[36.24829,45.04832],[36.25913,45.05196],[36.29192,45.05723],[36.30831,45.05896],[36.33155,45.05948],[36.34626,45.05947],[36.35271,45.05853],[36.3751,45.05969],[36.37961,45.06277],[36.38947,45.0673],[36.39521,45.06817],[36.41682,45.07676],[36.42388,45.0779],[36.42943,45.08156],[36.44295,45.0876],[36.44594,45.08966],[36.44928,45.09439],[36.45265,45.09627],[36.45343,45.10026],[36.45284,45.10486],[36.45128,45.10678],[36.44168,45.11113],[36.43811,45.1158],[36.43321,45.11651],[36.42966,45.11905],[36.42521,45.12591],[36.42403,45.13046],[36.42436,45.13427],[36.42156,45.13485],[36.41992,45.13877],[36.41991,45.14317],[36.4182,45.14901],[36.41949,45.15314],[36.41644,45.15938],[36.41662,45.16368],[36.41067,45.16631],[36.40711,45.17079],[36.40581,45.17406],[36.40508,45.18184],[36.40648,45.19092],[36.40473,45.19906],[36.40341,45.2003],[36.40344,45.20527],[36.40166,45.21113],[36.40435,45.21824],[36.40995,45.2259],[36.42101,45.23715],[36.4197,45.23895],[36.42333,45.24743],[36.43138,45.25562],[36.43417,45.25986],[36.43721,45.27027],[36.43661,45.27345],[36.4291,45.2772],[36.42837,45.27386],[36.43295,45.26975],[36.43405,45.26425],[36.4304,45.25738],[36.41774,45.24248],[36.41687,45.24451],[36.41964,45.24618],[36.42478,45.25216],[36.42473,45.25529],[36.42889,45.25789],[36.4237,45.26162],[36.42068,45.26543],[36.42943,45.26609],[36.42063,45.27105],[36.41751,45.27155],[36.41539,45.2747],[36.41837,45.27545],[36.41639,45.28234],[36.41749,45.28453],[36.42272,45.2896],[36.42933,45.29422],[36.43797,45.29735],[36.44955,45.29926],[36.45411,45.30068],[36.46238,45.30205],[36.46969,45.30392],[36.47967,45.3056],[36.48165,45.30794],[36.48116,45.31221],[36.48769,45.31407],[36.49344,45.3188],[36.47784,45.32202],[36.47318,45.32691],[36.47052,45.33486],[36.47011,45.33937],[36.4738,45.3483],[36.47828,45.35121],[36.47701,45.35622],[36.47901,45.35875],[36.48741,45.36251],[36.49172,45.36357],[36.50278,45.36319],[36.50464,45.36089],[36.50988,45.36038],[36.51785,45.35692],[36.51902,45.35238],[36.52719,45.3525],[36.53746,45.35043],[36.53822,45.34745],[36.54154,45.34764],[36.54479,45.34554],[36.54781,45.34701],[36.55629,45.34684],[36.56506,45.34877],[36.58195,45.34729],[36.5877,45.34841],[36.59187,45.34808],[36.59677,45.3463],[36.60361,45.34844],[36.60802,45.35321],[36.6099,45.35763],[36.61857,45.35988],[36.62289,45.36196],[36.62948,45.3695],[36.62823,45.37474],[36.63251,45.37719],[36.63909,45.37925],[36.64186,45.37901],[36.64616,45.38278],[36.64287,45.38623],[36.64083,45.39019],[36.63412,45.39094],[36.62807,45.39406],[36.61528,45.40286],[36.60854,45.40819],[36.60602,45.41306],[36.61186,45.4173],[36.61237,45.42235],[36.60476,45.42792],[36.59913,45.43335],[36.59603,45.43777],[36.58833,45.44],[36.58073,45.44092],[36.57377,45.43998],[36.56702,45.43652],[36.56679,45.4314],[36.56847,45.42924],[36.56526,45.42643],[36.55961,45.42442],[36.55342,45.42351],[36.53678,45.42617],[36.52991,45.42673],[36.51687,45.43333],[36.50638,45.44152],[36.50008,45.44378],[36.49307,45.45019],[36.48786,45.45146],[36.47621,45.45634],[36.46892,45.45744],[36.46172,45.45563],[36.45231,45.45696],[36.44715,45.45883],[36.44261,45.4555],[36.44311,45.45338],[36.435,45.4502],[36.43501,45.44815],[36.43132,45.44636],[36.42179,45.44509],[36.41396,45.44578],[36.40237,45.4494],[36.38632,45.45668],[36.37769,45.46162],[36.36992,45.46826],[36.36567,45.46863],[36.35826,45.4705],[36.35015,45.47545],[36.34223,45.48303],[36.34014,45.48122],[36.34265,45.47915],[36.3395,45.47507],[36.3346,45.47244],[36.32593,45.47043],[36.32127,45.47043],[36.31205,45.47234],[36.2988,45.47815],[36.29588,45.48091],[36.29004,45.48014],[36.28439,45.48147],[36.27814,45.47949],[36.27105,45.47836],[36.26729,45.47701],[36.25355,45.47595],[36.24557,45.4746],[36.24399,45.47507],[36.23277,45.47362],[36.22316,45.47349],[36.22101,45.47235],[36.21646,45.47266],[36.21181,45.47102],[36.20394,45.47161],[36.19943,45.47031],[36.1926,45.47195],[36.17667,45.47063],[36.1686,45.46891],[36.16006,45.46855],[36.14843,45.46651],[36.13907,45.46595],[36.12116,45.4607],[36.11604,45.45767],[36.10581,45.45494],[36.10303,45.45326],[36.0962,45.45108],[36.08911,45.45026],[36.08344,45.44841],[36.07265,45.44203],[36.07201,45.43923],[36.06962,45.43737],[36.07185,45.42856],[36.07385,45.42693],[36.07517,45.42263],[36.07198,45.41638],[36.07346,45.40992],[36.07087,45.40432],[36.06501,45.39808],[36.05362,45.38895],[36.04864,45.38577],[36.03819,45.38059],[36.02731,45.37611],[36.01676,45.37314],[36.00293,45.37055],[35.99179,45.36985],[35.9836,45.37011],[35.96992,45.3718],[35.9576,45.37427],[35.94748,45.37714],[35.93332,45.38211],[35.92198,45.38679],[35.91063,45.3923],[35.8928,45.40243],[35.88261,45.40923],[35.87388,45.41572],[35.85963,45.42803],[35.85088,45.43806],[35.84673,45.44478],[35.84604,45.45044],[35.85223,45.4524],[35.85778,45.45327],[35.86703,45.45742],[35.87099,45.4605],[35.87228,45.46648],[35.86419,45.47168],[35.85875,45.47278],[35.85566,45.47224],[35.85023,45.47341],[35.845,45.47303],[35.83498,45.47046],[35.83096,45.46795],[35.82625,45.46642],[35.82561,45.46463],[35.82073,45.46115],[35.81876,45.45622],[35.82078,45.44877],[35.82553,45.44929],[35.82837,45.44566],[35.82565,45.43813],[35.81923,45.43162],[35.80808,45.42492],[35.80269,45.42364],[35.78975,45.41425],[35.78237,45.41011],[35.77288,45.40575],[35.77079,45.40296],[35.76169,45.40109],[35.75933,45.39899],[35.75542,45.39822],[35.74987,45.39201],[35.74822,45.38805],[35.75676,45.3839],[35.76233,45.38265],[35.76263,45.37738],[35.76123,45.37336],[35.75741,45.36805],[35.75355,45.36446],[35.74434,45.35866],[35.73249,45.35342],[35.73036,45.35341],[35.72574,45.34863],[35.72918,45.34497],[35.7287,45.34201],[35.72366,45.3371],[35.71775,45.33334],[35.70744,45.33337],[35.68073,45.32944],[35.6703,45.32595],[35.65793,45.32362],[35.65266,45.32371],[35.64209,45.3217],[35.62948,45.31985],[35.60749,45.31464],[35.58623,45.30663],[35.56765,45.29909],[35.54856,45.29276],[35.5399,45.2893],[35.52976,45.28376],[35.52331,45.28352],[35.5183,45.28428],[35.50401,45.28841],[35.48801,45.2939],[35.47646,45.29843],[35.46376,45.30391],[35.44469,45.31315],[35.42192,45.32551],[35.40765,45.33384],[35.39158,45.34379],[35.37496,45.35534],[35.35568,45.36918],[35.34388,45.37819],[35.32172,45.39602],[35.31093,45.40516],[35.29431,45.42005],[35.26871,45.44393],[35.24796,45.46489],[35.21228,45.50379],[35.20021,45.51842],[35.19263,45.52531],[35.17866,45.53698],[35.16637,45.54777],[35.14954,45.56182],[35.13331,45.57492],[35.11297,45.59293],[35.09514,45.61001],[35.07918,45.62666],[35.06083,45.6474],[35.04675,45.66406],[35.02656,45.68979],[35.02112,45.69739],[35.0139,45.70634],[34.99467,45.73365],[34.96802,45.77213],[34.95683,45.78934],[34.94477,45.80862],[34.93029,45.83245],[34.92063,45.83252],[34.9291,45.81838],[34.93416,45.80663],[34.94048,45.78712],[34.94036,45.78262],[34.94525,45.77977],[34.95229,45.76988],[34.95906,45.76513],[34.96071,45.76205],[34.96381,45.7615],[34.96718,45.7582],[34.97164,45.75039],[34.97586,45.73711],[34.98222,45.72236],[34.98905,45.71157],[34.99629,45.70486],[35.00077,45.6981],[35.00541,45.68183],[35.01337,45.68237],[35.01987,45.68034],[35.02914,45.67364],[35.0334,45.66813],[35.0412,45.65975],[35.04684,45.65052],[35.05118,45.64549],[35.0556,45.6361],[35.05666,45.63087],[35.06173,45.6239],[35.06754,45.62565],[35.0721,45.6246],[35.07687,45.62054],[35.08101,45.61374],[35.08493,45.61216],[35.08737,45.60957],[35.08934,45.60354],[35.09203,45.60249],[35.09267,45.59782],[35.09934,45.5925],[35.10083,45.59025],[35.10564,45.58803],[35.11393,45.5823],[35.11943,45.57928],[35.12989,45.57186],[35.13652,45.56447],[35.14134,45.55659],[35.14256,45.55268],[35.15027,45.54442],[35.16017,45.54018],[35.17831,45.52841],[35.18199,45.5254],[35.19135,45.51585],[35.19557,45.51078],[35.20326,45.50322],[35.21377,45.49181],[35.21906,45.48929],[35.22408,45.48525],[35.23792,45.46761],[35.25516,45.4472],[35.25918,45.4432],[35.27382,45.43018],[35.27713,45.42687],[35.28506,45.4168],[35.29402,45.41152],[35.29936,45.4044],[35.30676,45.38925],[35.31026,45.38763],[35.31136,45.39188],[35.31532,45.39459],[35.31865,45.39407],[35.32342,45.39125],[35.33323,45.37959],[35.33748,45.37304],[35.34328,45.36554],[35.34727,45.35714],[35.3528,45.35339],[35.35745,45.35466],[35.3578,45.35635],[35.34845,45.36176],[35.34358,45.36832],[35.34763,45.36716],[35.35625,45.36073],[35.35838,45.3605],[35.36508,45.35664],[35.37167,45.35101],[35.3758,45.34583],[35.38503,45.34123],[35.39225,45.33093],[35.39875,45.32399],[35.40126,45.3187],[35.40941,45.3077],[35.41284,45.30525],[35.42043,45.30622],[35.41235,45.31015],[35.42099,45.31523],[35.42519,45.31286],[35.43008,45.31369],[35.4429,45.30631],[35.45516,45.30202],[35.45958,45.30402],[35.47409,45.29792],[35.47674,45.29492],[35.47249,45.29116],[35.46559,45.27923],[35.46613,45.27642],[35.47038,45.27627],[35.4751,45.27445],[35.47612,45.27245],[35.48087,45.26874],[35.48023,45.26719],[35.473,45.26908],[35.46958,45.27193],[35.46366,45.27082],[35.46345,45.26432],[35.46642,45.26185],[35.46247,45.25965],[35.45854,45.25976],[35.45738,45.26382],[35.45448,45.26534],[35.45317,45.26821],[35.4481,45.26491],[35.43844,45.26384],[35.42296,45.25917],[35.40671,45.25651],[35.39653,45.25698],[35.39108,45.25866],[35.38338,45.25944],[35.36866,45.24839],[35.36484,45.24376],[35.34969,45.25141],[35.34428,45.24877],[35.3369,45.25023],[35.33129,45.25033],[35.32647,45.24856],[35.31631,45.24916],[35.31398,45.25366],[35.31629,45.25652],[35.3256,45.25853],[35.33383,45.26187],[35.33869,45.2632],[35.34453,45.26275],[35.34857,45.26472],[35.35692,45.26649],[35.3525,45.26883],[35.35979,45.27231],[35.36495,45.27296],[35.35438,45.28184],[35.34108,45.28634],[35.33166,45.28795],[35.32231,45.29013],[35.31235,45.29345],[35.30819,45.29615],[35.30359,45.29769],[35.29504,45.29866],[35.28305,45.30281],[35.27594,45.30482],[35.27197,45.30735],[35.26575,45.31261],[35.26071,45.3128],[35.25498,45.31494],[35.24305,45.32252],[35.22892,45.32793],[35.21571,45.33335],[35.20371,45.3402],[35.19782,45.33999],[35.18429,45.34238],[35.16439,45.34455],[35.1583,45.34214],[35.15491,45.33796],[35.15272,45.33797],[35.14928,45.33437],[35.14335,45.33323],[35.1388,45.33379],[35.13036,45.33597],[35.11617,45.34237],[35.09756,45.35288],[35.08773,45.35882],[35.08094,45.36383],[35.06898,45.37514],[35.06219,45.38241],[35.0525,45.39607],[35.05181,45.39424],[35.05597,45.38863],[35.06332,45.38008],[35.06252,45.37915],[35.06832,45.37426],[35.05998,45.36268],[35.05642,45.36319],[35.05059,45.3606],[35.04424,45.36055],[35.03801,45.35819],[35.02688,45.35762],[35.02484,45.36158],[35.01629,45.36231],[35.01359,45.36152],[35.01152,45.35849],[35.00844,45.35702],[35.0051,45.35946],[34.99925,45.35798],[34.99393,45.36],[34.98779,45.3588],[34.97804,45.35911],[34.97385,45.36074],[34.96898,45.36409],[34.96901,45.36631],[34.9634,45.37334],[34.95661,45.37645],[34.95447,45.37948],[34.95038,45.37921],[34.94963,45.38108],[34.95605,45.38266],[34.95756,45.38161],[34.96464,45.38422],[34.9802,45.39503],[34.98196,45.39695],[34.98898,45.39812],[34.99157,45.39677],[35.0023,45.39642],[35.0067,45.40618],[35.00764,45.41194],[35.00732,45.41618],[35.00892,45.42366],[35.00669,45.43021],[35.007,45.43218],[35.01141,45.43597],[35.01611,45.43697],[35.01744,45.44132],[35.01933,45.44267],[35.02644,45.44304],[35.03194,45.44537],[35.03946,45.45178],[35.046,45.45526],[35.05542,45.45846],[35.06303,45.45961],[35.08166,45.46388],[35.08709,45.46672],[35.09302,45.47196],[35.09657,45.47614],[35.10657,45.48227],[35.10978,45.48778],[35.10929,45.49079],[35.10345,45.49136],[35.09864,45.4929],[35.10027,45.49521],[35.09721,45.50031],[35.09921,45.5032],[35.09391,45.50893],[35.09469,45.51446],[35.09138,45.51664],[35.09324,45.52119],[35.08966,45.5282],[35.08656,45.5315],[35.08282,45.53358],[35.07688,45.53357],[35.07513,45.53743],[35.0722,45.53925],[35.07517,45.54142],[35.07151,45.55181],[35.07287,45.55432],[35.06981,45.55759],[35.07016,45.5616],[35.05755,45.56424],[35.05379,45.56877],[35.05316,45.57112],[35.05765,45.57247],[35.05859,45.57554],[35.0561,45.58159],[35.05249,45.58171],[35.04567,45.58038],[35.04558,45.58212],[35.03734,45.583],[35.0259,45.58313],[35.02203,45.58743],[35.02638,45.58961],[35.02685,45.59291],[35.03251,45.59625],[35.0327,45.59924],[35.03529,45.60127],[35.03516,45.60513],[35.03362,45.60803],[35.02948,45.61078],[35.03249,45.6146],[35.03742,45.61484],[35.03869,45.61713],[35.03595,45.62439],[35.03106,45.63259],[35.02742,45.63741],[35.01848,45.64251],[35.01473,45.64552],[35.01054,45.64717],[34.99777,45.64941],[34.99307,45.65212],[34.98832,45.65772],[34.98551,45.66363],[34.98335,45.67062],[34.98427,45.67956],[34.97902,45.68378],[34.97198,45.68638],[34.96726,45.68696],[34.95871,45.68562],[34.94933,45.68324],[34.94429,45.68068],[34.93697,45.67858],[34.92907,45.67807],[34.92409,45.67854],[34.91346,45.68082],[34.90257,45.6852],[34.89734,45.69065],[34.89015,45.69917],[34.87929,45.70936],[34.87201,45.71476],[34.86268,45.71446],[34.85653,45.71752],[34.84417,45.72199],[34.85172,45.72462],[34.85287,45.7221],[34.86389,45.72869],[34.86984,45.73869],[34.87392,45.74213],[34.87985,45.74576],[34.87933,45.74923],[34.87632,45.75017],[34.86766,45.74473],[34.86442,45.74387],[34.85715,45.74361],[34.84877,45.74227],[34.84444,45.74063],[34.83748,45.74033],[34.82395,45.73787],[34.81595,45.73599],[34.79956,45.73374],[34.7878,45.73314],[34.78497,45.72964],[34.77792,45.72507],[34.76273,45.7207],[34.75116,45.72214],[34.74533,45.72107],[34.74055,45.7172],[34.73088,45.71389],[34.72146,45.71179],[34.71737,45.71025],[34.71124,45.71058],[34.70657,45.70993],[34.70076,45.70627],[34.69647,45.70543],[34.69202,45.70963],[34.69321,45.71349],[34.6916,45.71582],[34.68712,45.71705],[34.6775,45.71774],[34.67383,45.71914],[34.67401,45.72208],[34.6842,45.72946],[34.69404,45.73406],[34.69793,45.7349],[34.70113,45.73712],[34.70588,45.74539],[34.70826,45.74688],[34.71772,45.74857],[34.73277,45.74837],[34.74212,45.74679],[34.74577,45.75177],[34.74783,45.75907],[34.74771,45.76622],[34.75007,45.76791],[34.75888,45.77076],[34.76201,45.77082],[34.76614,45.77471],[34.76919,45.78059],[34.77389,45.78493],[34.77895,45.7878],[34.78319,45.79146],[34.77991,45.79648],[34.77689,45.79773],[34.77269,45.80146],[34.76887,45.80289],[34.75774,45.80171],[34.75743,45.80009],[34.7629,45.79561],[34.76028,45.7938],[34.75822,45.79693],[34.75342,45.79869],[34.75515,45.80501],[34.75321,45.80789],[34.74743,45.80975],[34.74347,45.8139],[34.748,45.81519],[34.75218,45.81271],[34.75721,45.81511],[34.75322,45.82121],[34.75104,45.82293],[34.7387,45.82084],[34.7303,45.81759],[34.71695,45.81416],[34.70384,45.81272],[34.68283,45.80697],[34.67014,45.80161],[34.66615,45.79688],[34.66129,45.79557],[34.66029,45.79836],[34.66193,45.80034],[34.66233,45.80644],[34.6641,45.80746],[34.66412,45.81384],[34.667,45.82344],[34.67081,45.8273],[34.67144,45.83335],[34.67349,45.83923],[34.67268,45.84865],[34.67304,45.85269],[34.67531,45.85586],[34.68893,45.86168],[34.70397,45.86514],[34.71144,45.87079],[34.71541,45.86734],[34.72067,45.86972],[34.72193,45.8727],[34.72497,45.8745],[34.73463,45.87776],[34.74127,45.87721],[34.74737,45.87381],[34.7537,45.8675],[34.75617,45.864],[34.76398,45.86798],[34.77237,45.87437],[34.76912,45.87645],[34.76897,45.87843],[34.76496,45.88434],[34.76061,45.89817],[34.7607,45.89955],[34.75135,45.89736],[34.74726,45.89454],[34.74235,45.88941],[34.73727,45.88579],[34.73023,45.88311],[34.71614,45.88061],[34.70001,45.87852],[34.6911,45.87688],[34.67193,45.87078],[34.66143,45.86856],[34.6533,45.86505],[34.6483,45.86113],[34.63551,45.85581],[34.6304,45.85285],[34.62264,45.846],[34.61732,45.84322],[34.60703,45.84018],[34.60454,45.83726],[34.60633,45.83315],[34.59074,45.82405],[34.5811,45.82093],[34.57464,45.81827],[34.57697,45.815],[34.58243,45.81567],[34.57589,45.81022],[34.57245,45.80908],[34.56468,45.80298],[34.55035,45.7945],[34.54682,45.79293],[34.52798,45.78693],[34.51905,45.78615],[34.50665,45.78832],[34.50311,45.7856],[34.49564,45.78475],[34.49518,45.78717],[34.48394,45.7858],[34.48279,45.783],[34.47962,45.78164],[34.47461,45.78191],[34.47218,45.78333],[34.47503,45.78652],[34.47827,45.78799],[34.47649,45.79146],[34.47273,45.79546],[34.46693,45.79784],[34.46126,45.79926],[34.46247,45.80227],[34.469,45.80123],[34.47244,45.80177],[34.47427,45.79905],[34.47992,45.79772],[34.4871,45.79747],[34.48448,45.80152],[34.48968,45.80625],[34.49317,45.80206],[34.50196,45.80288],[34.50265,45.80848],[34.50831,45.80817],[34.50844,45.80563],[34.51121,45.80405],[34.51503,45.81703],[34.52138,45.82178],[34.53015,45.8251],[34.53543,45.82943],[34.54228,45.83402],[34.55067,45.83849],[34.55416,45.8421],[34.55537,45.84684],[34.55354,45.85607],[34.55437,45.86059],[34.5587,45.86339],[34.57004,45.86633],[34.57642,45.86905],[34.58589,45.87152],[34.60798,45.88032],[34.61631,45.88136],[34.62445,45.88518],[34.62771,45.89051],[34.62791,45.8968],[34.62965,45.90623],[34.63214,45.91364],[34.61689,45.90615],[34.61612,45.90404],[34.62,45.89795],[34.61929,45.89305],[34.61648,45.89284],[34.61424,45.89528],[34.61167,45.90366],[34.61147,45.90965],[34.61217,45.91731],[34.61351,45.92053],[34.61882,45.92375],[34.62319,45.92428],[34.62919,45.92376],[34.63278,45.92238],[34.63679,45.91829],[34.64326,45.92721],[34.64889,45.93172],[34.64996,45.93741],[34.64832,45.94066],[34.63908,45.94964],[34.62915,45.95248],[34.60871,45.96137],[34.60432,45.96185],[34.59078,45.96733],[34.58103,45.97357],[34.56783,45.98384],[34.55835,45.98868],[34.55224,45.98645],[34.55546,45.98295],[34.55832,45.9823],[34.56176,45.98399],[34.56497,45.98332],[34.56938,45.97918],[34.56464,45.97925],[34.56677,45.97639],[34.56058,45.97036],[34.55494,45.96861],[34.55435,45.96624],[34.55789,45.95982],[34.56195,45.94959],[34.56576,45.94595],[34.5696,45.94404],[34.57346,45.93898],[34.58095,45.92623],[34.58402,45.91809],[34.58079,45.9132],[34.57631,45.91011],[34.57084,45.90849],[34.56249,45.91197],[34.55339,45.91811],[34.54461,45.92044],[34.53521,45.92567],[34.53373,45.92068],[34.52662,45.91065],[34.52504,45.90227],[34.52289,45.89765],[34.51307,45.88418],[34.50426,45.87737],[34.49889,45.87508],[34.48735,45.87202],[34.49323,45.87035],[34.48734,45.86649],[34.4762,45.86143],[34.47455,45.86345],[34.47555,45.8722],[34.47365,45.87526],[34.48006,45.87982],[34.48368,45.88101],[34.47575,45.8951],[34.47962,45.90322],[34.48632,45.9138],[34.48983,45.91716],[34.48979,45.91959],[34.48193,45.92798],[34.47347,45.93322],[34.4712,45.93601],[34.46443,45.93548],[34.45984,45.93754],[34.45533,45.94103],[34.4398,45.94509],[34.44007,45.94236],[34.43687,45.93812],[34.42893,45.93497],[34.43111,45.93222],[34.43478,45.93067],[34.43572,45.92729],[34.43416,45.92012],[34.43756,45.91781],[34.43978,45.9184],[34.43998,45.90939],[34.43608,45.90488],[34.43446,45.90106],[34.43756,45.89772],[34.43894,45.89232],[34.4382,45.88622],[34.43457,45.88128],[34.43077,45.88111],[34.42641,45.87815],[34.42734,45.87624],[34.42212,45.87493],[34.42983,45.88294],[34.43407,45.88825],[34.43453,45.89044],[34.43061,45.89813],[34.43071,45.90524],[34.42948,45.90862],[34.42631,45.90985],[34.41991,45.90976],[34.41489,45.90779],[34.41318,45.90146],[34.41681,45.90054],[34.42013,45.89615],[34.41889,45.88997],[34.41466,45.88821],[34.4056,45.8889],[34.39924,45.8862],[34.39905,45.88897],[34.40382,45.89027],[34.40816,45.89032],[34.41252,45.8922],[34.41294,45.89576],[34.40956,45.89586],[34.40661,45.89961],[34.41191,45.90416],[34.41031,45.90743],[34.40438,45.91318],[34.39874,45.91247],[34.40235,45.91017],[34.39679,45.9083],[34.39387,45.90364],[34.39489,45.90073],[34.39225,45.89968],[34.38244,45.89799],[34.37917,45.89918],[34.38194,45.90201],[34.3819,45.90799],[34.38807,45.91259],[34.38174,45.91956],[34.3812,45.92224],[34.38369,45.93287],[34.3851,45.93483],[34.39182,45.93917],[34.3946,45.93605],[34.39697,45.93546],[34.39279,45.9303],[34.39165,45.92621],[34.38791,45.92267],[34.38965,45.91772],[34.39341,45.91665],[34.40167,45.91719],[34.40186,45.91899],[34.39779,45.92568],[34.39971,45.92798],[34.40436,45.92588],[34.40808,45.92571],[34.41176,45.92117],[34.41775,45.92107],[34.421,45.92482],[34.41762,45.93129],[34.41448,45.93499],[34.40777,45.93864],[34.40803,45.94307],[34.41786,45.93995],[34.42619,45.94374],[34.43578,45.94525],[34.43692,45.94874],[34.433,45.95387],[34.42645,45.95287],[34.42433,45.95486],[34.42942,45.95632],[34.42776,45.9594],[34.42465,45.95983],[34.41943,45.96295],[34.41662,45.96595],[34.41185,45.96803],[34.40731,45.96863],[34.40025,45.97717],[34.39362,45.98419],[34.39147,45.99078],[34.39379,45.99419],[34.39457,45.99891],[34.3898,46.00664],[34.3907,46.00922],[34.38636,46.01043],[34.38073,46.01535],[34.37575,46.01836],[34.37158,46.01652],[34.3669,46.01926],[34.36557,46.02283],[34.36759,46.02465],[34.36402,46.02736],[34.35669,46.03645],[34.33822,46.03965],[34.33773,46.03473],[34.34328,46.038],[34.34459,46.03],[34.33686,46.0286],[34.33437,46.02973],[34.33061,46.0274],[34.32548,46.02659],[34.32218,46.02961],[34.31757,46.02854],[34.31527,46.02699],[34.31589,46.02437],[34.322,46.02218],[34.32538,46.02381],[34.327,46.02164],[34.33542,46.01812],[34.33728,46.01495],[34.33191,46.00891],[34.33091,46.00492],[34.33479,46.00355],[34.33585,45.99855],[34.33123,45.99568],[34.32957,45.99083],[34.32084,45.98987],[34.32237,45.99446],[34.32089,45.99579],[34.31338,45.9985],[34.30993,46.00377],[34.30801,46.0026],[34.30218,46.00211],[34.29879,46.00402],[34.29258,46.00233],[34.28542,46.00135],[34.27693,46.012],[34.27524,46.0213],[34.27715,46.02528],[34.27662,46.02825],[34.28032,46.0363],[34.28457,46.03835],[34.28596,46.04122],[34.28436,46.04511],[34.27918,46.05062],[34.27557,46.0514],[34.26997,46.0497],[34.27207,46.04601],[34.27508,46.04541],[34.27873,46.04231],[34.27578,46.04131],[34.26882,46.04195],[34.26007,46.03671],[34.25934,46.02969],[34.2617,46.0282],[34.26237,46.02238],[34.26929,46.0189],[34.26915,46.01788],[34.25883,46.01958],[34.25582,46.02437],[34.2575,46.02912],[34.25479,46.03166],[34.25004,46.02833],[34.25222,46.02523],[34.25194,46.02225],[34.2485,46.02028],[34.24483,46.01643],[34.2388,46.01572],[34.23682,46.01303],[34.24001,46.00639],[34.23733,46.00003],[34.24383,46.0005],[34.24684,45.99829],[34.24724,45.99381],[34.24052,45.99445],[34.23972,45.98974],[34.23589,45.98799],[34.23197,45.98836],[34.22938,45.98539],[34.23479,45.98267],[34.23663,45.97907],[34.23347,45.97752],[34.22979,45.98204],[34.22663,45.98197],[34.22572,45.98497],[34.22875,45.98569],[34.23209,45.98914],[34.23752,45.99007],[34.2364,45.99791],[34.23162,46.00305],[34.2319,46.00766],[34.22742,46.01083],[34.22633,46.01511],[34.2276,46.02244],[34.23349,46.0222],[34.23723,46.01862],[34.24052,46.02023],[34.24045,46.02318],[34.23755,46.02576],[34.24059,46.03158],[34.23066,46.03515],[34.21808,46.0432],[34.2155,46.04634],[34.2123,46.04633],[34.21173,46.04287],[34.20354,46.04415],[34.19914,46.04735],[34.19774,46.04335],[34.19394,46.04826],[34.1851,46.05171],[34.16688,46.05146],[34.16318,46.05933],[34.15611,46.05904],[34.15818,46.05624],[34.1541,46.05201],[34.15018,46.04957],[34.14662,46.04961],[34.14151,46.0524],[34.13958,46.05453],[34.13774,46.05976],[34.13348,46.06746],[34.1315,46.06365],[34.12793,46.06371],[34.12437,46.06729],[34.11258,46.06844],[34.10777,46.06589],[34.10918,46.06264],[34.10704,46.05661],[34.1044,46.05285],[34.10671,46.05069],[34.10971,46.05337],[34.11511,46.05502],[34.11851,46.05922],[34.11904,46.06184],[34.12407,46.06065],[34.12264,46.05843],[34.11845,46.05687],[34.11688,46.05348],[34.12261,46.05068],[34.12265,46.04722],[34.12842,46.04508],[34.13262,46.04568],[34.13554,46.04383],[34.1396,46.03651],[34.14367,46.03215],[34.14453,46.02887],[34.14741,46.02726],[34.1603,46.02401],[34.16502,46.0184],[34.16442,46.01433],[34.17152,46.01308],[34.17525,46.01586],[34.17482,46.01944],[34.17285,46.02108],[34.16655,46.02176],[34.16523,46.02681],[34.16887,46.02671],[34.17363,46.02495],[34.18137,46.02365],[34.18587,46.02382],[34.18691,46.01811],[34.18301,46.01608],[34.18179,46.01344],[34.18361,46.011],[34.18714,46.00978],[34.18914,46.00711],[34.19387,46.00409],[34.19848,46.00351],[34.19348,45.9987],[34.19422,45.9964],[34.20003,45.99355],[34.20164,45.9886],[34.20652,45.98028],[34.20655,45.97456],[34.20889,45.97083],[34.2085,45.96545],[34.20654,45.96125],[34.209,45.95842],[34.21671,45.95622],[34.2192,45.95376],[34.22046,45.94918],[34.21651,45.94774],[34.21148,45.94825],[34.21026,45.95084],[34.20503,45.95512],[34.20072,45.95415],[34.19636,45.95048],[34.19867,45.94726],[34.19239,45.9442],[34.19089,45.94601],[34.18471,45.94708],[34.17214,45.94799],[34.17083,45.94617],[34.17682,45.94337],[34.1809,45.94445],[34.18242,45.93906],[34.17659,45.93809],[34.17594,45.93975],[34.17061,45.94333],[34.16765,45.94417],[34.15852,45.94322],[34.15811,45.93998],[34.15178,45.93771],[34.14816,45.94079],[34.14844,45.94403],[34.1531,45.95001],[34.15216,45.95286],[34.14423,45.95524],[34.13981,45.95574],[34.12785,45.9523],[34.12245,45.95254],[34.11899,45.9546],[34.11613,45.95962],[34.11635,45.96188],[34.11181,45.96996],[34.10634,45.97621],[34.10151,45.98061],[34.10376,45.98226],[34.10794,45.98084],[34.11528,45.9818],[34.12353,45.98414],[34.12961,45.9831],[34.12656,45.97664],[34.13542,45.97519],[34.13149,45.97314],[34.13258,45.97027],[34.13956,45.96926],[34.14305,45.9701],[34.15168,45.97446],[34.15617,45.97951],[34.16361,45.98454],[34.18092,45.9932],[34.18644,46.00018],[34.18633,46.00183],[34.1798,46.00408],[34.17092,46.00216],[34.16904,46.00027],[34.1621,45.99841],[34.1593,45.99499],[34.1508,45.99296],[34.14792,45.98929],[34.145,45.99264],[34.14914,45.99361],[34.15527,45.99893],[34.15909,46.00093],[34.16473,46.00588],[34.16646,46.00893],[34.15904,46.01258],[34.15818,46.01835],[34.15041,46.02238],[34.13396,46.0268],[34.12422,46.02477],[34.12395,46.02801],[34.12871,46.02687],[34.13036,46.02815],[34.13107,46.0347],[34.12758,46.03763],[34.12031,46.03766],[34.11479,46.04263],[34.11091,46.04346],[34.10413,46.04237],[34.09945,46.04435],[34.09294,46.04491],[34.09134,46.04641],[34.09269,46.04991],[34.0893,46.05982],[34.08904,46.06665],[34.08666,46.07059],[34.08324,46.07373],[34.07683,46.07522],[34.07279,46.07049],[34.08197,46.06736],[34.0749,46.06312],[34.07173,46.06708],[34.06248,46.06791],[34.06253,46.07564],[34.06581,46.08078],[34.05776,46.08465],[34.05701,46.08803],[34.05119,46.08928],[34.04652,46.09153],[34.04165,46.09172],[34.03837,46.09026],[34.03574,46.09404],[34.02915,46.0956],[34.02199,46.10139],[34.01825,46.1015],[34.0075,46.09921],[33.99635,46.10005],[33.98708,46.09884],[33.97622,46.09807],[33.9698,46.09695],[33.95834,46.09414],[33.95008,46.09305],[33.94419,46.09376],[33.94244,46.0907],[33.94212,46.08452],[33.9402,46.08242],[33.93305,46.0828],[33.93509,46.07942],[33.94147,46.07595],[33.94924,46.07331],[33.95068,46.07175],[33.95566,46.07305],[33.96118,46.07324],[33.96132,46.06482],[33.96501,46.06767],[33.96907,46.06745],[33.97046,46.07006],[33.97632,46.06654],[33.98078,46.06924],[33.98338,46.07334],[33.98649,46.07217],[33.9868,46.06855],[33.98881,46.06518],[33.97801,46.06591],[33.97502,46.06461],[33.9618,46.06077],[33.95146,46.05614],[33.945,46.05667],[33.94584,46.05449],[33.9505,46.05249],[33.96064,46.03826],[33.9664,46.03645],[33.96968,46.02933],[33.97577,46.03024],[33.97984,46.02664],[33.9821,46.02707],[33.98462,46.03073],[33.9866,46.02642],[33.98345,46.02667],[33.98012,46.02503],[33.97677,46.02665],[33.96951,46.02672],[33.96528,46.02812],[33.96368,46.01851],[33.96061,46.01458],[33.95746,46.01594],[33.96289,46.01921],[33.9643,46.02956],[33.95913,46.03363],[33.95255,46.03502],[33.95064,46.03329],[33.94682,46.03634],[33.93851,46.03846],[33.93683,46.04089],[33.94635,46.03932],[33.94736,46.03657],[33.95169,46.03573],[33.94961,46.04088],[33.94262,46.04532],[33.937,46.04488],[33.93684,46.04784],[33.94232,46.04706],[33.93801,46.05484],[33.93525,46.0637],[33.94123,46.06433],[33.94138,46.06228],[33.94829,46.06236],[33.94719,46.0656],[33.9436,46.06949],[33.93512,46.07246],[33.92349,46.06901],[33.91458,46.06556],[33.91108,46.06331],[33.91072,46.06096],[33.91265,46.05798],[33.90647,46.05185],[33.90863,46.04419],[33.91361,46.03385],[33.90853,46.02742],[33.90812,46.02272],[33.90559,46.02094],[33.90444,46.02665],[33.89329,46.03679],[33.88803,46.03652],[33.88607,46.03164],[33.88199,46.02751],[33.87919,46.02797],[33.8733,46.03279],[33.87333,46.03683],[33.87797,46.03448],[33.88076,46.03478],[33.88588,46.03839],[33.88378,46.04444],[33.88664,46.04566],[33.89554,46.04458],[33.89962,46.04535],[33.90125,46.04735],[33.89727,46.05305],[33.89233,46.05624],[33.89117,46.07337],[33.88773,46.07985],[33.87703,46.08874],[33.86923,46.09165],[33.86425,46.0952],[33.86031,46.09931],[33.85571,46.10042],[33.84866,46.10335],[33.84335,46.10312],[33.83181,46.10536],[33.82717,46.10509],[33.82281,46.10237],[33.81395,46.10059],[33.81306,46.10199],[33.81998,46.10321],[33.82245,46.10483],[33.82102,46.10879],[33.82371,46.11429],[33.82883,46.11736],[33.83051,46.11706],[33.83479,46.11107],[33.8336,46.10872],[33.83801,46.1084],[33.84443,46.10924],[33.84603,46.11263],[33.84216,46.11447],[33.83952,46.11732],[33.83965,46.12054],[33.84912,46.12488],[33.85526,46.13526],[33.85869,46.13892],[33.86329,46.13906],[33.86493,46.1469],[33.86409,46.15232],[33.86159,46.15494],[33.86047,46.15924],[33.85606,46.16138],[33.85225,46.16656],[33.84512,46.17327],[33.83469,46.17625],[33.83252,46.17486],[33.83459,46.17218],[33.84233,46.16969],[33.84277,46.16772],[33.84728,46.16445],[33.84468,46.16147],[33.84224,46.16204],[33.84065,46.16653],[33.83233,46.16798],[33.82681,46.16655],[33.82617,46.16909],[33.82225,46.17265],[33.82216,46.18009],[33.83397,46.18149],[33.82522,46.18475],[33.8138,46.18121],[33.81034,46.17859],[33.80583,46.17939],[33.80937,46.17472],[33.80903,46.16545],[33.81058,46.16213],[33.8124,46.15315],[33.81116,46.14934],[33.81548,46.14461],[33.81347,46.14353],[33.81457,46.13676],[33.81393,46.1314],[33.80573,46.12375],[33.80521,46.12023],[33.79979,46.11887],[33.79373,46.12121],[33.78887,46.12448],[33.78271,46.12601],[33.78001,46.12412],[33.77296,46.12631],[33.77642,46.12877],[33.78012,46.1297],[33.77718,46.13358],[33.77665,46.13714],[33.78033,46.13891],[33.77563,46.14233],[33.77028,46.14442],[33.76738,46.14138],[33.76269,46.1385],[33.75635,46.14081],[33.7535,46.13683],[33.74867,46.13582],[33.74579,46.14061],[33.74264,46.14306],[33.738,46.13947],[33.73761,46.14379],[33.73956,46.14564],[33.73834,46.14845],[33.73459,46.15107],[33.73213,46.15126],[33.72416,46.15769],[33.72536,46.15962],[33.72437,46.16367],[33.72569,46.16754],[33.72878,46.16927],[33.72907,46.1716],[33.72638,46.17382],[33.72125,46.17253],[33.72489,46.17039],[33.72212,46.1678],[33.71736,46.16885],[33.70991,46.16761],[33.70322,46.17077],[33.70634,46.1718],[33.70902,46.17468],[33.71216,46.18054],[33.71092,46.18384],[33.70539,46.19323],[33.70064,46.19973],[33.6878,46.20056],[33.68349,46.20365],[33.68295,46.2083],[33.66565,46.22125],[33.65789,46.22377],[33.64601,46.2297],[33.63278,46.22826],[33.61528,46.22639],[33.61762,46.21792],[33.62672,46.17961],[33.63022,46.16652],[33.63671,46.14022],[33.61585,46.1346]]],[[[33.54039,45.87996],[33.53768,45.87968],[33.52361,45.86959],[33.52585,45.8692],[33.53422,45.87562],[33.53686,45.8766],[33.54039,45.87996]]],[[[34.23541,46.01095],[34.23353,46.01558],[34.22826,46.01602],[34.22941,46.01258],[34.22836,46.01071],[34.23541,46.01095]]],[[[33.92899,46.09718],[33.92458,46.10168],[33.91904,46.10101],[33.91099,46.10151],[33.91169,46.09822],[33.91506,46.09488],[33.91614,46.09006],[33.91577,46.08567],[33.91993,46.08473],[33.9228,46.08167],[33.92844,46.08222],[33.92896,46.08405],[33.925,46.08818],[33.92974,46.09586],[33.92899,46.09718]]],[[[34.08428,46.08366],[34.08762,46.08331],[34.09401,46.08562],[34.08877,46.09138],[34.08528,46.09871],[34.08438,46.10386],[34.08204,46.10796],[34.07385,46.10984],[34.07365,46.10737],[34.08078,46.1008],[34.08102,46.09769],[34.08434,46.08713],[34.08428,46.08366]]],[[[34.32005,45.9996],[34.32203,45.99984],[34.3228,46.00404],[34.31788,46.0034],[34.32005,45.9996]]],[[[34.31637,46.01807],[34.31264,46.0204],[34.30774,46.01489],[34.30453,46.00827],[34.30754,46.00735],[34.3148,46.01167],[34.3147,46.01433],[34.32362,46.01452],[34.32648,46.01584],[34.31975,46.01807],[34.31637,46.01807]]],[[[34.31941,46.03773],[34.31259,46.03797],[34.31614,46.03368],[34.32093,46.03467],[34.31941,46.03773]]],[[[34.50682,45.79438],[34.50052,45.79549],[34.4985,45.79139],[34.49624,45.79219],[34.4929,45.78925],[34.4852,45.79015],[34.48777,45.78645],[34.49853,45.79035],[34.50142,45.79045],[34.50682,45.79438]]],[[[34.48054,45.79715],[34.47375,45.79734],[34.47631,45.79379],[34.48956,45.79321],[34.48877,45.7964],[34.48427,45.79574],[34.48054,45.79715]]],[[[34.49234,45.79803],[34.49852,45.79798],[34.49853,45.80137],[34.49234,45.79803]]],[[[34.5077,45.79674],[34.51008,45.79763],[34.51053,45.80225],[34.5084,45.80298],[34.50326,45.8004],[34.50292,45.79731],[34.5077,45.79674]]],[[[34.54911,45.80449],[34.55212,45.80317],[34.561,45.80762],[34.56045,45.80858],[34.54981,45.80526],[34.54911,45.80449]]],[[[34.74017,45.8251],[34.74031,45.82654],[34.73474,45.82747],[34.72378,45.82512],[34.74017,45.8251]]],[[[34.3386,46.03119],[34.33941,46.03304],[34.33437,46.03491],[34.32512,46.03481],[34.31987,46.03364],[34.31537,46.03067],[34.31644,46.02947],[34.32006,46.02959],[34.32441,46.03075],[34.32449,46.02905],[34.32803,46.02787],[34.3386,46.03119]]],[[[35.37176,45.26398],[35.37478,45.26095],[35.37761,45.26223],[35.37321,45.26538],[35.36598,45.27218],[35.36398,45.27093],[35.37176,45.26398]]],[[[36.54505,45.27764],[36.53784,45.28129],[36.5366,45.2793],[36.53963,45.27364],[36.54828,45.26696],[36.55021,45.26173],[36.55862,45.2563],[36.56386,45.25365],[36.57132,45.25094],[36.57403,45.25215],[36.56198,45.26284],[36.55548,45.26568],[36.55119,45.26992],[36.54505,45.27764]]],[[[35.45829,45.27254],[35.46096,45.27228],[35.4647,45.27703],[35.46296,45.27758],[35.45829,45.27254]]],[[[35.0409,45.41726],[35.03451,45.42817],[35.0372,45.41254],[35.03958,45.40382],[35.04685,45.39281],[35.0518,45.38626],[35.05542,45.38515],[35.04705,45.39453],[35.04107,45.4048],[35.04346,45.40519],[35.0409,45.41726]]]]},"properties":{"oblast":"crimea","id":"crimea","name":"Крим"}},{"type":"Feature","geometry":{"type":"Polygon","coordinates":[[[29.50525,49.64922],[29.48507,49.65416],[29.48252,49.64952],[29.4529,49.65659],[29.43134,49.66197],[29.42673,49.65375],[29.42703,49.6519],[29.41824,49.65478],[29.40974,49.65921],[29.39626,49.64788],[29.39644,49.64479],[29.39303,49.64298],[29.38002,49.61969],[29.37521,49.62041],[29.37119,49.61899],[29.36233,49.62401],[29.35851,49.62744],[29.35428,49.62782],[29.33989,49.6143],[29.33918,49.61618],[29.32773,49.62805],[29.30132,49.62656],[29.29235,49.62646],[29.2756,49.62708],[29.27561,49.59],[29.25268,49.58999],[29.25051,49.59421],[29.24149,49.60353],[29.22385,49.59368],[29.22226,49.59095],[29.21289,49.5877],[29.20299,49.59413],[29.19708,49.59033],[29.18921,49.58721],[29.18141,49.58751],[29.16357,49.59144],[29.15579,49.59082],[29.15279,49.59297],[29.14657,49.59261],[29.13539,49.59073],[29.12139,49.5867],[29.11652,49.58354],[29.10493,49.59322],[29.09442,49.59273],[29.09064,49.59415],[29.08268,49.59226],[29.07399,49.59264],[29.06815,49.59385],[29.06013,49.59236],[29.0521,49.59433],[29.04559,49.59399],[29.04164,49.59259],[29.0268,49.59041],[29.00864,49.5936],[28.9932,49.59742],[28.98577,49.60266],[28.98511,49.60359],[28.98818,49.60925],[28.99781,49.61928],[29.00405,49.6285],[29.01007,49.63253],[28.98892,49.64563],[28.98246,49.64465],[28.97951,49.64912],[28.9854,49.65005],[28.97352,49.66196],[28.96352,49.67279],[28.94897,49.67424],[28.94567,49.67902],[28.94669,49.68307],[28.95741,49.68419],[28.96133,49.69209],[28.963,49.69399],[28.96414,49.69941],[28.97589,49.69823],[28.98582,49.70872],[28.99487,49.71658],[28.99073,49.71892],[28.99426,49.72168],[28.9957,49.72739],[29.00472,49.72655],[29.00513,49.72929],[29.00208,49.73644],[29.00156,49.73985],[28.96516,49.7546],[28.96382,49.75486],[28.96576,49.77645],[28.95753,49.77842],[28.94278,49.78315],[28.96475,49.7988],[28.97013,49.80363],[28.96127,49.8092],[28.96057,49.82091],[28.9561,49.82126],[28.95269,49.82018],[28.94513,49.81949],[28.94531,49.82119],[28.95149,49.83647],[28.95362,49.83988],[28.94274,49.84655],[28.93789,49.85143],[28.93869,49.85278],[28.90749,49.86063],[28.90299,49.86336],[28.91001,49.86651],[28.9045,49.8713],[28.8956,49.87302],[28.89881,49.88156],[28.88804,49.88366],[28.88189,49.88546],[28.88087,49.88828],[28.8693,49.88905],[28.85722,49.88851],[28.84409,49.86],[28.8211,49.85871],[28.81436,49.85872],[28.81389,49.85278],[28.78402,49.85149],[28.78483,49.84267],[28.76879,49.8438],[28.75071,49.84449],[28.75058,49.82271],[28.75885,49.82325],[28.75896,49.81833],[28.75489,49.81863],[28.74584,49.81733],[28.73484,49.80246],[28.73405,49.79838],[28.72628,49.79682],[28.72382,49.80508],[28.72077,49.80483],[28.71883,49.80763],[28.7089,49.80517],[28.70622,49.80954],[28.69217,49.80629],[28.68736,49.80451],[28.68995,49.79951],[28.66393,49.80913],[28.63569,49.81696],[28.63963,49.80941],[28.63559,49.81007],[28.63332,49.81302],[28.62896,49.81285],[28.62204,49.81427],[28.61177,49.81052],[28.60636,49.81085],[28.60217,49.81003],[28.60144,49.7829],[28.59973,49.78128],[28.57656,49.7752],[28.56973,49.77389],[28.56281,49.78705],[28.55878,49.78632],[28.54928,49.79567],[28.54169,49.80643],[28.52964,49.81406],[28.52778,49.81648],[28.52842,49.8204],[28.51637,49.81622],[28.49682,49.81178],[28.48195,49.80706],[28.47952,49.81048],[28.47303,49.81264],[28.46951,49.82092],[28.45531,49.82148],[28.44421,49.82099],[28.43923,49.82209],[28.43193,49.82086],[28.42426,49.82327],[28.4219,49.8248],[28.41637,49.8141],[28.41846,49.81128],[28.41164,49.81034],[28.41206,49.80773],[28.40691,49.79186],[28.38772,49.78341],[28.37955,49.78055],[28.34887,49.79239],[28.32595,49.79653],[28.29739,49.80141],[28.2965,49.80041],[28.28784,49.79781],[28.26271,49.79938],[28.26189,49.81033],[28.25092,49.81479],[28.24381,49.81381],[28.24467,49.79746],[28.2284,49.79487],[28.22458,49.78763],[28.22565,49.78493],[28.21712,49.7849],[28.22002,49.79002],[28.21312,49.7917],[28.20103,49.78968],[28.18896,49.78931],[28.17888,49.78805],[28.16688,49.78736],[28.15544,49.78618],[28.15459,49.78881],[28.14642,49.7869],[28.14499,49.78485],[28.13508,49.78173],[28.12145,49.779],[28.11115,49.77396],[28.09753,49.77185],[28.06019,49.77202],[28.04446,49.77048],[28.03415,49.77048],[28.01815,49.77124],[28.00967,49.77585],[28.00398,49.77649],[27.99022,49.77919],[27.98086,49.78016],[27.9688,49.77877],[27.96217,49.77863],[27.95435,49.77712],[27.94157,49.77091],[27.93276,49.76839],[27.91889,49.76693],[27.91342,49.76727],[27.89919,49.76709],[27.89318,49.7624],[27.89335,49.75777],[27.8767,49.75492],[27.86569,49.75492],[27.85018,49.75319],[27.84366,49.75342],[27.83589,49.75551],[27.83534,49.74482],[27.81724,49.74294],[27.81759,49.73418],[27.82422,49.73184],[27.83702,49.72981],[27.80685,49.7094],[27.81142,49.70194],[27.79211,49.69998],[27.78782,49.70014],[27.7752,49.69892],[27.76251,49.69719],[27.76664,49.67478],[27.766,49.66644],[27.7832,49.65843],[27.81143,49.64455],[27.81199,49.64157],[27.81218,49.61866],[27.81179,49.6154],[27.79986,49.62102],[27.79131,49.60748],[27.79284,49.60425],[27.78453,49.59689],[27.77687,49.59727],[27.77336,49.59663],[27.77209,49.58937],[27.7663,49.58551],[27.76079,49.58312],[27.75831,49.57631],[27.75831,49.57296],[27.76368,49.57181],[27.7734,49.5675],[27.77637,49.56527],[27.78811,49.55957],[27.79331,49.55315],[27.79266,49.55094],[27.786,49.5467],[27.78543,49.54399],[27.79092,49.53964],[27.79378,49.53492],[27.79412,49.53087],[27.79004,49.52993],[27.78193,49.5252],[27.7807,49.52258],[27.77453,49.52051],[27.76828,49.52505],[27.764,49.52975],[27.7574,49.53194],[27.75101,49.53119],[27.74952,49.52966],[27.74233,49.53105],[27.74062,49.52833],[27.74067,49.52167],[27.7362,49.51713],[27.73474,49.50986],[27.73647,49.50791],[27.7366,49.50181],[27.73779,49.4978],[27.73469,49.49626],[27.73867,49.49326],[27.74677,49.49307],[27.75661,49.492],[27.76094,49.493],[27.7674,49.49011],[27.78708,49.49217],[27.79116,49.48791],[27.78453,49.48735],[27.77693,49.47487],[27.76376,49.47835],[27.76162,49.47344],[27.75829,49.46304],[27.75594,49.46314],[27.74512,49.45052],[27.7504,49.43974],[27.76613,49.44323],[27.76803,49.43999],[27.78205,49.44281],[27.78299,49.43819],[27.78821,49.43766],[27.79056,49.43462],[27.80187,49.43757],[27.80724,49.43952],[27.80916,49.43585],[27.81461,49.43192],[27.82735,49.42155],[27.84616,49.43108],[27.8515,49.42695],[27.84998,49.42099],[27.84102,49.41287],[27.83468,49.40843],[27.83201,49.40358],[27.83354,49.39132],[27.82155,49.39084],[27.82243,49.38875],[27.81193,49.38825],[27.81218,49.37914],[27.81612,49.37923],[27.81675,49.37431],[27.82854,49.3747],[27.82904,49.36776],[27.81178,49.36712],[27.81353,49.35809],[27.81598,49.35535],[27.82531,49.3526],[27.82869,49.35076],[27.8373,49.35044],[27.84353,49.34649],[27.8453,49.34315],[27.85126,49.33559],[27.85809,49.3288],[27.85826,49.32765],[27.8536,49.32216],[27.85723,49.32057],[27.85558,49.31609],[27.85179,49.31221],[27.85366,49.30866],[27.8607,49.30003],[27.86272,49.29265],[27.85873,49.2813],[27.85259,49.27458],[27.84918,49.26382],[27.85718,49.26192],[27.85787,49.25428],[27.86826,49.24905],[27.87233,49.24951],[27.87276,49.24538],[27.87141,49.24212],[27.86033,49.24046],[27.85712,49.23823],[27.8591,49.23462],[27.86621,49.21818],[27.86636,49.21306],[27.87221,49.21405],[27.87905,49.21358],[27.88233,49.21583],[27.88697,49.21338],[27.89426,49.20888],[27.89866,49.186],[27.88786,49.18366],[27.8847,49.1814],[27.88274,49.17806],[27.875,49.17599],[27.86971,49.17585],[27.86444,49.17313],[27.8556,49.17062],[27.85328,49.17065],[27.84936,49.17734],[27.84013,49.17983],[27.82167,49.1801],[27.81954,49.18634],[27.815,49.18947],[27.81045,49.18636],[27.80317,49.18558],[27.80246,49.17954],[27.79606,49.17672],[27.79097,49.17874],[27.78241,49.18834],[27.78262,49.19085],[27.77601,49.1899],[27.77548,49.18774],[27.78064,49.1779],[27.7812,49.17546],[27.77919,49.17246],[27.76488,49.16024],[27.759,49.16212],[27.75166,49.1577],[27.75851,49.1536],[27.75804,49.15241],[27.744,49.14379],[27.73759,49.14056],[27.723,49.14363],[27.72123,49.14537],[27.71262,49.14747],[27.70955,49.14263],[27.70493,49.14019],[27.69736,49.13866],[27.69413,49.14475],[27.68697,49.14166],[27.68133,49.14613],[27.67245,49.15152],[27.65825,49.15745],[27.65274,49.16095],[27.64768,49.1653],[27.63981,49.16699],[27.63363,49.16489],[27.62334,49.16329],[27.61606,49.16118],[27.608,49.16122],[27.60322,49.16233],[27.59653,49.15605],[27.59427,49.1551],[27.59614,49.14947],[27.59593,49.1462],[27.59275,49.14102],[27.59758,49.13604],[27.59622,49.13388],[27.57754,49.12171],[27.57316,49.12105],[27.54858,49.1303],[27.54157,49.13622],[27.5358,49.13934],[27.53448,49.13766],[27.53658,49.1337],[27.5352,49.13046],[27.53892,49.12851],[27.53495,49.12159],[27.52552,49.12244],[27.52126,49.12642],[27.51554,49.1271],[27.5129,49.13055],[27.50601,49.13079],[27.50652,49.12731],[27.49942,49.12495],[27.49272,49.12098],[27.50542,49.11033],[27.495,49.09714],[27.49133,49.09376],[27.47924,49.08877],[27.48291,49.08381],[27.4984,49.07565],[27.50293,49.0707],[27.50407,49.06785],[27.50117,49.06616],[27.48238,49.06935],[27.47164,49.06917],[27.46138,49.0707],[27.45541,49.06941],[27.44252,49.07023],[27.43659,49.06924],[27.43961,49.06528],[27.42816,49.06466],[27.42657,49.0586],[27.42706,49.05288],[27.41657,49.05459],[27.40953,49.03962],[27.40532,49.02916],[27.39714,49.02094],[27.38328,49.00774],[27.39936,49.00019],[27.39484,48.99627],[27.39503,48.99153],[27.40208,48.98056],[27.40891,48.9737],[27.41783,48.97158],[27.41566,48.96712],[27.41127,48.96074],[27.41743,48.95417],[27.40834,48.95145],[27.40349,48.95296],[27.40207,48.95167],[27.40293,48.94787],[27.39938,48.94341],[27.39583,48.942],[27.39164,48.93804],[27.39605,48.9346],[27.39228,48.93133],[27.39464,48.92919],[27.39414,48.92615],[27.39672,48.92526],[27.39353,48.90048],[27.40124,48.89167],[27.40544,48.88866],[27.41491,48.882],[27.41634,48.85666],[27.41547,48.8509],[27.41297,48.84904],[27.4157,48.84682],[27.41767,48.83747],[27.41311,48.83638],[27.41809,48.82326],[27.41691,48.81977],[27.41161,48.81612],[27.41099,48.81167],[27.41641,48.80686],[27.41958,48.79974],[27.42762,48.79719],[27.42718,48.7944],[27.41659,48.78942],[27.41893,48.7868],[27.41284,48.77753],[27.40372,48.77357],[27.40967,48.76946],[27.40708,48.76625],[27.39779,48.76705],[27.39205,48.76612],[27.38954,48.7641],[27.39199,48.75836],[27.39056,48.75656],[27.39424,48.75363],[27.39829,48.75455],[27.40541,48.74701],[27.41204,48.7438],[27.41436,48.73999],[27.40015,48.72979],[27.3999,48.72674],[27.40375,48.71814],[27.40627,48.71412],[27.41009,48.71083],[27.41374,48.70612],[27.41473,48.69992],[27.41177,48.69472],[27.40792,48.69564],[27.40464,48.6943],[27.40804,48.68869],[27.40784,48.68649],[27.3988,48.68861],[27.39505,48.68628],[27.38922,48.67867],[27.38996,48.67533],[27.38767,48.66956],[27.38897,48.66802],[27.389,48.6624],[27.38604,48.65564],[27.38187,48.65283],[27.37926,48.64949],[27.3786,48.64274],[27.37577,48.63543],[27.37291,48.63015],[27.38988,48.62568],[27.41127,48.61876],[27.41943,48.61552],[27.43872,48.60574],[27.44804,48.59864],[27.45297,48.59328],[27.45682,48.59022],[27.4579,48.58726],[27.46114,48.58356],[27.46613,48.57509],[27.47051,48.56357],[27.47333,48.55911],[27.47935,48.54692],[27.48242,48.53518],[27.48312,48.52967],[27.4826,48.52303],[27.47994,48.51278],[27.47825,48.50961],[27.4797,48.50517],[27.48458,48.50008],[27.49478,48.48557],[27.49907,48.48213],[27.51022,48.4761],[27.51496,48.47273],[27.52063,48.4704],[27.53294,48.46948],[27.53444,48.47014],[27.54443,48.47419],[27.55464,48.47924],[27.55964,48.48228],[27.5767,48.48918],[27.58366,48.49139],[27.5892,48.49206],[27.5978,48.49104],[27.60379,48.48748],[27.6045,48.48486],[27.59955,48.48021],[27.5964,48.47402],[27.59269,48.46858],[27.58916,48.46551],[27.59183,48.45982],[27.61153,48.45359],[27.62223,48.4473],[27.62746,48.4466],[27.64194,48.4416],[27.64959,48.44068],[27.66707,48.43972],[27.68231,48.44054],[27.68814,48.44231],[27.70156,48.44787],[27.7212,48.45344],[27.74369,48.45777],[27.75898,48.45689],[27.76308,48.45604],[27.76854,48.45188],[27.77234,48.45033],[27.78001,48.44865],[27.78812,48.44532],[27.79829,48.43772],[27.80562,48.43426],[27.81502,48.42672],[27.8188,48.41967],[27.82219,48.41812],[27.83433,48.41517],[27.84171,48.41492],[27.85232,48.41261],[27.87056,48.40568],[27.87444,48.40259],[27.87982,48.39431],[27.88033,48.39173],[27.87775,48.38763],[27.87832,48.38],[27.88123,48.37392],[27.89501,48.36068],[27.90126,48.35667],[27.91023,48.35239],[27.91633,48.34816],[27.92456,48.34358],[27.9311,48.34124],[27.94025,48.33688],[27.95331,48.32875],[27.96595,48.32474],[27.97194,48.32443],[27.98266,48.32523],[27.99778,48.32514],[28.00477,48.32629],[28.01873,48.32656],[28.04501,48.32584],[28.0506,48.32435],[28.05723,48.32356],[28.06782,48.32071],[28.07227,48.31848],[28.0786,48.31358],[28.08767,48.30494],[28.09381,48.29406],[28.09342,48.28949],[28.08946,48.27688],[28.08823,48.26914],[28.0853,48.26508],[28.08173,48.25784],[28.07996,48.25104],[28.0796,48.24585],[28.08201,48.23882],[28.08491,48.23593],[28.10141,48.23109],[28.10953,48.23227],[28.11619,48.23575],[28.12147,48.2375],[28.13146,48.24215],[28.13808,48.24812],[28.14045,48.25433],[28.1403,48.25858],[28.14223,48.26125],[28.14785,48.26287],[28.15138,48.26245],[28.17599,48.25771],[28.18115,48.25599],[28.1867,48.25196],[28.1865,48.249],[28.18365,48.24417],[28.182,48.2363],[28.18494,48.22556],[28.18585,48.21668],[28.18758,48.21402],[28.1926,48.21033],[28.19841,48.20737],[28.20588,48.20486],[28.21483,48.20552],[28.22059,48.20675],[28.23006,48.21001],[28.24089,48.21465],[28.25674,48.22043],[28.26529,48.22505],[28.27426,48.2289],[28.28701,48.23196],[28.29832,48.23949],[28.30371,48.24172],[28.30698,48.24185],[28.31105,48.23969],[28.31536,48.23497],[28.32219,48.23333],[28.32672,48.23486],[28.33123,48.24011],[28.33527,48.24335],[28.34657,48.24741],[28.35011,48.24736],[28.35739,48.24402],[28.36043,48.24137],[28.36779,48.22961],[28.3697,48.22287],[28.36976,48.21299],[28.36867,48.20616],[28.36308,48.19699],[28.36072,48.19002],[28.35317,48.18231],[28.34739,48.17822],[28.30998,48.16328],[28.30665,48.1603],[28.30494,48.15656],[28.3065,48.15026],[28.30414,48.14309],[28.30463,48.14074],[28.30789,48.13808],[28.31783,48.13321],[28.32346,48.1323],[28.33637,48.13281],[28.35142,48.13609],[28.35812,48.14079],[28.36742,48.15395],[28.36774,48.15841],[28.37251,48.16639],[28.38286,48.17479],[28.38584,48.17616],[28.39252,48.1769],[28.40963,48.17737],[28.41924,48.17552],[28.42893,48.17205],[28.43265,48.16884],[28.43575,48.16329],[28.43514,48.1545],[28.43626,48.15016],[28.43992,48.14302],[28.43783,48.14016],[28.42467,48.13254],[28.42245,48.1304],[28.42071,48.12596],[28.42138,48.12157],[28.43369,48.11003],[28.43524,48.10731],[28.43568,48.09965],[28.43911,48.0947],[28.44616,48.08801],[28.45104,48.08009],[28.45997,48.07504],[28.46367,48.0737],[28.47739,48.07145],[28.48148,48.07004],[28.48883,48.06611],[28.49736,48.0651],[28.50035,48.06922],[28.49436,48.07183],[28.49164,48.07451],[28.49174,48.07895],[28.49594,48.08428],[28.49694,48.09038],[28.49484,48.09861],[28.49555,48.11016],[28.49707,48.11356],[28.50127,48.11728],[28.49885,48.12715],[28.50444,48.13072],[28.51784,48.13744],[28.521,48.1381],[28.51218,48.14408],[28.50287,48.15111],[28.50666,48.15223],[28.51396,48.15144],[28.52555,48.15277],[28.53414,48.15768],[28.53474,48.16002],[28.53937,48.16372],[28.54277,48.16507],[28.54575,48.16915],[28.54888,48.1705],[28.55687,48.17127],[28.56392,48.17458],[28.56628,48.1747],[28.5689,48.17559],[28.57933,48.16661],[28.59187,48.17334],[28.61145,48.15702],[28.61437,48.15966],[28.6212,48.15798],[28.62813,48.15491],[28.63487,48.15497],[28.64909,48.15191],[28.64767,48.14328],[28.68225,48.1467],[28.67876,48.14248],[28.67964,48.13517],[28.68779,48.12455],[28.69659,48.1261],[28.70329,48.12872],[28.71004,48.1295],[28.72176,48.1261],[28.73543,48.1333],[28.74779,48.13529],[28.75555,48.13606],[28.76635,48.1281],[28.77459,48.12487],[28.79191,48.12564],[28.79479,48.12628],[28.79479,48.1296],[28.80149,48.13151],[28.80595,48.13446],[28.81399,48.12417],[28.83352,48.12866],[28.83727,48.12382],[28.84108,48.12547],[28.84715,48.11568],[28.85498,48.10846],[28.85781,48.10311],[28.85667,48.09855],[28.84991,48.08418],[28.847,48.07887],[28.85709,48.07858],[28.85716,48.07395],[28.86808,48.06934],[28.87157,48.07121],[28.8738,48.07423],[28.8732,48.07689],[28.86827,48.07855],[28.87301,48.08261],[28.88974,48.08688],[28.9126,48.09161],[28.92718,48.09436],[28.92393,48.09847],[28.92865,48.10001],[28.93173,48.11732],[28.9331,48.12686],[28.94516,48.15669],[28.9685,48.15441],[28.96941,48.15332],[28.97675,48.15182],[28.98437,48.14498],[28.98813,48.14671],[28.98937,48.149],[28.99381,48.15187],[29.0023,48.14833],[29.00991,48.14829],[29.01223,48.14366],[29.01831,48.13503],[29.01904,48.13144],[29.02477,48.12783],[29.03182,48.12564],[29.03663,48.13018],[29.03383,48.13227],[29.03981,48.13785],[29.04289,48.13968],[29.04421,48.14311],[29.04998,48.14954],[29.04543,48.15565],[29.04264,48.15764],[29.04471,48.16002],[29.04477,48.16936],[29.04612,48.17375],[29.05426,48.18152],[29.05965,48.17967],[29.06199,48.18715],[29.05778,48.18964],[29.0663,48.19397],[29.07535,48.19386],[29.07841,48.19287],[29.08129,48.18767],[29.0839,48.18889],[29.11065,48.16955],[29.12018,48.16089],[29.1343,48.15251],[29.14568,48.15575],[29.14843,48.15268],[29.15395,48.14969],[29.15824,48.14859],[29.14923,48.14243],[29.14314,48.14053],[29.1671,48.14004],[29.16996,48.14191],[29.1819,48.14118],[29.18504,48.14007],[29.19343,48.13445],[29.20927,48.13421],[29.20955,48.13882],[29.21328,48.14308],[29.22306,48.14211],[29.22539,48.14266],[29.23209,48.14142],[29.24125,48.14129],[29.25023,48.15007],[29.25171,48.14921],[29.25275,48.13859],[29.25573,48.13318],[29.26108,48.13378],[29.26141,48.13037],[29.25315,48.12786],[29.24885,48.12976],[29.24174,48.12877],[29.24012,48.12765],[29.23765,48.12174],[29.23494,48.12033],[29.22528,48.12233],[29.22078,48.12509],[29.20548,48.12234],[29.20322,48.11844],[29.20601,48.11634],[29.21137,48.11477],[29.21575,48.11031],[29.21912,48.10857],[29.21713,48.10503],[29.22114,48.10522],[29.2278,48.10327],[29.23227,48.10354],[29.23551,48.1086],[29.24097,48.10721],[29.24621,48.11067],[29.25223,48.10902],[29.25783,48.11217],[29.25975,48.10997],[29.25688,48.10718],[29.26651,48.1066],[29.26515,48.09399],[29.27818,48.09073],[29.28178,48.09261],[29.28697,48.09315],[29.29072,48.0904],[29.30185,48.09071],[29.30769,48.08903],[29.31159,48.08601],[29.33341,48.09428],[29.33824,48.09441],[29.34314,48.09305],[29.35128,48.09667],[29.35046,48.09138],[29.35212,48.08937],[29.36892,48.09448],[29.37186,48.09055],[29.38751,48.09515],[29.38237,48.10257],[29.3907,48.11128],[29.3945,48.11374],[29.42104,48.11806],[29.4429,48.12182],[29.46693,48.123],[29.47231,48.12211],[29.47615,48.11384],[29.47763,48.1078],[29.48474,48.1056],[29.48882,48.10574],[29.49484,48.10263],[29.51687,48.09959],[29.52136,48.09972],[29.53135,48.09786],[29.53187,48.09989],[29.53854,48.10107],[29.5453,48.1011],[29.55632,48.09823],[29.56459,48.10051],[29.57006,48.09873],[29.57441,48.10405],[29.58138,48.10155],[29.58754,48.10198],[29.58445,48.10988],[29.58131,48.11107],[29.58605,48.11393],[29.58759,48.11679],[29.59327,48.11627],[29.5982,48.11982],[29.59862,48.12416],[29.6025,48.13291],[29.62572,48.12646],[29.64035,48.12283],[29.63728,48.11219],[29.63856,48.11155],[29.64798,48.11197],[29.659,48.11049],[29.66364,48.10752],[29.66826,48.11639],[29.65672,48.11886],[29.65782,48.12086],[29.66319,48.11968],[29.66822,48.12071],[29.66998,48.12241],[29.67195,48.12812],[29.67503,48.12773],[29.67612,48.13134],[29.67087,48.1344],[29.67396,48.14908],[29.67595,48.15428],[29.67587,48.16227],[29.67195,48.16396],[29.67515,48.16577],[29.67417,48.16804],[29.6616,48.18345],[29.65494,48.19502],[29.66647,48.1961],[29.68234,48.18785],[29.69056,48.19313],[29.6983,48.19546],[29.70229,48.19586],[29.70839,48.19891],[29.71746,48.2014],[29.73257,48.20289],[29.74485,48.20224],[29.74948,48.20145],[29.76345,48.20038],[29.76803,48.20263],[29.7746,48.20254],[29.77961,48.20539],[29.78059,48.20854],[29.77894,48.21257],[29.77345,48.2172],[29.77379,48.22028],[29.77116,48.22628],[29.77428,48.22884],[29.78239,48.24244],[29.77771,48.24949],[29.77073,48.2568],[29.77603,48.25905],[29.77104,48.26865],[29.77268,48.27222],[29.76791,48.27346],[29.76665,48.27546],[29.75948,48.27758],[29.75788,48.28264],[29.75423,48.28342],[29.75509,48.28869],[29.74939,48.28945],[29.7505,48.29934],[29.76093,48.29783],[29.76429,48.3001],[29.7707,48.30241],[29.77262,48.30454],[29.76789,48.30863],[29.77306,48.30998],[29.77358,48.31232],[29.77825,48.31492],[29.78185,48.31489],[29.78421,48.32998],[29.79901,48.32905],[29.79943,48.33223],[29.80388,48.33202],[29.80454,48.33964],[29.80433,48.34847],[29.81252,48.3463],[29.81293,48.34915],[29.80799,48.35173],[29.80542,48.3555],[29.80561,48.3603],[29.79961,48.36445],[29.79137,48.36601],[29.787,48.36993],[29.87174,48.41666],[29.86464,48.42243],[29.86409,48.42572],[29.88422,48.43039],[29.88595,48.42741],[29.90696,48.43656],[29.90735,48.43903],[29.92615,48.44329],[29.92738,48.43991],[29.93544,48.44286],[29.93478,48.44396],[29.95131,48.4501],[29.94952,48.4522],[29.95506,48.45427],[29.95303,48.4593],[29.95424,48.46241],[29.96429,48.46051],[29.96791,48.47167],[29.96118,48.47297],[29.96674,48.49143],[29.97576,48.48984],[29.98004,48.49222],[29.98058,48.49411],[30.00087,48.49202],[30.0058,48.51228],[30.00344,48.51529],[30.00005,48.51387],[29.99014,48.5141],[29.98901,48.51669],[29.99285,48.52011],[29.99721,48.52137],[30.00704,48.5195],[30.01338,48.51986],[30.01758,48.51755],[30.02042,48.51921],[30.01811,48.5213],[30.02107,48.53462],[30.0187,48.53609],[30.01995,48.53942],[30.00854,48.54258],[30.00751,48.54904],[30.00335,48.55163],[30.00589,48.55665],[30.00376,48.5601],[30.00431,48.56898],[30.00632,48.57107],[29.99314,48.57897],[29.97032,48.58381],[29.95969,48.58275],[29.95641,48.58375],[29.94819,48.59339],[29.94762,48.59568],[29.95176,48.60081],[29.94986,48.6056],[29.95129,48.60853],[29.98254,48.61236],[29.98611,48.61125],[29.99139,48.61582],[29.98711,48.61886],[29.98897,48.62128],[29.98911,48.6273],[29.99277,48.63019],[29.98978,48.63637],[29.97767,48.63501],[29.97619,48.64247],[29.96993,48.64177],[29.96805,48.64288],[29.96635,48.65046],[29.95957,48.64991],[29.95617,48.65871],[29.94468,48.65782],[29.94298,48.66196],[29.94342,48.66586],[29.94685,48.66983],[29.91705,48.67159],[29.88829,48.69152],[29.87239,48.70277],[29.86116,48.69975],[29.86569,48.70811],[29.86149,48.70912],[29.86315,48.71218],[29.85628,48.71384],[29.86774,48.7345],[29.88127,48.73132],[29.88412,48.73608],[29.88218,48.73906],[29.87711,48.74369],[29.87749,48.74587],[29.87089,48.74693],[29.85977,48.75854],[29.8654,48.7594],[29.86653,48.76302],[29.85005,48.76577],[29.84741,48.76657],[29.80014,48.77432],[29.80529,48.77879],[29.7927,48.78103],[29.78489,48.78511],[29.78067,48.78551],[29.7745,48.78249],[29.76614,48.78626],[29.76164,48.84706],[29.75591,48.84779],[29.74285,48.85288],[29.7317,48.8546],[29.72876,48.87415],[29.72775,48.88403],[29.72807,48.88636],[29.7214,48.89126],[29.7199,48.89047],[29.70985,48.89826],[29.71325,48.90149],[29.71656,48.89903],[29.73212,48.90571],[29.7355,48.90818],[29.71252,48.9114],[29.70025,48.91683],[29.687,48.91232],[29.68039,48.92144],[29.67643,48.92317],[29.66568,48.92633],[29.66836,48.92827],[29.66718,48.93063],[29.65792,48.93488],[29.65172,48.9368],[29.66077,48.9484],[29.65867,48.95046],[29.65201,48.95977],[29.69574,49.00041],[29.68349,49.00622],[29.69058,49.01216],[29.68934,49.01456],[29.68344,49.01437],[29.68158,49.01838],[29.68367,49.02644],[29.67622,49.02219],[29.67164,49.0244],[29.66612,49.02022],[29.65866,49.0163],[29.65339,49.0144],[29.65135,49.01671],[29.63933,49.01176],[29.6279,49.02379],[29.62717,49.02866],[29.62447,49.035],[29.62185,49.03835],[29.61659,49.04146],[29.61231,49.04739],[29.61037,49.05316],[29.60602,49.05666],[29.6157,49.05605],[29.62013,49.05187],[29.62935,49.04671],[29.62876,49.05138],[29.63167,49.05263],[29.63801,49.05307],[29.64137,49.05687],[29.63447,49.06069],[29.64092,49.07441],[29.65089,49.09705],[29.65479,49.0947],[29.66604,49.0932],[29.67162,49.09093],[29.68214,49.08877],[29.68627,49.08871],[29.68534,49.09301],[29.68055,49.1027],[29.67818,49.11218],[29.68093,49.11236],[29.68518,49.11597],[29.70857,49.11851],[29.71681,49.12024],[29.72166,49.12035],[29.72803,49.12219],[29.7336,49.1228],[29.73134,49.1319],[29.71955,49.13155],[29.71203,49.14191],[29.70986,49.15513],[29.71774,49.15621],[29.71637,49.16116],[29.71828,49.17042],[29.71626,49.17072],[29.71761,49.17944],[29.72113,49.18345],[29.7261,49.18079],[29.72655,49.1854],[29.72586,49.20293],[29.71053,49.20714],[29.70379,49.22541],[29.71302,49.22321],[29.71888,49.221],[29.72682,49.22159],[29.73069,49.22587],[29.73654,49.2284],[29.73266,49.23014],[29.7243,49.23134],[29.71623,49.23599],[29.71756,49.23888],[29.71732,49.24285],[29.72292,49.24518],[29.71054,49.26315],[29.70104,49.26062],[29.69519,49.25538],[29.69343,49.2515],[29.69213,49.2421],[29.68988,49.2374],[29.66236,49.25001],[29.64786,49.24569],[29.64049,49.2466],[29.62618,49.25795],[29.62047,49.26071],[29.61305,49.26544],[29.62185,49.27412],[29.6162,49.27392],[29.6141,49.27555],[29.61899,49.27944],[29.61682,49.28653],[29.61047,49.29113],[29.6078,49.29988],[29.61467,49.3021],[29.61513,49.30445],[29.61905,49.30587],[29.59364,49.31798],[29.57332,49.32403],[29.56952,49.32073],[29.55683,49.32259],[29.55329,49.32166],[29.53535,49.32382],[29.52746,49.33113],[29.52689,49.33409],[29.52283,49.33757],[29.52378,49.34174],[29.52234,49.34686],[29.52284,49.35071],[29.51965,49.35503],[29.52098,49.35882],[29.51564,49.36516],[29.50899,49.36857],[29.50266,49.36986],[29.5011,49.37756],[29.50387,49.38576],[29.50751,49.38565],[29.50527,49.39584],[29.52531,49.39964],[29.53919,49.40186],[29.54162,49.40143],[29.54684,49.40581],[29.56241,49.41447],[29.55947,49.41792],[29.57575,49.42887],[29.57246,49.43328],[29.59486,49.44326],[29.58973,49.45415],[29.58809,49.45408],[29.57489,49.45788],[29.5734,49.45779],[29.56502,49.46168],[29.56022,49.46473],[29.5442,49.48269],[29.54422,49.48657],[29.55108,49.48776],[29.55324,49.48987],[29.55338,49.4931],[29.55992,49.498],[29.56164,49.49674],[29.57089,49.49741],[29.58146,49.49441],[29.5844,49.49467],[29.58386,49.50072],[29.58479,49.50656],[29.57433,49.5073],[29.57001,49.50337],[29.56592,49.50713],[29.55051,49.51858],[29.53909,49.52099],[29.54264,49.53215],[29.54626,49.53149],[29.54376,49.53789],[29.53801,49.53818],[29.53482,49.54612],[29.53074,49.56207],[29.52879,49.5645],[29.49929,49.59374],[29.50563,49.59651],[29.50286,49.59916],[29.49632,49.60003],[29.51144,49.61266],[29.50837,49.61955],[29.51942,49.62417],[29.52717,49.63274],[29.53175,49.63113],[29.53527,49.63669],[29.52193,49.64016],[29.52097,49.64437],[29.51907,49.64563],[29.50525,49.64922]]]},"properties":{"oblast":"vinnytsia_oblast","id":"vinnytsia_oblast","name":"Вінницька область"}},{"type":"Feature","geometry":{"type":"Polygon","coordinates":[[[24.5403,50.54068],[24.5483,50.53331],[24.54825,50.52681],[24.55031,50.52089],[24.55502,50.51659],[24.55549,50.51381],[24.55923,50.51089],[24.55356,50.50594],[24.55473,50.49287],[24.56292,50.49262],[24.56322,50.48913],[24.56996,50.48893],[24.57393,50.49024],[24.5831,50.49146],[24.58796,50.49391],[24.58658,50.49999],[24.5961,50.49783],[24.59662,50.49572],[24.58777,50.4934],[24.5912,50.48762],[24.59271,50.48042],[24.59759,50.4789],[24.59797,50.46642],[24.58864,50.46168],[24.58979,50.45848],[24.59356,50.45681],[24.59933,50.45619],[24.59775,50.45053],[24.59839,50.43523],[24.59657,50.41361],[24.61062,50.41048],[24.63047,50.40811],[24.63409,50.4087],[24.64233,50.40839],[24.64838,50.41076],[24.65414,50.40984],[24.65129,50.4033],[24.65589,50.4012],[24.67218,50.39887],[24.67641,50.39739],[24.69157,50.38988],[24.70658,50.38384],[24.71494,50.37885],[24.7211,50.37424],[24.72133,50.36947],[24.71493,50.35809],[24.71625,50.35681],[24.7138,50.3423],[24.7302,50.34126],[24.77728,50.33766],[24.78476,50.34207],[24.78946,50.34598],[24.79416,50.34558],[24.80789,50.34664],[24.81014,50.34795],[24.82718,50.34886],[24.8435,50.35046],[24.84897,50.35137],[24.85579,50.35123],[24.85936,50.3496],[24.86068,50.35424],[24.86579,50.35959],[24.88722,50.35859],[24.88559,50.34466],[24.88852,50.34597],[24.9114,50.34539],[24.91225,50.34692],[24.9218,50.34558],[24.92485,50.3465],[24.93675,50.34559],[24.93869,50.35397],[24.93949,50.3642],[24.93569,50.37278],[24.92933,50.37821],[24.9364,50.38228],[24.94041,50.38946],[24.94841,50.38717],[24.95044,50.38468],[24.96789,50.37231],[24.98288,50.36412],[24.98899,50.35946],[25.00642,50.34929],[25.01683,50.34172],[25.02559,50.34473],[25.03334,50.34584],[25.04162,50.34413],[25.04537,50.34245],[25.05389,50.34287],[25.05894,50.34228],[25.05938,50.34059],[25.05426,50.33515],[25.0574,50.3341],[25.06013,50.32921],[25.05959,50.32451],[25.05635,50.32415],[25.05756,50.31976],[25.05309,50.3159],[25.05306,50.314],[25.05638,50.31127],[25.05343,50.30832],[25.053,50.30425],[25.05558,50.30054],[25.06539,50.29817],[25.07108,50.29436],[25.07805,50.29282],[25.08579,50.29233],[25.09823,50.29058],[25.11261,50.28724],[25.11143,50.29428],[25.10132,50.29506],[25.10058,50.30039],[25.10666,50.29998],[25.10672,50.30547],[25.11045,50.30519],[25.10905,50.31221],[25.13026,50.31064],[25.13182,50.31294],[25.1295,50.31841],[25.14584,50.32369],[25.16632,50.33111],[25.15419,50.34113],[25.1459,50.34425],[25.15183,50.35195],[25.147,50.35901],[25.14383,50.36175],[25.14698,50.36527],[25.14174,50.36915],[25.14819,50.37136],[25.15155,50.37018],[25.16068,50.37382],[25.16349,50.37676],[25.16434,50.37987],[25.1693,50.37954],[25.17218,50.37687],[25.17398,50.37303],[25.17282,50.3706],[25.17734,50.36865],[25.18034,50.36561],[25.17881,50.36309],[25.18321,50.362],[25.18647,50.36493],[25.18938,50.36409],[25.19545,50.36455],[25.20431,50.36701],[25.20437,50.37084],[25.20927,50.3756],[25.20764,50.37999],[25.20471,50.38206],[25.20536,50.38603],[25.20199,50.38716],[25.20288,50.39041],[25.20027,50.39229],[25.19271,50.39493],[25.18075,50.39614],[25.17728,50.39291],[25.16982,50.39552],[25.16847,50.39764],[25.16965,50.40038],[25.17268,50.40105],[25.17046,50.40403],[25.17053,50.40786],[25.1667,50.41888],[25.16392,50.4181],[25.15806,50.42274],[25.15796,50.4291],[25.15191,50.42765],[25.13993,50.42752],[25.13951,50.43154],[25.13611,50.43337],[25.1378,50.43766],[25.14493,50.4394],[25.15138,50.44587],[25.14927,50.45228],[25.13799,50.45296],[25.13906,50.45678],[25.13831,50.46112],[25.13499,50.46006],[25.12882,50.46026],[25.12163,50.46202],[25.11306,50.46535],[25.09908,50.46798],[25.09402,50.46939],[25.08409,50.47542],[25.09033,50.47545],[25.09677,50.47259],[25.10332,50.47066],[25.11314,50.47193],[25.12183,50.47006],[25.13649,50.46801],[25.13906,50.47155],[25.14509,50.46944],[25.14949,50.46682],[25.15351,50.47537],[25.15822,50.48351],[25.15882,50.4906],[25.1611,50.49847],[25.16301,50.50063],[25.15987,50.50297],[25.1579,50.50828],[25.15271,50.51103],[25.15153,50.51556],[25.14539,50.52039],[25.12618,50.5265],[25.12176,50.52964],[25.1221,50.53299],[25.11732,50.53748],[25.12016,50.5393],[25.12242,50.54321],[25.12368,50.55349],[25.13661,50.54795],[25.13847,50.54828],[25.15333,50.54746],[25.16858,50.54982],[25.19157,50.55141],[25.18866,50.54566],[25.19046,50.54337],[25.19724,50.54202],[25.22999,50.54111],[25.24651,50.53747],[25.24339,50.53375],[25.25581,50.53274],[25.27067,50.53295],[25.2769,50.53615],[25.2959,50.53899],[25.3002,50.53804],[25.30133,50.54133],[25.30552,50.54456],[25.31078,50.54629],[25.31166,50.54813],[25.311,50.55776],[25.31533,50.55676],[25.32142,50.56873],[25.31877,50.58361],[25.30017,50.57965],[25.30346,50.59055],[25.30484,50.59735],[25.30475,50.60304],[25.29968,50.60502],[25.30053,50.61041],[25.29242,50.61212],[25.29195,50.63052],[25.3073,50.63021],[25.31207,50.62899],[25.31372,50.62652],[25.32174,50.62037],[25.32786,50.61213],[25.33586,50.61259],[25.34048,50.61388],[25.34889,50.61428],[25.34959,50.61021],[25.36393,50.60947],[25.37097,50.60962],[25.37103,50.61149],[25.38314,50.61149],[25.38334,50.60909],[25.39835,50.60741],[25.40571,50.61197],[25.39796,50.61624],[25.38861,50.61768],[25.38288,50.61963],[25.38434,50.62252],[25.38255,50.62441],[25.38247,50.62911],[25.37959,50.63296],[25.37409,50.63461],[25.37099,50.63417],[25.36137,50.63953],[25.35206,50.64034],[25.35352,50.64357],[25.35253,50.64927],[25.35807,50.64901],[25.36167,50.65163],[25.3715,50.65431],[25.37185,50.65144],[25.3792,50.65133],[25.3805,50.65373],[25.38467,50.65485],[25.38687,50.65781],[25.38542,50.66308],[25.38847,50.66581],[25.38766,50.67453],[25.38476,50.67829],[25.37969,50.6815],[25.37589,50.68267],[25.37957,50.68538],[25.38569,50.68783],[25.39517,50.67701],[25.39651,50.67431],[25.40466,50.66899],[25.40996,50.66887],[25.41572,50.66725],[25.42984,50.66682],[25.43476,50.66474],[25.43832,50.66534],[25.44623,50.66342],[25.45389,50.66334],[25.45702,50.66252],[25.46379,50.66926],[25.45895,50.67482],[25.46956,50.68005],[25.47303,50.67723],[25.47527,50.67252],[25.50355,50.67969],[25.50287,50.68083],[25.51269,50.68439],[25.53005,50.68509],[25.56231,50.69463],[25.56349,50.69227],[25.57076,50.69457],[25.57805,50.69965],[25.58058,50.70022],[25.59184,50.7002],[25.59825,50.69613],[25.60167,50.69624],[25.5996,50.70187],[25.59956,50.70831],[25.59741,50.71435],[25.59918,50.71574],[25.60688,50.7174],[25.61071,50.71648],[25.62093,50.71566],[25.62776,50.71425],[25.64901,50.71686],[25.67003,50.7204],[25.69396,50.72474],[25.6985,50.70595],[25.69536,50.704],[25.69721,50.70134],[25.7043,50.69872],[25.70579,50.69424],[25.71701,50.68613],[25.7221,50.68351],[25.71465,50.68031],[25.70805,50.67914],[25.70733,50.67612],[25.70876,50.67155],[25.7298,50.67103],[25.74235,50.66969],[25.74664,50.67152],[25.761,50.67339],[25.76622,50.6753],[25.77288,50.67626],[25.78628,50.66981],[25.79521,50.66952],[25.79255,50.6667],[25.81575,50.63711],[25.81863,50.63295],[25.81784,50.62827],[25.82608,50.62051],[25.82934,50.61981],[25.84264,50.63009],[25.83912,50.63372],[25.82638,50.64123],[25.82374,50.64701],[25.85064,50.66888],[25.8505,50.67164],[25.85373,50.67656],[25.86918,50.68728],[25.87055,50.69084],[25.87051,50.69649],[25.8787,50.70853],[25.87766,50.71115],[25.87778,50.71833],[25.87183,50.73825],[25.87279,50.7428],[25.87704,50.75332],[25.88091,50.75598],[25.88715,50.76497],[25.88758,50.76798],[25.88747,50.78635],[25.89021,50.79099],[25.89014,50.79841],[25.89217,50.80311],[25.90046,50.81343],[25.90179,50.82306],[25.90138,50.82961],[25.90623,50.83032],[25.91027,50.83251],[25.91607,50.82919],[25.91974,50.82979],[25.92262,50.83235],[25.92923,50.83003],[25.93322,50.83076],[25.94316,50.82927],[25.94325,50.82738],[25.94836,50.82731],[25.95274,50.82962],[25.95512,50.82674],[25.95934,50.82416],[25.96158,50.82551],[25.9693,50.82646],[25.97309,50.82486],[25.97747,50.82107],[25.98273,50.82277],[25.99476,50.82357],[26.00039,50.82246],[26.01297,50.82373],[26.01844,50.82273],[26.02196,50.82084],[26.02451,50.82414],[26.02499,50.82851],[26.02983,50.84039],[26.03844,50.84082],[26.03689,50.8458],[26.03671,50.85112],[26.01233,50.86628],[26.00563,50.86516],[25.99946,50.86202],[25.99168,50.86584],[26.0007,50.93539],[25.99833,50.9372],[25.96702,50.95696],[25.9841,50.96132],[25.9896,50.96045],[25.99387,50.96305],[26.00106,50.96455],[26.0075,50.96349],[26.0102,50.96461],[26.02119,50.964],[26.02705,50.9663],[26.04395,50.97121],[26.05794,50.97237],[26.0632,50.97065],[26.06964,50.97201],[26.07695,50.97109],[26.0847,50.9732],[26.08063,50.98637],[26.07905,50.98983],[26.08559,51.00263],[26.08804,51.00401],[26.10731,51.00507],[26.10393,51.01376],[26.0998,51.0264],[26.09117,51.05061],[26.01694,51.08329],[25.99913,51.07828],[25.98888,51.07875],[25.98222,51.07755],[25.9771,51.07788],[25.94492,51.08389],[25.94633,51.08665],[25.94447,51.09415],[25.94959,51.09704],[25.9494,51.10482],[25.93819,51.11251],[25.93806,51.11433],[25.94161,51.11937],[25.94488,51.11982],[25.95945,51.12572],[25.97207,51.12539],[25.9799,51.12279],[25.98925,51.1226],[25.99473,51.1234],[25.99325,51.13926],[26.0084,51.14021],[26.0087,51.1357],[26.01178,51.13085],[26.02418,51.13352],[26.03047,51.13675],[26.0432,51.13948],[26.04704,51.1421],[26.05869,51.14261],[26.06499,51.14728],[26.06719,51.14795],[26.07084,51.15557],[26.07011,51.15796],[26.06101,51.16607],[26.05807,51.17238],[26.0619,51.17482],[26.06773,51.17688],[26.05881,51.1842],[26.05711,51.18584],[26.03642,51.20019],[25.99572,51.22782],[25.94878,51.23216],[25.94605,51.23256],[25.94439,51.23666],[25.94677,51.23948],[25.94469,51.24163],[25.94487,51.24514],[25.94775,51.2483],[25.94701,51.25098],[25.94217,51.2519],[25.93586,51.25571],[25.933,51.25897],[25.93116,51.26376],[25.93465,51.26488],[25.93619,51.26918],[25.93062,51.27021],[25.93415,51.27647],[25.92957,51.27885],[25.92211,51.28006],[25.92179,51.28226],[25.91573,51.28741],[25.90507,51.28906],[25.90105,51.29026],[25.89642,51.28993],[25.89321,51.29125],[25.89897,51.29529],[25.89878,51.30034],[25.89576,51.30086],[25.8891,51.29742],[25.88795,51.30536],[25.8835,51.30391],[25.87603,51.30601],[25.87823,51.30931],[25.87334,51.30926],[25.87727,51.31346],[25.87383,51.31563],[25.86936,51.31612],[25.85843,51.31953],[25.8476,51.31992],[25.83879,51.32811],[25.83298,51.33022],[25.83385,51.33278],[25.82986,51.33361],[25.82936,51.34271],[25.82271,51.34332],[25.82115,51.34559],[25.8239,51.34963],[25.82746,51.35033],[25.83269,51.35355],[25.83419,51.36338],[25.83093,51.36353],[25.82783,51.36575],[25.8244,51.36584],[25.83098,51.37181],[25.84008,51.37303],[25.84383,51.37575],[25.83955,51.37847],[25.83111,51.38715],[25.80712,51.37464],[25.78896,51.37873],[25.78116,51.37428],[25.75529,51.38118],[25.75983,51.40038],[25.72486,51.40014],[25.72641,51.3966],[25.71731,51.38884],[25.72351,51.38455],[25.72479,51.38043],[25.71987,51.37964],[25.71132,51.38201],[25.70256,51.38022],[25.70103,51.37658],[25.69571,51.37664],[25.6914,51.38336],[25.70231,51.38304],[25.70089,51.38665],[25.70131,51.39022],[25.69936,51.39457],[25.68999,51.39314],[25.68757,51.40538],[25.67945,51.40894],[25.67681,51.41328],[25.67158,51.41664],[25.65849,51.41446],[25.65625,51.41846],[25.64669,51.41672],[25.63633,51.43912],[25.6424,51.44472],[25.64147,51.47868],[25.61811,51.47722],[25.62391,51.49514],[25.61844,51.49517],[25.60216,51.49314],[25.61022,51.50698],[25.5948,51.50459],[25.59029,51.50451],[25.55549,51.50061],[25.55011,51.51931],[25.59543,51.52463],[25.59511,51.52705],[25.58181,51.53271],[25.57051,51.53332],[25.5654,51.53968],[25.57454,51.55419],[25.58212,51.5592],[25.59599,51.56219],[25.59614,51.56669],[25.59117,51.57005],[25.59765,51.57636],[25.59876,51.58083],[25.59439,51.5872],[25.58592,51.59192],[25.58435,51.59529],[25.58233,51.60483],[25.5792,51.60876],[25.5642,51.60291],[25.55525,51.62435],[25.54171,51.6195],[25.54344,51.61639],[25.53201,51.61394],[25.53006,51.63103],[25.5677,51.63275],[25.56677,51.6264],[25.57757,51.62471],[25.58861,51.64456],[25.60851,51.64121],[25.61272,51.64833],[25.61888,51.65421],[25.61855,51.65798],[25.62264,51.66043],[25.62689,51.66546],[25.62613,51.67214],[25.63444,51.6739],[25.63689,51.67832],[25.64094,51.68137],[25.63676,51.68619],[25.63648,51.68887],[25.64599,51.69164],[25.64882,51.6939],[25.65113,51.70389],[25.64825,51.70815],[25.66567,51.72],[25.66598,51.72431],[25.66169,51.73024],[25.66542,51.73279],[25.67231,51.73972],[25.67472,51.74067],[25.67527,51.74485],[25.68134,51.7555],[25.68267,51.7559],[25.67619,51.76346],[25.67033,51.77206],[25.66893,51.77177],[25.66069,51.76514],[25.65607,51.76395],[25.65324,51.76653],[25.64972,51.76677],[25.65503,51.78113],[25.65937,51.78358],[25.65338,51.79041],[25.64733,51.79096],[25.64399,51.79778],[25.63155,51.80404],[25.63278,51.80725],[25.63662,51.80911],[25.63454,51.81232],[25.63953,51.81415],[25.64418,51.81727],[25.64809,51.81604],[25.64915,51.82451],[25.64898,51.82882],[25.64599,51.82838],[25.63902,51.8368],[25.64083,51.84172],[25.63954,51.84368],[25.64012,51.84884],[25.64533,51.85277],[25.64929,51.85211],[25.64973,51.85555],[25.6551,51.85942],[25.66194,51.86914],[25.66747,51.87394],[25.6751,51.876],[25.68157,51.87907],[25.68864,51.8813],[25.7086,51.89453],[25.68619,51.9006],[25.67739,51.90175],[25.62828,51.90335],[25.62806,51.90472],[25.62045,51.90572],[25.60056,51.91485],[25.59462,51.91491],[25.59659,51.91788],[25.5927,51.92439],[25.53943,51.9374],[25.52715,51.94023],[25.51781,51.92661],[25.50986,51.92116],[25.50145,51.92739],[25.49604,51.92792],[25.4887,51.93005],[25.48605,51.92872],[25.48507,51.92388],[25.4807,51.92068],[25.46922,51.92017],[25.44835,51.92178],[25.43321,51.92234],[25.40996,51.9217],[25.40569,51.92526],[25.39661,51.92666],[25.38152,51.92723],[25.37726,51.92617],[25.37141,51.92787],[25.36561,51.93332],[25.35967,51.93439],[25.3483,51.93176],[25.33868,51.93413],[25.33552,51.93835],[25.32553,51.939],[25.32066,51.9408],[25.31942,51.94493],[25.30972,51.94896],[25.30254,51.95397],[25.29091,51.95567],[25.28917,51.95935],[25.28355,51.9613],[25.27501,51.96212],[25.27113,51.96329],[25.26422,51.96805],[25.25742,51.9687],[25.24478,51.96675],[25.23428,51.96138],[25.22584,51.96091],[25.2208,51.96257],[25.21356,51.96661],[25.19163,51.96918],[25.18025,51.9654],[25.16477,51.96282],[25.15582,51.95657],[25.14091,51.95337],[25.11715,51.95119],[25.09975,51.95346],[25.0798,51.94729],[25.06816,51.94127],[25.0575,51.93876],[25.02084,51.91921],[25.01252,51.91771],[24.9953,51.91539],[24.99379,51.91182],[24.9779,51.90341],[24.96616,51.89796],[24.95483,51.89617],[24.93167,51.89695],[24.93011,51.89754],[24.91891,51.91134],[24.85775,51.89963],[24.843,51.89613],[24.83538,51.9122],[24.83349,51.91304],[24.81049,51.91197],[24.80413,51.90933],[24.80257,51.9059],[24.79758,51.90241],[24.79321,51.8947],[24.78085,51.89195],[24.76678,51.88439],[24.7496,51.88114],[24.74695,51.88248],[24.73684,51.88447],[24.73185,51.88691],[24.71498,51.8964],[24.71192,51.89576],[24.68969,51.89443],[24.6719,51.89249],[24.66286,51.89947],[24.63748,51.90138],[24.62559,51.90265],[24.60922,51.90097],[24.6046,51.90129],[24.57818,51.89576],[24.57315,51.89417],[24.56752,51.88957],[24.53687,51.88724],[24.51662,51.88866],[24.47754,51.88248],[24.45019,51.88279],[24.43258,51.88241],[24.3922,51.88211],[24.3838,51.88101],[24.37867,51.87886],[24.37242,51.87844],[24.34754,51.86349],[24.33977,51.86416],[24.33421,51.85603],[24.34019,51.84966],[24.33772,51.84559],[24.33443,51.84466],[24.32469,51.83442],[24.31264,51.82658],[24.29922,51.81365],[24.30023,51.81215],[24.29674,51.80901],[24.29465,51.80403],[24.29454,51.79923],[24.30565,51.77963],[24.30704,51.76899],[24.31942,51.75109],[24.29155,51.73129],[24.2701,51.71689],[24.15432,51.678],[24.12062,51.66675],[24.10016,51.63978],[24.08467,51.6264],[24.07508,51.61879],[24.04211,51.60693],[24.02827,51.60225],[24.01731,51.59599],[24.01766,51.59149],[24.01334,51.58818],[24.01054,51.5877],[23.99632,51.58007],[23.99155,51.58085],[23.97399,51.58677],[23.95935,51.58806],[23.94401,51.59665],[23.93541,51.59667],[23.92802,51.59759],[23.9035,51.59773],[23.88122,51.59191],[23.87685,51.59776],[23.88022,51.6083],[23.88892,51.61299],[23.91255,51.63146],[23.87426,51.64091],[23.86926,51.64257],[23.85621,51.64229],[23.84606,51.64033],[23.83524,51.64405],[23.82716,51.64536],[23.80979,51.6419],[23.80356,51.64028],[23.78832,51.64013],[23.78756,51.64797],[23.78841,51.65365],[23.79068,51.65644],[23.7901,51.66054],[23.78745,51.66512],[23.78272,51.66749],[23.77417,51.66552],[23.75484,51.65913],[23.74896,51.65997],[23.73562,51.65769],[23.73028,51.65509],[23.72152,51.65305],[23.71778,51.65126],[23.70292,51.64853],[23.69944,51.64856],[23.67821,51.6531],[23.67545,51.64878],[23.67077,51.64588],[23.66631,51.64152],[23.65994,51.639],[23.65,51.6395],[23.64463,51.63914],[23.63512,51.63347],[23.62971,51.62878],[23.62367,51.62758],[23.619,51.62506],[23.60407,51.62146],[23.60509,51.61687],[23.61578,51.61302],[23.61881,51.60965],[23.62522,51.6079],[23.62607,51.59885],[23.63062,51.59494],[23.63148,51.59248],[23.63788,51.59358],[23.6502,51.58889],[23.6582,51.58645],[23.66136,51.58331],[23.66466,51.57701],[23.65956,51.56723],[23.65381,51.56723],[23.64299,51.55827],[23.63647,51.55635],[23.63648,51.54879],[23.65464,51.53586],[23.65623,51.53224],[23.6665,51.52421],[23.67141,51.51914],[23.67349,51.51255],[23.67671,51.50654],[23.67209,51.50044],[23.66679,51.49865],[23.65735,51.50033],[23.64027,51.50214],[23.62854,51.50384],[23.62372,51.50396],[23.61768,51.50793],[23.61644,51.50314],[23.62388,51.50144],[23.62472,51.49981],[23.62038,51.49619],[23.62709,51.49447],[23.63042,51.49126],[23.63627,51.4902],[23.63718,51.48639],[23.64376,51.48495],[23.65346,51.48672],[23.65414,51.48907],[23.6595,51.49056],[23.66345,51.48773],[23.6639,51.48507],[23.67027,51.48251],[23.67185,51.47446],[23.67659,51.47143],[23.67384,51.46978],[23.66782,51.47122],[23.66496,51.46654],[23.66073,51.46519],[23.65826,51.46205],[23.65373,51.4594],[23.64753,51.45966],[23.64631,51.45749],[23.65103,51.45266],[23.64888,51.45042],[23.65104,51.44543],[23.66174,51.44414],[23.66724,51.44543],[23.67471,51.44142],[23.67843,51.44164],[23.68336,51.44536],[23.68672,51.44396],[23.68322,51.44064],[23.68154,51.43702],[23.68523,51.4351],[23.67992,51.43368],[23.67671,51.43069],[23.67885,51.42803],[23.68244,51.42779],[23.68525,51.42574],[23.68947,51.41894],[23.69421,51.41868],[23.70106,51.42092],[23.70141,51.41786],[23.69321,51.41526],[23.69402,51.41265],[23.70205,51.41082],[23.6979,51.40915],[23.69647,51.40678],[23.69678,51.40292],[23.69121,51.39865],[23.68847,51.39968],[23.68235,51.39843],[23.68145,51.39547],[23.67703,51.39436],[23.67762,51.39163],[23.68071,51.39009],[23.68795,51.38908],[23.68508,51.3848],[23.681,51.38495],[23.68038,51.37997],[23.68442,51.37793],[23.6825,51.37255],[23.68638,51.3684],[23.67987,51.36884],[23.67478,51.36637],[23.66834,51.36779],[23.66494,51.36511],[23.66932,51.36221],[23.66311,51.35978],[23.66202,51.35774],[23.65618,51.35849],[23.65656,51.35453],[23.654,51.35024],[23.65468,51.34848],[23.65008,51.34311],[23.65742,51.34239],[23.65622,51.33912],[23.65265,51.34023],[23.64758,51.33999],[23.64601,51.33499],[23.63982,51.33224],[23.6356,51.32739],[23.64221,51.32584],[23.63696,51.32282],[23.63564,51.3189],[23.6395,51.3171],[23.63967,51.315],[23.64338,51.31404],[23.6438,51.31099],[23.63951,51.31094],[23.64099,51.30655],[23.65221,51.30006],[23.64889,51.29704],[23.64925,51.29342],[23.64598,51.29268],[23.65033,51.28825],[23.65755,51.28879],[23.66336,51.29234],[23.66876,51.29231],[23.67287,51.29013],[23.67864,51.29093],[23.68456,51.2891],[23.6875,51.28651],[23.69535,51.28733],[23.69722,51.28334],[23.70316,51.28215],[23.70574,51.27895],[23.70837,51.27823],[23.70941,51.27348],[23.71454,51.26921],[23.72055,51.26953],[23.7172,51.26427],[23.72629,51.26174],[23.72331,51.25858],[23.72577,51.25065],[23.72414,51.24631],[23.72593,51.24259],[23.72668,51.23597],[23.73244,51.23474],[23.7336,51.23272],[23.73836,51.23208],[23.74186,51.22698],[23.7431,51.22112],[23.73604,51.2198],[23.73922,51.21558],[23.73879,51.21243],[23.74338,51.21341],[23.75317,51.21107],[23.75812,51.21086],[23.76185,51.20551],[23.76458,51.20458],[23.76797,51.20009],[23.77515,51.20043],[23.78092,51.19728],[23.78374,51.19347],[23.78211,51.19199],[23.78482,51.18951],[23.79615,51.188],[23.80167,51.18515],[23.80758,51.18519],[23.81395,51.17943],[23.81208,51.17507],[23.81342,51.1713],[23.81788,51.16922],[23.82207,51.16908],[23.82135,51.16461],[23.833,51.1614],[23.83803,51.15949],[23.84958,51.16081],[23.84873,51.15757],[23.85212,51.15528],[23.8585,51.15817],[23.86311,51.15526],[23.86166,51.15228],[23.8661,51.1485],[23.86673,51.14645],[23.871,51.14551],[23.86782,51.14223],[23.87017,51.14072],[23.86851,51.13503],[23.86993,51.13272],[23.86882,51.12924],[23.85615,51.12813],[23.85016,51.12478],[23.8528,51.12251],[23.8515,51.11832],[23.85625,51.11858],[23.8548,51.11508],[23.85863,51.11341],[23.8567,51.1107],[23.85956,51.10466],[23.86201,51.10365],[23.85683,51.09962],[23.86021,51.09713],[23.86438,51.09934],[23.86688,51.0986],[23.86682,51.09414],[23.87048,51.09177],[23.87149,51.08578],[23.873,51.08256],[23.87667,51.079],[23.88525,51.08231],[23.88695,51.07871],[23.89018,51.07912],[23.89186,51.0749],[23.8968,51.07679],[23.89782,51.07442],[23.90413,51.07486],[23.90471,51.07772],[23.90859,51.07773],[23.91005,51.07269],[23.91247,51.07087],[23.90886,51.06662],[23.90878,51.06449],[23.91287,51.06349],[23.91409,51.05248],[23.91737,51.04377],[23.91388,51.04313],[23.91417,51.04054],[23.92073,51.03913],[23.92164,51.03663],[23.92968,51.03847],[23.92736,51.03559],[23.92297,51.03423],[23.92057,51.03143],[23.91726,51.0308],[23.91601,51.02783],[23.92093,51.02703],[23.92003,51.02453],[23.92609,51.0209],[23.92627,51.01852],[23.93523,51.01532],[23.92184,51.01177],[23.91611,51.01223],[23.91817,51.00916],[23.91688,51.0059],[23.93097,51.00543],[23.93794,51.0032],[23.94769,50.99465],[23.95047,50.99513],[23.95686,50.99036],[23.95966,50.98612],[23.96697,50.97824],[23.96738,50.9667],[23.9706,50.95913],[23.96819,50.9573],[23.96964,50.95132],[23.97463,50.94921],[23.97579,50.94629],[23.9865,50.94546],[23.9908,50.94301],[23.9957,50.93381],[23.99539,50.93125],[23.99754,50.92815],[24.00704,50.92458],[24.01019,50.9203],[24.01623,50.91858],[24.02071,50.91632],[24.02462,50.91587],[24.03416,50.90918],[24.03884,50.9038],[24.04572,50.90144],[24.05186,50.89601],[24.05018,50.89349],[24.05238,50.8913],[24.06415,50.89208],[24.0799,50.88954],[24.0811,50.88758],[24.0865,50.88895],[24.08924,50.88529],[24.09548,50.88165],[24.10064,50.87631],[24.11028,50.87515],[24.11237,50.87576],[24.11912,50.87003],[24.12164,50.87175],[24.12745,50.86791],[24.13272,50.86814],[24.13733,50.86691],[24.13901,50.86943],[24.1457,50.8692],[24.14541,50.86473],[24.14303,50.86092],[24.14312,50.8582],[24.13355,50.85164],[24.13125,50.84854],[24.12445,50.84742],[24.12433,50.8454],[24.11718,50.84443],[24.1157,50.84166],[24.10847,50.84012],[24.10699,50.83869],[24.09337,50.83562],[24.08526,50.83539],[24.08018,50.83418],[24.06858,50.83459],[24.06421,50.83617],[24.05511,50.83427],[24.05336,50.83615],[24.04799,50.83577],[24.04504,50.83348],[24.04187,50.83409],[24.03954,50.83955],[24.03475,50.8384],[24.03124,50.8362],[24.02649,50.84069],[24.02009,50.84169],[24.01901,50.83864],[24.00854,50.8391],[24.00786,50.84106],[23.99669,50.83951],[23.99309,50.83744],[23.98998,50.83751],[23.98521,50.83467],[23.98109,50.83005],[23.98345,50.82782],[23.97998,50.82467],[23.97523,50.82586],[23.97488,50.822],[23.97244,50.82055],[23.9705,50.81666],[23.96324,50.81416],[23.96871,50.81151],[23.96653,50.80939],[23.9649,50.80131],[23.96262,50.79804],[23.9573,50.79415],[23.96023,50.7911],[23.96461,50.79016],[23.96829,50.78567],[23.96349,50.78113],[23.96851,50.77504],[23.97704,50.77388],[23.97891,50.7724],[23.97707,50.76899],[23.98208,50.76804],[23.98602,50.76992],[23.99837,50.76922],[24.00234,50.77081],[24.00983,50.77217],[24.01533,50.77116],[24.02353,50.76651],[24.025,50.75885],[24.01674,50.76264],[24.01601,50.76004],[24.01267,50.7581],[24.01765,50.75402],[24.0174,50.7507],[24.01516,50.74742],[24.02048,50.74573],[24.01582,50.73722],[24.02032,50.7378],[24.01913,50.72698],[24.01632,50.72311],[24.02744,50.72251],[24.04553,50.71675],[24.0502,50.71905],[24.05307,50.71773],[24.06142,50.72038],[24.06567,50.7198],[24.07109,50.7206],[24.07295,50.71855],[24.07122,50.71536],[24.07494,50.7139],[24.07524,50.71088],[24.06992,50.70514],[24.0697,50.70143],[24.07234,50.69869],[24.06921,50.69519],[24.06521,50.68732],[24.06504,50.68038],[24.06243,50.67819],[24.07111,50.6781],[24.07272,50.67385],[24.07769,50.67386],[24.0866,50.66924],[24.08513,50.66191],[24.09006,50.66249],[24.08816,50.65733],[24.08602,50.65606],[24.08877,50.65044],[24.08493,50.64983],[24.08013,50.64471],[24.08769,50.644],[24.0868,50.6394],[24.08861,50.6373],[24.09387,50.63523],[24.09789,50.63754],[24.09935,50.63589],[24.10659,50.63474],[24.11137,50.6373],[24.11596,50.64246],[24.12119,50.64339],[24.12079,50.64613],[24.12547,50.64882],[24.12979,50.64849],[24.12958,50.64609],[24.13452,50.64545],[24.13837,50.64618],[24.14159,50.64345],[24.14594,50.64312],[24.14988,50.64439],[24.1559,50.64251],[24.16718,50.63641],[24.16876,50.63376],[24.17229,50.63385],[24.17187,50.62559],[24.17001,50.6238],[24.17376,50.6221],[24.17629,50.61892],[24.18331,50.61753],[24.18698,50.61475],[24.19153,50.61735],[24.1969,50.61324],[24.20178,50.61354],[24.20414,50.6104],[24.19996,50.60768],[24.2042,50.6034],[24.20974,50.60167],[24.21293,50.59641],[24.21076,50.59321],[24.21417,50.59121],[24.21828,50.59358],[24.22457,50.59297],[24.22429,50.59082],[24.23049,50.58358],[24.23421,50.58515],[24.23677,50.58338],[24.24381,50.58139],[24.25839,50.58026],[24.26475,50.58071],[24.2727,50.57816],[24.28605,50.5761],[24.2932,50.57402],[24.29809,50.57481],[24.3087,50.57374],[24.31246,50.57155],[24.31794,50.57328],[24.31773,50.57725],[24.31954,50.57951],[24.31973,50.58313],[24.32637,50.593],[24.32353,50.59981],[24.33744,50.59848],[24.3468,50.59826],[24.35394,50.59889],[24.36206,50.59663],[24.36369,50.59898],[24.37119,50.60176],[24.37613,50.6048],[24.38088,50.60915],[24.38573,50.6059],[24.39549,50.59713],[24.39957,50.59126],[24.4031,50.58957],[24.41053,50.58785],[24.41347,50.58634],[24.40898,50.5813],[24.39874,50.5749],[24.40322,50.57131],[24.40113,50.5683],[24.40662,50.56017],[24.41534,50.55861],[24.41848,50.55491],[24.424,50.55236],[24.43492,50.54555],[24.44832,50.54091],[24.4595,50.54016],[24.4665,50.54076],[24.47723,50.54573],[24.47997,50.54775],[24.48831,50.5511],[24.49963,50.5521],[24.50064,50.55456],[24.50791,50.55588],[24.5165,50.55557],[24.5315,50.55033],[24.53602,50.54703],[24.5403,50.54068]]]},"properties":{"oblast":"volyn_oblast","id":"volyn_oblast","name":"Волинська область"}},{"type":"Feature","geometry":{"type":"Polygon","coordinates":[[[38.04481,48.9349],[38.04073,48.9391],[38.03918,48.94396],[38.01924,48.94346],[38.00889,48.94453],[38.00418,48.94595],[38.00908,48.95114],[38.02939,48.97458],[38.05354,48.96523],[38.05233,48.97153],[38.05764,48.97581],[38.05219,48.97899],[38.05055,48.98288],[38.05237,48.98573],[38.06419,48.98897],[38.08022,48.99203],[38.09274,48.99182],[38.09869,48.99242],[38.09772,48.99952],[38.08466,49.01897],[38.07278,49.0395],[38.05307,49.0585],[38.05261,49.0594],[38.06161,49.06288],[38.0656,49.08358],[38.06765,49.09614],[38.07521,49.11283],[38.08391,49.13533],[38.08149,49.14818],[38.06842,49.14672],[38.04976,49.14973],[38.04323,49.15028],[38.04114,49.14203],[38.03978,49.12681],[37.98079,49.13073],[37.97554,49.13429],[37.95865,49.13608],[37.95916,49.1384],[37.95584,49.14261],[37.94841,49.1395],[37.94263,49.13923],[37.9242,49.14447],[37.91194,49.15077],[37.90763,49.15164],[37.8927,49.16057],[37.90242,49.16693],[37.8933,49.17502],[37.90471,49.18026],[37.90741,49.1838],[37.91244,49.18601],[37.93511,49.19173],[37.92358,49.20571],[37.91572,49.20304],[37.90751,49.214],[37.88974,49.21177],[37.88983,49.21884],[37.87931,49.2215],[37.87883,49.22633],[37.87551,49.23347],[37.87218,49.2376],[37.86541,49.23715],[37.85437,49.22606],[37.85232,49.22218],[37.85027,49.22161],[37.84663,49.20489],[37.84349,49.20138],[37.82468,49.20266],[37.82465,49.2064],[37.79806,49.20692],[37.79779,49.20197],[37.74643,49.21291],[37.71396,49.21951],[37.70396,49.22104],[37.61432,49.23309],[37.59772,49.23006],[37.57609,49.23137],[37.56843,49.23106],[37.56124,49.22802],[37.55267,49.21949],[37.54528,49.21316],[37.51264,49.19867],[37.50586,49.19306],[37.49914,49.18312],[37.50292,49.17999],[37.51515,49.17859],[37.53484,49.1727],[37.55351,49.16549],[37.55707,49.16225],[37.55928,49.15581],[37.56415,49.14826],[37.56397,49.14556],[37.55934,49.14434],[37.55019,49.14792],[37.54226,49.1456],[37.54718,49.14247],[37.55569,49.13969],[37.5624,49.13341],[37.56804,49.13572],[37.57128,49.13582],[37.58487,49.12613],[37.54622,49.11201],[37.49719,49.10344],[37.49485,49.10475],[37.48654,49.09945],[37.49064,49.09695],[37.49385,49.09304],[37.50098,49.09129],[37.49839,49.08837],[37.50588,49.08151],[37.50726,49.07637],[37.506,49.07216],[37.50366,49.06976],[37.49825,49.06827],[37.49598,49.0643],[37.49401,49.0636],[37.48144,49.06255],[37.47678,49.06315],[37.47706,49.06005],[37.46796,49.05464],[37.46686,49.06034],[37.46304,49.05943],[37.45909,49.0562],[37.45708,49.05656],[37.4512,49.05321],[37.4505,49.06014],[37.44286,49.05743],[37.43843,49.06153],[37.43188,49.05934],[37.42298,49.06112],[37.41732,49.06123],[37.41375,49.05634],[37.40647,49.05163],[37.39394,49.05057],[37.38487,49.04831],[37.38428,49.04439],[37.38832,49.03886],[37.38502,49.03614],[37.38592,49.03159],[37.39106,49.02785],[37.39183,49.02493],[37.3868,49.02472],[37.37542,49.02622],[37.37213,49.01697],[37.37069,49.00444],[37.37363,48.99435],[37.36378,48.9922],[37.35877,48.99236],[37.35981,48.99861],[37.3441,49.00343],[37.33893,48.99606],[37.32997,48.99186],[37.3288,48.99287],[37.32234,48.98971],[37.3128,48.98966],[37.31196,48.98595],[37.31889,48.98488],[37.324,48.98503],[37.3245,48.98283],[37.31753,48.98308],[37.31407,48.98006],[37.30789,48.98101],[37.30332,48.97875],[37.29916,48.9726],[37.29462,48.97047],[37.29616,48.96752],[37.30235,48.96678],[37.30818,48.96829],[37.30922,48.96561],[37.30509,48.96483],[37.30469,48.96145],[37.30867,48.96051],[37.31147,48.95673],[37.32078,48.95652],[37.31874,48.95232],[37.30814,48.95113],[37.30729,48.94715],[37.31067,48.94193],[37.31395,48.94164],[37.31564,48.93921],[37.32553,48.93759],[37.32734,48.9418],[37.33256,48.94024],[37.32824,48.93746],[37.32865,48.93472],[37.33233,48.93474],[37.32804,48.92171],[37.31285,48.92274],[37.30152,48.91946],[37.29909,48.92286],[37.28384,48.9231],[37.26914,48.92272],[37.26636,48.90647],[37.24501,48.90882],[37.24437,48.90648],[37.22975,48.90822],[37.22397,48.90826],[37.22333,48.90178],[37.21625,48.8942],[37.21338,48.88982],[37.21031,48.88708],[37.20277,48.88511],[37.19867,48.88259],[37.19404,48.88231],[37.18983,48.87235],[37.19502,48.84804],[37.19212,48.81466],[37.16743,48.82209],[37.15744,48.82467],[37.15125,48.83247],[37.14038,48.83265],[37.1443,48.83891],[37.14773,48.84166],[37.13985,48.8436],[37.13373,48.84267],[37.09875,48.85081],[37.08556,48.82985],[37.07813,48.81761],[37.0675,48.81741],[37.06622,48.81384],[37.04392,48.81484],[37.03541,48.81555],[37.0238,48.81787],[37.01857,48.8015],[37.00729,48.80275],[37.00535,48.79716],[36.99487,48.78739],[37.02308,48.77508],[37.02304,48.76777],[37.04321,48.76655],[37.03803,48.75222],[37.03244,48.74922],[37.02585,48.75194],[37.01958,48.75564],[37.01664,48.76044],[37.00805,48.76507],[37.00209,48.76547],[36.9989,48.76983],[36.98663,48.77658],[36.98538,48.78042],[36.98172,48.78426],[36.97572,48.78807],[36.97387,48.79067],[36.96892,48.79333],[36.94751,48.79576],[36.94433,48.79172],[36.93218,48.79226],[36.9231,48.79388],[36.92103,48.79773],[36.85412,48.80038],[36.84599,48.78694],[36.83961,48.77483],[36.84067,48.77283],[36.82121,48.77134],[36.81671,48.77761],[36.78839,48.78063],[36.79218,48.78598],[36.78385,48.78985],[36.79049,48.80137],[36.77019,48.79728],[36.76291,48.79713],[36.73475,48.80404],[36.72078,48.80597],[36.70421,48.78547],[36.70124,48.78296],[36.68908,48.77608],[36.69108,48.77052],[36.70081,48.76853],[36.70858,48.76822],[36.71334,48.75546],[36.71207,48.75348],[36.71633,48.74799],[36.71748,48.74455],[36.71259,48.74371],[36.72546,48.71536],[36.7286,48.71122],[36.73547,48.70516],[36.73517,48.70251],[36.73051,48.69546],[36.71956,48.69332],[36.71656,48.691],[36.72136,48.68316],[36.71769,48.68296],[36.71843,48.67601],[36.71718,48.67349],[36.72195,48.67286],[36.72703,48.66672],[36.72124,48.66458],[36.7219,48.66262],[36.726,48.66046],[36.72957,48.6601],[36.73036,48.65664],[36.72701,48.65673],[36.72249,48.65492],[36.72698,48.65306],[36.72934,48.65018],[36.72811,48.64793],[36.7342,48.64631],[36.73886,48.62616],[36.7453,48.59637],[36.77859,48.60035],[36.77972,48.5964],[36.80573,48.59633],[36.80669,48.58813],[36.81037,48.56896],[36.82432,48.56996],[36.82498,48.56662],[36.859,48.56877],[36.87136,48.55019],[36.88297,48.55105],[36.88484,48.54182],[36.90148,48.54338],[36.90404,48.53047],[36.90597,48.52291],[36.87854,48.52011],[36.85027,48.51769],[36.85443,48.49673],[36.8567,48.48698],[36.83012,48.48438],[36.83667,48.44312],[36.84532,48.44365],[36.84845,48.42794],[36.85114,48.4241],[36.84957,48.42025],[36.85131,48.41807],[36.84869,48.41633],[36.84234,48.42063],[36.83342,48.41658],[36.83066,48.41746],[36.82476,48.41304],[36.83076,48.41078],[36.83073,48.40731],[36.82032,48.40648],[36.82259,48.39367],[36.82487,48.38465],[36.82768,48.37115],[36.82152,48.36584],[36.81706,48.36607],[36.8129,48.3645],[36.81621,48.34885],[36.80876,48.34813],[36.81215,48.33129],[36.81656,48.3125],[36.87117,48.31688],[36.8737,48.3055],[36.9123,48.30919],[36.92402,48.25493],[36.9266,48.24135],[36.93655,48.19428],[36.93084,48.19595],[36.91993,48.19388],[36.91552,48.19448],[36.90853,48.19206],[36.89948,48.19074],[36.8983,48.18763],[36.89311,48.18882],[36.89165,48.18593],[36.8938,48.17966],[36.88707,48.17729],[36.88329,48.17887],[36.88475,48.18188],[36.8803,48.18192],[36.8727,48.18413],[36.87835,48.15799],[36.88533,48.12691],[36.89415,48.08637],[36.89623,48.07759],[36.88151,48.06347],[36.88162,48.06288],[36.87818,48.06185],[36.87645,48.05106],[36.85803,48.05223],[36.85568,48.03468],[36.85454,48.03244],[36.84774,48.03515],[36.84511,48.03763],[36.84032,48.03826],[36.83378,48.03517],[36.82742,48.03583],[36.81897,48.04014],[36.81313,48.04037],[36.80877,48.04373],[36.80818,48.04587],[36.80403,48.04785],[36.80508,48.05194],[36.80025,48.05255],[36.79822,48.05016],[36.79299,48.04827],[36.78629,48.05134],[36.78433,48.04764],[36.77822,48.04896],[36.77248,48.04772],[36.76998,48.05069],[36.76332,48.05578],[36.76007,48.05167],[36.75299,48.04921],[36.74377,48.0502],[36.74164,48.05434],[36.743,48.06013],[36.7484,48.06198],[36.74364,48.06513],[36.73872,48.06609],[36.73994,48.06852],[36.73461,48.06836],[36.72964,48.06931],[36.72625,48.0712],[36.72444,48.07625],[36.72542,48.07957],[36.72242,48.08049],[36.71863,48.08459],[36.71532,48.08482],[36.71308,48.07984],[36.70874,48.08003],[36.70628,48.08195],[36.70122,48.08239],[36.69624,48.0855],[36.6877,48.08661],[36.68286,48.08605],[36.6752,48.09067],[36.66926,48.091],[36.66507,48.08813],[36.66205,48.08865],[36.66086,48.09139],[36.65512,48.09465],[36.65792,48.09745],[36.65352,48.10018],[36.65098,48.09969],[36.6483,48.09538],[36.63637,48.0947],[36.63957,48.09161],[36.64612,48.09382],[36.65075,48.09153],[36.65003,48.08798],[36.64627,48.0896],[36.64409,48.08732],[36.63867,48.08956],[36.63655,48.08774],[36.63143,48.08906],[36.63232,48.08454],[36.62932,48.08359],[36.62533,48.08519],[36.622,48.08214],[36.61674,48.08642],[36.61118,48.08714],[36.60944,48.08966],[36.60185,48.09086],[36.60025,48.08839],[36.60445,48.08659],[36.60205,48.08472],[36.59508,48.08251],[36.58599,48.08213],[36.58767,48.08023],[36.58559,48.07808],[36.58251,48.07989],[36.58008,48.07814],[36.58702,48.07548],[36.58469,48.07186],[36.58604,48.06953],[36.58643,48.06429],[36.58203,48.06291],[36.58251,48.05998],[36.58682,48.05401],[36.58684,48.05192],[36.58205,48.04903],[36.57383,48.03995],[36.57882,48.03698],[36.58685,48.02879],[36.5889,48.02294],[36.59088,48.02058],[36.58628,48.01747],[36.57789,48.01587],[36.57006,48.01319],[36.58016,48.00795],[36.58504,48.00264],[36.58253,48.00048],[36.57642,47.99797],[36.5853,47.95657],[36.62906,47.96168],[36.64013,47.92037],[36.61776,47.91754],[36.59324,47.92173],[36.58969,47.92165],[36.59254,47.91076],[36.54178,47.9059],[36.54937,47.87731],[36.57673,47.88031],[36.585,47.84715],[36.60437,47.85059],[36.60829,47.84018],[36.59889,47.81695],[36.5884,47.81594],[36.58755,47.78547],[36.59371,47.78411],[36.59925,47.78468],[36.6714,47.79319],[36.68014,47.75935],[36.67861,47.75781],[36.68545,47.73088],[36.70009,47.73256],[36.71326,47.67834],[36.77839,47.68364],[36.79034,47.6839],[36.7877,47.67982],[36.7837,47.68016],[36.78037,47.6763],[36.7823,47.67],[36.77934,47.67006],[36.77517,47.66427],[36.76862,47.66658],[36.76912,47.66809],[36.75196,47.66662],[36.75463,47.66228],[36.71799,47.65927],[36.72505,47.63106],[36.75936,47.63381],[36.76571,47.63411],[36.76499,47.62332],[36.7452,47.62173],[36.748,47.6065],[36.7637,47.60758],[36.76181,47.60362],[36.76426,47.60074],[36.83016,47.62423],[36.84751,47.60231],[36.8806,47.56103],[36.8931,47.54497],[36.94443,47.57587],[36.96643,47.55341],[36.98007,47.56075],[36.98814,47.55231],[37.00152,47.53897],[37.02098,47.55278],[37.02687,47.54798],[37.03985,47.53337],[37.06945,47.49888],[37.07456,47.49337],[37.07794,47.49166],[37.0841,47.49607],[37.1282,47.46975],[37.12959,47.46757],[37.15749,47.45475],[37.17968,47.48354],[37.19607,47.47892],[37.19104,47.47236],[37.18942,47.46894],[37.24456,47.46854],[37.23852,47.4576],[37.24436,47.4543],[37.24369,47.44961],[37.23659,47.43645],[37.23214,47.43767],[37.22079,47.41755],[37.19463,47.37328],[37.20347,47.3559],[37.16183,47.34138],[37.1501,47.3698],[37.14743,47.37219],[37.14465,47.37775],[37.14042,47.3802],[37.10615,47.37582],[37.12201,47.34035],[37.09232,47.32997],[37.09513,47.32599],[37.08585,47.32265],[37.08073,47.32266],[37.08191,47.32007],[37.08026,47.31774],[37.08208,47.31529],[37.03621,47.29999],[37.03585,47.30379],[37.03349,47.3091],[37.02881,47.31094],[37.0266,47.31465],[37.00845,47.31392],[36.96818,47.31193],[36.94658,47.311],[36.94414,47.32066],[36.92615,47.31934],[36.92869,47.30863],[36.93481,47.29354],[36.93661,47.28598],[36.93897,47.27215],[36.94516,47.24049],[36.94908,47.2283],[36.95529,47.22901],[36.96009,47.21153],[36.96235,47.20179],[36.93162,47.20066],[36.93127,47.20702],[36.90159,47.20612],[36.88182,47.20585],[36.88879,47.20016],[36.87882,47.19959],[36.85437,47.19933],[36.85728,47.19733],[36.85601,47.19409],[36.85904,47.18936],[36.86245,47.18826],[36.86386,47.18557],[36.87198,47.18359],[36.87677,47.18018],[36.87754,47.17634],[36.88135,47.17461],[36.88546,47.17723],[36.88958,47.1706],[36.89995,47.17376],[36.90234,47.16995],[36.90622,47.16849],[36.90513,47.16597],[36.90787,47.16401],[36.91479,47.16652],[36.91848,47.1714],[36.92401,47.17035],[36.92479,47.16696],[36.92252,47.16119],[36.92401,47.16028],[36.93141,47.16411],[36.93735,47.16495],[36.93669,47.16148],[36.94112,47.15725],[36.9466,47.16004],[36.95004,47.15825],[36.95064,47.15492],[36.95456,47.1536],[36.95494,47.14965],[36.96191,47.1487],[36.9637,47.14494],[36.97051,47.14247],[36.97376,47.13959],[36.97039,47.13558],[36.97521,47.13427],[36.97957,47.13092],[36.97899,47.12726],[36.98342,47.12443],[36.98818,47.1258],[36.99266,47.12411],[36.99806,47.1296],[37.00282,47.12584],[37.0015,47.12379],[37.00228,47.11976],[37.00024,47.11804],[37.00017,47.11412],[37.00584,47.11306],[37.01049,47.11351],[37.00975,47.10757],[37.00696,47.10416],[37.00198,47.10112],[37.00598,47.09749],[37.01034,47.09878],[37.0088,47.09186],[37.01217,47.09074],[37.00908,47.08479],[36.99553,47.08277],[36.99323,47.08108],[36.98817,47.08036],[36.9932,47.07682],[37.02268,47.0675],[37.08109,47.04752],[37.08643,47.05264],[37.0986,47.05935],[37.12484,47.03914],[37.08945,47.00746],[37.13545,46.98474],[37.14104,46.98163],[37.12527,46.97252],[37.10261,46.95994],[37.09232,46.9684],[37.08187,46.96266],[37.05938,46.94948],[37.03888,46.93799],[37.02142,46.92792],[37.03403,46.91746],[37.03832,46.91203],[37.06255,46.88401],[37.07367,46.88799],[37.08352,46.89061],[37.09208,46.89374],[37.10764,46.90019],[37.10897,46.90145],[37.12125,46.90676],[37.13505,46.91026],[37.15271,46.91209],[37.15933,46.9131],[37.16512,46.91519],[37.17131,46.91856],[37.17229,46.92032],[37.17952,46.92474],[37.18971,46.93273],[37.19916,46.93441],[37.20849,46.93392],[37.21371,46.93675],[37.21903,46.94206],[37.22618,46.94748],[37.23424,46.95092],[37.23875,46.95106],[37.24625,46.94983],[37.25977,46.94622],[37.27245,46.94162],[37.28997,46.93355],[37.30428,46.92442],[37.31492,46.91645],[37.32098,46.91064],[37.32284,46.90667],[37.32084,46.90511],[37.3245,46.89733],[37.32598,46.88974],[37.32544,46.88649],[37.31704,46.87931],[37.31413,46.88071],[37.31155,46.88027],[37.30755,46.87576],[37.29992,46.87113],[37.29117,46.86864],[37.29224,46.86746],[37.30081,46.86849],[37.30802,46.87075],[37.31675,46.87524],[37.32491,46.88104],[37.33754,46.89193],[37.35457,46.90885],[37.36853,46.92454],[37.38128,46.93818],[37.39877,46.9551],[37.41583,46.96743],[37.435,46.98366],[37.44476,46.99306],[37.46098,47.0122],[37.47202,47.02622],[37.47458,47.02895],[37.48327,47.03535],[37.48808,47.04078],[37.49118,47.04282],[37.49691,47.04309],[37.50158,47.04775],[37.49874,47.04903],[37.51219,47.06258],[37.51766,47.06112],[37.51807,47.069],[37.52417,47.07477],[37.53311,47.07939],[37.53753,47.08097],[37.54663,47.08254],[37.5671,47.08524],[37.57432,47.08573],[37.57846,47.08973],[37.57286,47.09822],[37.57518,47.09946],[37.58416,47.08683],[37.5807,47.08177],[37.58584,47.07882],[37.59301,47.08021],[37.59508,47.08266],[37.59237,47.08662],[37.60192,47.0863],[37.60533,47.08772],[37.60966,47.08423],[37.62016,47.0876],[37.62664,47.09368],[37.629,47.09482],[37.63553,47.09419],[37.65635,47.08919],[37.67108,47.08532],[37.68367,47.0811],[37.68903,47.08126],[37.70466,47.08021],[37.71292,47.08043],[37.73523,47.08293],[37.74865,47.08509],[37.7615,47.08788],[37.76847,47.08848],[37.78203,47.08793],[37.79199,47.08517],[37.8005,47.0865],[37.80484,47.08832],[37.8211,47.0915],[37.83237,47.09777],[37.84037,47.10092],[37.85576,47.10527],[37.86877,47.10779],[37.87698,47.10767],[37.88138,47.1081],[37.88571,47.11047],[37.89097,47.11129],[37.90266,47.1108],[37.92237,47.10522],[37.93911,47.09933],[37.95249,47.09559],[37.96991,47.08974],[37.97922,47.08742],[37.98407,47.08733],[37.9851,47.08938],[37.97995,47.09067],[37.97718,47.09306],[37.97156,47.09363],[37.97536,47.09645],[37.98043,47.0987],[37.99442,47.0994],[38.00306,47.09787],[38.02183,47.09207],[38.03412,47.0904],[38.03822,47.09183],[38.03833,47.0951],[38.05245,47.10816],[38.05492,47.10959],[38.06478,47.11205],[38.06816,47.11028],[38.08545,47.10809],[38.09504,47.10433],[38.10124,47.10064],[38.11184,47.09282],[38.12139,47.08393],[38.12948,47.07413],[38.13434,47.06431],[38.13611,47.05794],[38.13578,47.05348],[38.12983,47.0525],[38.12551,47.04976],[38.11997,47.04849],[38.11833,47.04515],[38.11309,47.04144],[38.10872,47.04255],[38.10605,47.04058],[38.10331,47.03385],[38.09805,47.03187],[38.09433,47.0283],[38.09528,47.02711],[38.10301,47.03291],[38.11053,47.03994],[38.11627,47.04274],[38.12565,47.04616],[38.13091,47.0475],[38.13717,47.05082],[38.14656,47.05763],[38.15197,47.06069],[38.15415,47.06301],[38.16043,47.06638],[38.16799,47.0732],[38.17738,47.08504],[38.17732,47.08579],[38.18648,47.09542],[38.19198,47.09733],[38.19261,47.09877],[38.1995,47.10269],[38.21233,47.10876],[38.22493,47.11775],[38.22961,47.11925],[38.22867,47.12587],[38.23182,47.12972],[38.23568,47.13956],[38.23601,47.16611],[38.23599,47.20291],[38.23802,47.20801],[38.24022,47.20912],[38.24076,47.21319],[38.24272,47.21768],[38.23987,47.21852],[38.23983,47.2216],[38.23631,47.22541],[38.23399,47.22579],[38.23284,47.229],[38.23439,47.23093],[38.24685,47.23396],[38.25431,47.23401],[38.26124,47.23835],[38.28788,47.23864],[38.28807,47.25639],[38.32408,47.25659],[38.33095,47.2637],[38.32881,47.26632],[38.33226,47.269],[38.33064,47.27578],[38.32588,47.27758],[38.32613,47.27948],[38.32277,47.28167],[38.32965,47.28779],[38.33294,47.2928],[38.33297,47.29646],[38.32643,47.29782],[38.32632,47.29984],[38.33262,47.30227],[38.33542,47.30584],[38.33229,47.30629],[38.29541,47.30583],[38.28687,47.30621],[38.2402,47.30587],[38.23353,47.30529],[38.22092,47.30527],[38.22134,47.31915],[38.22097,47.32547],[38.22236,47.32813],[38.22673,47.33034],[38.22174,47.33295],[38.22531,47.33674],[38.22995,47.33899],[38.23189,47.34499],[38.23962,47.34703],[38.24512,47.35018],[38.24614,47.35446],[38.24857,47.35682],[38.24417,47.364],[38.24887,47.36714],[38.25324,47.37152],[38.25856,47.3733],[38.28666,47.37363],[38.28656,47.39141],[38.2996,47.39159],[38.30196,47.3932],[38.30306,47.40888],[38.3026,47.41794],[38.30263,47.4409],[38.30208,47.47497],[38.29599,47.47473],[38.28884,47.4762],[38.28738,47.4785],[38.287,47.48622],[38.29174,47.49038],[38.29087,47.49328],[38.29152,47.49917],[38.29364,47.50136],[38.29273,47.50676],[38.28705,47.50738],[38.28469,47.50912],[38.28459,47.54429],[38.30571,47.54461],[38.30946,47.55208],[38.31133,47.55361],[38.31096,47.57598],[38.3508,47.57619],[38.35062,47.61659],[38.35711,47.61658],[38.37658,47.6165],[38.39062,47.61696],[38.40709,47.61687],[38.4417,47.61708],[38.45634,47.61698],[38.45612,47.63773],[38.45663,47.64406],[38.46998,47.644],[38.50821,47.64425],[38.51768,47.64456],[38.53136,47.64425],[38.56447,47.64441],[38.58384,47.64427],[38.61637,47.64452],[38.62127,47.64825],[38.62613,47.65344],[38.62956,47.65338],[38.62923,47.66945],[38.64262,47.66955],[38.66606,47.66904],[38.6657,47.69595],[38.66158,47.69933],[38.66601,47.70014],[38.66857,47.69865],[38.6905,47.69861],[38.69195,47.69789],[38.70391,47.69886],[38.72773,47.69885],[38.73363,47.70028],[38.73532,47.69925],[38.73556,47.69485],[38.73002,47.69192],[38.72993,47.69058],[38.73445,47.68721],[38.73768,47.6877],[38.73969,47.68439],[38.736,47.68311],[38.73534,47.6805],[38.74309,47.68051],[38.74506,47.6849],[38.74725,47.6862],[38.75151,47.68447],[38.75375,47.68674],[38.75795,47.68581],[38.77274,47.68571],[38.77273,47.71939],[38.77041,47.72081],[38.77135,47.7266],[38.77564,47.72936],[38.77574,47.73342],[38.77829,47.73585],[38.78888,47.73664],[38.78868,47.76557],[38.78984,47.7684],[38.79311,47.76869],[38.79345,47.77275],[38.79646,47.77358],[38.79509,47.7766],[38.78974,47.7778],[38.7889,47.77933],[38.79269,47.78341],[38.78655,47.78464],[38.78391,47.78757],[38.78351,47.79118],[38.78893,47.79446],[38.79089,47.79678],[38.7891,47.80487],[38.7891,47.81561],[38.81954,47.81568],[38.82924,47.81472],[38.82902,47.82302],[38.8341,47.82686],[38.82928,47.82846],[38.82524,47.83545],[38.82632,47.83911],[38.82488,47.8406],[38.82747,47.84814],[38.8336,47.84959],[38.8363,47.85224],[38.83649,47.85586],[38.83855,47.85701],[38.83634,47.86143],[38.83818,47.86497],[38.84262,47.86676],[38.84357,47.86509],[38.86102,47.86562],[38.87522,47.86761],[38.87951,47.87242],[38.88034,47.87589],[38.88775,47.87384],[38.89788,47.87434],[38.90371,47.87229],[38.90894,47.87286],[38.91385,47.87491],[38.9394,47.87324],[38.94812,47.87131],[38.95316,47.86936],[38.96866,47.86988],[38.98841,47.86987],[39.07443,47.8695],[39.0656,47.8947],[39.06621,47.89651],[39.07965,47.92047],[39.08705,47.93297],[39.09093,47.9405],[39.08382,47.94043],[39.08113,47.94281],[39.07363,47.95285],[39.06879,47.94954],[39.06023,47.94867],[39.05663,47.94665],[39.05187,47.95467],[39.04807,47.95369],[39.04522,47.95648],[39.03811,47.95835],[39.04076,47.96697],[39.04401,47.9869],[39.03994,48.00642],[39.01664,48.0076],[38.99712,48.00888],[38.98689,48.00907],[38.97567,48.00983],[38.94272,48.01114],[38.91062,48.01299],[38.86411,48.01463],[38.84628,48.01572],[38.83989,48.01521],[38.83745,48.01319],[38.83306,48.01645],[38.83066,48.02107],[38.82125,48.03603],[38.82543,48.0382],[38.82154,48.04312],[38.81933,48.04214],[38.81276,48.04799],[38.81521,48.05082],[38.82027,48.05109],[38.82987,48.06356],[38.82538,48.06616],[38.82803,48.07255],[38.82676,48.07625],[38.82192,48.07133],[38.81837,48.06559],[38.80267,48.0701],[38.79829,48.07385],[38.80429,48.07865],[38.80871,48.07801],[38.81739,48.08422],[38.80667,48.08857],[38.81261,48.10043],[38.81937,48.11576],[38.81145,48.11695],[38.81099,48.1191],[38.80482,48.11818],[38.79906,48.11842],[38.79571,48.12146],[38.78657,48.12469],[38.78262,48.12427],[38.77984,48.12597],[38.78127,48.12953],[38.7791,48.13037],[38.7742,48.12668],[38.76787,48.12968],[38.76476,48.13269],[38.75823,48.1314],[38.7535,48.13187],[38.74526,48.13491],[38.73767,48.13435],[38.72801,48.13745],[38.72381,48.13785],[38.70842,48.14199],[38.69481,48.1451],[38.68997,48.14569],[38.69406,48.1591],[38.68881,48.15969],[38.67833,48.15886],[38.67006,48.15954],[38.67122,48.16393],[38.64024,48.16337],[38.6374,48.16133],[38.63225,48.16335],[38.61697,48.16829],[38.60916,48.17024],[38.6014,48.17291],[38.60264,48.17539],[38.59847,48.17777],[38.59769,48.18193],[38.6048,48.18909],[38.61045,48.18985],[38.6114,48.19217],[38.6081,48.19468],[38.61086,48.20119],[38.61347,48.20411],[38.60806,48.20674],[38.60365,48.21212],[38.59978,48.21357],[38.59521,48.21725],[38.5948,48.22052],[38.58911,48.2266],[38.58876,48.23039],[38.58999,48.23404],[38.58755,48.23721],[38.58746,48.24126],[38.58939,48.24516],[38.58873,48.24837],[38.59068,48.25207],[38.58672,48.25845],[38.57467,48.26725],[38.5674,48.27],[38.55907,48.27458],[38.55494,48.27432],[38.54409,48.27221],[38.53663,48.27209],[38.50521,48.27395],[38.49258,48.27276],[38.4808,48.27514],[38.47297,48.27544],[38.43443,48.27798],[38.42849,48.27746],[38.42632,48.28128],[38.42795,48.28413],[38.42503,48.2868],[38.42811,48.29003],[38.42952,48.29456],[38.43398,48.29676],[38.43375,48.29941],[38.42897,48.30248],[38.42678,48.3066],[38.43186,48.30988],[38.4352,48.31475],[38.43818,48.31605],[38.43307,48.34059],[38.4487,48.34605],[38.46094,48.34678],[38.4644,48.35347],[38.47158,48.35603],[38.46972,48.35988],[38.48694,48.36185],[38.48498,48.36444],[38.47673,48.36731],[38.47283,48.36702],[38.47174,48.37175],[38.46887,48.37426],[38.46722,48.37896],[38.45231,48.38029],[38.44762,48.37634],[38.44313,48.38657],[38.43639,48.39624],[38.43806,48.39969],[38.43684,48.40576],[38.43922,48.41103],[38.43887,48.42007],[38.4355,48.42605],[38.43564,48.42837],[38.4327,48.43477],[38.43426,48.43826],[38.43314,48.44743],[38.41517,48.44247],[38.40075,48.43973],[38.40305,48.43441],[38.39335,48.43193],[38.38172,48.42929],[38.37952,48.43027],[38.3751,48.44113],[38.37243,48.44246],[38.36589,48.44335],[38.35617,48.44049],[38.35337,48.44125],[38.34665,48.43937],[38.34403,48.43719],[38.34062,48.43748],[38.3374,48.44018],[38.31111,48.45562],[38.31852,48.4646],[38.28863,48.4761],[38.29233,48.47726],[38.29636,48.47642],[38.29741,48.4786],[38.30358,48.47739],[38.30173,48.48468],[38.30227,48.48808],[38.29718,48.49108],[38.2975,48.49521],[38.30025,48.49621],[38.30449,48.49516],[38.31207,48.49832],[38.31186,48.5048],[38.31661,48.51109],[38.28535,48.53577],[38.27764,48.53969],[38.27391,48.54535],[38.27912,48.54595],[38.2759,48.56177],[38.27004,48.60062],[38.26241,48.6424],[38.23347,48.63994],[38.23132,48.65313],[38.23887,48.65175],[38.23833,48.65664],[38.24668,48.65763],[38.25944,48.65844],[38.25805,48.66795],[38.28588,48.67121],[38.28368,48.68098],[38.28496,48.682],[38.29172,48.68201],[38.29661,48.68295],[38.30423,48.68325],[38.3064,48.68211],[38.31306,48.684],[38.31347,48.68628],[38.30893,48.68925],[38.31401,48.6957],[38.31435,48.70429],[38.30423,48.71069],[38.30362,48.71209],[38.32508,48.71418],[38.32304,48.72907],[38.31993,48.73341],[38.31684,48.73482],[38.296,48.73695],[38.28326,48.73731],[38.27693,48.74297],[38.26462,48.75054],[38.26323,48.75021],[38.27558,48.77273],[38.2832,48.77326],[38.27785,48.80134],[38.27891,48.80336],[38.28308,48.80268],[38.28946,48.812],[38.31654,48.81396],[38.31368,48.82842],[38.27234,48.82493],[38.27108,48.83238],[38.26842,48.83543],[38.25993,48.84265],[38.22127,48.8394],[38.22359,48.84327],[38.22502,48.85049],[38.22663,48.85214],[38.22714,48.8575],[38.22913,48.85855],[38.22876,48.86978],[38.22888,48.8903],[38.22858,48.91921],[38.22385,48.93479],[38.21366,48.93141],[38.1962,48.92787],[38.18095,48.92917],[38.16778,48.93139],[38.16156,48.93062],[38.15246,48.93097],[38.14248,48.93291],[38.14004,48.93105],[38.13771,48.92616],[38.13306,48.92372],[38.12641,48.92665],[38.11431,48.92715],[38.09705,48.93074],[38.0855,48.93443],[38.07956,48.93503],[38.06411,48.93497],[38.0595,48.93324],[38.04661,48.93391],[38.04481,48.9349]]]},"properties":{"oblast":"donetsk_oblast","id":"donetsk_oblast","name":"Донецька область"}},{"type":"Feature","geometry":{"type":"Polygon","coordinates":[[[29.50525,49.64922],[29.51361,49.66312],[29.48904,49.66916],[29.48955,49.67842],[29.49175,49.68373],[29.49008,49.68779],[29.49119,49.70767],[29.49647,49.71136],[29.49681,49.71403],[29.48363,49.71203],[29.44601,49.71346],[29.43568,49.72947],[29.44465,49.7321],[29.46208,49.76194],[29.45616,49.77584],[29.44952,49.78678],[29.44501,49.79276],[29.44105,49.79955],[29.43874,49.80552],[29.44868,49.80256],[29.47004,49.81444],[29.48027,49.80321],[29.48763,49.80636],[29.48658,49.80936],[29.49619,49.81373],[29.49497,49.82066],[29.49072,49.82538],[29.50911,49.83506],[29.51169,49.83205],[29.52243,49.82883],[29.52661,49.82523],[29.53817,49.82164],[29.54193,49.81902],[29.55022,49.82809],[29.54763,49.82887],[29.54687,49.83541],[29.55859,49.83695],[29.57448,49.83751],[29.57315,49.84042],[29.58913,49.84179],[29.59297,49.84147],[29.60027,49.84742],[29.5986,49.85071],[29.60363,49.85564],[29.61994,49.85222],[29.62694,49.85632],[29.62631,49.85967],[29.63138,49.864],[29.6336,49.86329],[29.63973,49.86755],[29.64359,49.86909],[29.64677,49.86642],[29.65115,49.86797],[29.65523,49.86655],[29.66661,49.87383],[29.65053,49.87681],[29.64917,49.87794],[29.6325,49.87704],[29.62833,49.88628],[29.63366,49.88554],[29.63643,49.88994],[29.64303,49.89833],[29.65613,49.90232],[29.66597,49.91128],[29.69232,49.92056],[29.72793,49.93277],[29.72511,49.94176],[29.73519,49.94453],[29.73209,49.95037],[29.73016,49.95106],[29.72483,49.9573],[29.72211,49.9589],[29.72566,49.96141],[29.73201,49.96313],[29.72818,49.97027],[29.71418,49.96762],[29.71158,49.97231],[29.71726,49.97891],[29.71257,49.98188],[29.70766,49.98353],[29.6965,49.99123],[29.69434,49.99648],[29.6908,49.998],[29.69292,50.00427],[29.69138,50.00744],[29.68353,50.01223],[29.68023,50.01937],[29.6777,50.02937],[29.6715,50.03223],[29.69174,50.04127],[29.69542,50.04443],[29.69685,50.06778],[29.69643,50.06872],[29.68021,50.0816],[29.64707,50.10648],[29.64972,50.1091],[29.65447,50.10941],[29.66696,50.11178],[29.66997,50.11416],[29.65579,50.11802],[29.65906,50.12756],[29.68811,50.14391],[29.69207,50.1521],[29.69109,50.15508],[29.6804,50.15753],[29.67181,50.16203],[29.66638,50.16701],[29.65724,50.17102],[29.65077,50.17203],[29.64307,50.17985],[29.64712,50.18232],[29.65003,50.18635],[29.65523,50.18762],[29.66208,50.19522],[29.66883,50.20018],[29.67593,50.20683],[29.68286,50.21636],[29.68396,50.22376],[29.69022,50.22845],[29.69373,50.22826],[29.70052,50.23006],[29.69954,50.23366],[29.69383,50.23653],[29.68904,50.24018],[29.68491,50.24558],[29.68145,50.25541],[29.6773,50.25461],[29.67666,50.25959],[29.66559,50.26499],[29.67371,50.26745],[29.6699,50.27223],[29.66629,50.27451],[29.67339,50.27803],[29.68109,50.27382],[29.68414,50.27697],[29.68882,50.27718],[29.68955,50.28426],[29.67804,50.28474],[29.67558,50.29762],[29.68209,50.31165],[29.69079,50.30978],[29.69161,50.31541],[29.69269,50.32323],[29.68213,50.32031],[29.67339,50.32025],[29.66366,50.32376],[29.65656,50.32232],[29.65509,50.32449],[29.64499,50.3244],[29.63857,50.32601],[29.62602,50.3301],[29.61931,50.33745],[29.61169,50.3414],[29.61508,50.34316],[29.6183,50.34259],[29.62461,50.34466],[29.62969,50.34773],[29.62957,50.35177],[29.63754,50.35437],[29.64185,50.35818],[29.64008,50.36524],[29.63476,50.36878],[29.63833,50.37132],[29.63541,50.37399],[29.63074,50.37265],[29.62184,50.36521],[29.61776,50.36492],[29.61327,50.36976],[29.60894,50.37258],[29.60265,50.37425],[29.58879,50.37488],[29.58936,50.38028],[29.58604,50.38923],[29.59039,50.40037],[29.58434,50.40465],[29.57436,50.4131],[29.56019,50.42251],[29.48032,50.41316],[29.48168,50.40401],[29.45479,50.40147],[29.44261,50.41544],[29.44246,50.41882],[29.45106,50.4205],[29.46934,50.41548],[29.47147,50.42023],[29.48158,50.41891],[29.48939,50.42945],[29.49694,50.43501],[29.49839,50.43978],[29.4991,50.44618],[29.49763,50.45049],[29.4766,50.44931],[29.47649,50.45194],[29.45174,50.45136],[29.44686,50.45282],[29.4488,50.45705],[29.45697,50.47051],[29.46355,50.46646],[29.47766,50.46179],[29.48346,50.45922],[29.50091,50.46765],[29.50541,50.46598],[29.51087,50.47076],[29.50668,50.4795],[29.50258,50.48391],[29.50909,50.48796],[29.50343,50.49511],[29.50407,50.50163],[29.49711,50.50253],[29.48453,50.50705],[29.48308,50.50967],[29.47428,50.51068],[29.46736,50.51307],[29.46064,50.51636],[29.46457,50.52104],[29.46675,50.52821],[29.46118,50.53136],[29.45819,50.53789],[29.45982,50.53977],[29.48219,50.53912],[29.48685,50.53737],[29.49314,50.54464],[29.50196,50.54827],[29.50292,50.55345],[29.49853,50.55904],[29.49977,50.56695],[29.50487,50.5729],[29.49921,50.57669],[29.49836,50.58095],[29.49813,50.58965],[29.49741,50.59148],[29.49187,50.59603],[29.48676,50.59793],[29.47573,50.60796],[29.46167,50.6116],[29.45616,50.6138],[29.45455,50.61646],[29.44914,50.61823],[29.44471,50.62121],[29.47253,50.62818],[29.46358,50.63331],[29.47938,50.64203],[29.48489,50.64673],[29.47604,50.65334],[29.47884,50.65725],[29.48623,50.65961],[29.48683,50.66281],[29.49715,50.66067],[29.50029,50.66122],[29.50295,50.65852],[29.50948,50.6586],[29.51689,50.66093],[29.5271,50.66292],[29.52977,50.66434],[29.5272,50.66687],[29.5308,50.67366],[29.52837,50.67831],[29.53704,50.68153],[29.54093,50.68142],[29.5403,50.68628],[29.54191,50.68967],[29.54584,50.68994],[29.55061,50.69334],[29.56155,50.69267],[29.56833,50.69559],[29.56985,50.6988],[29.57308,50.69792],[29.57644,50.69929],[29.57849,50.70348],[29.58164,50.70498],[29.586,50.70928],[29.59114,50.72113],[29.59598,50.72604],[29.59719,50.72902],[29.5959,50.73137],[29.59192,50.73056],[29.5855,50.73653],[29.58641,50.73867],[29.58114,50.73967],[29.57874,50.74383],[29.58123,50.74779],[29.57739,50.74992],[29.57384,50.75908],[29.56989,50.76266],[29.56793,50.76627],[29.57159,50.76741],[29.56865,50.76979],[29.56984,50.77153],[29.56214,50.77012],[29.55782,50.77282],[29.55401,50.77141],[29.54848,50.77192],[29.54339,50.77597],[29.53504,50.77618],[29.53218,50.77523],[29.52822,50.77181],[29.51891,50.77182],[29.51728,50.77029],[29.51164,50.76959],[29.51059,50.76538],[29.50252,50.76517],[29.49835,50.76819],[29.49024,50.76884],[29.49002,50.77059],[29.48298,50.772],[29.49849,50.77405],[29.50721,50.77449],[29.51066,50.77716],[29.51048,50.78215],[29.50605,50.78366],[29.51887,50.78908],[29.52154,50.79245],[29.51802,50.79413],[29.51527,50.79321],[29.50721,50.79743],[29.4988,50.8011],[29.49836,50.80303],[29.4924,50.80658],[29.49401,50.80918],[29.48823,50.81224],[29.50096,50.81886],[29.5173,50.81747],[29.53001,50.81498],[29.53472,50.81316],[29.54741,50.81379],[29.54221,50.8284],[29.53487,50.82992],[29.52924,50.82384],[29.49752,50.83731],[29.50999,50.85343],[29.52135,50.86888],[29.51348,50.8787],[29.50034,50.88704],[29.48984,50.88992],[29.47136,50.90366],[29.47513,50.91482],[29.46753,50.92475],[29.43863,50.94296],[29.43549,50.94556],[29.43095,50.94539],[29.41154,50.94895],[29.4139,50.98355],[29.41964,50.98339],[29.42503,50.98644],[29.44048,50.98854],[29.44878,50.98566],[29.46056,50.98273],[29.46728,50.98507],[29.4655,50.9932],[29.46556,51.00479],[29.4685,51.00929],[29.46461,51.01897],[29.46741,51.01908],[29.4788,51.03365],[29.51178,51.06064],[29.5076,51.06435],[29.4941,51.0733],[29.4848,51.07586],[29.47673,51.07971],[29.46746,51.08641],[29.45914,51.08939],[29.44583,51.10286],[29.4275,51.12395],[29.40055,51.13657],[29.35728,51.15614],[29.34889,51.16009],[29.33052,51.15762],[29.32898,51.12586],[29.32037,51.12722],[29.31629,51.13149],[29.3105,51.14473],[29.30194,51.16683],[29.2982,51.17853],[29.28512,51.21494],[29.27989,51.23006],[29.27155,51.25211],[29.26728,51.26531],[29.30039,51.27327],[29.30752,51.27139],[29.31013,51.27574],[29.3224,51.27506],[29.32937,51.27648],[29.3291,51.27107],[29.33406,51.27133],[29.3357,51.26986],[29.35451,51.27444],[29.3684,51.28922],[29.35543,51.2935],[29.36714,51.30594],[29.36486,51.30811],[29.34958,51.31628],[29.35096,51.32043],[29.34734,51.32396],[29.36665,51.32639],[29.37391,51.32576],[29.39634,51.32753],[29.39278,51.3409],[29.39282,51.35257],[29.3938,51.37953],[29.35934,51.37593],[29.35929,51.38839],[29.35383,51.38488],[29.34295,51.38387],[29.33658,51.38529],[29.33228,51.38441],[29.32574,51.37934],[29.32054,51.37726],[29.32016,51.38212],[29.31688,51.38491],[29.31592,51.39043],[29.31801,51.39397],[29.32312,51.39718],[29.32466,51.40156],[29.32285,51.40531],[29.31785,51.41163],[29.31686,51.41604],[29.31148,51.42152],[29.31025,51.43379],[29.3041,51.4414],[29.30285,51.4447],[29.30434,51.45429],[29.28758,51.45951],[29.28384,51.45972],[29.27801,51.45769],[29.27286,51.45739],[29.27022,51.4585],[29.2665,51.46329],[29.26616,51.47138],[29.26704,51.47624],[29.25251,51.48197],[29.24563,51.50007],[29.25021,51.51521],[29.24992,51.51966],[29.25107,51.52327],[29.25833,51.52794],[29.25913,51.53439],[29.2583,51.54293],[29.25656,51.54608],[29.25819,51.54971],[29.25594,51.55212],[29.25612,51.55507],[29.25293,51.55998],[29.25214,51.56746],[29.24216,51.56928],[29.21595,51.5669],[29.2161,51.56901],[29.20979,51.57293],[29.20526,51.5797],[29.20206,51.58257],[29.20483,51.58403],[29.20541,51.59144],[29.20738,51.59267],[29.2038,51.59759],[29.18083,51.607],[29.17742,51.60702],[29.17862,51.61416],[29.18568,51.62088],[29.17046,51.62389],[29.16363,51.62577],[29.15779,51.62882],[29.1587,51.63124],[29.16449,51.63313],[29.16487,51.63872],[29.16808,51.64299],[29.17618,51.64788],[29.16936,51.65061],[29.168,51.65262],[29.16384,51.6532],[29.15988,51.64978],[29.1542,51.6515],[29.14936,51.65191],[29.14265,51.65104],[29.13762,51.64912],[29.1173,51.65649],[29.10441,51.64825],[29.10087,51.64532],[29.0937,51.64297],[29.09453,51.63602],[29.09161,51.62885],[29.07056,51.62696],[29.06295,51.62451],[29.06125,51.62052],[29.05481,51.61653],[29.05416,51.61322],[29.04851,51.6075],[29.03905,51.60201],[29.03443,51.59708],[29.03021,51.59038],[29.02301,51.58697],[29.01484,51.58188],[28.99938,51.57356],[28.98443,51.57177],[28.97411,51.5729],[28.96969,51.57801],[28.96651,51.59135],[28.95608,51.59006],[28.94445,51.58788],[28.92355,51.58489],[28.92034,51.58695],[28.90486,51.58846],[28.88403,51.58395],[28.88136,51.58229],[28.88115,51.57878],[28.87721,51.57587],[28.86874,51.5742],[28.86829,51.57145],[28.86511,51.56925],[28.85968,51.56859],[28.84931,51.56388],[28.84272,51.56272],[28.83649,51.55837],[28.82756,51.55992],[28.81949,51.5587],[28.81313,51.55281],[28.80708,51.54824],[28.80448,51.53775],[28.79757,51.53391],[28.78827,51.5236],[28.78136,51.51102],[28.77406,51.50189],[28.76568,51.49271],[28.76138,51.48703],[28.76092,51.48281],[28.77038,51.47733],[28.77425,51.47343],[28.77345,51.47075],[28.77606,51.45754],[28.77994,51.45403],[28.77888,51.44993],[28.77308,51.4503],[28.76613,51.43088],[28.7662,51.42753],[28.75321,51.41497],[28.74954,51.41684],[28.74894,51.42494],[28.73885,51.42583],[28.74133,51.42892],[28.73823,51.43025],[28.73303,51.43476],[28.73498,51.44863],[28.73318,51.45305],[28.73645,51.45954],[28.73339,51.46465],[28.72974,51.46228],[28.72309,51.461],[28.72068,51.4583],[28.72017,51.45094],[28.71636,51.44968],[28.69739,51.4414],[28.68323,51.44437],[28.6747,51.46524],[28.65841,51.50589],[28.65095,51.52391],[28.65491,51.52658],[28.6493,51.54492],[28.64524,51.54971],[28.64052,51.55372],[28.64847,51.5584],[28.64658,51.56127],[28.63367,51.55661],[28.62959,51.56129],[28.63949,51.56528],[28.645,51.56617],[28.65542,51.56589],[28.65815,51.56744],[28.65248,51.56952],[28.64719,51.5683],[28.63293,51.56849],[28.63295,51.5726],[28.55464,51.57224],[28.55423,51.58206],[28.52303,51.58195],[28.51759,51.59067],[28.49239,51.5914],[28.46913,51.59318],[28.45932,51.5893],[28.44922,51.58422],[28.4445,51.58077],[28.42882,51.57067],[28.41574,51.56314],[28.39094,51.55029],[28.36192,51.54072],[28.35393,51.53958],[28.35043,51.5421],[28.35371,51.5506],[28.35432,51.55707],[28.34261,51.57666],[28.33582,51.58053],[28.33262,51.58114],[28.32562,51.58557],[28.32435,51.5895],[28.32078,51.59035],[28.31231,51.59767],[28.31037,51.60132],[28.27997,51.62334],[28.27374,51.62275],[28.25597,51.61972],[28.25289,51.6264],[28.25381,51.63024],[28.25847,51.63901],[28.26204,51.65332],[28.26471,51.66654],[28.26958,51.6709],[28.26773,51.67646],[28.26754,51.68031],[28.26218,51.68171],[28.25464,51.67805],[28.24399,51.67632],[28.23633,51.6722],[28.23418,51.66872],[28.22707,51.66676],[28.21021,51.66059],[28.19188,51.65255],[28.18535,51.65026],[28.17799,51.64659],[28.17042,51.64376],[28.16853,51.63377],[28.17,51.62788],[28.16891,51.6251],[28.14786,51.60497],[28.13191,51.60797],[28.12662,51.6035],[28.12284,51.6015],[28.11903,51.59735],[28.1189,51.59453],[28.11561,51.58591],[28.11389,51.58378],[28.1065,51.58237],[28.10556,51.57932],[28.08089,51.57428],[28.07276,51.58],[28.06512,51.57538],[28.06169,51.57166],[28.04986,51.56722],[28.04358,51.56623],[27.98538,51.56105],[27.96761,51.55966],[27.94623,51.55717],[27.93934,51.55702],[27.93756,51.55956],[27.95303,51.56902],[27.95571,51.5715],[27.95886,51.57799],[27.96606,51.58096],[27.97485,51.59365],[27.96716,51.59553],[27.96049,51.59208],[27.95749,51.59274],[27.95106,51.58643],[27.9469,51.58072],[27.94218,51.57859],[27.93201,51.57771],[27.91999,51.5777],[27.92421,51.59394],[27.92247,51.60552],[27.91184,51.61633],[27.90727,51.61722],[27.89371,51.61692],[27.88893,51.61971],[27.8854,51.62317],[27.88001,51.62349],[27.86757,51.62748],[27.86066,51.63059],[27.84962,51.62951],[27.8357,51.62487],[27.81946,51.61723],[27.83086,51.61118],[27.83997,51.60774],[27.83565,51.60348],[27.8355,51.60184],[27.82905,51.59665],[27.82874,51.58228],[27.82483,51.57701],[27.8301,51.57362],[27.82819,51.57156],[27.83164,51.56942],[27.83421,51.5629],[27.83805,51.55869],[27.83581,51.55541],[27.83986,51.55496],[27.84268,51.55055],[27.85002,51.54624],[27.84895,51.54257],[27.84418,51.53936],[27.83278,51.53479],[27.80501,51.53301],[27.79921,51.53198],[27.79585,51.52498],[27.79357,51.52435],[27.78246,51.50658],[27.76643,51.49311],[27.76422,51.47771],[27.7618,51.47385],[27.75333,51.47294],[27.73827,51.4749],[27.72038,51.4894],[27.70127,51.49804],[27.69303,51.49772],[27.67153,51.51137],[27.66295,51.5173],[27.66517,51.51095],[27.66904,51.49692],[27.64843,51.50176],[27.64641,51.49775],[27.62331,51.48288],[27.58887,51.47857],[27.57885,51.47848],[27.58249,51.42973],[27.59895,51.43019],[27.59962,51.42203],[27.60478,51.42019],[27.60313,51.41446],[27.61351,51.41014],[27.61414,51.40295],[27.59926,51.40204],[27.58439,51.40165],[27.58372,51.40739],[27.57307,51.41176],[27.56793,51.41564],[27.55356,51.41969],[27.53842,51.42596],[27.53158,51.43005],[27.53311,51.43475],[27.52649,51.44308],[27.53448,51.45295],[27.51714,51.45278],[27.50502,51.45149],[27.50493,51.43507],[27.49921,51.42267],[27.49941,51.41787],[27.49208,51.40808],[27.49483,51.37442],[27.52607,51.36639],[27.52412,51.36014],[27.52762,51.35344],[27.52229,51.34716],[27.52221,51.34174],[27.51279,51.33527],[27.51104,51.3351],[27.49978,51.32225],[27.48992,51.31556],[27.44073,51.31054],[27.44824,51.282],[27.46139,51.26415],[27.45706,51.2636],[27.45111,51.26053],[27.4471,51.25459],[27.45342,51.25221],[27.4527,51.24828],[27.46941,51.24757],[27.47006,51.24453],[27.47345,51.23998],[27.47396,51.23714],[27.46352,51.2363],[27.45809,51.22378],[27.44325,51.22275],[27.41589,51.2018],[27.40041,51.20071],[27.40241,51.18922],[27.40601,51.18786],[27.40396,51.1822],[27.39441,51.17215],[27.39824,51.17023],[27.374,51.15487],[27.38031,51.14775],[27.3709,51.1429],[27.36402,51.14294],[27.36893,51.11227],[27.36453,51.10926],[27.36671,51.09755],[27.36048,51.09584],[27.35387,51.09545],[27.35565,51.08733],[27.34909,51.08717],[27.33609,51.08831],[27.33352,51.08296],[27.32538,51.08113],[27.3223,51.07634],[27.32405,51.06856],[27.31967,51.06123],[27.31738,51.05273],[27.32591,51.04222],[27.27789,51.04026],[27.2766,51.03271],[27.26792,51.03217],[27.21936,51.0301],[27.22017,51.02758],[27.22874,51.02161],[27.22626,51.00792],[27.2157,51.0086],[27.21152,51.00423],[27.19999,51.00018],[27.20324,50.99101],[27.2055,50.98779],[27.21136,50.98218],[27.21579,50.97562],[27.21942,50.9731],[27.22564,50.96238],[27.22534,50.95877],[27.22338,50.95597],[27.22324,50.95207],[27.23399,50.94889],[27.23218,50.94688],[27.23832,50.94536],[27.23396,50.93815],[27.23768,50.93519],[27.2284,50.93287],[27.22414,50.92989],[27.22047,50.93083],[27.21724,50.92553],[27.217,50.91984],[27.22096,50.91571],[27.22131,50.91303],[27.22574,50.91194],[27.23298,50.91207],[27.23672,50.90885],[27.2342,50.9063],[27.24072,50.90237],[27.24791,50.90044],[27.25625,50.89597],[27.2554,50.89368],[27.24993,50.88915],[27.24634,50.88324],[27.25274,50.88172],[27.24419,50.86932],[27.24955,50.85673],[27.23969,50.84914],[27.23613,50.84403],[27.23643,50.84052],[27.23201,50.83905],[27.23874,50.83067],[27.24198,50.82899],[27.24187,50.8258],[27.23934,50.82497],[27.23923,50.81419],[27.23517,50.812],[27.23691,50.80638],[27.2334,50.80152],[27.23217,50.79703],[27.24339,50.79268],[27.24022,50.77783],[27.24358,50.77233],[27.24321,50.76977],[27.25191,50.76853],[27.25937,50.7662],[27.26041,50.76198],[27.26487,50.76378],[27.27051,50.76322],[27.2707,50.75503],[27.26868,50.75111],[27.26454,50.74845],[27.26437,50.74495],[27.26807,50.7358],[27.27226,50.73359],[27.27031,50.72917],[27.2741,50.72627],[27.27573,50.7223],[27.27309,50.71869],[27.27248,50.7123],[27.26652,50.71103],[27.25871,50.70356],[27.25801,50.7019],[27.2612,50.69862],[27.25588,50.69683],[27.25238,50.69377],[27.25431,50.6893],[27.25211,50.68881],[27.24947,50.68466],[27.2446,50.67307],[27.24082,50.67472],[27.2385,50.67268],[27.23107,50.67355],[27.22816,50.67055],[27.22214,50.67281],[27.22027,50.67011],[27.21603,50.67096],[27.20406,50.66635],[27.20128,50.66285],[27.20405,50.65941],[27.20948,50.65894],[27.21267,50.65669],[27.21237,50.6471],[27.2076,50.64352],[27.21372,50.63963],[27.20749,50.63717],[27.2005,50.63264],[27.20024,50.62693],[27.19456,50.62622],[27.19266,50.62748],[27.18645,50.62548],[27.18976,50.62335],[27.18966,50.62094],[27.19792,50.61905],[27.20397,50.61272],[27.21044,50.61032],[27.22482,50.60604],[27.22363,50.59914],[27.2172,50.59297],[27.2152,50.58825],[27.23116,50.56674],[27.21133,50.56536],[27.2109,50.56376],[27.1993,50.56291],[27.19633,50.5621],[27.19648,50.55229],[27.20371,50.54382],[27.20739,50.53184],[27.22587,50.5271],[27.2273,50.52368],[27.2362,50.52098],[27.24615,50.51721],[27.25875,50.51307],[27.26293,50.50943],[27.26112,50.49944],[27.2622,50.49571],[27.26778,50.4918],[27.27843,50.49087],[27.28451,50.49337],[27.29531,50.49384],[27.30132,50.49314],[27.3,50.48738],[27.29119,50.47697],[27.28967,50.4714],[27.29134,50.45818],[27.28943,50.45466],[27.25901,50.42446],[27.24843,50.39279],[27.27468,50.38422],[27.29912,50.37552],[27.30019,50.37647],[27.3119,50.37227],[27.31151,50.37155],[27.32116,50.36761],[27.32062,50.36468],[27.32297,50.36087],[27.32315,50.35401],[27.31981,50.34963],[27.31934,50.34688],[27.31442,50.34265],[27.31281,50.33984],[27.31559,50.33166],[27.32906,50.33336],[27.33647,50.33226],[27.34319,50.33354],[27.3545,50.33142],[27.36324,50.33254],[27.36822,50.32951],[27.38564,50.32159],[27.41639,50.3072],[27.41635,50.30073],[27.42007,50.29957],[27.41615,50.29495],[27.4126,50.29605],[27.40979,50.29158],[27.40418,50.2894],[27.39848,50.29038],[27.39657,50.28837],[27.40476,50.2823],[27.40912,50.28072],[27.41461,50.27564],[27.42185,50.27224],[27.4241,50.27641],[27.44471,50.27539],[27.44262,50.26118],[27.46102,50.25971],[27.46112,50.25777],[27.48093,50.25722],[27.48071,50.25182],[27.48939,50.23932],[27.51658,50.2275],[27.52098,50.22581],[27.52707,50.22529],[27.54335,50.24595],[27.56246,50.24587],[27.56672,50.24801],[27.56689,50.25311],[27.57312,50.2538],[27.57693,50.25865],[27.59744,50.25855],[27.59919,50.24912],[27.60218,50.24281],[27.59873,50.23019],[27.59485,50.23083],[27.59296,50.21567],[27.60207,50.21595],[27.60774,50.21454],[27.61173,50.19515],[27.62092,50.19838],[27.62286,50.19698],[27.62127,50.16949],[27.64201,50.1723],[27.63653,50.18835],[27.65707,50.19295],[27.66218,50.19406],[27.66362,50.18714],[27.66409,50.17478],[27.66216,50.17182],[27.66341,50.1703],[27.67164,50.16557],[27.67867,50.1608],[27.67262,50.15419],[27.66056,50.15284],[27.65178,50.15311],[27.6507,50.14667],[27.64863,50.14401],[27.64084,50.14397],[27.6371,50.14307],[27.63521,50.14596],[27.63109,50.14424],[27.63305,50.14051],[27.63076,50.13743],[27.63113,50.13391],[27.62765,50.134],[27.62592,50.12333],[27.63923,50.11639],[27.63225,50.11547],[27.63185,50.11221],[27.62451,50.11247],[27.6237,50.10409],[27.63032,50.10332],[27.61545,50.08622],[27.65958,50.07889],[27.66874,50.07753],[27.66818,50.07416],[27.67186,50.07323],[27.6702,50.07076],[27.67474,50.06898],[27.67844,50.06358],[27.67462,50.0557],[27.67894,50.05311],[27.68217,50.04721],[27.67938,50.0451],[27.67783,50.04109],[27.68026,50.03964],[27.68137,50.03458],[27.67592,50.03255],[27.67466,50.02967],[27.67022,50.02527],[27.65802,50.02576],[27.65871,50.03224],[27.65046,50.03424],[27.64417,50.03699],[27.64133,50.03623],[27.61661,50.01176],[27.61171,50.00564],[27.59913,50.01075],[27.59263,50.01385],[27.58035,50.01781],[27.57106,50.01969],[27.56765,50.01833],[27.56302,50.01858],[27.56179,50.01492],[27.55716,50.012],[27.55385,50.01125],[27.54646,50.0116],[27.54707,50.00208],[27.54879,49.99627],[27.55427,49.98767],[27.56153,49.98379],[27.56355,49.96828],[27.5663,49.9591],[27.57145,49.95571],[27.57556,49.9485],[27.56798,49.94653],[27.55675,49.94524],[27.55718,49.9356],[27.5477,49.93484],[27.54938,49.90831],[27.54676,49.90347],[27.54983,49.90054],[27.56296,49.90161],[27.56195,49.90704],[27.5632,49.90958],[27.56805,49.90989],[27.57429,49.9081],[27.57669,49.90428],[27.58447,49.90127],[27.58793,49.89776],[27.59502,49.89575],[27.5958,49.89018],[27.60048,49.89089],[27.60775,49.8905],[27.61911,49.89386],[27.62529,49.89233],[27.61004,49.87579],[27.61591,49.87284],[27.61492,49.86443],[27.62245,49.86058],[27.61876,49.8554],[27.62157,49.85231],[27.62724,49.85058],[27.62658,49.84652],[27.62262,49.84512],[27.62205,49.83797],[27.62623,49.83571],[27.63582,49.82703],[27.63928,49.82458],[27.63896,49.81973],[27.6438,49.81629],[27.6416,49.81226],[27.64397,49.81124],[27.64637,49.80684],[27.65059,49.80631],[27.65359,49.80228],[27.65838,49.80122],[27.66059,49.79936],[27.65794,49.79746],[27.66325,49.79555],[27.66798,49.80708],[27.68029,49.80546],[27.69188,49.80204],[27.69719,49.80903],[27.70176,49.80798],[27.71002,49.80743],[27.71647,49.80618],[27.72701,49.79962],[27.72267,49.79225],[27.72367,49.79047],[27.71561,49.78342],[27.71006,49.78175],[27.7068,49.77894],[27.70363,49.76901],[27.72393,49.76462],[27.73188,49.76358],[27.73287,49.76236],[27.74401,49.75768],[27.74934,49.75653],[27.75734,49.75027],[27.75659,49.74727],[27.76033,49.74436],[27.76854,49.73982],[27.77334,49.73422],[27.77533,49.73415],[27.78043,49.72871],[27.79305,49.72742],[27.80287,49.72849],[27.80622,49.72731],[27.81759,49.73418],[27.81724,49.74294],[27.83534,49.74482],[27.83589,49.75551],[27.84366,49.75342],[27.85018,49.75319],[27.86569,49.75492],[27.8767,49.75492],[27.89335,49.75777],[27.89318,49.7624],[27.89919,49.76709],[27.91342,49.76727],[27.91889,49.76693],[27.93276,49.76839],[27.94157,49.77091],[27.95435,49.77712],[27.96217,49.77863],[27.9688,49.77877],[27.98086,49.78016],[27.99022,49.77919],[28.00398,49.77649],[28.00967,49.77585],[28.01815,49.77124],[28.03415,49.77048],[28.04446,49.77048],[28.06019,49.77202],[28.09753,49.77185],[28.11115,49.77396],[28.12145,49.779],[28.13508,49.78173],[28.14499,49.78485],[28.14642,49.7869],[28.15459,49.78881],[28.15544,49.78618],[28.16688,49.78736],[28.17888,49.78805],[28.18896,49.78931],[28.20103,49.78968],[28.21312,49.7917],[28.22002,49.79002],[28.21712,49.7849],[28.22565,49.78493],[28.22458,49.78763],[28.2284,49.79487],[28.24467,49.79746],[28.24381,49.81381],[28.25092,49.81479],[28.26189,49.81033],[28.26271,49.79938],[28.28784,49.79781],[28.2965,49.80041],[28.29739,49.80141],[28.32595,49.79653],[28.34887,49.79239],[28.37955,49.78055],[28.38772,49.78341],[28.40691,49.79186],[28.41206,49.80773],[28.41164,49.81034],[28.41846,49.81128],[28.41637,49.8141],[28.4219,49.8248],[28.42426,49.82327],[28.43193,49.82086],[28.43923,49.82209],[28.44421,49.82099],[28.45531,49.82148],[28.46951,49.82092],[28.47303,49.81264],[28.47952,49.81048],[28.48195,49.80706],[28.49682,49.81178],[28.51637,49.81622],[28.52842,49.8204],[28.52778,49.81648],[28.52964,49.81406],[28.54169,49.80643],[28.54928,49.79567],[28.55878,49.78632],[28.56281,49.78705],[28.56973,49.77389],[28.57656,49.7752],[28.59973,49.78128],[28.60144,49.7829],[28.60217,49.81003],[28.60636,49.81085],[28.61177,49.81052],[28.62204,49.81427],[28.62896,49.81285],[28.63332,49.81302],[28.63559,49.81007],[28.63963,49.80941],[28.63569,49.81696],[28.66393,49.80913],[28.68995,49.79951],[28.68736,49.80451],[28.69217,49.80629],[28.70622,49.80954],[28.7089,49.80517],[28.71883,49.80763],[28.72077,49.80483],[28.72382,49.80508],[28.72628,49.79682],[28.73405,49.79838],[28.73484,49.80246],[28.74584,49.81733],[28.75489,49.81863],[28.75896,49.81833],[28.75885,49.82325],[28.75058,49.82271],[28.75071,49.84449],[28.76879,49.8438],[28.78483,49.84267],[28.78402,49.85149],[28.81389,49.85278],[28.81436,49.85872],[28.8211,49.85871],[28.84409,49.86],[28.85722,49.88851],[28.8693,49.88905],[28.88087,49.88828],[28.88189,49.88546],[28.88804,49.88366],[28.89881,49.88156],[28.8956,49.87302],[28.9045,49.8713],[28.91001,49.86651],[28.90299,49.86336],[28.90749,49.86063],[28.93869,49.85278],[28.93789,49.85143],[28.94274,49.84655],[28.95362,49.83988],[28.95149,49.83647],[28.94531,49.82119],[28.94513,49.81949],[28.95269,49.82018],[28.9561,49.82126],[28.96057,49.82091],[28.96127,49.8092],[28.97013,49.80363],[28.96475,49.7988],[28.94278,49.78315],[28.95753,49.77842],[28.96576,49.77645],[28.96382,49.75486],[28.96516,49.7546],[29.00156,49.73985],[29.00208,49.73644],[29.00513,49.72929],[29.00472,49.72655],[28.9957,49.72739],[28.99426,49.72168],[28.99073,49.71892],[28.99487,49.71658],[28.98582,49.70872],[28.97589,49.69823],[28.96414,49.69941],[28.963,49.69399],[28.96133,49.69209],[28.95741,49.68419],[28.94669,49.68307],[28.94567,49.67902],[28.94897,49.67424],[28.96352,49.67279],[28.97352,49.66196],[28.9854,49.65005],[28.97951,49.64912],[28.98246,49.64465],[28.98892,49.64563],[29.01007,49.63253],[29.00405,49.6285],[28.99781,49.61928],[28.98818,49.60925],[28.98511,49.60359],[28.98577,49.60266],[28.9932,49.59742],[29.00864,49.5936],[29.0268,49.59041],[29.04164,49.59259],[29.04559,49.59399],[29.0521,49.59433],[29.06013,49.59236],[29.06815,49.59385],[29.07399,49.59264],[29.08268,49.59226],[29.09064,49.59415],[29.09442,49.59273],[29.10493,49.59322],[29.11652,49.58354],[29.12139,49.5867],[29.13539,49.59073],[29.14657,49.59261],[29.15279,49.59297],[29.15579,49.59082],[29.16357,49.59144],[29.18141,49.58751],[29.18921,49.58721],[29.19708,49.59033],[29.20299,49.59413],[29.21289,49.5877],[29.22226,49.59095],[29.22385,49.59368],[29.24149,49.60353],[29.25051,49.59421],[29.25268,49.58999],[29.27561,49.59],[29.2756,49.62708],[29.29235,49.62646],[29.30132,49.62656],[29.32773,49.62805],[29.33918,49.61618],[29.33989,49.6143],[29.35428,49.62782],[29.35851,49.62744],[29.36233,49.62401],[29.37119,49.61899],[29.37521,49.62041],[29.38002,49.61969],[29.39303,49.64298],[29.39644,49.64479],[29.39626,49.64788],[29.40974,49.65921],[29.41824,49.65478],[29.42703,49.6519],[29.42673,49.65375],[29.43134,49.66197],[29.4529,49.65659],[29.48252,49.64952],[29.48507,49.65416],[29.50525,49.64922]]]},"properties":{"oblast":"zhytomyr_oblast","id":"zhytomyr_oblast","name":"Житомирська область"}},{"type":"Feature","geometry":{"type":"Polygon","coordinates":[[[23.26698,48.10031],[23.26784,48.10017],[23.26893,48.09066],[23.2687,48.08699],[23.27117,48.08417],[23.28084,48.0819],[23.28778,48.075],[23.29204,48.07236],[23.28955,48.07053],[23.28563,48.07049],[23.28271,48.06643],[23.28177,48.06252],[23.2768,48.06029],[23.27856,48.05685],[23.28415,48.05029],[23.2878,48.04977],[23.28735,48.04722],[23.29362,48.0444],[23.3005,48.04407],[23.30252,48.04208],[23.31447,48.04471],[23.3223,48.04007],[23.32518,48.03589],[23.33189,48.03815],[23.33774,48.03611],[23.33089,48.03234],[23.33106,48.03013],[23.32863,48.02581],[23.33214,48.0205],[23.33419,48.02127],[23.33866,48.01798],[23.34311,48.01834],[23.34896,48.02059],[23.35213,48.01957],[23.35733,48.01413],[23.36231,48.01414],[23.3663,48.01075],[23.37342,48.00975],[23.37647,48.00725],[23.37588,48.00342],[23.37871,48.00293],[23.38436,48.0042],[23.38836,48.00409],[23.3948,48.0006],[23.39934,48.00101],[23.40344,47.9986],[23.40164,47.9949],[23.40486,47.9918],[23.41173,47.98954],[23.41653,47.98675],[23.4229,47.98876],[23.42771,47.98859],[23.43358,47.99037],[23.43722,47.98428],[23.43672,47.98277],[23.44642,47.98092],[23.45002,47.97615],[23.45424,47.97607],[23.4616,47.9737],[23.47487,47.97403],[23.48067,47.97317],[23.48833,47.97062],[23.48904,47.96903],[23.49362,47.96771],[23.50147,47.96887],[23.50478,47.97192],[23.50267,47.97428],[23.50532,47.98053],[23.51026,47.98343],[23.51707,47.99257],[23.52067,47.99415],[23.52115,47.99963],[23.5237,48.00404],[23.52553,48.00495],[23.52569,48.01234],[23.52898,48.01969],[23.53395,48.01791],[23.54091,48.0097],[23.54502,48.00877],[23.55394,48.00837],[23.56646,48.0029],[23.57211,48.00336],[23.57867,48.00509],[23.58442,48.00397],[23.58817,48.00498],[23.59065,48.00757],[23.5938,48.00839],[23.602,48.00622],[23.61001,48.00806],[23.61703,48.00824],[23.62087,48.00395],[23.62305,48.0031],[23.63081,48.00318],[23.63605,48.00235],[23.64307,47.99791],[23.64584,47.9914],[23.64971,47.98982],[23.65741,47.98833],[23.6669,47.98381],[23.67156,47.9844],[23.67433,47.98622],[23.68834,47.98734],[23.69432,47.98994],[23.70986,47.99403],[23.71301,47.99282],[23.71428,47.98941],[23.71795,47.98855],[23.72037,47.99295],[23.72525,47.99433],[23.72908,47.99348],[23.73958,47.99475],[23.74303,47.99628],[23.74892,47.99557],[23.75488,47.99606],[23.75667,47.99295],[23.76196,47.99323],[23.76863,47.99584],[23.77592,47.9944],[23.78121,47.99165],[23.79036,47.98572],[23.7978,47.98591],[23.80408,47.98505],[23.81497,47.98249],[23.8201,47.98184],[23.82157,47.97944],[23.81769,47.97615],[23.82105,47.97332],[23.82706,47.971],[23.83358,47.9663],[23.83213,47.96166],[23.83302,47.95668],[23.83771,47.95576],[23.83802,47.95185],[23.84369,47.9484],[23.84266,47.94269],[23.84959,47.93868],[23.85264,47.93469],[23.85751,47.93442],[23.86036,47.93286],[23.86551,47.93202],[23.86933,47.93336],[23.8769,47.93938],[23.87839,47.94162],[23.88457,47.94357],[23.89151,47.94245],[23.90369,47.94578],[23.9136,47.94685],[23.91702,47.94553],[23.92235,47.94551],[23.93211,47.94869],[23.93635,47.9472],[23.94131,47.94831],[23.94551,47.95189],[23.94841,47.95717],[23.94799,47.96019],[23.94963,47.96267],[23.95556,47.96457],[23.95878,47.96495],[23.96186,47.96258],[23.96647,47.96272],[23.97295,47.96755],[23.97844,47.96633],[23.98058,47.95906],[23.98984,47.9612],[23.99483,47.96137],[23.99903,47.96263],[24.00683,47.96736],[24.01147,47.96611],[24.02232,47.95924],[24.02777,47.95477],[24.03062,47.95031],[24.03303,47.94901],[24.04124,47.95148],[24.05068,47.95328],[24.05859,47.95353],[24.06485,47.95241],[24.07093,47.94722],[24.08101,47.94385],[24.09882,47.93551],[24.09893,47.9315],[24.10041,47.92768],[24.10522,47.92295],[24.10917,47.91696],[24.11163,47.91505],[24.11723,47.91466],[24.12212,47.91551],[24.13204,47.91539],[24.13827,47.9122],[24.14195,47.91197],[24.15131,47.9169],[24.15591,47.91677],[24.16187,47.9154],[24.16523,47.92037],[24.16832,47.9187],[24.17751,47.91673],[24.18146,47.91488],[24.19083,47.91533],[24.19577,47.91619],[24.20036,47.91347],[24.20124,47.9113],[24.20885,47.90894],[24.21355,47.90622],[24.2174,47.90279],[24.21836,47.89763],[24.22365,47.8977],[24.22802,47.89655],[24.23114,47.89817],[24.24005,47.89952],[24.245,47.90134],[24.25571,47.90681],[24.26551,47.90739],[24.26942,47.90634],[24.27971,47.9058],[24.28193,47.90746],[24.29429,47.91133],[24.29789,47.9112],[24.30377,47.9171],[24.30929,47.91818],[24.3158,47.92303],[24.32023,47.92333],[24.32487,47.92585],[24.32776,47.92263],[24.33488,47.91779],[24.33864,47.91822],[24.34449,47.91454],[24.35018,47.91535],[24.35674,47.91857],[24.36086,47.91972],[24.36855,47.92324],[24.3811,47.9264],[24.38038,47.93391],[24.38321,47.93988],[24.38564,47.94079],[24.39216,47.9484],[24.39222,47.95275],[24.3977,47.95594],[24.40124,47.95578],[24.40965,47.96013],[24.41574,47.95966],[24.42892,47.96763],[24.43583,47.97034],[24.44715,47.96386],[24.46486,47.9617],[24.47228,47.9631],[24.47517,47.96112],[24.48088,47.9596],[24.48743,47.95584],[24.4944,47.95543],[24.50205,47.95229],[24.51233,47.95184],[24.51353,47.95369],[24.52755,47.96161],[24.53113,47.9607],[24.53697,47.96199],[24.5497,47.96001],[24.55252,47.95868],[24.55614,47.96118],[24.55623,47.96393],[24.56272,47.96846],[24.56363,47.97137],[24.56288,47.97577],[24.56657,47.98161],[24.56618,47.98815],[24.56786,47.9917],[24.56788,47.99675],[24.57318,47.9989],[24.57055,48.00405],[24.57372,48.0096],[24.57454,48.01429],[24.57974,48.02021],[24.58831,48.02509],[24.59563,48.03419],[24.60015,48.03659],[24.60873,48.03612],[24.61264,48.0372],[24.6154,48.04115],[24.62354,48.04598],[24.62709,48.04718],[24.62569,48.05301],[24.62149,48.05905],[24.61936,48.06528],[24.61521,48.06684],[24.61064,48.07066],[24.60725,48.07501],[24.60393,48.0771],[24.60002,48.08511],[24.59523,48.09025],[24.58683,48.09182],[24.58309,48.09421],[24.58046,48.09756],[24.57265,48.1023],[24.56754,48.10444],[24.5597,48.10518],[24.5573,48.10674],[24.55882,48.11067],[24.55465,48.11797],[24.54848,48.1198],[24.54074,48.12065],[24.53072,48.12415],[24.532,48.13069],[24.5315,48.13376],[24.52459,48.13986],[24.52353,48.1438],[24.51558,48.14757],[24.51205,48.15034],[24.50443,48.1528],[24.50024,48.15972],[24.50409,48.16439],[24.50576,48.16806],[24.51747,48.17274],[24.52027,48.17675],[24.51096,48.18572],[24.51603,48.18772],[24.52572,48.19549],[24.52091,48.20088],[24.5252,48.20262],[24.52879,48.21044],[24.534,48.21338],[24.54073,48.21416],[24.54543,48.21593],[24.53831,48.22557],[24.52183,48.23575],[24.51263,48.23837],[24.50783,48.23879],[24.49732,48.24229],[24.48478,48.24395],[24.4835,48.24692],[24.48495,48.25114],[24.48681,48.25257],[24.48749,48.26013],[24.48864,48.26217],[24.48798,48.26765],[24.48668,48.26907],[24.48996,48.27176],[24.49005,48.27494],[24.48819,48.27987],[24.48368,48.28303],[24.47836,48.28266],[24.47052,48.28815],[24.46842,48.29049],[24.45951,48.29256],[24.46012,48.29573],[24.45718,48.29842],[24.45114,48.29934],[24.44535,48.30261],[24.43963,48.30793],[24.44007,48.31136],[24.43644,48.31396],[24.43112,48.3133],[24.42872,48.3149],[24.42784,48.31813],[24.42524,48.31919],[24.42321,48.3231],[24.41966,48.32375],[24.41558,48.32759],[24.4176,48.33093],[24.40449,48.33392],[24.4018,48.3355],[24.39825,48.33385],[24.39231,48.33568],[24.39154,48.33966],[24.38901,48.34179],[24.38585,48.34198],[24.38508,48.34475],[24.38069,48.34564],[24.37187,48.34996],[24.367,48.34896],[24.35779,48.35203],[24.35217,48.36042],[24.35177,48.36499],[24.35396,48.37023],[24.35838,48.37326],[24.35389,48.37889],[24.34977,48.38164],[24.34492,48.38139],[24.34287,48.38544],[24.33661,48.3862],[24.33102,48.38914],[24.32391,48.3888],[24.31856,48.39001],[24.31627,48.39295],[24.31248,48.39365],[24.30432,48.39691],[24.29471,48.39793],[24.2887,48.40083],[24.28366,48.40112],[24.28536,48.39679],[24.28114,48.3917],[24.28294,48.38804],[24.28677,48.38529],[24.28771,48.37977],[24.28312,48.37819],[24.2821,48.37439],[24.27485,48.37166],[24.27308,48.36862],[24.27473,48.36592],[24.26942,48.36285],[24.26714,48.36035],[24.26799,48.35737],[24.26583,48.35469],[24.262,48.35336],[24.25803,48.34971],[24.25166,48.35247],[24.24835,48.35656],[24.24064,48.35854],[24.23746,48.35837],[24.2266,48.35585],[24.21815,48.35952],[24.20995,48.36534],[24.20328,48.36334],[24.19812,48.36417],[24.19185,48.36645],[24.18439,48.364],[24.18014,48.36447],[24.17837,48.36672],[24.17954,48.37533],[24.17307,48.37508],[24.16771,48.37668],[24.1649,48.38304],[24.15157,48.38644],[24.14783,48.39038],[24.14946,48.39602],[24.15206,48.40127],[24.14619,48.40587],[24.14071,48.40821],[24.14542,48.4208],[24.14278,48.43035],[24.14542,48.43453],[24.14184,48.43607],[24.13436,48.43736],[24.1316,48.4396],[24.12993,48.44373],[24.12711,48.44734],[24.12917,48.45023],[24.12512,48.45388],[24.12897,48.45857],[24.12484,48.46217],[24.1263,48.47055],[24.13041,48.47298],[24.14024,48.48086],[24.13549,48.48469],[24.129,48.48822],[24.12549,48.49171],[24.11542,48.49586],[24.11466,48.4997],[24.12058,48.5049],[24.12222,48.50796],[24.12322,48.5133],[24.12882,48.51765],[24.13219,48.52288],[24.13282,48.52702],[24.13152,48.52902],[24.12546,48.53295],[24.12264,48.53399],[24.11432,48.53465],[24.11001,48.53335],[24.10689,48.52936],[24.10102,48.52497],[24.09659,48.52463],[24.08857,48.52715],[24.08828,48.52021],[24.07917,48.51636],[24.0761,48.51267],[24.07084,48.51636],[24.06716,48.51759],[24.05715,48.51373],[24.04631,48.51207],[24.04218,48.50914],[24.03932,48.50412],[24.03178,48.50075],[24.02543,48.50278],[24.02367,48.50475],[24.01583,48.50504],[24.00806,48.50332],[24.00283,48.5065],[23.99416,48.50187],[23.99353,48.4988],[23.99078,48.49669],[23.98849,48.48998],[23.98299,48.48418],[23.98093,48.47996],[23.97327,48.47701],[23.97621,48.47167],[23.98033,48.46888],[23.97897,48.46427],[23.97119,48.46155],[23.96379,48.45796],[23.95218,48.45968],[23.94528,48.46272],[23.94032,48.46232],[23.93807,48.46341],[23.9257,48.46511],[23.91942,48.46903],[23.91516,48.47048],[23.91226,48.47282],[23.9075,48.4819],[23.90781,48.48402],[23.91498,48.4873],[23.91318,48.4888],[23.91928,48.49353],[23.91765,48.49929],[23.9181,48.50359],[23.91636,48.50574],[23.91906,48.50962],[23.92439,48.51237],[23.92409,48.51572],[23.91958,48.52095],[23.92155,48.52279],[23.91788,48.52678],[23.91989,48.52944],[23.91515,48.53196],[23.91506,48.535],[23.91783,48.53648],[23.91923,48.54313],[23.92676,48.5472],[23.92889,48.55232],[23.91713,48.55403],[23.91289,48.55532],[23.91106,48.55861],[23.90679,48.56297],[23.90269,48.55982],[23.89327,48.55498],[23.88474,48.55452],[23.88138,48.55325],[23.87776,48.55476],[23.86887,48.55643],[23.86008,48.55269],[23.85739,48.55274],[23.84857,48.55808],[23.84,48.56427],[23.83252,48.56752],[23.83494,48.57262],[23.83359,48.5756],[23.83547,48.57943],[23.81804,48.57943],[23.80863,48.58097],[23.80399,48.58065],[23.80228,48.58545],[23.7959,48.5883],[23.79117,48.5933],[23.79171,48.59541],[23.7958,48.59871],[23.79633,48.60074],[23.79029,48.60242],[23.78662,48.60582],[23.78642,48.61094],[23.78761,48.61321],[23.7941,48.61541],[23.79368,48.6175],[23.79632,48.62051],[23.79478,48.62294],[23.79582,48.626],[23.79422,48.62937],[23.79742,48.63263],[23.79347,48.63695],[23.78812,48.64084],[23.78275,48.6414],[23.77824,48.6435],[23.77217,48.64098],[23.76925,48.64222],[23.76576,48.64585],[23.75486,48.64401],[23.75118,48.64577],[23.74608,48.64658],[23.74208,48.64595],[23.74121,48.64365],[23.73279,48.63804],[23.71926,48.63859],[23.71548,48.6377],[23.70511,48.63912],[23.69817,48.64357],[23.68806,48.64676],[23.68427,48.65011],[23.68215,48.65538],[23.67624,48.66052],[23.67504,48.66441],[23.67026,48.66707],[23.6665,48.66634],[23.66337,48.66768],[23.66116,48.67282],[23.65698,48.67368],[23.65073,48.67908],[23.64536,48.68062],[23.64387,48.68242],[23.63727,48.68438],[23.6396,48.68919],[23.63931,48.69123],[23.63579,48.6941],[23.63823,48.69832],[23.63015,48.7044],[23.62599,48.70653],[23.61749,48.70645],[23.61392,48.70392],[23.6081,48.70602],[23.59854,48.70526],[23.59641,48.70677],[23.59674,48.70985],[23.59388,48.71188],[23.5923,48.71785],[23.58579,48.71836],[23.57595,48.72317],[23.56937,48.72482],[23.56594,48.72438],[23.55883,48.72513],[23.55316,48.72407],[23.54821,48.72512],[23.54057,48.72346],[23.5369,48.7249],[23.52481,48.7275],[23.51625,48.73181],[23.51174,48.73475],[23.50287,48.73044],[23.4999,48.72766],[23.49647,48.72654],[23.4919,48.72256],[23.48408,48.72139],[23.47866,48.72136],[23.47187,48.7183],[23.46844,48.7199],[23.46675,48.72379],[23.45878,48.72428],[23.45436,48.72585],[23.4353,48.72559],[23.43027,48.7265],[23.42519,48.72974],[23.41539,48.73244],[23.40975,48.73572],[23.40423,48.73358],[23.39682,48.73294],[23.39485,48.73397],[23.39101,48.73975],[23.38519,48.7419],[23.38091,48.74191],[23.37803,48.74379],[23.37551,48.74915],[23.37599,48.7516],[23.37431,48.75899],[23.3692,48.76552],[23.3605,48.77209],[23.35534,48.76673],[23.35358,48.76345],[23.34257,48.75916],[23.3396,48.75648],[23.32573,48.75369],[23.3173,48.75354],[23.31665,48.75636],[23.31284,48.76],[23.30757,48.76131],[23.3021,48.76549],[23.29586,48.7669],[23.29052,48.77353],[23.28541,48.77583],[23.28087,48.77473],[23.27909,48.76702],[23.27236,48.7659],[23.26777,48.76165],[23.25934,48.76078],[23.25328,48.76274],[23.24762,48.75978],[23.23996,48.75865],[23.23081,48.76097],[23.22472,48.76345],[23.21665,48.76069],[23.21036,48.76103],[23.20197,48.76027],[23.1985,48.76296],[23.19826,48.76516],[23.19214,48.7738],[23.19238,48.77707],[23.18736,48.78424],[23.18326,48.78681],[23.17889,48.79271],[23.17895,48.80073],[23.17744,48.80635],[23.17204,48.80812],[23.168,48.81683],[23.16421,48.81889],[23.15893,48.8256],[23.15328,48.83055],[23.14724,48.83342],[23.13361,48.83408],[23.13072,48.84027],[23.13374,48.84301],[23.13598,48.84558],[23.13073,48.85256],[23.12429,48.85125],[23.12192,48.8545],[23.11654,48.85517],[23.11412,48.85679],[23.10401,48.85854],[23.0981,48.86289],[23.08781,48.86086],[23.08612,48.8593],[23.08488,48.8546],[23.07924,48.85438],[23.07655,48.8531],[23.06996,48.8549],[23.06275,48.85145],[23.05761,48.84669],[23.05147,48.8503],[23.04446,48.85127],[23.03976,48.8505],[23.02991,48.84659],[23.02012,48.84718],[23.01579,48.84445],[23.0126,48.84111],[23.01069,48.83655],[23.00101,48.82951],[22.99103,48.83543],[22.98652,48.83616],[22.97474,48.84485],[22.97165,48.85172],[22.97213,48.85948],[22.97011,48.86154],[22.97008,48.87467],[22.96283,48.87767],[22.95634,48.87815],[22.94718,48.88168],[22.93919,48.88413],[22.92952,48.88786],[22.92834,48.88989],[22.91892,48.89506],[22.91458,48.89611],[22.90822,48.89989],[22.90383,48.90127],[22.8966,48.90554],[22.89134,48.911],[22.89003,48.91632],[22.88604,48.92474],[22.87769,48.93268],[22.87625,48.93762],[22.87331,48.94084],[22.87233,48.94561],[22.87422,48.94814],[22.8725,48.95524],[22.87459,48.95784],[22.88004,48.96036],[22.88418,48.96115],[22.88675,48.96309],[22.89386,48.96511],[22.89945,48.96951],[22.90197,48.96946],[22.90504,48.96646],[22.91199,48.96563],[22.91546,48.96701],[22.919,48.97064],[22.91566,48.97617],[22.91811,48.98139],[22.9151,48.98498],[22.91414,48.98909],[22.90651,48.99527],[22.89792,49.00486],[22.87847,48.99996],[22.87341,49.00105],[22.86877,49.00355],[22.85957,49.00201],[22.85249,49.00311],[22.84698,49.00237],[22.84417,49.00466],[22.8437,49.01058],[22.8384,49.0211],[22.83563,49.02231],[22.83346,49.02594],[22.82825,49.02478],[22.82432,49.02274],[22.81945,49.02453],[22.81308,49.02515],[22.80969,49.0311],[22.80949,49.03438],[22.80011,49.03646],[22.7947,49.03938],[22.78629,49.04627],[22.77184,49.05206],[22.7656,49.05338],[22.76174,49.05198],[22.76011,49.04719],[22.75499,49.04276],[22.75202,49.04265],[22.74825,49.04558],[22.74382,49.04535],[22.73797,49.04853],[22.72725,49.04825],[22.7241,49.05117],[22.71772,49.05295],[22.71457,49.05146],[22.69923,49.04969],[22.69437,49.04541],[22.68325,49.03885],[22.67465,49.04129],[22.66775,49.0478],[22.65975,49.04713],[22.65162,49.05074],[22.64695,49.05495],[22.64595,49.05765],[22.63963,49.05972],[22.63802,49.06138],[22.63165,49.07185],[22.6311,49.07572],[22.62564,49.08018],[22.61825,49.08119],[22.61317,49.08413],[22.60506,49.08454],[22.59976,49.09346],[22.58242,49.09728],[22.57298,49.09184],[22.56978,49.09083],[22.56549,49.08763],[22.56555,49.08372],[22.5624,49.08095],[22.55313,49.07948],[22.55117,49.06143],[22.55096,49.03594],[22.55117,49.03007],[22.54796,49.0252],[22.5436,49.0228],[22.53801,49.0212],[22.53893,49.01816],[22.54545,49.00675],[22.52689,49.00097],[22.52213,48.99705],[22.51384,48.9966],[22.50532,48.99989],[22.49496,48.99829],[22.49063,48.99413],[22.48621,48.99305],[22.47975,48.99277],[22.47727,48.99114],[22.47737,48.98402],[22.474,48.97512],[22.46614,48.97292],[22.42813,48.9316],[22.42474,48.92922],[22.42624,48.9243],[22.4311,48.9219],[22.43115,48.91864],[22.42587,48.91429],[22.42439,48.91167],[22.42241,48.90115],[22.42102,48.88452],[22.4191,48.88331],[22.39449,48.87699],[22.39423,48.87316],[22.39064,48.87067],[22.38651,48.86955],[22.38349,48.86527],[22.38121,48.86],[22.38197,48.85592],[22.3791,48.84106],[22.37987,48.83884],[22.37606,48.83637],[22.37574,48.83405],[22.38151,48.82568],[22.3836,48.82443],[22.38563,48.8108],[22.38483,48.80715],[22.38754,48.79999],[22.3807,48.79641],[22.37601,48.79007],[22.37697,48.78836],[22.3733,48.7824],[22.36626,48.78047],[22.36221,48.7782],[22.35782,48.77299],[22.35021,48.77156],[22.34551,48.7661],[22.3455,48.75716],[22.34245,48.75054],[22.34984,48.74905],[22.35373,48.7431],[22.36011,48.74177],[22.36173,48.73017],[22.36006,48.72609],[22.35689,48.72559],[22.3505,48.7202],[22.35361,48.71776],[22.34549,48.70583],[22.34572,48.69844],[22.3396,48.68401],[22.33201,48.68266],[22.32491,48.68295],[22.31857,48.68159],[22.31637,48.67988],[22.30968,48.67881],[22.30701,48.67677],[22.30247,48.67634],[22.30131,48.67315],[22.29073,48.66928],[22.28923,48.66625],[22.28222,48.66152],[22.25573,48.64845],[22.25022,48.64736],[22.24954,48.63935],[22.24043,48.62767],[22.23105,48.62224],[22.22977,48.62062],[22.21577,48.6213],[22.20841,48.61738],[22.20333,48.61129],[22.19565,48.60905],[22.19027,48.61002],[22.18906,48.60656],[22.18562,48.60211],[22.18341,48.60195],[22.1713,48.58749],[22.16091,48.56724],[22.15822,48.527],[22.15551,48.51495],[22.15309,48.51278],[22.15449,48.50976],[22.15029,48.49021],[22.14147,48.45264],[22.13762,48.43269],[22.14018,48.42861],[22.13753,48.42468],[22.13711,48.41677],[22.13815,48.41451],[22.14256,48.41124],[22.14155,48.40615],[22.14404,48.40354],[22.15522,48.40387],[22.15541,48.40832],[22.15745,48.41005],[22.16335,48.41218],[22.1717,48.41346],[22.18288,48.41443],[22.18862,48.41663],[22.19956,48.42351],[22.20706,48.42567],[22.2157,48.42437],[22.2197,48.42014],[22.22779,48.41335],[22.23357,48.41089],[22.23993,48.40959],[22.25949,48.41105],[22.26502,48.40994],[22.26552,48.40779],[22.26185,48.40018],[22.25452,48.39186],[22.24862,48.39012],[22.24145,48.38902],[22.24064,48.38568],[22.2479,48.38266],[22.25367,48.37819],[22.25821,48.37089],[22.26736,48.36088],[22.29433,48.3561],[22.29967,48.35345],[22.31769,48.354],[22.31982,48.35002],[22.31698,48.34444],[22.31989,48.339],[22.31652,48.33054],[22.31333,48.32747],[22.31318,48.32507],[22.31938,48.32202],[22.31815,48.3178],[22.3237,48.31278],[22.3316,48.30894],[22.33639,48.30808],[22.33763,48.30115],[22.34013,48.29578],[22.33731,48.29264],[22.33712,48.29019],[22.3406,48.28306],[22.33852,48.27895],[22.34925,48.27118],[22.35067,48.27201],[22.35974,48.26538],[22.36558,48.25695],[22.36606,48.25219],[22.37062,48.24636],[22.36926,48.24498],[22.38446,48.23415],[22.38699,48.23873],[22.39389,48.24101],[22.39654,48.24539],[22.40064,48.249],[22.41953,48.25065],[22.41917,48.24879],[22.43251,48.24679],[22.43024,48.25076],[22.43261,48.25231],[22.43697,48.24982],[22.4402,48.25002],[22.44775,48.24395],[22.45533,48.24355],[22.45718,48.24139],[22.46465,48.24335],[22.46847,48.24323],[22.47115,48.24677],[22.48353,48.25211],[22.48954,48.25283],[22.50214,48.24844],[22.50354,48.24535],[22.49722,48.2395],[22.5154,48.23791],[22.51366,48.2348],[22.51542,48.23252],[22.5127,48.22971],[22.51334,48.22583],[22.52129,48.22059],[22.52384,48.2159],[22.52988,48.21215],[22.53169,48.20885],[22.53645,48.21033],[22.54436,48.20784],[22.55621,48.19908],[22.55602,48.19841],[22.57038,48.19607],[22.57162,48.19037],[22.56869,48.18511],[22.56208,48.18466],[22.56141,48.18158],[22.56583,48.17891],[22.56729,48.17303],[22.56944,48.17165],[22.57314,48.16525],[22.57466,48.15919],[22.57813,48.15803],[22.58286,48.1596],[22.58589,48.15437],[22.58892,48.1512],[22.59175,48.15251],[22.59815,48.14518],[22.5927,48.1441],[22.58825,48.14165],[22.58882,48.13889],[22.59543,48.13531],[22.59303,48.13237],[22.59188,48.12772],[22.59279,48.12294],[22.59925,48.11628],[22.59218,48.11334],[22.59024,48.10761],[22.59777,48.10718],[22.60181,48.10442],[22.61369,48.10388],[22.61985,48.10589],[22.63023,48.09794],[22.63362,48.09594],[22.64968,48.09471],[22.65965,48.09465],[22.66507,48.09226],[22.67275,48.09169],[22.67921,48.09349],[22.68629,48.09886],[22.69351,48.1017],[22.70276,48.1071],[22.70649,48.11022],[22.71545,48.11133],[22.72055,48.11517],[22.72919,48.11432],[22.73387,48.11906],[22.73847,48.11928],[22.7439,48.11713],[22.75137,48.12004],[22.75666,48.11999],[22.75986,48.1178],[22.76076,48.11297],[22.76355,48.11069],[22.76925,48.10903],[22.77706,48.11058],[22.77826,48.11297],[22.7706,48.11814],[22.77153,48.12105],[22.77854,48.12138],[22.79043,48.11657],[22.79524,48.11838],[22.79955,48.12191],[22.80548,48.12071],[22.80704,48.11836],[22.80222,48.11198],[22.80165,48.10918],[22.80336,48.10673],[22.8064,48.10603],[22.81057,48.10818],[22.81284,48.11519],[22.8157,48.1173],[22.82073,48.11819],[22.82475,48.11707],[22.82859,48.11397],[22.83155,48.10877],[22.83107,48.10536],[22.82807,48.10172],[22.82776,48.09561],[22.83014,48.09315],[22.83402,48.09326],[22.83322,48.08917],[22.83663,48.08381],[22.83635,48.08007],[22.84021,48.07901],[22.84386,48.08288],[22.84834,48.08289],[22.85274,48.07876],[22.85632,48.07817],[22.85802,48.075],[22.86085,48.07434],[22.85891,48.06946],[22.86021,48.06474],[22.86353,48.06167],[22.86135,48.05721],[22.8679,48.05193],[22.87332,48.05153],[22.872,48.05469],[22.88154,48.05472],[22.88039,48.03644],[22.87192,48.02398],[22.86468,48.02193],[22.86493,48.01416],[22.86604,48.01209],[22.85743,48.00903],[22.85153,48.00426],[22.84713,48.00173],[22.84853,47.9988],[22.84474,47.99857],[22.8359,47.99035],[22.84389,47.98456],[22.84474,47.98239],[22.85174,47.98147],[22.85647,47.97878],[22.86017,47.97915],[22.86161,47.97489],[22.87277,47.97412],[22.87146,47.96816],[22.87694,47.96672],[22.87983,47.96337],[22.88575,47.96671],[22.89281,47.96654],[22.89253,47.96057],[22.89122,47.95623],[22.89549,47.95675],[22.89696,47.95403],[22.90544,47.95675],[22.91309,47.95824],[22.91825,47.95841],[22.92349,47.96013],[22.92901,47.95887],[22.93414,47.96125],[22.93677,47.96375],[22.94708,47.96708],[22.94382,47.96959],[22.9424,47.97255],[22.94321,47.97505],[22.93969,47.98424],[22.94007,47.98795],[22.93755,47.99541],[22.93478,47.99914],[22.92847,47.9996],[22.92325,48.00228],[22.92033,48.00682],[22.92221,48.01059],[22.92187,48.01445],[22.92712,48.01909],[22.94412,48.01641],[22.94425,48.01504],[22.95099,48.01279],[22.96115,48.00743],[22.96311,48.01144],[22.97773,48.00988],[22.97686,48.00678],[22.98685,48.0053],[22.99562,48.00114],[22.9967,47.99597],[23.00589,47.99559],[23.01109,47.9938],[23.01357,47.99046],[23.02373,47.99166],[23.02525,47.99453],[23.0306,48.00029],[23.05699,48.00334],[23.06567,48.00766],[23.07458,48.00849],[23.07808,48.00764],[23.08342,48.00467],[23.08943,48.00526],[23.09202,48.00744],[23.09223,48.01039],[23.09561,48.01466],[23.0902,48.01645],[23.08983,48.01927],[23.09271,48.02208],[23.10137,48.02594],[23.10923,48.03521],[23.10916,48.03831],[23.10089,48.04092],[23.09821,48.04423],[23.10976,48.05132],[23.11243,48.05437],[23.10914,48.05748],[23.11071,48.06185],[23.10669,48.06352],[23.10676,48.0669],[23.11364,48.06954],[23.11781,48.07655],[23.12068,48.07594],[23.1234,48.08161],[23.11392,48.0861],[23.11806,48.08769],[23.11868,48.09011],[23.12698,48.09217],[23.13026,48.09557],[23.13638,48.09605],[23.14624,48.09956],[23.15111,48.11263],[23.15678,48.11457],[23.16557,48.11534],[23.16661,48.11994],[23.17186,48.11783],[23.17392,48.12001],[23.17715,48.11968],[23.18121,48.11723],[23.18176,48.11205],[23.18629,48.11165],[23.18804,48.10433],[23.18531,48.10338],[23.18949,48.09968],[23.18916,48.09772],[23.19731,48.09735],[23.20617,48.09551],[23.20826,48.09576],[23.22464,48.09314],[23.23053,48.09312],[23.23544,48.09188],[23.24204,48.09403],[23.24625,48.09199],[23.25152,48.09952],[23.2559,48.10103],[23.26698,48.10031]]]},"properties":{"oblast":"zakarpattia_oblast","id":"zakarpattia_oblast","name":"Закарпатська область"}},{"type":"Feature","geometry":{"type":"Polygon","coordinates":[[[24.56272,47.96846],[24.57534,47.96745],[24.583,47.96503],[24.58419,47.96083],[24.59131,47.95744],[24.59561,47.9544],[24.59862,47.95013],[24.5959,47.94697],[24.60178,47.94532],[24.60512,47.94845],[24.61074,47.95171],[24.61449,47.95086],[24.62362,47.95184],[24.62839,47.94809],[24.63243,47.93992],[24.62992,47.93437],[24.63252,47.93352],[24.63644,47.92958],[24.63537,47.92453],[24.65195,47.91913],[24.65398,47.91375],[24.6526,47.91067],[24.66116,47.90893],[24.66391,47.90525],[24.66757,47.9029],[24.66938,47.89943],[24.67386,47.89646],[24.67274,47.89262],[24.66752,47.88562],[24.66822,47.88098],[24.66621,47.87614],[24.66794,47.87124],[24.67271,47.86377],[24.68121,47.8614],[24.68277,47.8587],[24.68722,47.85641],[24.69331,47.85594],[24.70282,47.85259],[24.70467,47.84909],[24.70433,47.84314],[24.70702,47.84009],[24.71515,47.84016],[24.72025,47.83928],[24.72365,47.84103],[24.72835,47.84105],[24.73454,47.84391],[24.7395,47.84108],[24.74019,47.83774],[24.74598,47.83498],[24.75303,47.82979],[24.75831,47.83706],[24.76527,47.83921],[24.77195,47.83722],[24.77815,47.83729],[24.77889,47.8313],[24.7819,47.82805],[24.78412,47.82344],[24.7893,47.82496],[24.79759,47.82465],[24.80473,47.82234],[24.80837,47.82322],[24.82795,47.82049],[24.82825,47.81806],[24.82327,47.81274],[24.8238,47.81139],[24.8216,47.80615],[24.82921,47.79995],[24.83376,47.79759],[24.83675,47.79345],[24.83763,47.78651],[24.83643,47.77963],[24.85135,47.77461],[24.85509,47.77076],[24.85549,47.76558],[24.8666,47.75972],[24.87857,47.75259],[24.87774,47.74888],[24.88076,47.74596],[24.88079,47.74081],[24.88281,47.73612],[24.88653,47.73381],[24.88322,47.72428],[24.90127,47.7247],[24.92233,47.72681],[24.92074,47.7308],[24.92339,47.73462],[24.92311,47.74104],[24.92787,47.74635],[24.92861,47.75241],[24.9369,47.75831],[24.93621,47.76134],[24.93952,47.76441],[24.93966,47.76904],[24.93846,47.77313],[24.94205,47.77913],[24.94124,47.78052],[24.94667,47.79425],[24.95026,47.79867],[24.95665,47.80065],[24.9576,47.80563],[24.96008,47.80826],[24.96502,47.81113],[24.96433,47.81373],[24.96694,47.81604],[24.97386,47.81927],[24.97346,47.82233],[24.97562,47.82578],[24.98147,47.82557],[24.98623,47.83321],[24.98608,47.8372],[24.98918,47.84083],[24.98971,47.8441],[24.99411,47.84914],[24.99428,47.85197],[24.99683,47.85356],[24.99599,47.85765],[24.99033,47.85704],[24.98562,47.85977],[24.98112,47.85999],[24.98688,47.86535],[24.98484,47.8679],[24.97998,47.86843],[24.9752,47.87069],[24.96924,47.87573],[24.96249,47.8765],[24.95637,47.87937],[24.9565,47.88631],[24.95316,47.88898],[24.94902,47.88955],[24.94864,47.89496],[24.94473,47.89704],[24.94886,47.90299],[24.95504,47.90234],[24.95973,47.90274],[24.96071,47.90491],[24.9601,47.91164],[24.95641,47.91286],[24.95704,47.92001],[24.95206,47.92224],[24.94857,47.92092],[24.94596,47.92291],[24.94492,47.92931],[24.9387,47.93114],[24.93686,47.93451],[24.93256,47.93692],[24.92702,47.93708],[24.92189,47.94221],[24.9192,47.94652],[24.91875,47.94958],[24.92101,47.95309],[24.92656,47.9526],[24.9284,47.9544],[24.9231,47.95584],[24.91957,47.95532],[24.91601,47.96326],[24.92313,47.96346],[24.92228,47.96587],[24.9185,47.96582],[24.91511,47.96805],[24.91658,47.97555],[24.91392,47.97813],[24.91205,47.98706],[24.91021,47.98929],[24.9104,47.99417],[24.90928,47.99801],[24.91387,48.00022],[24.91297,48.00289],[24.92014,48.00907],[24.91877,48.01219],[24.91267,48.01345],[24.91121,48.01795],[24.91147,48.02709],[24.91598,48.02936],[24.92132,48.03071],[24.92114,48.03414],[24.92504,48.03485],[24.93054,48.03878],[24.93682,48.04132],[24.93766,48.0434],[24.94174,48.04506],[24.93907,48.04826],[24.94907,48.05325],[24.95668,48.05947],[24.95898,48.06059],[24.96297,48.06643],[24.97029,48.07171],[24.97577,48.07072],[24.97512,48.07442],[24.9856,48.0778],[24.98806,48.08166],[24.99457,48.08701],[24.99546,48.09264],[24.98889,48.09468],[24.98833,48.09782],[24.98571,48.10051],[24.9866,48.103],[24.98167,48.10598],[24.97936,48.11024],[24.98212,48.11342],[24.99176,48.1195],[25.00212,48.11993],[25.00771,48.11763],[25.00901,48.11513],[25.02149,48.11097],[25.03095,48.10999],[25.03659,48.11171],[25.03921,48.11353],[25.0391,48.11844],[25.03602,48.12291],[25.03718,48.12615],[25.04137,48.12894],[25.04731,48.13017],[25.06031,48.12947],[25.06377,48.13016],[25.06749,48.13284],[25.06785,48.13888],[25.07202,48.1446],[25.07129,48.14773],[25.0671,48.15015],[25.06531,48.15564],[25.06665,48.15759],[25.07246,48.15959],[25.08261,48.16033],[25.0881,48.15967],[25.09243,48.16162],[25.09336,48.16433],[25.08498,48.16896],[25.08221,48.17383],[25.0842,48.17825],[25.09074,48.18265],[25.09864,48.18599],[25.10716,48.185],[25.1106,48.18541],[25.1167,48.18348],[25.12408,48.17865],[25.12859,48.17753],[25.13528,48.17978],[25.13802,48.18244],[25.13879,48.18779],[25.1374,48.19622],[25.13124,48.19903],[25.12904,48.20229],[25.12477,48.20507],[25.11644,48.20711],[25.11433,48.20966],[25.11493,48.21309],[25.11929,48.21502],[25.1182,48.21948],[25.11522,48.22147],[25.10686,48.2231],[25.10646,48.22524],[25.11087,48.22608],[25.12198,48.2314],[25.12545,48.23157],[25.12579,48.23437],[25.12965,48.23719],[25.13785,48.24093],[25.1423,48.24482],[25.14752,48.24607],[25.15159,48.24816],[25.15782,48.24786],[25.17631,48.24514],[25.19481,48.25646],[25.19699,48.26154],[25.20331,48.266],[25.20612,48.27091],[25.20947,48.27441],[25.21676,48.2799],[25.22043,48.2862],[25.23215,48.29335],[25.2356,48.30068],[25.24638,48.31528],[25.25215,48.31491],[25.25639,48.3157],[25.2583,48.3175],[25.2606,48.3249],[25.26643,48.32916],[25.27161,48.32736],[25.27599,48.32923],[25.2716,48.33265],[25.27965,48.33553],[25.28037,48.34133],[25.2837,48.3439],[25.29542,48.34643],[25.29631,48.3501],[25.3005,48.35427],[25.30678,48.3568],[25.30914,48.35961],[25.31247,48.36185],[25.31475,48.36534],[25.32088,48.3677],[25.32921,48.36938],[25.33294,48.37178],[25.34784,48.3772],[25.34993,48.37758],[25.36129,48.38339],[25.37329,48.386],[25.37839,48.39035],[25.38149,48.3906],[25.38962,48.38859],[25.39841,48.39011],[25.40199,48.39246],[25.41036,48.39519],[25.41474,48.39228],[25.42089,48.39492],[25.43251,48.39426],[25.43458,48.39488],[25.44118,48.39979],[25.4539,48.40258],[25.45788,48.40052],[25.46187,48.40001],[25.4707,48.40152],[25.47475,48.39883],[25.48325,48.40099],[25.48815,48.39932],[25.49261,48.40014],[25.50612,48.40051],[25.5105,48.39857],[25.52175,48.39898],[25.52929,48.39328],[25.53383,48.39208],[25.53551,48.38808],[25.54248,48.38505],[25.54646,48.38491],[25.54787,48.38133],[25.55273,48.3825],[25.56159,48.38164],[25.56811,48.37959],[25.57241,48.37909],[25.57938,48.38042],[25.58867,48.37779],[25.59689,48.37795],[25.60067,48.37688],[25.60813,48.37863],[25.61259,48.38043],[25.62098,48.38036],[25.62056,48.3876],[25.61653,48.3914],[25.61719,48.39453],[25.62056,48.39806],[25.61804,48.40402],[25.62037,48.40755],[25.61959,48.40968],[25.61527,48.41273],[25.61253,48.41291],[25.60662,48.41012],[25.60254,48.41084],[25.60018,48.41471],[25.60527,48.41796],[25.60596,48.42097],[25.61009,48.42614],[25.61061,48.42986],[25.60752,48.43411],[25.60472,48.44369],[25.60279,48.44723],[25.60674,48.4512],[25.60707,48.45435],[25.60538,48.45814],[25.60723,48.46037],[25.60587,48.46538],[25.60344,48.46653],[25.59788,48.47335],[25.60101,48.4789],[25.60116,48.48627],[25.60208,48.49197],[25.59948,48.50054],[25.60605,48.51438],[25.60918,48.52659],[25.60761,48.53334],[25.60805,48.53564],[25.60586,48.53821],[25.60178,48.53889],[25.5997,48.54273],[25.60394,48.55097],[25.59806,48.55789],[25.60068,48.56068],[25.59818,48.56513],[25.60325,48.56965],[25.59587,48.57697],[25.59328,48.58364],[25.58733,48.58991],[25.58977,48.59686],[25.59066,48.60661],[25.58818,48.62036],[25.58934,48.6235],[25.58596,48.62753],[25.58518,48.63459],[25.59136,48.63884],[25.59613,48.64393],[25.60759,48.65349],[25.62212,48.66101],[25.62205,48.66651],[25.62809,48.67283],[25.62347,48.67505],[25.62083,48.67905],[25.62211,48.68185],[25.62961,48.68669],[25.63748,48.68946],[25.64471,48.69317],[25.64897,48.69625],[25.65205,48.70034],[25.65295,48.70547],[25.65129,48.70796],[25.64607,48.71141],[25.63026,48.71467],[25.61733,48.71619],[25.61136,48.71956],[25.61016,48.72556],[25.612,48.72835],[25.62342,48.73413],[25.63291,48.73719],[25.63733,48.73966],[25.64012,48.74264],[25.64113,48.74622],[25.63855,48.75003],[25.63168,48.75381],[25.62091,48.75826],[25.60462,48.76367],[25.59789,48.76688],[25.58672,48.77512],[25.57809,48.78239],[25.57396,48.78516],[25.56732,48.791],[25.56052,48.79561],[25.55369,48.79903],[25.5442,48.80288],[25.53264,48.80283],[25.52206,48.80348],[25.51533,48.80506],[25.51108,48.8051],[25.50413,48.8068],[25.498,48.80999],[25.49292,48.81556],[25.48453,48.82116],[25.47586,48.8238],[25.46839,48.82687],[25.455,48.83102],[25.45006,48.83627],[25.45065,48.83993],[25.46086,48.8469],[25.46634,48.85143],[25.46932,48.85514],[25.46852,48.85773],[25.46475,48.8607],[25.45946,48.86247],[25.45302,48.86668],[25.43839,48.87178],[25.434,48.87206],[25.42753,48.86897],[25.42667,48.86559],[25.42774,48.8631],[25.43583,48.85451],[25.43905,48.84747],[25.43381,48.84378],[25.42804,48.84274],[25.41728,48.84421],[25.4036,48.84757],[25.39664,48.85001],[25.3875,48.85226],[25.38028,48.85467],[25.36659,48.85848],[25.35474,48.85959],[25.34713,48.85837],[25.34193,48.85565],[25.34067,48.85234],[25.3411,48.84716],[25.34466,48.83754],[25.32549,48.83788],[25.32558,48.84301],[25.32407,48.84531],[25.31795,48.84715],[25.31108,48.84639],[25.30507,48.8445],[25.298,48.84387],[25.29214,48.84496],[25.28892,48.84804],[25.28763,48.85568],[25.28294,48.86283],[25.27172,48.86566],[25.26208,48.86675],[25.25292,48.86636],[25.24523,48.86675],[25.23758,48.86557],[25.23445,48.8632],[25.23234,48.85616],[25.22956,48.84989],[25.22774,48.84786],[25.22045,48.84532],[25.21116,48.84597],[25.20868,48.84884],[25.2115,48.85569],[25.21897,48.86515],[25.22502,48.87472],[25.22867,48.88219],[25.23031,48.88921],[25.2309,48.89667],[25.22972,48.90912],[25.23261,48.91396],[25.23658,48.91799],[25.23825,48.92479],[25.23655,48.93001],[25.23296,48.93227],[25.22469,48.93065],[25.21256,48.92241],[25.20957,48.92192],[25.194,48.92745],[25.19002,48.9248],[25.19207,48.92148],[25.19784,48.91677],[25.19816,48.91469],[25.19531,48.91159],[25.17521,48.8991],[25.17075,48.8978],[25.16665,48.89206],[25.16724,48.89013],[25.17248,48.88606],[25.17365,48.88146],[25.17232,48.87265],[25.16777,48.8675],[25.16362,48.86538],[25.16073,48.86542],[25.15301,48.86778],[25.14762,48.87055],[25.14521,48.87283],[25.13666,48.87489],[25.13803,48.8775],[25.13607,48.88471],[25.13557,48.89087],[25.12911,48.90135],[25.12645,48.90978],[25.11994,48.91697],[25.11817,48.92143],[25.11905,48.92617],[25.12375,48.92898],[25.13172,48.93148],[25.13624,48.93363],[25.14511,48.93973],[25.14725,48.94391],[25.14347,48.94727],[25.13429,48.95096],[25.13136,48.95461],[25.127,48.95696],[25.11988,48.95862],[25.11447,48.961],[25.10849,48.96519],[25.11146,48.9683],[25.10847,48.97363],[25.10696,48.97892],[25.10767,48.98341],[25.1103,48.98709],[25.11643,48.992],[25.11629,48.99513],[25.11095,48.99717],[25.10348,48.99234],[25.10317,48.98775],[25.09726,48.98482],[25.09627,48.98221],[25.08764,48.97963],[25.08754,48.9838],[25.07876,48.9841],[25.076,48.98721],[25.06669,48.98988],[25.06136,48.99042],[25.05288,48.99285],[25.04907,48.99694],[25.0433,48.998],[25.03755,49.00039],[25.02362,49.00899],[25.01763,49.01133],[25.00847,49.00644],[24.98989,48.99939],[24.96562,48.99233],[24.96463,48.99648],[24.96986,49.00053],[24.97218,49.00353],[24.97232,49.00684],[24.96954,49.01125],[24.96148,49.01582],[24.9598,49.02011],[24.94719,49.02548],[24.93625,49.03092],[24.93068,49.03652],[24.92529,49.03834],[24.91577,49.04521],[24.9113,49.05095],[24.90492,49.04967],[24.90279,49.05275],[24.90458,49.0573],[24.90453,49.06306],[24.90653,49.06627],[24.91238,49.06759],[24.91577,49.07478],[24.91214,49.07873],[24.91631,49.08301],[24.93144,49.08157],[24.95184,49.07834],[24.95882,49.07579],[24.96278,49.07638],[24.9658,49.07205],[24.97181,49.07222],[24.98206,49.07131],[24.99113,49.07129],[24.99163,49.07859],[24.98567,49.07858],[24.97368,49.08253],[24.97461,49.08591],[24.97846,49.08732],[24.97987,49.08975],[24.97844,49.09404],[24.9741,49.09717],[24.97697,49.09961],[24.97648,49.10196],[24.97809,49.10639],[24.98368,49.11232],[24.9835,49.11704],[24.97322,49.12004],[24.95643,49.12761],[24.95336,49.12558],[24.92862,49.12738],[24.91915,49.12754],[24.89993,49.1289],[24.89977,49.13038],[24.89302,49.13916],[24.88389,49.14408],[24.87994,49.14703],[24.87333,49.15499],[24.86653,49.16183],[24.86148,49.15981],[24.85764,49.16538],[24.85658,49.17073],[24.8576,49.1784],[24.88697,49.19817],[24.89877,49.21478],[24.91144,49.22139],[24.92247,49.22615],[24.93349,49.22962],[24.93328,49.23554],[24.92626,49.23845],[24.91876,49.2386],[24.91122,49.23959],[24.90141,49.2427],[24.89367,49.24776],[24.88345,49.25265],[24.86829,49.25828],[24.86011,49.25779],[24.84373,49.26256],[24.84393,49.27051],[24.84046,49.28308],[24.82809,49.28548],[24.83043,49.30348],[24.8318,49.3056],[24.8287,49.31108],[24.82872,49.32064],[24.8334,49.3197],[24.83718,49.32508],[24.83981,49.32415],[24.84233,49.32772],[24.84429,49.33281],[24.84429,49.33659],[24.84925,49.33558],[24.85178,49.34505],[24.85941,49.34658],[24.8563,49.34957],[24.85023,49.35303],[24.84368,49.35415],[24.83938,49.35714],[24.83372,49.36281],[24.83092,49.37055],[24.83185,49.37306],[24.82849,49.37991],[24.82916,49.38513],[24.82573,49.38646],[24.81517,49.38719],[24.81122,49.39117],[24.79645,49.38221],[24.78736,49.38111],[24.77836,49.38123],[24.78004,49.384],[24.77659,49.386],[24.77291,49.394],[24.77441,49.39999],[24.77303,49.40738],[24.77442,49.41316],[24.77031,49.42073],[24.76726,49.42429],[24.77059,49.42746],[24.77118,49.43093],[24.76737,49.43438],[24.76293,49.44068],[24.75066,49.44981],[24.75136,49.45112],[24.74511,49.4598],[24.74602,49.46377],[24.74348,49.4672],[24.73983,49.46912],[24.7326,49.4773],[24.72853,49.48048],[24.72398,49.48164],[24.72908,49.48542],[24.72909,49.48922],[24.73075,49.49083],[24.72071,49.4969],[24.69957,49.49335],[24.69122,49.49556],[24.68459,49.49827],[24.67832,49.49657],[24.67306,49.49888],[24.66243,49.50166],[24.65589,49.50531],[24.65124,49.49989],[24.64068,49.5016],[24.63852,49.49765],[24.63155,49.50074],[24.63058,49.5032],[24.62642,49.50574],[24.62076,49.51115],[24.61659,49.50878],[24.60368,49.51299],[24.6005,49.51531],[24.58965,49.51909],[24.57437,49.5296],[24.57333,49.53431],[24.57048,49.53452],[24.54204,49.52466],[24.5404,49.52224],[24.52956,49.5249],[24.52771,49.52278],[24.5219,49.52233],[24.51325,49.52751],[24.51434,49.53165],[24.50758,49.53551],[24.51084,49.53915],[24.52044,49.53831],[24.52344,49.53965],[24.52134,49.54263],[24.51487,49.54397],[24.50662,49.5477],[24.50778,49.55188],[24.50282,49.55554],[24.49528,49.55706],[24.49406,49.55528],[24.47977,49.55916],[24.47261,49.55932],[24.47169,49.55831],[24.48048,49.55266],[24.47125,49.55505],[24.467,49.55479],[24.46825,49.54826],[24.45931,49.55202],[24.45432,49.55062],[24.45162,49.54631],[24.43478,49.53703],[24.4374,49.52773],[24.44016,49.52243],[24.4433,49.51334],[24.44622,49.50728],[24.44101,49.50581],[24.44136,49.50394],[24.43604,49.50371],[24.41599,49.50487],[24.41168,49.50347],[24.40567,49.49793],[24.40225,49.49572],[24.40239,49.49318],[24.40716,49.48269],[24.41435,49.47248],[24.41785,49.4737],[24.41282,49.4571],[24.4104,49.44488],[24.38378,49.44249],[24.37157,49.43568],[24.37012,49.42987],[24.37361,49.42984],[24.3759,49.41278],[24.3881,49.40806],[24.38932,49.40274],[24.38713,49.39515],[24.40075,49.39339],[24.40522,49.39349],[24.41958,49.38805],[24.42268,49.38481],[24.43678,49.38097],[24.43091,49.37804],[24.42923,49.37337],[24.41918,49.37042],[24.41627,49.36828],[24.40686,49.36636],[24.40948,49.36246],[24.40618,49.36157],[24.40043,49.35617],[24.39698,49.35836],[24.39083,49.35395],[24.39609,49.3526],[24.39621,49.34777],[24.39376,49.34085],[24.40165,49.33961],[24.40011,49.33579],[24.39327,49.33274],[24.39352,49.33051],[24.38881,49.32292],[24.38598,49.32044],[24.38138,49.31159],[24.37769,49.31008],[24.35852,49.32226],[24.34828,49.31396],[24.34597,49.31132],[24.3414,49.31045],[24.3017,49.31594],[24.29911,49.30017],[24.29933,49.28789],[24.30494,49.27743],[24.31182,49.27816],[24.31207,49.2795],[24.3203,49.28337],[24.32446,49.28601],[24.33161,49.28761],[24.33896,49.29197],[24.34056,49.29112],[24.35817,49.28599],[24.35884,49.28078],[24.36389,49.28035],[24.36403,49.27817],[24.35996,49.27202],[24.35347,49.27247],[24.35225,49.26829],[24.35326,49.26464],[24.35262,49.25338],[24.348,49.25407],[24.34597,49.2516],[24.34383,49.24353],[24.34035,49.24207],[24.34831,49.23252],[24.35273,49.23401],[24.36582,49.23176],[24.38027,49.23056],[24.38721,49.22792],[24.40145,49.22834],[24.40951,49.22916],[24.43348,49.2332],[24.44132,49.23021],[24.44876,49.23123],[24.44315,49.2226],[24.44591,49.21686],[24.43987,49.21602],[24.43907,49.21386],[24.44257,49.21237],[24.4376,49.20656],[24.4387,49.20064],[24.43767,49.1969],[24.43478,49.19535],[24.43162,49.19069],[24.43553,49.18402],[24.43591,49.18142],[24.4341,49.17791],[24.4375,49.17652],[24.43572,49.174],[24.41633,49.16808],[24.41,49.17205],[24.40248,49.17473],[24.39749,49.17825],[24.3917,49.18102],[24.38369,49.18917],[24.37518,49.18869],[24.35705,49.18587],[24.35337,49.18137],[24.34957,49.18014],[24.34524,49.18101],[24.33651,49.18034],[24.33054,49.17893],[24.31927,49.17436],[24.31661,49.17429],[24.30896,49.17108],[24.29341,49.1684],[24.28203,49.16839],[24.27647,49.16588],[24.24664,49.14987],[24.23588,49.145],[24.23222,49.14415],[24.21873,49.1455],[24.21087,49.14832],[24.20835,49.14557],[24.19808,49.13876],[24.21285,49.13329],[24.19735,49.13321],[24.19421,49.13501],[24.1896,49.14061],[24.18112,49.14317],[24.17187,49.14373],[24.16351,49.1339],[24.1647,49.12754],[24.15504,49.128],[24.14945,49.13018],[24.14666,49.13293],[24.14307,49.13948],[24.13929,49.14239],[24.13539,49.1426],[24.12255,49.13995],[24.11686,49.14182],[24.1109,49.14004],[24.10409,49.14227],[24.10117,49.14488],[24.08444,49.14836],[24.08139,49.14513],[24.07668,49.14664],[24.07254,49.14592],[24.05852,49.14689],[24.0567,49.14346],[24.05126,49.14043],[24.04749,49.13671],[24.04599,49.13356],[24.04327,49.13181],[24.03679,49.12518],[24.0313,49.12312],[24.02341,49.11809],[24.02055,49.11716],[24.01393,49.1177],[24.014,49.12317],[24.01266,49.12573],[24.00395,49.12969],[23.98854,49.13323],[23.98341,49.1348],[23.98031,49.13432],[23.9696,49.13774],[23.96171,49.12802],[23.95562,49.1298],[23.94604,49.12713],[23.94099,49.12467],[23.93226,49.12164],[23.92947,49.11782],[23.91394,49.10964],[23.90595,49.09921],[23.89819,49.10175],[23.88438,49.10703],[23.87047,49.11007],[23.83014,49.11335],[23.82734,49.11077],[23.82122,49.10888],[23.81227,49.11012],[23.80208,49.10608],[23.79741,49.10797],[23.79489,49.11194],[23.78944,49.11507],[23.7841,49.11998],[23.77557,49.11432],[23.77227,49.11757],[23.76424,49.12208],[23.75923,49.12215],[23.75496,49.12087],[23.756,49.11628],[23.75153,49.11314],[23.74386,49.11223],[23.73929,49.11007],[23.73738,49.10671],[23.73769,49.10328],[23.73477,49.10028],[23.73128,49.09935],[23.72561,49.0961],[23.71809,49.09344],[23.71645,49.099],[23.71218,49.10142],[23.70814,49.10121],[23.70445,49.09931],[23.69864,49.10044],[23.69581,49.09731],[23.69187,49.09663],[23.68416,49.08744],[23.68534,49.08348],[23.68158,49.07878],[23.67682,49.07503],[23.67774,49.07327],[23.68607,49.06971],[23.68748,49.0654],[23.68236,49.06312],[23.67866,49.05611],[23.67721,49.05106],[23.67735,49.04323],[23.67317,49.0406],[23.67285,49.03594],[23.66607,49.03051],[23.66421,49.02811],[23.65982,49.02568],[23.65517,49.02638],[23.64904,49.02262],[23.64286,49.02526],[23.64041,49.03005],[23.63624,49.03157],[23.6318,49.0286],[23.62167,49.02524],[23.62019,49.02256],[23.62229,49.01655],[23.62468,49.01383],[23.61529,49.0072],[23.60432,49.00137],[23.60057,49.00079],[23.59487,48.99681],[23.59067,48.9915],[23.58662,48.98776],[23.58062,48.98385],[23.57568,48.97945],[23.57107,48.97797],[23.56575,48.97444],[23.56697,48.96991],[23.57034,48.96722],[23.57784,48.96494],[23.57956,48.9627],[23.58008,48.95844],[23.58586,48.95536],[23.58536,48.95069],[23.58366,48.9458],[23.58071,48.94298],[23.57561,48.93428],[23.56913,48.92612],[23.56643,48.91862],[23.56409,48.9149],[23.56308,48.90961],[23.57107,48.90052],[23.57333,48.89639],[23.57285,48.89251],[23.57712,48.88696],[23.58704,48.883],[23.59078,48.88241],[23.59654,48.88376],[23.60737,48.88238],[23.60776,48.87813],[23.60673,48.87327],[23.59666,48.8725],[23.59248,48.87075],[23.58702,48.87172],[23.58178,48.87156],[23.58054,48.86928],[23.57588,48.8666],[23.57019,48.85513],[23.56866,48.85416],[23.57404,48.84739],[23.57362,48.84524],[23.56756,48.84197],[23.56942,48.83855],[23.56582,48.83351],[23.5646,48.82904],[23.55151,48.82247],[23.55703,48.81877],[23.55759,48.81493],[23.56364,48.80859],[23.57013,48.80392],[23.56915,48.80003],[23.56969,48.79569],[23.5741,48.79058],[23.57444,48.7878],[23.579,48.78446],[23.57611,48.78116],[23.5776,48.77851],[23.5687,48.77313],[23.56603,48.76762],[23.56061,48.76278],[23.56066,48.75907],[23.55833,48.75711],[23.55462,48.74923],[23.55476,48.74597],[23.5528,48.74251],[23.549,48.74021],[23.54976,48.73533],[23.54839,48.73081],[23.54821,48.72512],[23.55316,48.72407],[23.55883,48.72513],[23.56594,48.72438],[23.56937,48.72482],[23.57595,48.72317],[23.58579,48.71836],[23.5923,48.71785],[23.59388,48.71188],[23.59674,48.70985],[23.59641,48.70677],[23.59854,48.70526],[23.6081,48.70602],[23.61392,48.70392],[23.61749,48.70645],[23.62599,48.70653],[23.63015,48.7044],[23.63823,48.69832],[23.63579,48.6941],[23.63931,48.69123],[23.6396,48.68919],[23.63727,48.68438],[23.64387,48.68242],[23.64536,48.68062],[23.65073,48.67908],[23.65698,48.67368],[23.66116,48.67282],[23.66337,48.66768],[23.6665,48.66634],[23.67026,48.66707],[23.67504,48.66441],[23.67624,48.66052],[23.68215,48.65538],[23.68427,48.65011],[23.68806,48.64676],[23.69817,48.64357],[23.70511,48.63912],[23.71548,48.6377],[23.71926,48.63859],[23.73279,48.63804],[23.74121,48.64365],[23.74208,48.64595],[23.74608,48.64658],[23.75118,48.64577],[23.75486,48.64401],[23.76576,48.64585],[23.76925,48.64222],[23.77217,48.64098],[23.77824,48.6435],[23.78275,48.6414],[23.78812,48.64084],[23.79347,48.63695],[23.79742,48.63263],[23.79422,48.62937],[23.79582,48.626],[23.79478,48.62294],[23.79632,48.62051],[23.79368,48.6175],[23.7941,48.61541],[23.78761,48.61321],[23.78642,48.61094],[23.78662,48.60582],[23.79029,48.60242],[23.79633,48.60074],[23.7958,48.59871],[23.79171,48.59541],[23.79117,48.5933],[23.7959,48.5883],[23.80228,48.58545],[23.80399,48.58065],[23.80863,48.58097],[23.81804,48.57943],[23.83547,48.57943],[23.83359,48.5756],[23.83494,48.57262],[23.83252,48.56752],[23.84,48.56427],[23.84857,48.55808],[23.85739,48.55274],[23.86008,48.55269],[23.86887,48.55643],[23.87776,48.55476],[23.88138,48.55325],[23.88474,48.55452],[23.89327,48.55498],[23.90269,48.55982],[23.90679,48.56297],[23.91106,48.55861],[23.91289,48.55532],[23.91713,48.55403],[23.92889,48.55232],[23.92676,48.5472],[23.91923,48.54313],[23.91783,48.53648],[23.91506,48.535],[23.91515,48.53196],[23.91989,48.52944],[23.91788,48.52678],[23.92155,48.52279],[23.91958,48.52095],[23.92409,48.51572],[23.92439,48.51237],[23.91906,48.50962],[23.91636,48.50574],[23.9181,48.50359],[23.91765,48.49929],[23.91928,48.49353],[23.91318,48.4888],[23.91498,48.4873],[23.90781,48.48402],[23.9075,48.4819],[23.91226,48.47282],[23.91516,48.47048],[23.91942,48.46903],[23.9257,48.46511],[23.93807,48.46341],[23.94032,48.46232],[23.94528,48.46272],[23.95218,48.45968],[23.96379,48.45796],[23.97119,48.46155],[23.97897,48.46427],[23.98033,48.46888],[23.97621,48.47167],[23.97327,48.47701],[23.98093,48.47996],[23.98299,48.48418],[23.98849,48.48998],[23.99078,48.49669],[23.99353,48.4988],[23.99416,48.50187],[24.00283,48.5065],[24.00806,48.50332],[24.01583,48.50504],[24.02367,48.50475],[24.02543,48.50278],[24.03178,48.50075],[24.03932,48.50412],[24.04218,48.50914],[24.04631,48.51207],[24.05715,48.51373],[24.06716,48.51759],[24.07084,48.51636],[24.0761,48.51267],[24.07917,48.51636],[24.08828,48.52021],[24.08857,48.52715],[24.09659,48.52463],[24.10102,48.52497],[24.10689,48.52936],[24.11001,48.53335],[24.11432,48.53465],[24.12264,48.53399],[24.12546,48.53295],[24.13152,48.52902],[24.13282,48.52702],[24.13219,48.52288],[24.12882,48.51765],[24.12322,48.5133],[24.12222,48.50796],[24.12058,48.5049],[24.11466,48.4997],[24.11542,48.49586],[24.12549,48.49171],[24.129,48.48822],[24.13549,48.48469],[24.14024,48.48086],[24.13041,48.47298],[24.1263,48.47055],[24.12484,48.46217],[24.12897,48.45857],[24.12512,48.45388],[24.12917,48.45023],[24.12711,48.44734],[24.12993,48.44373],[24.1316,48.4396],[24.13436,48.43736],[24.14184,48.43607],[24.14542,48.43453],[24.14278,48.43035],[24.14542,48.4208],[24.14071,48.40821],[24.14619,48.40587],[24.15206,48.40127],[24.14946,48.39602],[24.14783,48.39038],[24.15157,48.38644],[24.1649,48.38304],[24.16771,48.37668],[24.17307,48.37508],[24.17954,48.37533],[24.17837,48.36672],[24.18014,48.36447],[24.18439,48.364],[24.19185,48.36645],[24.19812,48.36417],[24.20328,48.36334],[24.20995,48.36534],[24.21815,48.35952],[24.2266,48.35585],[24.23746,48.35837],[24.24064,48.35854],[24.24835,48.35656],[24.25166,48.35247],[24.25803,48.34971],[24.262,48.35336],[24.26583,48.35469],[24.26799,48.35737],[24.26714,48.36035],[24.26942,48.36285],[24.27473,48.36592],[24.27308,48.36862],[24.27485,48.37166],[24.2821,48.37439],[24.28312,48.37819],[24.28771,48.37977],[24.28677,48.38529],[24.28294,48.38804],[24.28114,48.3917],[24.28536,48.39679],[24.28366,48.40112],[24.2887,48.40083],[24.29471,48.39793],[24.30432,48.39691],[24.31248,48.39365],[24.31627,48.39295],[24.31856,48.39001],[24.32391,48.3888],[24.33102,48.38914],[24.33661,48.3862],[24.34287,48.38544],[24.34492,48.38139],[24.34977,48.38164],[24.35389,48.37889],[24.35838,48.37326],[24.35396,48.37023],[24.35177,48.36499],[24.35217,48.36042],[24.35779,48.35203],[24.367,48.34896],[24.37187,48.34996],[24.38069,48.34564],[24.38508,48.34475],[24.38585,48.34198],[24.38901,48.34179],[24.39154,48.33966],[24.39231,48.33568],[24.39825,48.33385],[24.4018,48.3355],[24.40449,48.33392],[24.4176,48.33093],[24.41558,48.32759],[24.41966,48.32375],[24.42321,48.3231],[24.42524,48.31919],[24.42784,48.31813],[24.42872,48.3149],[24.43112,48.3133],[24.43644,48.31396],[24.44007,48.31136],[24.43963,48.30793],[24.44535,48.30261],[24.45114,48.29934],[24.45718,48.29842],[24.46012,48.29573],[24.45951,48.29256],[24.46842,48.29049],[24.47052,48.28815],[24.47836,48.28266],[24.48368,48.28303],[24.48819,48.27987],[24.49005,48.27494],[24.48996,48.27176],[24.48668,48.26907],[24.48798,48.26765],[24.48864,48.26217],[24.48749,48.26013],[24.48681,48.25257],[24.48495,48.25114],[24.4835,48.24692],[24.48478,48.24395],[24.49732,48.24229],[24.50783,48.23879],[24.51263,48.23837],[24.52183,48.23575],[24.53831,48.22557],[24.54543,48.21593],[24.54073,48.21416],[24.534,48.21338],[24.52879,48.21044],[24.5252,48.20262],[24.52091,48.20088],[24.52572,48.19549],[24.51603,48.18772],[24.51096,48.18572],[24.52027,48.17675],[24.51747,48.17274],[24.50576,48.16806],[24.50409,48.16439],[24.50024,48.15972],[24.50443,48.1528],[24.51205,48.15034],[24.51558,48.14757],[24.52353,48.1438],[24.52459,48.13986],[24.5315,48.13376],[24.532,48.13069],[24.53072,48.12415],[24.54074,48.12065],[24.54848,48.1198],[24.55465,48.11797],[24.55882,48.11067],[24.5573,48.10674],[24.5597,48.10518],[24.56754,48.10444],[24.57265,48.1023],[24.58046,48.09756],[24.58309,48.09421],[24.58683,48.09182],[24.59523,48.09025],[24.60002,48.08511],[24.60393,48.0771],[24.60725,48.07501],[24.61064,48.07066],[24.61521,48.06684],[24.61936,48.06528],[24.62149,48.05905],[24.62569,48.05301],[24.62709,48.04718],[24.62354,48.04598],[24.6154,48.04115],[24.61264,48.0372],[24.60873,48.03612],[24.60015,48.03659],[24.59563,48.03419],[24.58831,48.02509],[24.57974,48.02021],[24.57454,48.01429],[24.57372,48.0096],[24.57055,48.00405],[24.57318,47.9989],[24.56788,47.99675],[24.56786,47.9917],[24.56618,47.98815],[24.56657,47.98161],[24.56288,47.97577],[24.56363,47.97137],[24.56272,47.96846]]]},"properties":{"oblast":"ivanofrankivsk_oblast","id":"ivanofrankivsk_oblast","name":"Івано-Франківська область"}},{"type":"Feature","geometry":{"type":"MultiPolygon","coordinates":[[[[29.73654,49.2284],[29.74117,49.22559],[29.74939,49.22388],[29.7447,49.22088],[29.74349,49.21703],[29.74047,49.21686],[29.74191,49.21137],[29.72733,49.2081],[29.73702,49.20123],[29.76014,49.17978],[29.81481,49.18652],[29.81814,49.18296],[29.8192,49.17857],[29.825,49.17986],[29.85777,49.18846],[29.88222,49.18613],[29.88407,49.1885],[29.88274,49.19365],[29.87677,49.20026],[29.89774,49.20479],[29.89373,49.20839],[29.90894,49.21649],[29.90432,49.22152],[29.92094,49.23012],[29.93147,49.24293],[29.93208,49.24859],[29.93644,49.24814],[29.95383,49.25041],[29.95558,49.25218],[29.95745,49.26381],[29.95701,49.28625],[29.95564,49.28945],[29.94448,49.3017],[29.94772,49.30824],[29.94839,49.31192],[29.95341,49.31192],[29.95995,49.30625],[29.9678,49.30909],[29.98304,49.31551],[30.00311,49.31561],[30.00716,49.31505],[30.00993,49.32659],[30.01208,49.32891],[30.0211,49.32923],[30.02664,49.3343],[30.03304,49.33255],[30.03474,49.33114],[30.06962,49.32539],[30.07838,49.32232],[30.07933,49.3186],[30.08611,49.31252],[30.08457,49.30662],[30.08515,49.30168],[30.08234,49.29946],[30.08703,49.29388],[30.0886,49.28606],[30.09576,49.28108],[30.10353,49.27387],[30.11305,49.2701],[30.11731,49.27582],[30.11904,49.28005],[30.1233,49.28118],[30.12324,49.28892],[30.11911,49.29245],[30.12116,49.29505],[30.11363,49.30003],[30.10703,49.30289],[30.11298,49.30891],[30.11972,49.30848],[30.12238,49.31074],[30.12684,49.31032],[30.12919,49.31307],[30.13219,49.31372],[30.13683,49.3312],[30.13987,49.33159],[30.14857,49.33499],[30.14893,49.32677],[30.20026,49.32817],[30.19529,49.30324],[30.19419,49.29381],[30.18949,49.27491],[30.2107,49.27272],[30.22997,49.27176],[30.23586,49.26963],[30.23851,49.27115],[30.24565,49.26929],[30.25217,49.26931],[30.25717,49.26827],[30.25817,49.27148],[30.32081,49.26147],[30.33567,49.25925],[30.36192,49.25585],[30.36717,49.25453],[30.36503,49.2483],[30.36573,49.24478],[30.37483,49.24347],[30.37184,49.23641],[30.37571,49.23626],[30.38382,49.25544],[30.38561,49.25854],[30.38778,49.27028],[30.39773,49.30348],[30.42123,49.30233],[30.41385,49.33047],[30.43438,49.33281],[30.439,49.33378],[30.44184,49.33593],[30.4376,49.35162],[30.44463,49.35311],[30.44784,49.35718],[30.45883,49.35873],[30.47327,49.36509],[30.49778,49.34204],[30.51582,49.32782],[30.5283,49.32998],[30.53681,49.32812],[30.53729,49.33146],[30.54608,49.33152],[30.54564,49.33602],[30.55512,49.33892],[30.557,49.34302],[30.56208,49.34833],[30.567,49.35132],[30.57049,49.3548],[30.57714,49.35299],[30.57895,49.35052],[30.58363,49.34991],[30.60719,49.37025],[30.63906,49.35606],[30.66018,49.36034],[30.6608,49.35576],[30.66424,49.354],[30.66841,49.356],[30.6713,49.35478],[30.67749,49.35517],[30.69503,49.34468],[30.70345,49.3393],[30.70894,49.33646],[30.7152,49.33934],[30.72858,49.33173],[30.74953,49.34493],[30.77841,49.34365],[30.79706,49.35307],[30.80045,49.35407],[30.81502,49.35361],[30.8182,49.35521],[30.82386,49.35406],[30.83374,49.35013],[30.83812,49.35235],[30.85844,49.35342],[30.86281,49.35167],[30.86826,49.35176],[30.87162,49.35559],[30.87856,49.35807],[30.8796,49.3611],[30.88565,49.36316],[30.89706,49.3624],[30.90906,49.3585],[30.91852,49.37739],[30.92187,49.38168],[30.9255,49.37908],[30.93037,49.38134],[30.92758,49.39058],[30.92812,49.39351],[30.93478,49.39557],[30.93356,49.4002],[30.93661,49.40598],[30.92988,49.40908],[30.92079,49.41553],[30.92955,49.41855],[30.95184,49.42328],[30.95681,49.42396],[30.97474,49.42353],[30.9878,49.42212],[30.9945,49.42277],[31.00633,49.43095],[31.00516,49.45089],[31.02931,49.47176],[31.03149,49.4712],[31.03595,49.46092],[31.03897,49.45767],[31.04403,49.45649],[31.04522,49.46132],[31.03978,49.46896],[31.04013,49.47378],[31.0476,49.4765],[31.04772,49.47803],[31.06005,49.47774],[31.0611,49.48155],[31.0625,49.48336],[31.07493,49.48608],[31.08026,49.48895],[31.08735,49.49048],[31.08598,49.49391],[31.08775,49.49612],[31.0939,49.49621],[31.09269,49.50221],[31.09695,49.5024],[31.09732,49.50539],[31.09354,49.5054],[31.09402,49.50872],[31.09165,49.51006],[31.09597,49.51346],[31.09335,49.51665],[31.09679,49.52106],[31.10112,49.5236],[31.09924,49.5257],[31.09943,49.52933],[31.10378,49.53143],[31.09944,49.53727],[31.09942,49.54076],[31.09746,49.54268],[31.1006,49.54892],[31.10582,49.54933],[31.10642,49.55206],[31.10988,49.55771],[31.11871,49.55669],[31.12065,49.56125],[31.13362,49.55381],[31.13992,49.55238],[31.14301,49.55768],[31.15087,49.55546],[31.14989,49.56098],[31.15006,49.56666],[31.14654,49.57009],[31.13859,49.57129],[31.15261,49.58047],[31.1287,49.58377],[31.13295,49.59637],[31.13601,49.60096],[31.13562,49.60344],[31.14249,49.61308],[31.15453,49.62841],[31.17582,49.64919],[31.2022,49.67523],[31.19574,49.6841],[31.20218,49.6882],[31.20067,49.68943],[31.20414,49.69212],[31.20829,49.68999],[31.2061,49.68764],[31.2115,49.68618],[31.21747,49.6946],[31.21286,49.69619],[31.21049,49.69838],[31.19623,49.70154],[31.20431,49.71485],[31.2117,49.72965],[31.22103,49.73312],[31.21868,49.73577],[31.21517,49.74451],[31.20767,49.7555],[31.21194,49.75716],[31.20793,49.76108],[31.21623,49.77689],[31.18979,49.79023],[31.20239,49.80723],[31.2048,49.81109],[31.21587,49.82598],[31.2208,49.83207],[31.21522,49.84111],[31.20796,49.84888],[31.20774,49.85231],[31.24737,49.86766],[31.25413,49.86387],[31.25907,49.85821],[31.26128,49.85837],[31.29178,49.88306],[31.31321,49.8886],[31.31774,49.89267],[31.34604,49.89604],[31.3645,49.89595],[31.36958,49.89908],[31.37362,49.89866],[31.38009,49.9078],[31.3474,49.93756],[31.3349,49.93828],[31.33561,49.9449],[31.35013,49.95021],[31.33198,49.95769],[31.31529,49.96401],[31.30046,49.96028],[31.2929,49.95562],[31.28784,49.95469],[31.29318,49.96134],[31.30068,49.96638],[31.30543,49.97242],[31.29505,49.97509],[31.29305,49.97113],[31.28957,49.97039],[31.2888,49.97533],[31.29216,49.97859],[31.2983,49.98018],[31.31637,49.98052],[31.32231,49.98272],[31.32806,49.98628],[31.33209,49.987],[31.35194,49.9874],[31.36197,49.98988],[31.38266,49.99248],[31.39341,49.99108],[31.39767,49.98945],[31.40986,49.98717],[31.41509,49.98747],[31.41779,49.98961],[31.42396,49.98741],[31.43067,49.98821],[31.43656,49.98466],[31.4437,49.97771],[31.44607,49.97259],[31.43981,49.96626],[31.43312,49.95367],[31.43089,49.94585],[31.43321,49.94231],[31.42892,49.93839],[31.42487,49.93232],[31.42493,49.9165],[31.43563,49.90177],[31.43644,49.89386],[31.44899,49.87633],[31.45948,49.87715],[31.46263,49.87353],[31.46842,49.87362],[31.47421,49.86102],[31.48613,49.85733],[31.49264,49.86212],[31.49679,49.86134],[31.49478,49.85398],[31.50444,49.84141],[31.51426,49.8437],[31.51721,49.84641],[31.51226,49.85318],[31.5127,49.85621],[31.51972,49.86144],[31.52159,49.86503],[31.51983,49.86855],[31.52406,49.87102],[31.52869,49.86872],[31.53362,49.87129],[31.53451,49.87403],[31.53901,49.87351],[31.5444,49.8764],[31.5458,49.87339],[31.55099,49.87273],[31.55511,49.87569],[31.56123,49.883],[31.56177,49.88665],[31.56785,49.88634],[31.56987,49.89162],[31.5697,49.8956],[31.57922,49.89552],[31.58004,49.90686],[31.59197,49.90652],[31.61241,49.90651],[31.61205,49.90046],[31.61364,49.89206],[31.60909,49.88989],[31.61273,49.88747],[31.61689,49.88201],[31.61718,49.87527],[31.61448,49.85597],[31.64341,49.85775],[31.64719,49.85664],[31.66756,49.85776],[31.68092,49.85545],[31.71157,49.85079],[31.71788,49.85245],[31.72516,49.86211],[31.75238,49.89342],[31.77372,49.89356],[31.77369,49.89855],[31.77087,49.91346],[31.7702,49.92009],[31.78098,49.92585],[31.78726,49.92845],[31.7954,49.93387],[31.81224,49.95697],[31.814,49.9601],[31.81356,49.96618],[31.87061,49.96349],[31.88969,49.96245],[31.89011,49.95304],[31.89148,49.95115],[31.89669,49.95074],[31.90136,49.94381],[31.91789,49.96085],[31.91824,49.96227],[31.9154,49.98531],[31.91351,49.98881],[31.91861,49.99093],[31.91752,49.99425],[31.91236,49.99367],[31.90994,50.00933],[31.9085,50.01296],[31.90411,50.01545],[31.89994,50.01927],[31.90685,50.02024],[31.90547,50.02359],[31.91447,50.02809],[31.92773,50.03052],[31.96852,50.04447],[31.97158,50.04212],[31.97977,50.03872],[31.98648,50.05241],[31.98291,50.05274],[31.92692,50.06005],[31.91706,50.05829],[31.91657,50.05436],[31.90904,50.0536],[31.90411,50.05578],[31.90767,50.06078],[31.91142,50.10069],[31.97522,50.12516],[31.95795,50.14107],[31.9465,50.13652],[31.93396,50.15836],[31.96538,50.15145],[31.98089,50.1745],[31.98861,50.18372],[32.00007,50.1942],[31.99087,50.19672],[31.99328,50.20125],[32.01546,50.20576],[32.03111,50.19351],[32.04004,50.18868],[32.05624,50.18766],[32.07694,50.21103],[32.08645,50.22143],[32.1084,50.22007],[32.10991,50.22861],[32.1182,50.22842],[32.09684,50.23851],[32.10048,50.24174],[32.08945,50.24698],[32.09489,50.26141],[32.10102,50.27658],[32.0996,50.27811],[32.09366,50.27786],[32.08931,50.27958],[32.08414,50.2832],[32.09364,50.28724],[32.09881,50.28717],[32.14022,50.30466],[32.129,50.31572],[32.14226,50.32123],[32.15234,50.33745],[32.14331,50.34825],[32.1413,50.35411],[32.16101,50.36803],[32.15467,50.37653],[32.13732,50.37732],[32.11885,50.38065],[32.10618,50.37832],[32.10115,50.37148],[32.09204,50.37027],[32.08943,50.36909],[32.07438,50.37279],[32.07453,50.37388],[32.08304,50.37853],[32.082,50.38389],[32.08461,50.38639],[32.08057,50.38753],[32.07678,50.39243],[32.08333,50.39683],[32.10238,50.41267],[32.09669,50.41672],[32.06762,50.40214],[32.05569,50.39772],[32.04451,50.40165],[32.04449,50.40677],[32.03944,50.4282],[32.03852,50.42933],[32.02775,50.43591],[32.02376,50.4582],[32.02299,50.45887],[32.00987,50.46107],[31.97336,50.46646],[31.97011,50.47405],[31.97896,50.47981],[31.97125,50.48247],[31.96714,50.48244],[31.963,50.48513],[31.96563,50.4876],[31.9764,50.48904],[31.97775,50.48405],[31.98482,50.48407],[31.98659,50.48676],[31.98406,50.49454],[31.98735,50.49599],[31.99223,50.49435],[31.99626,50.49661],[32.00208,50.49599],[32.00702,50.48672],[32.04692,50.49605],[32.06405,50.51173],[32.05144,50.5235],[32.06197,50.52943],[32.06344,50.54071],[32.04569,50.54206],[31.97481,50.53983],[31.97142,50.54116],[31.95213,50.54408],[31.94837,50.55337],[31.94122,50.56611],[31.93676,50.56828],[31.93028,50.57405],[31.92037,50.57746],[31.91924,50.58587],[31.91646,50.58973],[31.91253,50.59193],[31.91284,50.59624],[31.90572,50.59836],[31.90059,50.59905],[31.89718,50.60085],[31.89774,50.60399],[31.89135,50.60921],[31.88345,50.60734],[31.87233,50.61949],[31.86877,50.61857],[31.85899,50.63204],[31.8464,50.62847],[31.81069,50.62376],[31.81201,50.60598],[31.80382,50.60585],[31.79538,50.60645],[31.78205,50.60567],[31.78735,50.5905],[31.78807,50.579],[31.77719,50.57767],[31.78217,50.55947],[31.75792,50.5596],[31.72783,50.56005],[31.68647,50.56275],[31.68024,50.56194],[31.67648,50.55586],[31.66731,50.55164],[31.66312,50.55382],[31.64678,50.55274],[31.64596,50.53348],[31.64548,50.53136],[31.63914,50.52444],[31.63006,50.52033],[31.57076,50.52767],[31.57009,50.52368],[31.56373,50.5185],[31.55064,50.52057],[31.54487,50.52278],[31.53973,50.52319],[31.53292,50.52911],[31.52553,50.5311],[31.52226,50.53612],[31.52121,50.52188],[31.5112,50.52095],[31.51058,50.52272],[31.49968,50.52185],[31.49267,50.52311],[31.49318,50.52025],[31.48004,50.51517],[31.45509,50.51088],[31.45243,50.50554],[31.44505,50.50593],[31.44481,50.50035],[31.42598,50.50269],[31.41989,50.50394],[31.42133,50.50829],[31.41392,50.51517],[31.41446,50.51696],[31.40857,50.51868],[31.39775,50.52316],[31.38974,50.52448],[31.38017,50.52738],[31.37555,50.52695],[31.36509,50.52983],[31.35817,50.52915],[31.34811,50.51498],[31.3461,50.51525],[31.33041,50.50103],[31.3224,50.51359],[31.32041,50.52739],[31.30751,50.53052],[31.30036,50.53133],[31.29379,50.53359],[31.2882,50.5339],[31.26253,50.53902],[31.2555,50.54231],[31.25461,50.54379],[31.25892,50.5489],[31.25957,50.55648],[31.25642,50.55718],[31.25097,50.55594],[31.24671,50.56138],[31.24658,50.56706],[31.23724,50.56692],[31.23743,50.5691],[31.21357,50.56977],[31.21381,50.57342],[31.18655,50.57415],[31.18748,50.58886],[31.16586,50.58944],[31.16552,50.59387],[31.16604,50.60744],[31.19773,50.60728],[31.20545,50.60641],[31.22278,50.60673],[31.2278,50.61316],[31.21778,50.62045],[31.22718,50.62707],[31.20627,50.63681],[31.19909,50.64467],[31.20225,50.6545],[31.2131,50.66331],[31.2237,50.6673],[31.2219,50.66979],[31.22174,50.67575],[31.22049,50.6844],[31.21655,50.69161],[31.21834,50.69691],[31.20654,50.6967],[31.20599,50.70593],[31.19574,50.70331],[31.19087,50.70268],[31.19082,50.72447],[31.17,50.72474],[31.16488,50.72509],[31.16551,50.73012],[31.1674,50.73228],[31.15682,50.73762],[31.14886,50.73783],[31.14654,50.74236],[31.14156,50.74692],[31.13004,50.74819],[31.12176,50.74977],[31.12302,50.76261],[31.12641,50.77484],[31.09944,50.77931],[31.07559,50.78136],[31.06949,50.76472],[31.04037,50.76356],[31.03113,50.76132],[31.02514,50.76358],[31.01652,50.76351],[31.01376,50.76537],[30.98739,50.76258],[30.97476,50.76148],[30.95489,50.76357],[30.94988,50.75725],[30.93525,50.75879],[30.93325,50.76368],[30.89819,50.76506],[30.89235,50.76609],[30.89281,50.7694],[30.8891,50.77353],[30.87753,50.76862],[30.87485,50.75585],[30.87553,50.74652],[30.86494,50.74449],[30.8376,50.74388],[30.83417,50.74726],[30.83163,50.75421],[30.84515,50.75391],[30.8413,50.7577],[30.83895,50.75815],[30.84155,50.76279],[30.84666,50.76644],[30.84473,50.77366],[30.84632,50.77664],[30.85363,50.77608],[30.86226,50.77936],[30.87376,50.78171],[30.87059,50.78605],[30.86365,50.78455],[30.85906,50.78199],[30.85333,50.78118],[30.84835,50.7823],[30.84278,50.7771],[30.8421,50.77328],[30.84444,50.77038],[30.84355,50.76759],[30.83835,50.76714],[30.83688,50.76396],[30.81929,50.76604],[30.80406,50.7663],[30.80162,50.76822],[30.79077,50.77252],[30.77084,50.77587],[30.76885,50.77459],[30.75545,50.77565],[30.75096,50.77441],[30.74178,50.77243],[30.73858,50.77441],[30.73783,50.77707],[30.74008,50.77926],[30.7367,50.78247],[30.73848,50.78432],[30.74613,50.78627],[30.7491,50.79007],[30.74462,50.79576],[30.7508,50.79845],[30.74941,50.80047],[30.74535,50.80181],[30.74636,50.80453],[30.74457,50.808],[30.73301,50.81034],[30.73233,50.8125],[30.73779,50.81702],[30.743,50.81945],[30.74604,50.81796],[30.75398,50.81216],[30.76132,50.81091],[30.76647,50.81373],[30.76984,50.82121],[30.7674,50.82386],[30.76909,50.83116],[30.77745,50.83321],[30.77341,50.8403],[30.77456,50.84386],[30.77134,50.84627],[30.77067,50.84948],[30.7735,50.85346],[30.77822,50.85627],[30.77497,50.8653],[30.77071,50.86662],[30.77013,50.86974],[30.76745,50.87174],[30.77002,50.87549],[30.76515,50.87543],[30.76197,50.87781],[30.7561,50.87979],[30.73983,50.88738],[30.7355,50.89353],[30.73456,50.89822],[30.71615,50.89687],[30.71578,50.89903],[30.69706,50.90095],[30.69538,50.90324],[30.67779,50.90201],[30.67288,50.90619],[30.67403,50.90857],[30.6713,50.92353],[30.6668,50.92993],[30.66791,50.93768],[30.65473,50.95987],[30.64705,50.97072],[30.64903,50.98557],[30.6422,50.99745],[30.64097,51.00315],[30.62765,51.00751],[30.62727,51.00987],[30.60284,51.00929],[30.60134,51.02684],[30.58237,51.02657],[30.5701,51.02592],[30.51565,51.01949],[30.49937,51.01905],[30.49945,51.02331],[30.50145,51.02528],[30.50121,51.03232],[30.49916,51.0379],[30.49348,51.04902],[30.49404,51.05091],[30.50255,51.05772],[30.50626,51.06161],[30.51004,51.07124],[30.50898,51.07555],[30.4996,51.08098],[30.48466,51.09078],[30.48599,51.09405],[30.49508,51.09897],[30.49994,51.10034],[30.50972,51.10117],[30.51381,51.10249],[30.51572,51.10482],[30.51721,51.11099],[30.51434,51.11679],[30.51137,51.11966],[30.50166,51.12584],[30.49417,51.13434],[30.49165,51.14022],[30.4904,51.14607],[30.49041,51.16335],[30.49103,51.1658],[30.49885,51.1747],[30.50446,51.17661],[30.50905,51.17654],[30.52207,51.17311],[30.53056,51.17286],[30.53721,51.17551],[30.53845,51.18109],[30.53455,51.18398],[30.52003,51.18295],[30.51637,51.18579],[30.5162,51.18819],[30.5204,51.192],[30.52881,51.19618],[30.52999,51.20187],[30.52747,51.20445],[30.52375,51.21097],[30.51818,51.21511],[30.50874,51.2189],[30.50528,51.22309],[30.50573,51.22721],[30.5081,51.2305],[30.51163,51.23258],[30.52536,51.23668],[30.53281,51.23525],[30.541,51.23122],[30.54764,51.22965],[30.55448,51.23008],[30.55841,51.23256],[30.56024,51.23658],[30.55651,51.24621],[30.55116,51.25247],[30.54033,51.25647],[30.53904,51.25791],[30.53983,51.26258],[30.51992,51.2712],[30.51669,51.27337],[30.50441,51.27973],[30.47819,51.27664],[30.46342,51.27276],[30.45366,51.27341],[30.45181,51.27648],[30.45416,51.27883],[30.4512,51.28051],[30.45201,51.28534],[30.45667,51.28567],[30.4631,51.28964],[30.46461,51.29284],[30.4589,51.29651],[30.45853,51.2992],[30.46235,51.30691],[30.4441,51.30952],[30.43667,51.30786],[30.42077,51.30531],[30.41221,51.30836],[30.39824,51.31247],[30.39123,51.32079],[30.3775,51.32813],[30.3661,51.33493],[30.3477,51.34895],[30.33466,51.35237],[30.32407,51.36158],[30.33292,51.36636],[30.35469,51.37613],[30.35757,51.37867],[30.34877,51.41034],[30.34507,51.42434],[30.33638,51.42527],[30.3321,51.42762],[30.32549,51.4328],[30.32234,51.43365],[30.31923,51.43958],[30.31103,51.44335],[30.30932,51.44681],[30.30634,51.44858],[30.29815,51.45665],[30.29507,51.45756],[30.28796,51.46374],[30.28374,51.46404],[30.27412,51.46791],[30.26785,51.47132],[30.25258,51.48124],[30.247,51.48533],[30.24004,51.48762],[30.21243,51.49306],[30.21259,51.49349],[30.19521,51.50353],[30.1809,51.51241],[30.1669,51.5089],[30.16598,51.50775],[30.16295,51.49129],[30.16198,51.48877],[30.15663,51.49008],[30.14561,51.49453],[30.13659,51.50008],[30.13251,51.505],[30.1258,51.50608],[30.12086,51.50462],[30.12748,51.48856],[30.12301,51.48987],[30.12068,51.48762],[30.11085,51.4882],[30.10697,51.49039],[30.08952,51.49501],[30.07883,51.49697],[30.07581,51.49601],[30.06136,51.49924],[30.0588,51.4984],[30.05046,51.4989],[30.04335,51.50084],[30.03538,51.50409],[30.03011,51.50325],[30.02464,51.50351],[30.01443,51.50547],[30.01234,51.50288],[30.01677,51.49593],[30.01275,51.49445],[30.01263,51.49051],[30.00316,51.48876],[30.0008,51.48618],[29.99079,51.48226],[29.9876,51.48503],[29.98174,51.48659],[29.9776,51.48615],[29.97347,51.48406],[29.97209,51.48183],[29.97055,51.47397],[29.96486,51.47155],[29.95774,51.47132],[29.95194,51.47248],[29.94893,51.47482],[29.94698,51.47914],[29.94636,51.48391],[29.92852,51.48946],[29.92479,51.48793],[29.91797,51.48841],[29.90974,51.48586],[29.89312,51.48443],[29.88948,51.48331],[29.88929,51.47882],[29.88232,51.4766],[29.88445,51.47417],[29.8881,51.47367],[29.88604,51.47068],[29.88725,51.46793],[29.88479,51.46604],[29.88482,51.46271],[29.87579,51.45713],[29.87475,51.45543],[29.87761,51.44924],[29.87777,51.44542],[29.87346,51.44438],[29.85994,51.44846],[29.84841,51.449],[29.84303,51.45729],[29.8381,51.45616],[29.81294,51.44887],[29.80977,51.45909],[29.79075,51.45788],[29.79023,51.45687],[29.79337,51.44161],[29.78176,51.44642],[29.76633,51.44901],[29.73909,51.45896],[29.74073,51.46035],[29.73994,51.46439],[29.73268,51.46985],[29.73287,51.4772],[29.72965,51.4827],[29.72813,51.48779],[29.7253,51.49134],[29.74546,51.49317],[29.74064,51.50479],[29.73613,51.51083],[29.74271,51.51336],[29.73938,51.52269],[29.73817,51.53107],[29.70654,51.52781],[29.70724,51.52116],[29.69868,51.51811],[29.68668,51.51683],[29.68415,51.51448],[29.67236,51.5116],[29.66927,51.5081],[29.66853,51.50267],[29.66463,51.50286],[29.65696,51.50576],[29.65109,51.50549],[29.64735,51.50098],[29.6401,51.4986],[29.63497,51.50538],[29.62804,51.50377],[29.62516,51.50106],[29.62347,51.49658],[29.62085,51.49369],[29.6146,51.49247],[29.60549,51.49445],[29.60379,51.48753],[29.60712,51.47993],[29.60531,51.47784],[29.60448,51.47281],[29.59302,51.46682],[29.57947,51.46147],[29.57438,51.46177],[29.561,51.46943],[29.53716,51.48255],[29.53126,51.46788],[29.53293,51.46638],[29.53211,51.4632],[29.52003,51.45365],[29.51511,51.4453],[29.51816,51.44066],[29.52064,51.43334],[29.5162,51.42772],[29.51959,51.42216],[29.51266,51.42333],[29.50772,51.41485],[29.5056,51.40772],[29.50321,51.40318],[29.49495,51.39644],[29.48337,51.39753],[29.47103,51.40149],[29.45969,51.40395],[29.44644,51.40739],[29.42794,51.41293],[29.4161,51.4135],[29.40533,51.41147],[29.39876,51.40877],[29.39256,51.40776],[29.38678,51.40422],[29.38295,51.40336],[29.37259,51.39831],[29.37078,51.39388],[29.3657,51.38958],[29.35929,51.38839],[29.35934,51.37593],[29.3938,51.37953],[29.39282,51.35257],[29.39278,51.3409],[29.39634,51.32753],[29.37391,51.32576],[29.36665,51.32639],[29.34734,51.32396],[29.35096,51.32043],[29.34958,51.31628],[29.36486,51.30811],[29.36714,51.30594],[29.35543,51.2935],[29.3684,51.28922],[29.35451,51.27444],[29.3357,51.26986],[29.33406,51.27133],[29.3291,51.27107],[29.32937,51.27648],[29.3224,51.27506],[29.31013,51.27574],[29.30752,51.27139],[29.30039,51.27327],[29.26728,51.26531],[29.27155,51.25211],[29.27989,51.23006],[29.28512,51.21494],[29.2982,51.17853],[29.30194,51.16683],[29.3105,51.14473],[29.31629,51.13149],[29.32037,51.12722],[29.32898,51.12586],[29.33052,51.15762],[29.34889,51.16009],[29.35728,51.15614],[29.40055,51.13657],[29.4275,51.12395],[29.44583,51.10286],[29.45914,51.08939],[29.46746,51.08641],[29.47673,51.07971],[29.4848,51.07586],[29.4941,51.0733],[29.5076,51.06435],[29.51178,51.06064],[29.4788,51.03365],[29.46741,51.01908],[29.46461,51.01897],[29.4685,51.00929],[29.46556,51.00479],[29.4655,50.9932],[29.46728,50.98507],[29.46056,50.98273],[29.44878,50.98566],[29.44048,50.98854],[29.42503,50.98644],[29.41964,50.98339],[29.4139,50.98355],[29.41154,50.94895],[29.43095,50.94539],[29.43549,50.94556],[29.43863,50.94296],[29.46753,50.92475],[29.47513,50.91482],[29.47136,50.90366],[29.48984,50.88992],[29.50034,50.88704],[29.51348,50.8787],[29.52135,50.86888],[29.50999,50.85343],[29.49752,50.83731],[29.52924,50.82384],[29.53487,50.82992],[29.54221,50.8284],[29.54741,50.81379],[29.53472,50.81316],[29.53001,50.81498],[29.5173,50.81747],[29.50096,50.81886],[29.48823,50.81224],[29.49401,50.80918],[29.4924,50.80658],[29.49836,50.80303],[29.4988,50.8011],[29.50721,50.79743],[29.51527,50.79321],[29.51802,50.79413],[29.52154,50.79245],[29.51887,50.78908],[29.50605,50.78366],[29.51048,50.78215],[29.51066,50.77716],[29.50721,50.77449],[29.49849,50.77405],[29.48298,50.772],[29.49002,50.77059],[29.49024,50.76884],[29.49835,50.76819],[29.50252,50.76517],[29.51059,50.76538],[29.51164,50.76959],[29.51728,50.77029],[29.51891,50.77182],[29.52822,50.77181],[29.53218,50.77523],[29.53504,50.77618],[29.54339,50.77597],[29.54848,50.77192],[29.55401,50.77141],[29.55782,50.77282],[29.56214,50.77012],[29.56984,50.77153],[29.56865,50.76979],[29.57159,50.76741],[29.56793,50.76627],[29.56989,50.76266],[29.57384,50.75908],[29.57739,50.74992],[29.58123,50.74779],[29.57874,50.74383],[29.58114,50.73967],[29.58641,50.73867],[29.5855,50.73653],[29.59192,50.73056],[29.5959,50.73137],[29.59719,50.72902],[29.59598,50.72604],[29.59114,50.72113],[29.586,50.70928],[29.58164,50.70498],[29.57849,50.70348],[29.57644,50.69929],[29.57308,50.69792],[29.56985,50.6988],[29.56833,50.69559],[29.56155,50.69267],[29.55061,50.69334],[29.54584,50.68994],[29.54191,50.68967],[29.5403,50.68628],[29.54093,50.68142],[29.53704,50.68153],[29.52837,50.67831],[29.5308,50.67366],[29.5272,50.66687],[29.52977,50.66434],[29.5271,50.66292],[29.51689,50.66093],[29.50948,50.6586],[29.50295,50.65852],[29.50029,50.66122],[29.49715,50.66067],[29.48683,50.66281],[29.48623,50.65961],[29.47884,50.65725],[29.47604,50.65334],[29.48489,50.64673],[29.47938,50.64203],[29.46358,50.63331],[29.47253,50.62818],[29.44471,50.62121],[29.44914,50.61823],[29.45455,50.61646],[29.45616,50.6138],[29.46167,50.6116],[29.47573,50.60796],[29.48676,50.59793],[29.49187,50.59603],[29.49741,50.59148],[29.49813,50.58965],[29.49836,50.58095],[29.49921,50.57669],[29.50487,50.5729],[29.49977,50.56695],[29.49853,50.55904],[29.50292,50.55345],[29.50196,50.54827],[29.49314,50.54464],[29.48685,50.53737],[29.48219,50.53912],[29.45982,50.53977],[29.45819,50.53789],[29.46118,50.53136],[29.46675,50.52821],[29.46457,50.52104],[29.46064,50.51636],[29.46736,50.51307],[29.47428,50.51068],[29.48308,50.50967],[29.48453,50.50705],[29.49711,50.50253],[29.50407,50.50163],[29.50343,50.49511],[29.50909,50.48796],[29.50258,50.48391],[29.50668,50.4795],[29.51087,50.47076],[29.50541,50.46598],[29.50091,50.46765],[29.48346,50.45922],[29.47766,50.46179],[29.46355,50.46646],[29.45697,50.47051],[29.4488,50.45705],[29.44686,50.45282],[29.45174,50.45136],[29.47649,50.45194],[29.4766,50.44931],[29.49763,50.45049],[29.4991,50.44618],[29.49839,50.43978],[29.49694,50.43501],[29.48939,50.42945],[29.48158,50.41891],[29.47147,50.42023],[29.46934,50.41548],[29.45106,50.4205],[29.44246,50.41882],[29.44261,50.41544],[29.45479,50.40147],[29.48168,50.40401],[29.48032,50.41316],[29.56019,50.42251],[29.57436,50.4131],[29.58434,50.40465],[29.59039,50.40037],[29.58604,50.38923],[29.58936,50.38028],[29.58879,50.37488],[29.60265,50.37425],[29.60894,50.37258],[29.61327,50.36976],[29.61776,50.36492],[29.62184,50.36521],[29.63074,50.37265],[29.63541,50.37399],[29.63833,50.37132],[29.63476,50.36878],[29.64008,50.36524],[29.64185,50.35818],[29.63754,50.35437],[29.62957,50.35177],[29.62969,50.34773],[29.62461,50.34466],[29.6183,50.34259],[29.61508,50.34316],[29.61169,50.3414],[29.61931,50.33745],[29.62602,50.3301],[29.63857,50.32601],[29.64499,50.3244],[29.65509,50.32449],[29.65656,50.32232],[29.66366,50.32376],[29.67339,50.32025],[29.68213,50.32031],[29.69269,50.32323],[29.69161,50.31541],[29.69079,50.30978],[29.68209,50.31165],[29.67558,50.29762],[29.67804,50.28474],[29.68955,50.28426],[29.68882,50.27718],[29.68414,50.27697],[29.68109,50.27382],[29.67339,50.27803],[29.66629,50.27451],[29.6699,50.27223],[29.67371,50.26745],[29.66559,50.26499],[29.67666,50.25959],[29.6773,50.25461],[29.68145,50.25541],[29.68491,50.24558],[29.68904,50.24018],[29.69383,50.23653],[29.69954,50.23366],[29.70052,50.23006],[29.69373,50.22826],[29.69022,50.22845],[29.68396,50.22376],[29.68286,50.21636],[29.67593,50.20683],[29.66883,50.20018],[29.66208,50.19522],[29.65523,50.18762],[29.65003,50.18635],[29.64712,50.18232],[29.64307,50.17985],[29.65077,50.17203],[29.65724,50.17102],[29.66638,50.16701],[29.67181,50.16203],[29.6804,50.15753],[29.69109,50.15508],[29.69207,50.1521],[29.68811,50.14391],[29.65906,50.12756],[29.65579,50.11802],[29.66997,50.11416],[29.66696,50.11178],[29.65447,50.10941],[29.64972,50.1091],[29.64707,50.10648],[29.68021,50.0816],[29.69643,50.06872],[29.69685,50.06778],[29.69542,50.04443],[29.69174,50.04127],[29.6715,50.03223],[29.6777,50.02937],[29.68023,50.01937],[29.68353,50.01223],[29.69138,50.00744],[29.69292,50.00427],[29.6908,49.998],[29.69434,49.99648],[29.6965,49.99123],[29.70766,49.98353],[29.71257,49.98188],[29.71726,49.97891],[29.71158,49.97231],[29.71418,49.96762],[29.72818,49.97027],[29.73201,49.96313],[29.72566,49.96141],[29.72211,49.9589],[29.72483,49.9573],[29.73016,49.95106],[29.73209,49.95037],[29.73519,49.94453],[29.72511,49.94176],[29.72793,49.93277],[29.69232,49.92056],[29.66597,49.91128],[29.65613,49.90232],[29.64303,49.89833],[29.63643,49.88994],[29.63366,49.88554],[29.62833,49.88628],[29.6325,49.87704],[29.64917,49.87794],[29.65053,49.87681],[29.66661,49.87383],[29.65523,49.86655],[29.65115,49.86797],[29.64677,49.86642],[29.64359,49.86909],[29.63973,49.86755],[29.6336,49.86329],[29.63138,49.864],[29.62631,49.85967],[29.62694,49.85632],[29.61994,49.85222],[29.60363,49.85564],[29.5986,49.85071],[29.60027,49.84742],[29.59297,49.84147],[29.58913,49.84179],[29.57315,49.84042],[29.57448,49.83751],[29.55859,49.83695],[29.54687,49.83541],[29.54763,49.82887],[29.55022,49.82809],[29.54193,49.81902],[29.53817,49.82164],[29.52661,49.82523],[29.52243,49.82883],[29.51169,49.83205],[29.50911,49.83506],[29.49072,49.82538],[29.49497,49.82066],[29.49619,49.81373],[29.48658,49.80936],[29.48763,49.80636],[29.48027,49.80321],[29.47004,49.81444],[29.44868,49.80256],[29.43874,49.80552],[29.44105,49.79955],[29.44501,49.79276],[29.44952,49.78678],[29.45616,49.77584],[29.46208,49.76194],[29.44465,49.7321],[29.43568,49.72947],[29.44601,49.71346],[29.48363,49.71203],[29.49681,49.71403],[29.49647,49.71136],[29.49119,49.70767],[29.49008,49.68779],[29.49175,49.68373],[29.48955,49.67842],[29.48904,49.66916],[29.51361,49.66312],[29.50525,49.64922],[29.51907,49.64563],[29.52097,49.64437],[29.52193,49.64016],[29.53527,49.63669],[29.53175,49.63113],[29.52717,49.63274],[29.51942,49.62417],[29.50837,49.61955],[29.51144,49.61266],[29.49632,49.60003],[29.50286,49.59916],[29.50563,49.59651],[29.49929,49.59374],[29.52879,49.5645],[29.53074,49.56207],[29.53482,49.54612],[29.53801,49.53818],[29.54376,49.53789],[29.54626,49.53149],[29.54264,49.53215],[29.53909,49.52099],[29.55051,49.51858],[29.56592,49.50713],[29.57001,49.50337],[29.57433,49.5073],[29.58479,49.50656],[29.58386,49.50072],[29.5844,49.49467],[29.58146,49.49441],[29.57089,49.49741],[29.56164,49.49674],[29.55992,49.498],[29.55338,49.4931],[29.55324,49.48987],[29.55108,49.48776],[29.54422,49.48657],[29.5442,49.48269],[29.56022,49.46473],[29.56502,49.46168],[29.5734,49.45779],[29.57489,49.45788],[29.58809,49.45408],[29.58973,49.45415],[29.59486,49.44326],[29.57246,49.43328],[29.57575,49.42887],[29.55947,49.41792],[29.56241,49.41447],[29.54684,49.40581],[29.54162,49.40143],[29.53919,49.40186],[29.52531,49.39964],[29.50527,49.39584],[29.50751,49.38565],[29.50387,49.38576],[29.5011,49.37756],[29.50266,49.36986],[29.50899,49.36857],[29.51564,49.36516],[29.52098,49.35882],[29.51965,49.35503],[29.52284,49.35071],[29.52234,49.34686],[29.52378,49.34174],[29.52283,49.33757],[29.52689,49.33409],[29.52746,49.33113],[29.53535,49.32382],[29.55329,49.32166],[29.55683,49.32259],[29.56952,49.32073],[29.57332,49.32403],[29.59364,49.31798],[29.61905,49.30587],[29.61513,49.30445],[29.61467,49.3021],[29.6078,49.29988],[29.61047,49.29113],[29.61682,49.28653],[29.61899,49.27944],[29.6141,49.27555],[29.6162,49.27392],[29.62185,49.27412],[29.61305,49.26544],[29.62047,49.26071],[29.62618,49.25795],[29.64049,49.2466],[29.64786,49.24569],[29.66236,49.25001],[29.68988,49.2374],[29.69213,49.2421],[29.69343,49.2515],[29.69519,49.25538],[29.70104,49.26062],[29.71054,49.26315],[29.72292,49.24518],[29.71732,49.24285],[29.71756,49.23888],[29.71623,49.23599],[29.7243,49.23134],[29.73266,49.23014],[29.73654,49.2284]],[[30.6488,50.29258],[30.64189,50.29061],[30.64145,50.286],[30.6377,50.28347],[30.6402,50.28004],[30.61081,50.2806],[30.60976,50.27687],[30.61151,50.27429],[30.61605,50.27165],[30.61675,50.26534],[30.62668,50.26266],[30.62531,50.25738],[30.63297,50.25104],[30.63359,50.24763],[30.63594,50.24526],[30.64671,50.23972],[30.64575,50.23657],[30.63742,50.23468],[30.64367,50.22596],[30.59347,50.2133],[30.59,50.2162],[30.59157,50.2273],[30.59062,50.23263],[30.58494,50.24847],[30.57473,50.25945],[30.56984,50.25919],[30.5698,50.26227],[30.56765,50.2659],[30.56397,50.2694],[30.56378,50.27715],[30.5538,50.27715],[30.5538,50.26965],[30.54259,50.27586],[30.54803,50.28292],[30.54623,50.29101],[30.53197,50.29068],[30.52829,50.29151],[30.53706,50.30043],[30.53174,50.30228],[30.53363,50.31711],[30.52526,50.31939],[30.51654,50.32092],[30.50852,50.32609],[30.4963,50.32193],[30.48855,50.32693],[30.49567,50.33004],[30.49135,50.33527],[30.48491,50.33572],[30.48509,50.33378],[30.47526,50.33318],[30.4746,50.33971],[30.47275,50.35055],[30.46805,50.35201],[30.47028,50.35546],[30.46835,50.36005],[30.4577,50.36098],[30.45504,50.35992],[30.45208,50.35456],[30.43763,50.35693],[30.43592,50.3609],[30.43748,50.36755],[30.43056,50.37179],[30.44217,50.38146],[30.42848,50.39181],[30.42196,50.39392],[30.41998,50.39726],[30.39422,50.40545],[30.38314,50.41203],[30.36923,50.4209],[30.36604,50.42431],[30.35935,50.43437],[30.3578,50.44462],[30.35073,50.44502],[30.35106,50.44901],[30.34869,50.45119],[30.34208,50.45349],[30.34434,50.44848],[30.34401,50.44561],[30.33227,50.44442],[30.32187,50.44236],[30.31085,50.44269],[30.28126,50.44732],[30.28205,50.4428],[30.27479,50.43165],[30.27625,50.43068],[30.26931,50.42621],[30.26022,50.43113],[30.25524,50.43114],[30.2508,50.42629],[30.24439,50.42292],[30.24102,50.42789],[30.23684,50.43111],[30.24206,50.43569],[30.24231,50.4386],[30.24643,50.43962],[30.24557,50.44361],[30.23941,50.44907],[30.24087,50.45532],[30.25774,50.46972],[30.25599,50.47206],[30.24916,50.47424],[30.25133,50.47958],[30.25308,50.48651],[30.25804,50.48642],[30.26307,50.48867],[30.26635,50.49238],[30.26526,50.49364],[30.27032,50.49812],[30.26956,50.50282],[30.25952,50.50968],[30.26347,50.5147],[30.26837,50.5185],[30.27366,50.52135],[30.28202,50.52221],[30.28584,50.52525],[30.29083,50.52724],[30.29035,50.52902],[30.29278,50.53273],[30.30258,50.53307],[30.30432,50.54345],[30.30303,50.54783],[30.29725,50.55172],[30.30169,50.55351],[30.31115,50.55502],[30.32651,50.54606],[30.32587,50.55016],[30.32948,50.54957],[30.33258,50.55149],[30.32925,50.55376],[30.33264,50.55677],[30.33171,50.55926],[30.32549,50.56307],[30.32724,50.56453],[30.30739,50.57043],[30.33919,50.57376],[30.37075,50.5734],[30.371,50.58644],[30.44737,50.58572],[30.46168,50.58396],[30.46297,50.58306],[30.46455,50.57172],[30.48152,50.57223],[30.48509,50.5692],[30.4938,50.56677],[30.49522,50.55694],[30.49806,50.55264],[30.50737,50.54744],[30.53232,50.54021],[30.53446,50.53818],[30.54155,50.53431],[30.54377,50.53195],[30.5445,50.52697],[30.54105,50.52302],[30.54229,50.52214],[30.555,50.52182],[30.56068,50.51639],[30.56716,50.51563],[30.56797,50.52065],[30.56497,50.52469],[30.55375,50.53216],[30.55446,50.53649],[30.55634,50.53911],[30.57142,50.53848],[30.57184,50.53732],[30.62248,50.53516],[30.65401,50.53394],[30.65581,50.53856],[30.66227,50.54654],[30.66496,50.55179],[30.67114,50.55398],[30.68016,50.55529],[30.69748,50.56179],[30.6988,50.55452],[30.71415,50.55552],[30.7104,50.57559],[30.7215,50.58591],[30.71725,50.58975],[30.7228,50.59044],[30.75192,50.58356],[30.75586,50.58321],[30.76645,50.58379],[30.77114,50.57553],[30.78335,50.57738],[30.78867,50.57712],[30.79062,50.57371],[30.79719,50.57028],[30.81741,50.5646],[30.81453,50.56271],[30.81507,50.55983],[30.81759,50.55769],[30.8215,50.53858],[30.82329,50.53704],[30.81671,50.53479],[30.80924,50.53365],[30.8022,50.53079],[30.78384,50.52695],[30.77106,50.52245],[30.76025,50.51962],[30.75261,50.51856],[30.75508,50.51574],[30.76106,50.51212],[30.76185,50.50898],[30.74919,50.50442],[30.74664,50.50207],[30.74152,50.50029],[30.739,50.49791],[30.74299,50.49101],[30.74673,50.49202],[30.74912,50.48752],[30.75432,50.4902],[30.75984,50.4835],[30.75375,50.48292],[30.74851,50.48374],[30.74635,50.47756],[30.75011,50.47444],[30.74145,50.469],[30.75231,50.46993],[30.75354,50.46624],[30.75077,50.46412],[30.7548,50.46152],[30.7523,50.46037],[30.74285,50.45841],[30.76006,50.4482],[30.77679,50.44314],[30.77628,50.43887],[30.78799,50.43361],[30.79185,50.43387],[30.7969,50.42934],[30.80231,50.42636],[30.80136,50.42087],[30.79576,50.41763],[30.80361,50.41198],[30.80842,50.40955],[30.81382,50.4092],[30.82262,50.40729],[30.82654,50.40395],[30.82251,50.40064],[30.81848,50.3941],[30.81324,50.39176],[30.79755,50.3939],[30.79045,50.39782],[30.77629,50.39477],[30.77616,50.38911],[30.78076,50.3854],[30.77748,50.38241],[30.76428,50.38047],[30.76227,50.37496],[30.75315,50.37547],[30.74231,50.37188],[30.73861,50.37219],[30.72679,50.3754],[30.72894,50.37662],[30.72339,50.38097],[30.71781,50.38262],[30.71176,50.37839],[30.71441,50.3703],[30.71322,50.36753],[30.70958,50.36794],[30.70704,50.36538],[30.71393,50.35677],[30.71099,50.35238],[30.69678,50.34729],[30.69662,50.34887],[30.68664,50.3523],[30.67786,50.35294],[30.67388,50.35475],[30.67592,50.35714],[30.67408,50.36028],[30.66866,50.35965],[30.67227,50.36635],[30.67746,50.36845],[30.67667,50.36984],[30.67105,50.36975],[30.66855,50.36677],[30.66252,50.36625],[30.65408,50.36306],[30.63628,50.36104],[30.63911,50.35887],[30.63761,50.34506],[30.6335,50.34048],[30.63057,50.3418],[30.62753,50.34522],[30.62701,50.34828],[30.62262,50.3486],[30.61167,50.34612],[30.62053,50.33444],[30.62534,50.3293],[30.63073,50.31929],[30.63546,50.31497],[30.63886,50.31004],[30.6488,50.29258]]],[[[30.7314,50.51195],[30.74473,50.51718],[30.75199,50.51851],[30.75088,50.52432],[30.72155,50.52193],[30.72347,50.511],[30.7314,50.51195]]]]},"properties":{"oblast":"kyiv_oblast","id":"kyiv_oblast","name":"Київська область"}},{"type":"Feature","geometry":{"type":"Polygon","coordinates":[[[29.78059,48.20854],[29.78467,48.20762],[29.78573,48.20444],[29.79339,48.20123],[29.79969,48.20382],[29.81189,48.20747],[29.81848,48.20773],[29.83116,48.21129],[29.84047,48.21259],[29.85225,48.20902],[29.85975,48.20494],[29.86584,48.1975],[29.87232,48.19452],[29.87561,48.1879],[29.88648,48.18594],[29.89219,48.18653],[29.90405,48.20165],[29.91118,48.20986],[29.9303,48.2333],[29.97504,48.21703],[29.981,48.22396],[29.99107,48.2303],[29.99195,48.22142],[29.99318,48.21981],[29.99881,48.21758],[30.00838,48.21093],[30.00964,48.20689],[30.00776,48.202],[30.00115,48.19562],[30.00238,48.19023],[30.00193,48.18566],[30.00587,48.18266],[30.01036,48.1827],[30.01653,48.18639],[30.02216,48.18607],[30.02742,48.18173],[30.03255,48.17926],[30.03407,48.17709],[30.03279,48.17306],[30.03589,48.16877],[30.04176,48.16319],[30.04312,48.15647],[30.04973,48.15043],[30.05329,48.15038],[30.05896,48.15219],[30.06229,48.15168],[30.06495,48.14695],[30.06773,48.14514],[30.07689,48.14676],[30.09,48.14363],[30.09351,48.14204],[30.10069,48.14152],[30.10539,48.13976],[30.10973,48.14325],[30.11397,48.14439],[30.1191,48.14444],[30.12621,48.14696],[30.13387,48.14717],[30.14443,48.14587],[30.14957,48.14353],[30.15301,48.14323],[30.15986,48.14524],[30.16584,48.14502],[30.17186,48.14903],[30.18226,48.15157],[30.18632,48.15459],[30.18859,48.15464],[30.19438,48.15008],[30.19975,48.14855],[30.21425,48.14726],[30.22003,48.145],[30.2308,48.14404],[30.24185,48.14036],[30.25271,48.14299],[30.26079,48.14726],[30.26376,48.14746],[30.2764,48.1436],[30.28161,48.14079],[30.2874,48.13995],[30.30015,48.14252],[30.30781,48.1416],[30.3175,48.14063],[30.32387,48.14385],[30.32832,48.14734],[30.32885,48.14945],[30.32679,48.15301],[30.32759,48.16002],[30.33695,48.16103],[30.34457,48.16416],[30.35081,48.16792],[30.35916,48.16889],[30.36195,48.17005],[30.36333,48.17283],[30.3666,48.17415],[30.37747,48.17393],[30.3841,48.17444],[30.38642,48.17318],[30.38755,48.16885],[30.39001,48.16598],[30.39549,48.16472],[30.40657,48.16378],[30.41342,48.16252],[30.41759,48.1628],[30.42821,48.16538],[30.43339,48.17112],[30.43638,48.17193],[30.44472,48.16904],[30.44965,48.16912],[30.46343,48.16506],[30.4675,48.16249],[30.47125,48.16311],[30.47363,48.16612],[30.48001,48.16628],[30.49282,48.16997],[30.49727,48.16953],[30.50032,48.16792],[30.49999,48.16353],[30.50427,48.15794],[30.50666,48.15973],[30.5268,48.17955],[30.55304,48.16314],[30.55606,48.15593],[30.58105,48.15503],[30.58543,48.15685],[30.59093,48.15708],[30.61665,48.15644],[30.62016,48.15747],[30.62007,48.16631],[30.63723,48.16736],[30.65659,48.17191],[30.64842,48.17946],[30.64747,48.18525],[30.66592,48.18708],[30.68401,48.18812],[30.68935,48.18914],[30.71681,48.19555],[30.71934,48.18655],[30.78539,48.19139],[30.7896,48.18106],[30.79251,48.16778],[30.81521,48.1697],[30.81332,48.17285],[30.81425,48.17697],[30.81963,48.18051],[30.8196,48.18902],[30.82305,48.1908],[30.82561,48.18866],[30.82771,48.18158],[30.84839,48.18437],[30.85379,48.16655],[30.85504,48.16106],[30.86976,48.1623],[30.87406,48.16148],[30.87952,48.16448],[30.89433,48.16536],[30.89845,48.15979],[30.90202,48.15998],[30.90327,48.16423],[30.91112,48.16446],[30.91721,48.16533],[30.91952,48.16919],[30.9221,48.16979],[30.92716,48.16675],[30.93037,48.16635],[30.93097,48.1711],[30.9299,48.17585],[30.92999,48.18059],[30.93192,48.18399],[30.9448,48.18411],[30.9555,48.18069],[30.96624,48.18532],[30.97291,48.18544],[30.97841,48.18373],[30.98916,48.18446],[30.98726,48.19471],[30.98906,48.19451],[30.98102,48.22214],[31.05302,48.23228],[31.05628,48.22014],[31.09078,48.22399],[31.13799,48.22928],[31.14009,48.22069],[31.16124,48.22297],[31.16896,48.21843],[31.16855,48.21499],[31.17182,48.2138],[31.17296,48.2105],[31.17722,48.20717],[31.18465,48.203],[31.18628,48.1963],[31.19205,48.19388],[31.18834,48.1878],[31.18055,48.18628],[31.17901,48.18176],[31.18363,48.17765],[31.19087,48.17432],[31.20134,48.16838],[31.22058,48.17075],[31.22298,48.16307],[31.23633,48.11703],[31.2554,48.12164],[31.29818,48.13158],[31.32524,48.13818],[31.33021,48.11388],[31.3382,48.11473],[31.34282,48.11732],[31.35018,48.11889],[31.36279,48.11852],[31.36789,48.11924],[31.37236,48.12293],[31.37663,48.1252],[31.3799,48.1324],[31.38695,48.13135],[31.38903,48.12945],[31.39552,48.10837],[31.40427,48.10952],[31.42017,48.11174],[31.41785,48.12088],[31.46472,48.12679],[31.48643,48.12964],[31.49586,48.09743],[31.49849,48.08721],[31.47622,48.08298],[31.47215,48.07708],[31.47,48.06404],[31.47116,48.06344],[31.48817,48.06536],[31.49246,48.05073],[31.50198,48.05208],[31.50751,48.05561],[31.51225,48.06222],[31.51023,48.06883],[31.5374,48.06833],[31.551,48.06979],[31.54055,48.10779],[31.55895,48.1103],[31.56786,48.09892],[31.56792,48.1026],[31.57718,48.10391],[31.58391,48.10551],[31.58199,48.11693],[31.58425,48.12337],[31.58262,48.12876],[31.59307,48.12952],[31.60441,48.13104],[31.61521,48.13319],[31.62779,48.13487],[31.63361,48.13477],[31.63701,48.12452],[31.63967,48.12487],[31.64188,48.11494],[31.68558,48.121],[31.68259,48.11765],[31.68717,48.1164],[31.69433,48.09336],[31.71137,48.09549],[31.72064,48.09699],[31.73691,48.09854],[31.76728,48.10212],[31.77358,48.07726],[31.78302,48.04223],[31.72903,48.03546],[31.73216,48.02399],[31.743,47.98037],[31.74869,47.9583],[31.75193,47.94431],[31.76455,47.94455],[31.77133,47.94908],[31.7811,47.96037],[31.78266,47.95524],[31.78483,47.95489],[31.8014,47.95756],[31.80062,47.96025],[31.80874,47.95983],[31.81918,47.96133],[31.82541,47.96118],[31.84383,47.96358],[31.84891,47.94296],[31.85499,47.91612],[31.87659,47.91942],[31.87758,47.91543],[31.8772,47.91002],[31.87908,47.90484],[31.88388,47.89721],[31.88471,47.89393],[31.8805,47.89366],[31.87981,47.89144],[31.88059,47.88245],[31.88479,47.88163],[31.88677,47.87686],[31.89183,47.86738],[31.88807,47.86544],[31.85704,47.86466],[31.85653,47.85877],[31.85909,47.84953],[31.85321,47.8484],[31.85677,47.83856],[31.86037,47.8364],[31.86388,47.83174],[31.87082,47.82763],[31.86872,47.82256],[31.86579,47.8218],[31.8274,47.81652],[31.83391,47.79449],[31.8377,47.7828],[31.83873,47.7822],[31.86343,47.785],[31.87409,47.78645],[31.87353,47.78776],[31.91001,47.79211],[31.96298,47.79869],[31.95979,47.80953],[32.00698,47.81513],[32.01509,47.81598],[32.01533,47.81274],[32.05467,47.81725],[32.05948,47.80471],[32.07664,47.80685],[32.07975,47.79584],[32.08517,47.79658],[32.08948,47.78228],[32.10928,47.7846],[32.11698,47.75591],[32.13581,47.7581],[32.13449,47.7554],[32.14018,47.74893],[32.14472,47.74988],[32.14609,47.75427],[32.15254,47.75559],[32.15733,47.76074],[32.15988,47.75139],[32.16107,47.75117],[32.20805,47.75727],[32.23158,47.7604],[32.22401,47.78694],[32.22251,47.79145],[32.23962,47.79381],[32.23632,47.81465],[32.29944,47.82301],[32.30233,47.8236],[32.31032,47.81813],[32.31379,47.8188],[32.31937,47.81783],[32.32208,47.81447],[32.32717,47.81358],[32.32978,47.80655],[32.33864,47.80018],[32.34444,47.79914],[32.34708,47.7967],[32.35171,47.79468],[32.35699,47.79096],[32.3642,47.78859],[32.36802,47.78984],[32.36805,47.79262],[32.37068,47.79469],[32.37513,47.79411],[32.3774,47.79654],[32.3867,47.79881],[32.38851,47.79743],[32.39617,47.80016],[32.39721,47.79628],[32.40224,47.79477],[32.4158,47.79767],[32.41821,47.80125],[32.42502,47.80055],[32.42518,47.79649],[32.42773,47.78957],[32.49684,47.79789],[32.49972,47.79773],[32.51243,47.7995],[32.54823,47.80386],[32.6022,47.81066],[32.62433,47.81334],[32.62414,47.81597],[32.6578,47.81994],[32.65622,47.82638],[32.66405,47.83939],[32.67265,47.84244],[32.6775,47.8505],[32.67945,47.8518],[32.67482,47.85753],[32.66936,47.85303],[32.66442,47.87091],[32.68554,47.87298],[32.67648,47.90701],[32.65594,47.90482],[32.6519,47.92152],[32.74556,47.93251],[32.74387,47.93716],[32.7366,47.94461],[32.7382,47.94779],[32.73545,47.95157],[32.69731,47.94653],[32.694,47.96063],[32.69319,47.96572],[32.68949,47.98184],[32.71135,47.98441],[32.76437,47.98996],[32.7892,47.99303],[32.79431,47.99317],[32.79524,47.98259],[32.79669,47.98082],[32.80086,47.98184],[32.80121,47.97519],[32.80984,47.97513],[32.81296,47.97909],[32.85043,47.98359],[32.86509,47.98512],[32.86702,47.98252],[32.89441,47.98553],[32.88714,48.01322],[32.88486,48.0202],[32.87838,48.02177],[32.8727,48.02413],[32.87047,48.03233],[32.88152,48.03381],[32.88336,48.02761],[32.91586,48.03158],[32.91305,48.03757],[32.94314,48.04123],[32.94582,48.04251],[32.95184,48.03523],[32.95413,48.03542],[32.96464,48.03917],[32.98296,48.04649],[32.99016,48.04823],[32.9924,48.03872],[33.00474,47.98876],[33.00657,47.98908],[33.01271,47.98654],[33.02219,47.98359],[33.02509,47.98479],[33.02196,47.98764],[33.02121,47.99196],[33.02284,47.99443],[33.02398,48.00118],[33.0262,48.00468],[33.02409,48.00852],[33.03242,48.01156],[33.03564,48.01187],[33.03547,48.02169],[33.0335,48.02168],[33.03179,48.03092],[33.03686,48.03126],[33.03632,48.03388],[33.0622,48.03709],[33.09549,48.04065],[33.1106,48.04289],[33.10534,48.04688],[33.10425,48.05665],[33.10782,48.05981],[33.1057,48.06388],[33.1146,48.06466],[33.1157,48.06098],[33.14335,48.06401],[33.14805,48.04158],[33.15368,48.04208],[33.14843,48.06763],[33.14408,48.06716],[33.14171,48.07648],[33.15433,48.07784],[33.15325,48.08332],[33.17079,48.08513],[33.17231,48.08658],[33.22487,48.09205],[33.22196,48.10579],[33.23686,48.10729],[33.23541,48.11338],[33.22485,48.11243],[33.22416,48.11536],[33.21998,48.11492],[33.22151,48.10777],[33.18824,48.10424],[33.18489,48.10446],[33.18171,48.11814],[33.21845,48.12189],[33.21796,48.1242],[33.22906,48.12534],[33.23212,48.12714],[33.22704,48.14923],[33.21728,48.14824],[33.21455,48.16136],[33.21281,48.16991],[33.24299,48.17264],[33.2475,48.15113],[33.27176,48.15369],[33.27558,48.13847],[33.27198,48.13808],[33.277,48.10319],[33.29344,48.10176],[33.29395,48.10416],[33.29751,48.10838],[33.30149,48.11062],[33.30186,48.11703],[33.30326,48.11912],[33.31542,48.11797],[33.31648,48.1249],[33.31437,48.12902],[33.30699,48.12784],[33.29422,48.14669],[33.29082,48.15003],[33.31651,48.15215],[33.31555,48.15786],[33.35691,48.15907],[33.36023,48.16345],[33.37497,48.1623],[33.38007,48.16508],[33.41794,48.16861],[33.43155,48.17054],[33.42831,48.18402],[33.43044,48.18872],[33.4789,48.19438],[33.47749,48.19968],[33.49611,48.20199],[33.49741,48.21057],[33.49167,48.20761],[33.48442,48.21447],[33.48772,48.21446],[33.49818,48.21697],[33.50065,48.23195],[33.51243,48.23056],[33.52063,48.2211],[33.52534,48.22375],[33.52773,48.22185],[33.5391,48.22744],[33.54003,48.23137],[33.54616,48.23534],[33.53957,48.25285],[33.5352,48.25233],[33.52972,48.27579],[33.51367,48.27729],[33.51536,48.2822],[33.51833,48.28357],[33.51549,48.29243],[33.51007,48.29417],[33.51723,48.32827],[33.5105,48.32993],[33.50548,48.3324],[33.49631,48.33034],[33.47757,48.32867],[33.47685,48.32566],[33.47297,48.32609],[33.47871,48.3493],[33.4617,48.34946],[33.4597,48.35756],[33.47568,48.36971],[33.46972,48.37077],[33.46955,48.37536],[33.47078,48.38366],[33.47408,48.38674],[33.48444,48.38643],[33.48506,48.39313],[33.49719,48.39368],[33.49496,48.40474],[33.48629,48.40419],[33.48836,48.42653],[33.48879,48.4378],[33.48255,48.47022],[33.47944,48.48449],[33.46967,48.53361],[33.47989,48.53612],[33.4724,48.54503],[33.48425,48.54776],[33.48175,48.55807],[33.50329,48.56045],[33.504,48.5581],[33.5116,48.55892],[33.50963,48.56811],[33.52063,48.56948],[33.57261,48.57496],[33.58491,48.57639],[33.5902,48.55956],[33.6222,48.56594],[33.62281,48.56643],[33.6133,48.59036],[33.60925,48.59943],[33.62592,48.60218],[33.62678,48.59777],[33.65003,48.59987],[33.65161,48.59191],[33.65623,48.59224],[33.65749,48.58604],[33.66046,48.58567],[33.70044,48.60585],[33.71491,48.61118],[33.72212,48.61263],[33.72211,48.61389],[33.73177,48.61538],[33.73654,48.61723],[33.74085,48.61522],[33.7447,48.61689],[33.74487,48.6198],[33.75182,48.62111],[33.75538,48.62382],[33.76148,48.62464],[33.76332,48.62705],[33.75956,48.64314],[33.76323,48.6434],[33.76263,48.64716],[33.75952,48.64707],[33.7561,48.65721],[33.80213,48.66287],[33.80526,48.68604],[33.80511,48.68744],[33.77336,48.68344],[33.75036,48.68074],[33.74646,48.69339],[33.73072,48.69219],[33.7144,48.70203],[33.70527,48.70816],[33.68148,48.72319],[33.65062,48.72103],[33.64928,48.72559],[33.63427,48.72422],[33.63005,48.72557],[33.61885,48.72758],[33.60755,48.75137],[33.59279,48.74809],[33.5898,48.75341],[33.58511,48.75477],[33.58583,48.75736],[33.58133,48.76641],[33.57818,48.77884],[33.58716,48.78141],[33.58301,48.79678],[33.60217,48.79863],[33.60398,48.79167],[33.6164,48.79324],[33.61781,48.78761],[33.65652,48.79258],[33.66116,48.79971],[33.66943,48.80911],[33.67389,48.81485],[33.67637,48.81531],[33.68513,48.81367],[33.68938,48.80812],[33.70707,48.81357],[33.71424,48.81353],[33.71297,48.81023],[33.72027,48.8098],[33.72408,48.79346],[33.72527,48.78667],[33.74265,48.78866],[33.74402,48.79127],[33.74861,48.79529],[33.76072,48.79666],[33.76069,48.79806],[33.77026,48.79918],[33.77218,48.79194],[33.79384,48.79462],[33.7922,48.80052],[33.81128,48.80285],[33.81513,48.79217],[33.81545,48.78923],[33.81898,48.77608],[33.82869,48.77375],[33.83009,48.76885],[33.8508,48.77082],[33.85323,48.77876],[33.84772,48.80258],[33.85075,48.80282],[33.86215,48.83745],[33.86511,48.83877],[33.87364,48.84044],[33.88268,48.86607],[33.88529,48.87467],[33.88962,48.88508],[33.89376,48.90201],[33.88801,48.90503],[33.87055,48.90952],[33.86279,48.91324],[33.85321,48.91889],[33.83839,48.9296],[33.83177,48.93271],[33.82191,48.93616],[33.81068,48.93873],[33.80061,48.93977],[33.79418,48.93909],[33.78537,48.93957],[33.7707,48.94213],[33.76037,48.9452],[33.75751,48.94532],[33.73713,48.94115],[33.72773,48.94105],[33.71844,48.93984],[33.71237,48.94005],[33.70145,48.94426],[33.69299,48.94806],[33.6906,48.95278],[33.68282,48.95549],[33.67572,48.96227],[33.66825,48.9724],[33.66567,48.97831],[33.64796,48.97696],[33.63794,48.97399],[33.63762,48.97016],[33.63527,48.96205],[33.62132,48.95661],[33.61306,48.94769],[33.60747,48.94972],[33.6007,48.94223],[33.6095,48.93851],[33.58921,48.91689],[33.58183,48.91607],[33.58039,48.92042],[33.56756,48.91886],[33.56885,48.9148],[33.57425,48.91542],[33.57513,48.91115],[33.55672,48.91295],[33.54767,48.91263],[33.54613,48.9193],[33.54048,48.91922],[33.53694,48.93139],[33.49726,48.92658],[33.4982,48.92277],[33.49058,48.92143],[33.48643,48.91791],[33.48405,48.91437],[33.47866,48.91571],[33.47371,48.91373],[33.47836,48.93442],[33.47267,48.9378],[33.47594,48.95195],[33.43158,48.95663],[33.43059,48.95243],[33.42559,48.95165],[33.42475,48.95533],[33.42026,48.95837],[33.41408,48.9575],[33.41107,48.95811],[33.40711,48.96145],[33.4017,48.95924],[33.40392,48.95645],[33.3987,48.95216],[33.40158,48.92686],[33.35283,48.94836],[33.35265,48.95423],[33.34878,48.95439],[33.33302,48.94914],[33.33108,48.95188],[33.31985,48.94848],[33.31393,48.95822],[33.32516,48.96132],[33.31208,48.9808],[33.31231,48.98353],[33.29778,49.00469],[33.29953,49.01094],[33.30537,49.01248],[33.30911,49.01445],[33.31178,49.0175],[33.32263,49.02116],[33.32936,49.02552],[33.33474,49.02699],[33.32737,49.0346],[33.32162,49.04324],[33.31789,49.04231],[33.31376,49.05413],[33.30104,49.06467],[33.2983,49.06623],[33.3,49.06898],[33.30789,49.07819],[33.29624,49.08338],[33.29233,49.08391],[33.27776,49.08332],[33.27892,49.08704],[33.27191,49.08833],[33.2703,49.0914],[33.26219,49.09187],[33.26637,49.09448],[33.27601,49.09796],[33.28168,49.0964],[33.2885,49.09706],[33.29733,49.10877],[33.29923,49.11234],[33.30422,49.11839],[33.29088,49.12148],[33.28523,49.12399],[33.2728,49.13462],[33.26719,49.13344],[33.26629,49.14441],[33.26192,49.1523],[33.26013,49.15391],[33.24028,49.16671],[33.23944,49.16458],[33.24738,49.14794],[33.24802,49.14577],[33.2478,49.0905],[33.24846,49.08525],[33.24491,49.07921],[33.24281,49.07878],[33.23464,49.08263],[33.22653,49.08503],[33.22424,49.08363],[33.2244,49.07906],[33.22258,49.07735],[33.21312,49.07615],[33.20503,49.07298],[33.19982,49.07382],[33.19538,49.07975],[33.19043,49.08262],[33.19755,49.08727],[33.19766,49.08846],[33.18747,49.09609],[33.18473,49.09745],[33.16647,49.09505],[33.15928,49.09604],[33.15613,49.09842],[33.1553,49.10097],[33.15776,49.10906],[33.15579,49.1158],[33.15091,49.12159],[33.15095,49.12299],[33.1572,49.12744],[33.15815,49.12941],[33.15418,49.13463],[33.1464,49.14097],[33.13558,49.15348],[33.12976,49.15929],[33.1212,49.16399],[33.11936,49.16699],[33.1176,49.17363],[33.10771,49.18164],[33.10335,49.18301],[33.08985,49.18341],[33.07976,49.18585],[33.07001,49.18596],[33.05785,49.18447],[33.04364,49.18473],[33.03117,49.18416],[33.02725,49.18616],[33.01773,49.19634],[33.00204,49.20173],[32.99468,49.20307],[32.98927,49.20567],[32.98486,49.20907],[32.98273,49.21281],[32.98262,49.21682],[32.98808,49.22573],[32.98843,49.23172],[32.98697,49.23617],[32.9842,49.23974],[32.97779,49.24335],[32.97266,49.24494],[32.96771,49.24481],[32.95696,49.24218],[32.94077,49.23541],[32.92924,49.2334],[32.91978,49.23444],[32.88931,49.2357],[32.8561,49.24619],[32.85026,49.2341],[32.84686,49.23053],[32.83612,49.22402],[32.82251,49.2189],[32.81631,49.21604],[32.805,49.20878],[32.79954,49.20366],[32.78303,49.19135],[32.7767,49.18581],[32.77211,49.18076],[32.76999,49.17676],[32.76932,49.17226],[32.76664,49.1699],[32.75896,49.16714],[32.75804,49.15889],[32.76275,49.15248],[32.76674,49.14938],[32.77498,49.1444],[32.78833,49.14121],[32.82094,49.13487],[32.85078,49.12878],[32.88915,49.12116],[32.89195,49.10961],[32.89262,49.10067],[32.8915,49.09686],[32.88852,49.09506],[32.87356,49.09309],[32.86104,49.09098],[32.84826,49.08732],[32.8166,49.07608],[32.81431,49.07465],[32.8157,49.07208],[32.82919,49.0672],[32.83176,49.05673],[32.83697,49.02785],[32.8426,49.02818],[32.84192,49.02381],[32.83797,49.02299],[32.83876,49.01586],[32.83435,49.01441],[32.82942,49.01615],[32.82546,49.01547],[32.82868,49.00921],[32.83575,49.00799],[32.84383,49.01094],[32.84837,49.00318],[32.85325,49.00006],[32.8587,48.99832],[32.86783,48.99907],[32.87225,49.00011],[32.87375,48.99228],[32.85795,48.99149],[32.84342,48.99032],[32.84523,48.98046],[32.81266,48.97723],[32.79488,48.97578],[32.79637,48.97099],[32.78154,48.96931],[32.73329,48.96475],[32.73026,48.97749],[32.69792,48.97445],[32.69571,48.98297],[32.68444,48.98188],[32.68368,48.98304],[32.67611,48.98565],[32.67214,48.98529],[32.67009,48.98108],[32.67279,48.97655],[32.67289,48.9736],[32.67531,48.96941],[32.67326,48.9669],[32.67972,48.9573],[32.6766,48.95638],[32.66152,48.95518],[32.65433,48.95331],[32.64197,48.95376],[32.63965,48.95587],[32.62926,48.95318],[32.62424,48.95569],[32.62038,48.95448],[32.61143,48.95369],[32.6066,48.95615],[32.61005,48.95908],[32.60759,48.96449],[32.60301,48.96201],[32.59821,48.96069],[32.59205,48.96036],[32.59422,48.95692],[32.58865,48.95394],[32.5865,48.9512],[32.58186,48.95074],[32.57662,48.95168],[32.57802,48.95911],[32.56845,48.95733],[32.55502,48.96262],[32.55535,48.96553],[32.53887,48.96693],[32.54012,48.96159],[32.54666,48.9597],[32.54309,48.95711],[32.54032,48.95269],[32.54592,48.94591],[32.54892,48.94511],[32.5517,48.94176],[32.55056,48.94044],[32.54278,48.93982],[32.52189,48.9389],[32.51893,48.94029],[32.52275,48.94458],[32.51694,48.95398],[32.51231,48.95642],[32.50965,48.96045],[32.51393,48.96828],[32.51031,48.97124],[32.51561,48.97531],[32.51184,48.98374],[32.50458,48.98502],[32.50181,48.98792],[32.50396,48.9928],[32.49603,49.00042],[32.49913,49.00412],[32.4968,49.0097],[32.49974,49.01314],[32.49586,49.0149],[32.48824,49.01235],[32.47572,49.00548],[32.47193,49.0103],[32.47389,49.01323],[32.47318,49.01547],[32.4654,49.03176],[32.47286,49.03307],[32.46919,49.03559],[32.46148,49.03739],[32.45892,49.04062],[32.45535,49.03855],[32.45177,49.03893],[32.45116,49.04399],[32.44654,49.0456],[32.4438,49.0487],[32.44271,49.0525],[32.43457,49.03933],[32.42731,49.04133],[32.42438,49.0377],[32.42167,49.03205],[32.41765,49.02798],[32.41315,49.02673],[32.40239,49.02628],[32.39115,49.03095],[32.3826,49.03184],[32.37741,49.03657],[32.37337,49.03624],[32.36991,49.03992],[32.37094,49.04379],[32.37533,49.05034],[32.36534,49.07177],[32.35291,49.06925],[32.35044,49.0745],[32.34735,49.07415],[32.3483,49.07906],[32.31443,49.08095],[32.31269,49.0747],[32.30438,49.07441],[32.29805,49.07328],[32.2973,49.07944],[32.29181,49.07874],[32.28583,49.08205],[32.28324,49.07922],[32.27487,49.08004],[32.2695,49.08151],[32.26435,49.08129],[32.25987,49.07823],[32.25703,49.07086],[32.25735,49.06694],[32.26383,49.06796],[32.26488,49.06474],[32.26225,49.06211],[32.26197,49.05867],[32.25764,49.05979],[32.25355,49.05813],[32.24516,49.05994],[32.24248,49.06181],[32.23796,49.06204],[32.23365,49.05944],[32.23575,49.05128],[32.22921,49.02858],[32.21896,48.98957],[32.21749,48.98773],[32.20831,48.99116],[32.19556,48.99189],[32.19498,48.99434],[32.19182,48.99598],[32.18349,48.99624],[32.18327,48.99433],[32.17894,48.99035],[32.18241,48.98882],[32.18261,48.98577],[32.18016,48.98092],[32.17958,48.97504],[32.17775,48.97267],[32.17146,48.9719],[32.16386,48.97239],[32.15779,48.96902],[32.14337,48.96811],[32.13475,48.96613],[32.13339,48.96254],[32.13493,48.9542],[32.13123,48.95119],[32.14357,48.95107],[32.14728,48.9496],[32.15396,48.94465],[32.15199,48.93995],[32.15226,48.92466],[32.1512,48.92236],[32.15151,48.91662],[32.1458,48.91218],[32.11343,48.91211],[32.10547,48.91106],[32.10523,48.90245],[32.09875,48.90294],[32.09645,48.90581],[32.08693,48.90509],[32.08935,48.9085],[32.09191,48.90906],[32.09354,48.91235],[32.09331,48.91887],[32.08359,48.91731],[32.07968,48.92117],[32.0489,48.91631],[32.04396,48.9225],[32.04087,48.92208],[32.02642,48.93072],[32.01578,48.92359],[32.01239,48.91806],[32.00796,48.91643],[32.00594,48.91353],[31.99863,48.91654],[31.9888,48.91261],[31.96532,48.90749],[31.96112,48.906],[31.95912,48.90814],[31.95256,48.90665],[31.94535,48.90607],[31.94399,48.90215],[31.93853,48.89649],[31.93109,48.89335],[31.92982,48.88812],[31.92108,48.88011],[31.91234,48.8867],[31.91852,48.89708],[31.91823,48.90619],[31.87807,48.91798],[31.8585,48.92727],[31.83915,48.93561],[31.83422,48.93643],[31.82573,48.93551],[31.82143,48.93699],[31.81703,48.94001],[31.80771,48.94462],[31.81045,48.94786],[31.80534,48.94961],[31.79836,48.94114],[31.79473,48.93898],[31.77063,48.93517],[31.76958,48.93542],[31.76754,48.93384],[31.75849,48.93097],[31.75099,48.92608],[31.72479,48.93387],[31.69853,48.93103],[31.69585,48.92728],[31.6986,48.92407],[31.69872,48.9189],[31.69549,48.90701],[31.68945,48.89631],[31.68345,48.89794],[31.67876,48.90078],[31.66571,48.90106],[31.66243,48.90069],[31.65394,48.90234],[31.64501,48.90043],[31.63999,48.901],[31.63879,48.9048],[31.63993,48.90791],[31.62991,48.90633],[31.61982,48.90575],[31.61854,48.90303],[31.60817,48.89954],[31.60217,48.90246],[31.59681,48.89769],[31.60113,48.89552],[31.59897,48.89272],[31.58902,48.89037],[31.58616,48.89053],[31.58068,48.88774],[31.57937,48.89268],[31.59479,48.90613],[31.58167,48.91257],[31.56695,48.89986],[31.57225,48.90011],[31.57772,48.89536],[31.56857,48.8915],[31.57206,48.88803],[31.57948,48.8846],[31.57441,48.88065],[31.58057,48.87762],[31.58186,48.8749],[31.5788,48.87223],[31.576,48.87279],[31.55937,48.86299],[31.56716,48.85722],[31.55461,48.8369],[31.56218,48.83473],[31.5589,48.82852],[31.52716,48.8162],[31.52822,48.80421],[31.49833,48.79735],[31.48315,48.79324],[31.46799,48.78851],[31.4482,48.77779],[31.42262,48.76364],[31.43614,48.75386],[31.42495,48.74369],[31.42441,48.7484],[31.41918,48.75255],[31.41934,48.75554],[31.41203,48.75648],[31.41023,48.75495],[31.41412,48.74932],[31.40869,48.74276],[31.40437,48.73985],[31.39351,48.73541],[31.39194,48.73692],[31.39722,48.74225],[31.39907,48.74683],[31.39343,48.74821],[31.39184,48.74418],[31.3871,48.74288],[31.38423,48.7351],[31.38481,48.72856],[31.38215,48.72767],[31.37111,48.73008],[31.36948,48.73555],[31.3648,48.73707],[31.36341,48.73961],[31.35758,48.74177],[31.35199,48.74009],[31.35302,48.73302],[31.35486,48.73114],[31.35248,48.72722],[31.3421,48.72846],[31.33033,48.72577],[31.32638,48.72713],[31.32585,48.73038],[31.31916,48.73144],[31.32462,48.73468],[31.32214,48.73946],[31.31774,48.74344],[31.31314,48.7462],[31.31153,48.7504],[31.31316,48.75463],[31.31035,48.75867],[31.29815,48.75885],[31.29333,48.75703],[31.28569,48.75846],[31.28168,48.75542],[31.26929,48.75341],[31.26362,48.74891],[31.26058,48.74891],[31.25567,48.75269],[31.25578,48.7551],[31.25198,48.75935],[31.2535,48.76436],[31.25054,48.76728],[31.24402,48.76826],[31.23131,48.76588],[31.22485,48.76772],[31.21642,48.76906],[31.21219,48.76724],[31.21075,48.76389],[31.21053,48.75853],[31.20537,48.75652],[31.19715,48.7604],[31.18998,48.76104],[31.18352,48.76028],[31.17935,48.76189],[31.17407,48.76248],[31.17158,48.76139],[31.15976,48.74972],[31.15669,48.74523],[31.15147,48.74016],[31.14934,48.74345],[31.14196,48.74668],[31.14049,48.74489],[31.136,48.74431],[31.13404,48.74007],[31.1291,48.73675],[31.12612,48.74126],[31.12291,48.74145],[31.11854,48.73727],[31.11834,48.732],[31.11704,48.72892],[31.11158,48.72872],[31.10519,48.73029],[31.10452,48.73428],[31.10188,48.73888],[31.09371,48.74086],[31.0887,48.73896],[31.08671,48.73642],[31.08912,48.73232],[31.0848,48.73217],[31.08209,48.73418],[31.07394,48.73644],[31.06918,48.73678],[31.06727,48.73836],[31.0681,48.74229],[31.07032,48.74309],[31.06797,48.74676],[31.06388,48.74674],[31.06071,48.74943],[31.05871,48.75432],[31.05226,48.75511],[31.04837,48.75178],[31.04273,48.75413],[31.04021,48.75934],[31.03763,48.76067],[31.03201,48.76007],[31.02498,48.7615],[31.01969,48.76175],[31.01569,48.75939],[31.00997,48.75944],[31.00639,48.75746],[31.00219,48.75709],[30.99658,48.76108],[30.99571,48.76499],[30.98908,48.76439],[30.97647,48.76164],[30.96675,48.76107],[30.96092,48.76354],[30.95432,48.7695],[30.95047,48.77149],[30.94259,48.77209],[30.94216,48.76769],[30.9468,48.76429],[30.94605,48.75949],[30.94193,48.75978],[30.93209,48.76202],[30.92717,48.76094],[30.91608,48.76056],[30.90222,48.7626],[30.89696,48.75972],[30.89449,48.75525],[30.89783,48.74825],[30.8959,48.7453],[30.88732,48.74537],[30.8841,48.74397],[30.8792,48.74502],[30.87618,48.74898],[30.87353,48.74971],[30.85999,48.75036],[30.8483,48.75147],[30.84566,48.74797],[30.83621,48.7498],[30.83213,48.74967],[30.82848,48.75688],[30.82578,48.75902],[30.81918,48.76638],[30.81145,48.76922],[30.80395,48.75684],[30.75333,48.76989],[30.75141,48.76085],[30.74235,48.76069],[30.7207,48.76109],[30.69804,48.76736],[30.63703,48.75187],[30.63541,48.73912],[30.6219,48.73973],[30.60897,48.71913],[30.60169,48.72092],[30.59186,48.72009],[30.5881,48.72279],[30.57603,48.72087],[30.59238,48.70812],[30.60135,48.69911],[30.61118,48.69796],[30.60823,48.68617],[30.60488,48.68536],[30.60314,48.67965],[30.59916,48.67065],[30.59865,48.6632],[30.55447,48.65415],[30.55135,48.65365],[30.5294,48.62779],[30.54273,48.61996],[30.54435,48.62123],[30.57085,48.60564],[30.55781,48.59577],[30.56855,48.59174],[30.56728,48.58975],[30.56316,48.57897],[30.56912,48.5773],[30.56643,48.56738],[30.54121,48.57062],[30.54014,48.56699],[30.53479,48.56685],[30.53237,48.56568],[30.50895,48.56814],[30.5077,48.56385],[30.50259,48.56435],[30.50259,48.56789],[30.48704,48.5692],[30.48617,48.56412],[30.47536,48.56617],[30.45283,48.58347],[30.40284,48.57383],[30.38721,48.54245],[30.38659,48.52705],[30.36241,48.52629],[30.35363,48.52564],[30.32541,48.5218],[30.30716,48.51212],[30.30298,48.51176],[30.25487,48.50542],[30.25628,48.48926],[30.23107,48.48252],[30.22,48.48011],[30.21207,48.48402],[30.16286,48.50378],[30.1518,48.49783],[30.15151,48.49065],[30.15645,48.48507],[30.15121,48.48221],[30.14467,48.47268],[30.1373,48.47057],[30.13054,48.47037],[30.1296,48.46281],[30.12269,48.46326],[30.11972,48.45959],[30.12072,48.45352],[30.1114,48.45199],[30.09489,48.45485],[30.08819,48.45736],[30.0842,48.46186],[30.0821,48.46641],[30.07806,48.46696],[30.07349,48.46927],[30.07087,48.46915],[30.06187,48.47731],[30.05408,48.48],[30.04984,48.48283],[30.02954,48.48102],[29.99969,48.47808],[30.00226,48.47256],[29.96804,48.47206],[29.96791,48.47167],[29.96429,48.46051],[29.95424,48.46241],[29.95303,48.4593],[29.95506,48.45427],[29.94952,48.4522],[29.95131,48.4501],[29.93478,48.44396],[29.93544,48.44286],[29.92738,48.43991],[29.92615,48.44329],[29.90735,48.43903],[29.90696,48.43656],[29.88595,48.42741],[29.88422,48.43039],[29.86409,48.42572],[29.86464,48.42243],[29.87174,48.41666],[29.787,48.36993],[29.79137,48.36601],[29.79961,48.36445],[29.80561,48.3603],[29.80542,48.3555],[29.80799,48.35173],[29.81293,48.34915],[29.81252,48.3463],[29.80433,48.34847],[29.80454,48.33964],[29.80388,48.33202],[29.79943,48.33223],[29.79901,48.32905],[29.78421,48.32998],[29.78185,48.31489],[29.77825,48.31492],[29.77358,48.31232],[29.77306,48.30998],[29.76789,48.30863],[29.77262,48.30454],[29.7707,48.30241],[29.76429,48.3001],[29.76093,48.29783],[29.7505,48.29934],[29.74939,48.28945],[29.75509,48.28869],[29.75423,48.28342],[29.75788,48.28264],[29.75948,48.27758],[29.76665,48.27546],[29.76791,48.27346],[29.77268,48.27222],[29.77104,48.26865],[29.77603,48.25905],[29.77073,48.2568],[29.77771,48.24949],[29.78239,48.24244],[29.77428,48.22884],[29.77116,48.22628],[29.77379,48.22028],[29.77345,48.2172],[29.77894,48.21257],[29.78059,48.20854]]]},"properties":{"oblast":"kirovohrad_oblast","id":"kirovohrad_oblast","name":"Кіровоградська область"}},{"type":"Feature","geometry":{"type":"Polygon","coordinates":[[[38.58755,48.23721],[38.58999,48.23404],[38.58876,48.23039],[38.58911,48.2266],[38.5948,48.22052],[38.59521,48.21725],[38.59978,48.21357],[38.60365,48.21212],[38.60806,48.20674],[38.61347,48.20411],[38.61086,48.20119],[38.6081,48.19468],[38.6114,48.19217],[38.61045,48.18985],[38.6048,48.18909],[38.59769,48.18193],[38.59847,48.17777],[38.60264,48.17539],[38.6014,48.17291],[38.60916,48.17024],[38.61697,48.16829],[38.63225,48.16335],[38.6374,48.16133],[38.64024,48.16337],[38.67122,48.16393],[38.67006,48.15954],[38.67833,48.15886],[38.68881,48.15969],[38.69406,48.1591],[38.68997,48.14569],[38.69481,48.1451],[38.70842,48.14199],[38.72381,48.13785],[38.72801,48.13745],[38.73767,48.13435],[38.74526,48.13491],[38.7535,48.13187],[38.75823,48.1314],[38.76476,48.13269],[38.76787,48.12968],[38.7742,48.12668],[38.7791,48.13037],[38.78127,48.12953],[38.77984,48.12597],[38.78262,48.12427],[38.78657,48.12469],[38.79571,48.12146],[38.79906,48.11842],[38.80482,48.11818],[38.81099,48.1191],[38.81145,48.11695],[38.81937,48.11576],[38.81261,48.10043],[38.80667,48.08857],[38.81739,48.08422],[38.80871,48.07801],[38.80429,48.07865],[38.79829,48.07385],[38.80267,48.0701],[38.81837,48.06559],[38.82192,48.07133],[38.82676,48.07625],[38.82803,48.07255],[38.82538,48.06616],[38.82987,48.06356],[38.82027,48.05109],[38.81521,48.05082],[38.81276,48.04799],[38.81933,48.04214],[38.82154,48.04312],[38.82543,48.0382],[38.82125,48.03603],[38.83066,48.02107],[38.83306,48.01645],[38.83745,48.01319],[38.83989,48.01521],[38.84628,48.01572],[38.86411,48.01463],[38.91062,48.01299],[38.94272,48.01114],[38.97567,48.00983],[38.98689,48.00907],[38.99712,48.00888],[39.01664,48.0076],[39.03994,48.00642],[39.04401,47.9869],[39.04076,47.96697],[39.03811,47.95835],[39.04522,47.95648],[39.04807,47.95369],[39.05187,47.95467],[39.05663,47.94665],[39.06023,47.94867],[39.06879,47.94954],[39.07363,47.95285],[39.08113,47.94281],[39.08382,47.94043],[39.09093,47.9405],[39.08705,47.93297],[39.07965,47.92047],[39.06621,47.89651],[39.0656,47.8947],[39.07443,47.8695],[39.08293,47.86957],[39.08302,47.85166],[39.1003,47.85137],[39.1095,47.85159],[39.10957,47.8426],[39.1498,47.84249],[39.14988,47.85153],[39.16121,47.85186],[39.16907,47.84674],[39.17208,47.84703],[39.18076,47.85352],[39.23044,47.85355],[39.23579,47.85496],[39.2335,47.85735],[39.23665,47.86068],[39.23716,47.86478],[39.24203,47.86673],[39.28601,47.8665],[39.28843,47.86675],[39.34305,47.8666],[39.34868,47.86679],[39.34844,47.87115],[39.35568,47.8724],[39.37823,47.87142],[39.38698,47.87074],[39.40887,47.83532],[39.41369,47.83094],[39.42229,47.8332],[39.42409,47.8356],[39.43214,47.83801],[39.43238,47.84455],[39.44009,47.85385],[39.44146,47.85468],[39.44812,47.85184],[39.45411,47.8552],[39.45784,47.85538],[39.4621,47.85862],[39.46575,47.85966],[39.47182,47.85895],[39.47793,47.85929],[39.50841,47.83459],[39.51991,47.82505],[39.53439,47.83236],[39.54133,47.82542],[39.54669,47.82798],[39.55093,47.8288],[39.56059,47.83281],[39.56637,47.83634],[39.59063,47.83623],[39.61063,47.83642],[39.62696,47.839],[39.63405,47.83849],[39.64525,47.83616],[39.65223,47.83274],[39.73766,47.82752],[39.73844,47.82792],[39.75452,47.84439],[39.75625,47.84655],[39.76329,47.84634],[39.76348,47.85375],[39.76291,47.86869],[39.76528,47.87112],[39.77647,47.86913],[39.7817,47.86939],[39.79118,47.86874],[39.79362,47.86923],[39.79468,47.87496],[39.79342,47.91822],[39.80121,47.92691],[39.80092,47.93209],[39.80352,47.93388],[39.80349,47.93708],[39.80605,47.93741],[39.8059,47.95054],[39.81851,47.95072],[39.82093,47.95138],[39.8232,47.95759],[39.81683,47.96338],[39.81678,47.97079],[39.8155,47.97153],[39.81753,47.97663],[39.8222,47.97944],[39.82275,47.98279],[39.81504,47.98543],[39.81589,47.99302],[39.81772,47.99469],[39.8129,47.99673],[39.8162,48.00045],[39.81068,48.0042],[39.80381,48.00558],[39.79935,48.00842],[39.7925,48.01142],[39.78838,48.01574],[39.78698,48.02039],[39.78337,48.02285],[39.7842,48.02807],[39.77849,48.03792],[39.78092,48.04001],[39.81951,48.04074],[39.83294,48.04081],[39.83424,48.04217],[39.84623,48.0411],[39.86892,48.04132],[39.87555,48.04165],[39.87989,48.0435],[39.88398,48.04776],[39.84923,48.05745],[39.84333,48.0599],[39.83285,48.06606],[39.83395,48.06685],[39.86773,48.07874],[39.86882,48.07946],[39.86968,48.08603],[39.8737,48.10723],[39.87084,48.11622],[39.87564,48.11891],[39.8829,48.12548],[39.88421,48.12857],[39.89112,48.13271],[39.89462,48.13335],[39.89802,48.1375],[39.90044,48.13866],[39.90481,48.14607],[39.90609,48.15536],[39.90421,48.15827],[39.90478,48.1633],[39.90662,48.16472],[39.90763,48.17268],[39.91038,48.18018],[39.9255,48.18209],[39.9371,48.18061],[39.93999,48.22031],[39.94092,48.22847],[39.95794,48.22791],[39.99893,48.22397],[40.00789,48.22439],[40.00943,48.22673],[40.00671,48.24048],[40.00712,48.24223],[40.02018,48.25358],[40.0202,48.25442],[40.0129,48.26615],[40.0164,48.2678],[40.01494,48.26971],[40.01072,48.26964],[39.99936,48.28986],[39.99264,48.30068],[39.99398,48.31262],[39.99074,48.31595],[39.98636,48.31732],[39.98213,48.31562],[39.97843,48.31555],[39.97217,48.31276],[39.97103,48.30724],[39.9656,48.30629],[39.96398,48.30199],[39.97079,48.30258],[39.96986,48.29858],[39.96576,48.2997],[39.95578,48.29921],[39.95664,48.3027],[39.95168,48.30333],[39.95179,48.30008],[39.94941,48.29874],[39.94825,48.2943],[39.9448,48.29207],[39.93744,48.29204],[39.93602,48.28524],[39.93117,48.28151],[39.93445,48.28022],[39.92957,48.27767],[39.92561,48.27374],[39.91486,48.26955],[39.91033,48.27189],[39.91206,48.2735],[39.90951,48.27611],[39.90878,48.28049],[39.9155,48.2871],[39.90818,48.29317],[39.90305,48.29377],[39.8977,48.29837],[39.88697,48.30431],[39.88692,48.30878],[39.88277,48.30912],[39.84963,48.30915],[39.84107,48.31005],[39.84179,48.32227],[39.84065,48.3288],[39.84455,48.32918],[39.84524,48.33285],[39.85152,48.33372],[39.86429,48.33452],[39.87926,48.33402],[39.91872,48.34158],[39.91868,48.34706],[39.92862,48.3484],[39.93896,48.348],[39.94526,48.35055],[39.94725,48.35491],[39.94104,48.35487],[39.94298,48.35856],[39.93543,48.36154],[39.93636,48.36722],[39.93458,48.37237],[39.93989,48.37864],[39.94278,48.38398],[39.94108,48.387],[39.93835,48.38755],[39.93417,48.38384],[39.9322,48.37774],[39.92738,48.37508],[39.92023,48.37637],[39.91663,48.38082],[39.91569,48.3855],[39.9131,48.38724],[39.90667,48.38921],[39.90705,48.39243],[39.91561,48.39412],[39.91848,48.39738],[39.91505,48.40092],[39.90809,48.40215],[39.90575,48.40476],[39.90672,48.40791],[39.91191,48.41446],[39.9123,48.41857],[39.90854,48.42276],[39.89945,48.42641],[39.89424,48.43105],[39.88899,48.4418],[39.89088,48.44366],[39.89689,48.44422],[39.89833,48.44703],[39.89632,48.44846],[39.88992,48.44963],[39.88427,48.45191],[39.87882,48.45527],[39.85584,48.46439],[39.85125,48.46727],[39.84546,48.4754],[39.84605,48.48209],[39.84753,48.48537],[39.84755,48.49507],[39.84648,48.49986],[39.84884,48.50293],[39.85339,48.50321],[39.85687,48.50138],[39.86272,48.50227],[39.86649,48.50549],[39.86672,48.50935],[39.86201,48.52066],[39.86104,48.52623],[39.85569,48.53484],[39.85527,48.53994],[39.85692,48.54384],[39.85318,48.55016],[39.85297,48.55475],[39.85484,48.55814],[39.85488,48.56144],[39.85086,48.56736],[39.84558,48.57118],[39.83978,48.57349],[39.83193,48.57497],[39.82039,48.5788],[39.82433,48.58097],[39.82598,48.58456],[39.82118,48.58635],[39.81173,48.58366],[39.80475,48.58507],[39.79705,48.59131],[39.78986,48.59315],[39.77328,48.59213],[39.76884,48.58706],[39.76023,48.58401],[39.75077,48.58233],[39.74988,48.58958],[39.74547,48.59044],[39.73746,48.5863],[39.73395,48.5857],[39.72472,48.58636],[39.72151,48.58489],[39.71455,48.5852],[39.70339,48.58774],[39.69117,48.58634],[39.68771,48.58666],[39.68703,48.58897],[39.68024,48.59232],[39.67626,48.59084],[39.67611,48.59789],[39.67199,48.59538],[39.66915,48.59609],[39.66806,48.60102],[39.67103,48.60341],[39.66793,48.60501],[39.66106,48.606],[39.66137,48.61074],[39.66788,48.62126],[39.67804,48.62836],[39.68834,48.63313],[39.69345,48.63644],[39.69346,48.64326],[39.69116,48.64595],[39.69363,48.64923],[39.70241,48.65333],[39.70631,48.65675],[39.71122,48.65684],[39.70948,48.66173],[39.71129,48.66706],[39.70402,48.66649],[39.70182,48.6691],[39.70335,48.67106],[39.71197,48.67452],[39.71404,48.67993],[39.72098,48.68203],[39.72311,48.6835],[39.71854,48.68702],[39.7166,48.69028],[39.71833,48.6927],[39.71592,48.69508],[39.71955,48.69659],[39.71817,48.70083],[39.71194,48.70065],[39.70643,48.70399],[39.70444,48.70738],[39.707,48.71151],[39.71112,48.71149],[39.71209,48.71535],[39.70741,48.71693],[39.70984,48.72378],[39.71567,48.72767],[39.72068,48.72828],[39.72345,48.72554],[39.72637,48.72861],[39.72305,48.73056],[39.72321,48.73354],[39.72549,48.73753],[39.72497,48.74019],[39.73945,48.744],[39.73576,48.75328],[39.73859,48.75707],[39.73648,48.76031],[39.73697,48.76475],[39.74474,48.76764],[39.74381,48.77063],[39.74778,48.77281],[39.75171,48.77257],[39.755,48.76802],[39.7603,48.76389],[39.76477,48.76377],[39.76783,48.76548],[39.7678,48.77005],[39.76238,48.77227],[39.76553,48.77554],[39.76592,48.77885],[39.7731,48.78418],[39.77842,48.78503],[39.78066,48.78679],[39.78374,48.79171],[39.78507,48.79597],[39.78508,48.80081],[39.7799,48.80685],[39.77988,48.81207],[39.78711,48.81799],[39.78508,48.8221],[39.78665,48.82491],[39.79212,48.82251],[39.79651,48.82372],[39.79765,48.82549],[39.79159,48.8282],[39.79193,48.83624],[39.79511,48.83686],[39.79605,48.83951],[39.80016,48.84257],[39.80574,48.84268],[39.80822,48.83842],[39.82797,48.83142],[39.83201,48.83327],[39.84587,48.83001],[39.88488,48.8213],[39.92136,48.80692],[39.94845,48.79601],[39.95614,48.79584],[39.95861,48.79655],[39.97596,48.79316],[40.02892,48.8326],[40.07844,48.8691],[40.07854,48.87175],[40.07193,48.87647],[40.06974,48.87943],[40.05817,48.90408],[40.06002,48.90887],[40.0557,48.91049],[40.04887,48.91003],[40.04629,48.91094],[40.04526,48.91418],[40.04072,48.91481],[40.03603,48.91357],[40.03496,48.91582],[40.02706,48.91359],[40.02897,48.9118],[40.01921,48.909],[40.02104,48.90639],[40.01627,48.90426],[40.01523,48.90197],[40.00404,48.90123],[39.99365,48.86882],[39.99321,48.86812],[39.95533,48.87348],[39.94856,48.8765],[39.94393,48.88028],[39.94178,48.88485],[39.93645,48.88877],[39.92839,48.89268],[39.92507,48.89558],[39.89005,48.89296],[39.88252,48.89263],[39.85592,48.89058],[39.85268,48.89064],[39.84555,48.90284],[39.84181,48.90095],[39.83896,48.90307],[39.83386,48.90108],[39.83582,48.89574],[39.83564,48.89276],[39.83287,48.88825],[39.82712,48.88631],[39.82504,48.89232],[39.81825,48.89593],[39.81967,48.90319],[39.8184,48.90788],[39.8105,48.91098],[39.80428,48.91455],[39.79787,48.91391],[39.79696,48.91074],[39.79361,48.91085],[39.79354,48.91444],[39.78321,48.91497],[39.77632,48.92075],[39.77443,48.92489],[39.77919,48.92702],[39.77864,48.93202],[39.78114,48.9351],[39.78676,48.93401],[39.79042,48.93825],[39.78635,48.9407],[39.78516,48.94291],[39.78167,48.9429],[39.7768,48.9452],[39.779,48.94854],[39.77749,48.95501],[39.76599,48.95826],[39.7606,48.96459],[39.76386,48.96642],[39.76142,48.96823],[39.75812,48.96682],[39.75686,48.97011],[39.75852,48.97512],[39.75248,48.97591],[39.74849,48.97869],[39.74926,48.98284],[39.75286,48.98462],[39.75119,48.9867],[39.74563,48.98681],[39.73565,48.98235],[39.72999,48.97646],[39.7266,48.97552],[39.72457,48.97794],[39.71647,48.98244],[39.71726,48.98659],[39.71431,48.98815],[39.70405,48.99908],[39.69943,49.00083],[39.69524,48.99904],[39.69238,48.99936],[39.69006,48.99595],[39.68244,48.99207],[39.67592,48.99003],[39.66357,49.00086],[39.6709,49.0035],[39.67536,49.01005],[39.6784,49.0132],[39.67356,49.01465],[39.67279,49.01686],[39.67643,49.02113],[39.67743,49.02748],[39.68242,49.02959],[39.68075,49.03335],[39.68484,49.03378],[39.68201,49.03804],[39.6791,49.03655],[39.67173,49.04061],[39.69262,49.05001],[39.69435,49.05039],[39.70843,49.04815],[39.72242,49.04482],[39.74153,49.04188],[39.75779,49.04123],[39.76698,49.04021],[39.77636,49.04357],[39.78798,49.04996],[39.79812,49.05664],[39.80723,49.06056],[39.81183,49.06063],[39.81645,49.05842],[39.82154,49.05804],[39.82576,49.05897],[39.83819,49.05996],[39.84671,49.06125],[39.86956,49.06295],[39.87997,49.06417],[39.89714,49.06002],[39.90975,49.05732],[39.92071,49.05712],[39.93719,49.05626],[39.93829,49.05711],[39.94225,49.06955],[39.942,49.07307],[39.9384,49.08255],[39.94592,49.09028],[39.95294,49.09899],[39.95909,49.10575],[39.97273,49.12477],[39.97793,49.13013],[39.99589,49.1472],[40.00257,49.15145],[40.01002,49.16005],[40.0208,49.16909],[40.03164,49.17972],[40.07694,49.18678],[40.07855,49.18792],[40.09338,49.20273],[40.10856,49.21133],[40.1235,49.23106],[40.13554,49.23868],[40.13827,49.23959],[40.17557,49.2374],[40.18498,49.23814],[40.20867,49.24221],[40.21392,49.24536],[40.21688,49.24523],[40.2187,49.24833],[40.22182,49.25033],[40.22788,49.26057],[40.21585,49.26695],[40.19206,49.28125],[40.18559,49.28469],[40.18404,49.30029],[40.18293,49.30265],[40.18852,49.30901],[40.19043,49.31922],[40.19437,49.32998],[40.19631,49.34231],[40.19455,49.34675],[40.19091,49.34914],[40.18329,49.35181],[40.17941,49.35415],[40.15961,49.37048],[40.15594,49.37296],[40.13627,49.38212],[40.11784,49.38704],[40.10047,49.39589],[40.09618,49.39847],[40.07897,49.41022],[40.0774,49.41186],[40.0606,49.43523],[40.05746,49.43833],[40.04935,49.44421],[40.04639,49.44515],[40.02936,49.45333],[40.04178,49.49892],[40.03742,49.51655],[40.04044,49.52112],[40.06738,49.53135],[40.07132,49.5321],[40.07711,49.53526],[40.08716,49.53929],[40.10982,49.54761],[40.13054,49.55586],[40.1689,49.5689],[40.16025,49.5761],[40.13917,49.59555],[40.13924,49.5968],[40.13558,49.6165],[40.12123,49.61283],[40.11755,49.61231],[40.0938,49.60602],[40.06416,49.59911],[40.05734,49.60666],[40.04989,49.60614],[39.99716,49.60095],[39.989,49.60047],[39.9703,49.59844],[39.95189,49.59685],[39.94084,49.58191],[39.93481,49.57318],[39.93255,49.5727],[39.89193,49.55859],[39.88998,49.55847],[39.86507,49.56002],[39.8617,49.56068],[39.83845,49.5635],[39.80896,49.55832],[39.80764,49.55665],[39.79096,49.56753],[39.77531,49.57806],[39.76427,49.58654],[39.74904,49.59763],[39.71574,49.60586],[39.71215,49.60593],[39.69697,49.60464],[39.68667,49.61156],[39.65979,49.61463],[39.64902,49.62433],[39.63843,49.63456],[39.63476,49.64451],[39.61338,49.69101],[39.60837,49.69763],[39.59133,49.7189],[39.60994,49.73354],[39.5902,49.73516],[39.56407,49.73671],[39.54051,49.73983],[39.53311,49.7411],[39.50358,49.74962],[39.47935,49.75633],[39.45559,49.7581],[39.44258,49.75998],[39.43407,49.75932],[39.41232,49.75343],[39.37852,49.73859],[39.37061,49.73984],[39.36293,49.74032],[39.33373,49.74717],[39.30746,49.75298],[39.2853,49.75532],[39.27718,49.76521],[39.27237,49.76835],[39.26457,49.76836],[39.25876,49.7713],[39.25152,49.77629],[39.24752,49.7829],[39.24337,49.78704],[39.24058,49.7953],[39.23806,49.79872],[39.22724,49.80816],[39.22996,49.81071],[39.22786,49.81608],[39.22772,49.8242],[39.22638,49.83973],[39.21632,49.85101],[39.20653,49.86266],[39.20214,49.86997],[39.19509,49.87291],[39.19247,49.87874],[39.18781,49.8852],[39.17982,49.88863],[39.13073,49.86142],[39.11627,49.8427],[39.10862,49.83667],[39.07617,49.82186],[39.07042,49.81906],[39.06686,49.81551],[39.05097,49.81765],[39.03231,49.82252],[39.01834,49.82055],[38.98707,49.80855],[38.97069,49.80674],[38.96557,49.80458],[38.95269,49.79764],[38.94886,49.79611],[38.94321,49.79955],[38.93933,49.80067],[38.93362,49.79945],[38.93031,49.79678],[38.92674,49.80116],[38.92605,49.80445],[38.92033,49.8051],[38.91904,49.80945],[38.91584,49.81273],[38.91837,49.81405],[38.91202,49.81825],[38.90939,49.81887],[38.90711,49.82838],[38.91181,49.82835],[38.91393,49.83064],[38.91084,49.83457],[38.9135,49.83604],[38.91116,49.84428],[38.9056,49.84554],[38.90437,49.84833],[38.91116,49.85274],[38.91217,49.85632],[38.91582,49.85585],[38.91681,49.85968],[38.90867,49.85973],[38.90285,49.86558],[38.90102,49.8693],[38.89488,49.87035],[38.88748,49.86902],[38.87684,49.86921],[38.87408,49.86607],[38.86997,49.8645],[38.85889,49.86713],[38.85456,49.86718],[38.84982,49.86509],[38.84003,49.86568],[38.83646,49.86742],[38.83244,49.87507],[38.82561,49.87857],[38.80375,49.88176],[38.79546,49.88326],[38.79067,49.87811],[38.78335,49.88132],[38.77817,49.88499],[38.76846,49.89595],[38.74463,49.89717],[38.73485,49.9041],[38.73265,49.90697],[38.7281,49.91827],[38.72363,49.92724],[38.69387,49.93465],[38.69195,49.94001],[38.69005,49.94838],[38.68583,49.96022],[38.68896,49.96485],[38.69505,49.96889],[38.70994,49.97988],[38.71768,49.98388],[38.71459,49.98576],[38.7138,49.98828],[38.70964,49.99097],[38.70248,49.99388],[38.70266,49.99596],[38.69816,50.00113],[38.6927,50.00282],[38.6897,50.00575],[38.68493,50.00787],[38.68001,50.00601],[38.67847,50.00207],[38.67683,49.99254],[38.67855,49.98554],[38.67985,49.98362],[38.68025,49.97599],[38.67664,49.97274],[38.66743,49.97201],[38.66135,49.96767],[38.64687,49.95585],[38.62998,49.96675],[38.61609,49.9746],[38.61209,49.97545],[38.58571,49.97734],[38.5816,49.97719],[38.56855,49.97205],[38.5377,49.96173],[38.52717,49.95842],[38.50839,49.9635],[38.48847,49.96349],[38.48344,49.96992],[38.48302,49.97739],[38.47946,49.97755],[38.4783,49.98331],[38.46502,49.98329],[38.46862,49.99507],[38.45092,49.9979],[38.43664,50.00057],[38.43383,50.00009],[38.42895,49.99631],[38.41659,49.98115],[38.39735,49.99106],[38.36987,49.9997],[38.34999,50.00647],[38.35402,50.01863],[38.35115,50.03563],[38.33881,50.05249],[38.33318,50.05826],[38.33269,50.06915],[38.33115,50.075],[38.32968,50.08531],[38.31295,50.08824],[38.3007,50.08681],[38.29028,50.0788],[38.27773,50.07391],[38.27497,50.07337],[38.25573,50.07243],[38.23517,50.07429],[38.17854,50.07991],[38.18501,50.05618],[38.18396,50.04581],[38.18784,50.03977],[38.18841,50.02831],[38.18815,50.02349],[38.18588,50.02261],[38.19727,50.00828],[38.20096,50.00523],[38.20081,50.00348],[38.20477,50.00098],[38.20503,49.99651],[38.20761,49.99153],[38.21148,49.98907],[38.21591,49.98792],[38.21719,49.98601],[38.2177,49.97951],[38.21574,49.97787],[38.19582,49.96935],[38.1957,49.96644],[38.1979,49.96207],[38.17608,49.95511],[38.17062,49.95408],[38.16245,49.95114],[38.17103,49.94169],[38.15694,49.9364],[38.14424,49.93069],[38.1267,49.92199],[38.12949,49.92968],[38.12917,49.93212],[38.12473,49.94239],[38.08645,49.93196],[38.05584,49.9228],[38.04546,49.91469],[38.03277,49.90047],[38.04165,49.89183],[38.05287,49.87861],[38.06716,49.86521],[38.0798,49.85583],[38.0937,49.84599],[38.07731,49.83684],[38.07017,49.83603],[38.05454,49.83724],[38.04786,49.83896],[38.03962,49.83888],[38.01778,49.83721],[38.01968,49.83454],[38.00964,49.81283],[38.03177,49.80165],[38.04153,49.79422],[38.0551,49.79152],[38.05277,49.78352],[38.04232,49.78374],[38.03677,49.78309],[38.03473,49.7783],[38.0232,49.77464],[38.02441,49.77294],[38.01069,49.76505],[38.00928,49.75717],[37.99857,49.75327],[37.98954,49.75276],[37.98898,49.75442],[37.98231,49.75708],[37.98023,49.76464],[37.9766,49.76758],[37.96785,49.75879],[37.95152,49.73168],[37.95159,49.73059],[37.95977,49.71831],[37.97468,49.70853],[37.99073,49.71571],[37.99707,49.71334],[38.0101,49.71415],[38.01699,49.7128],[38.01763,49.70594],[37.99892,49.70022],[38.00622,49.69523],[38.01356,49.69545],[38.01342,49.68845],[38.0146,49.67905],[38.01981,49.67722],[38.01925,49.67504],[38.02669,49.66912],[38.03177,49.66687],[38.02681,49.66333],[38.03096,49.66025],[38.035,49.66044],[38.03609,49.66274],[38.04542,49.65731],[37.9993,49.64838],[37.99494,49.64698],[37.98732,49.64163],[37.98996,49.63592],[37.99495,49.62789],[37.98228,49.62612],[37.97724,49.62263],[37.97782,49.61785],[37.97451,49.61508],[37.97495,49.61165],[37.96178,49.61219],[37.94426,49.61127],[37.94201,49.59384],[37.93425,49.59383],[37.93467,49.5883],[37.93897,49.58258],[37.95284,49.5729],[37.95266,49.56839],[37.94374,49.56955],[37.92362,49.57003],[37.92259,49.56752],[37.91041,49.57087],[37.9042,49.57163],[37.90106,49.57378],[37.89648,49.56625],[37.88628,49.55071],[37.88632,49.54923],[37.92718,49.54798],[37.92562,49.54159],[37.91751,49.53415],[37.89405,49.5246],[37.88562,49.51883],[37.84679,49.52058],[37.8455,49.51461],[37.84173,49.50796],[37.84428,49.50268],[37.84407,49.50008],[37.83696,49.49252],[37.84588,49.4906],[37.85087,49.48774],[37.84842,49.47106],[37.84387,49.44515],[37.87583,49.44674],[37.8744,49.43665],[37.87958,49.43587],[37.87762,49.41889],[37.88111,49.41519],[37.89566,49.4039],[37.89561,49.39852],[37.88901,49.3647],[37.88747,49.36042],[37.885,49.34973],[37.88654,49.34478],[37.88386,49.34127],[37.8831,49.33814],[37.87722,49.32863],[37.88402,49.31745],[37.88374,49.31287],[37.90089,49.31093],[37.93272,49.30608],[37.94594,49.30374],[37.94807,49.29862],[37.95428,49.28987],[37.95838,49.28521],[37.951,49.28222],[37.9377,49.28048],[37.92789,49.28025],[37.91335,49.2776],[37.89895,49.27025],[37.91152,49.25972],[37.90564,49.25789],[37.89495,49.256],[37.89507,49.25272],[37.88984,49.25171],[37.88262,49.24914],[37.86617,49.24636],[37.87218,49.2376],[37.87551,49.23347],[37.87883,49.22633],[37.87931,49.2215],[37.88983,49.21884],[37.88974,49.21177],[37.90751,49.214],[37.91572,49.20304],[37.92358,49.20571],[37.93511,49.19173],[37.91244,49.18601],[37.90741,49.1838],[37.90471,49.18026],[37.8933,49.17502],[37.90242,49.16693],[37.8927,49.16057],[37.90763,49.15164],[37.91194,49.15077],[37.9242,49.14447],[37.94263,49.13923],[37.94841,49.1395],[37.95584,49.14261],[37.95916,49.1384],[37.95865,49.13608],[37.97554,49.13429],[37.98079,49.13073],[38.03978,49.12681],[38.04114,49.14203],[38.04323,49.15028],[38.04976,49.14973],[38.06842,49.14672],[38.08149,49.14818],[38.08391,49.13533],[38.07521,49.11283],[38.06765,49.09614],[38.0656,49.08358],[38.06161,49.06288],[38.05261,49.0594],[38.05307,49.0585],[38.07278,49.0395],[38.08466,49.01897],[38.09772,48.99952],[38.09869,48.99242],[38.09274,48.99182],[38.08022,48.99203],[38.06419,48.98897],[38.05237,48.98573],[38.05055,48.98288],[38.05219,48.97899],[38.05764,48.97581],[38.05233,48.97153],[38.05354,48.96523],[38.02939,48.97458],[38.00908,48.95114],[38.00418,48.94595],[38.00889,48.94453],[38.01924,48.94346],[38.03918,48.94396],[38.04073,48.9391],[38.04481,48.9349],[38.04661,48.93391],[38.0595,48.93324],[38.06411,48.93497],[38.07956,48.93503],[38.0855,48.93443],[38.09705,48.93074],[38.11431,48.92715],[38.12641,48.92665],[38.13306,48.92372],[38.13771,48.92616],[38.14004,48.93105],[38.14248,48.93291],[38.15246,48.93097],[38.16156,48.93062],[38.16778,48.93139],[38.18095,48.92917],[38.1962,48.92787],[38.21366,48.93141],[38.22385,48.93479],[38.22858,48.91921],[38.22888,48.8903],[38.22876,48.86978],[38.22913,48.85855],[38.22714,48.8575],[38.22663,48.85214],[38.22502,48.85049],[38.22359,48.84327],[38.22127,48.8394],[38.25993,48.84265],[38.26842,48.83543],[38.27108,48.83238],[38.27234,48.82493],[38.31368,48.82842],[38.31654,48.81396],[38.28946,48.812],[38.28308,48.80268],[38.27891,48.80336],[38.27785,48.80134],[38.2832,48.77326],[38.27558,48.77273],[38.26323,48.75021],[38.26462,48.75054],[38.27693,48.74297],[38.28326,48.73731],[38.296,48.73695],[38.31684,48.73482],[38.31993,48.73341],[38.32304,48.72907],[38.32508,48.71418],[38.30362,48.71209],[38.30423,48.71069],[38.31435,48.70429],[38.31401,48.6957],[38.30893,48.68925],[38.31347,48.68628],[38.31306,48.684],[38.3064,48.68211],[38.30423,48.68325],[38.29661,48.68295],[38.29172,48.68201],[38.28496,48.682],[38.28368,48.68098],[38.28588,48.67121],[38.25805,48.66795],[38.25944,48.65844],[38.24668,48.65763],[38.23833,48.65664],[38.23887,48.65175],[38.23132,48.65313],[38.23347,48.63994],[38.26241,48.6424],[38.27004,48.60062],[38.2759,48.56177],[38.27912,48.54595],[38.27391,48.54535],[38.27764,48.53969],[38.28535,48.53577],[38.31661,48.51109],[38.31186,48.5048],[38.31207,48.49832],[38.30449,48.49516],[38.30025,48.49621],[38.2975,48.49521],[38.29718,48.49108],[38.30227,48.48808],[38.30173,48.48468],[38.30358,48.47739],[38.29741,48.4786],[38.29636,48.47642],[38.29233,48.47726],[38.28863,48.4761],[38.31852,48.4646],[38.31111,48.45562],[38.3374,48.44018],[38.34062,48.43748],[38.34403,48.43719],[38.34665,48.43937],[38.35337,48.44125],[38.35617,48.44049],[38.36589,48.44335],[38.37243,48.44246],[38.3751,48.44113],[38.37952,48.43027],[38.38172,48.42929],[38.39335,48.43193],[38.40305,48.43441],[38.40075,48.43973],[38.41517,48.44247],[38.43314,48.44743],[38.43426,48.43826],[38.4327,48.43477],[38.43564,48.42837],[38.4355,48.42605],[38.43887,48.42007],[38.43922,48.41103],[38.43684,48.40576],[38.43806,48.39969],[38.43639,48.39624],[38.44313,48.38657],[38.44762,48.37634],[38.45231,48.38029],[38.46722,48.37896],[38.46887,48.37426],[38.47174,48.37175],[38.47283,48.36702],[38.47673,48.36731],[38.48498,48.36444],[38.48694,48.36185],[38.46972,48.35988],[38.47158,48.35603],[38.4644,48.35347],[38.46094,48.34678],[38.4487,48.34605],[38.43307,48.34059],[38.43818,48.31605],[38.4352,48.31475],[38.43186,48.30988],[38.42678,48.3066],[38.42897,48.30248],[38.43375,48.29941],[38.43398,48.29676],[38.42952,48.29456],[38.42811,48.29003],[38.42503,48.2868],[38.42795,48.28413],[38.42632,48.28128],[38.42849,48.27746],[38.43443,48.27798],[38.47297,48.27544],[38.4808,48.27514],[38.49258,48.27276],[38.50521,48.27395],[38.53663,48.27209],[38.54409,48.27221],[38.55494,48.27432],[38.55907,48.27458],[38.5674,48.27],[38.57467,48.26725],[38.58672,48.25845],[38.59068,48.25207],[38.58873,48.24837],[38.58939,48.24516],[38.58746,48.24126],[38.58755,48.23721]]]},"properties":{"oblast":"luhansk_oblast","id":"luhansk_oblast","name":"Луганська область"}},{"type":"Feature","geometry":{"type":"Polygon","coordinates":[[[25.05558,50.30054],[25.053,50.30425],[25.05343,50.30832],[25.05638,50.31127],[25.05306,50.314],[25.05309,50.3159],[25.05756,50.31976],[25.05635,50.32415],[25.05959,50.32451],[25.06013,50.32921],[25.0574,50.3341],[25.05426,50.33515],[25.05938,50.34059],[25.05894,50.34228],[25.05389,50.34287],[25.04537,50.34245],[25.04162,50.34413],[25.03334,50.34584],[25.02559,50.34473],[25.01683,50.34172],[25.00642,50.34929],[24.98899,50.35946],[24.98288,50.36412],[24.96789,50.37231],[24.95044,50.38468],[24.94841,50.38717],[24.94041,50.38946],[24.9364,50.38228],[24.92933,50.37821],[24.93569,50.37278],[24.93949,50.3642],[24.93869,50.35397],[24.93675,50.34559],[24.92485,50.3465],[24.9218,50.34558],[24.91225,50.34692],[24.9114,50.34539],[24.88852,50.34597],[24.88559,50.34466],[24.88722,50.35859],[24.86579,50.35959],[24.86068,50.35424],[24.85936,50.3496],[24.85579,50.35123],[24.84897,50.35137],[24.8435,50.35046],[24.82718,50.34886],[24.81014,50.34795],[24.80789,50.34664],[24.79416,50.34558],[24.78946,50.34598],[24.78476,50.34207],[24.77728,50.33766],[24.7302,50.34126],[24.7138,50.3423],[24.71625,50.35681],[24.71493,50.35809],[24.72133,50.36947],[24.7211,50.37424],[24.71494,50.37885],[24.70658,50.38384],[24.69157,50.38988],[24.67641,50.39739],[24.67218,50.39887],[24.65589,50.4012],[24.65129,50.4033],[24.65414,50.40984],[24.64838,50.41076],[24.64233,50.40839],[24.63409,50.4087],[24.63047,50.40811],[24.61062,50.41048],[24.59657,50.41361],[24.59839,50.43523],[24.59775,50.45053],[24.59933,50.45619],[24.59356,50.45681],[24.58979,50.45848],[24.58864,50.46168],[24.59797,50.46642],[24.59759,50.4789],[24.59271,50.48042],[24.5912,50.48762],[24.58777,50.4934],[24.59662,50.49572],[24.5961,50.49783],[24.58658,50.49999],[24.58796,50.49391],[24.5831,50.49146],[24.57393,50.49024],[24.56996,50.48893],[24.56322,50.48913],[24.56292,50.49262],[24.55473,50.49287],[24.55356,50.50594],[24.55923,50.51089],[24.55549,50.51381],[24.55502,50.51659],[24.55031,50.52089],[24.54825,50.52681],[24.5483,50.53331],[24.5403,50.54068],[24.53602,50.54703],[24.5315,50.55033],[24.5165,50.55557],[24.50791,50.55588],[24.50064,50.55456],[24.49963,50.5521],[24.48831,50.5511],[24.47997,50.54775],[24.47723,50.54573],[24.4665,50.54076],[24.4595,50.54016],[24.44832,50.54091],[24.43492,50.54555],[24.424,50.55236],[24.41848,50.55491],[24.41534,50.55861],[24.40662,50.56017],[24.40113,50.5683],[24.40322,50.57131],[24.39874,50.5749],[24.40898,50.5813],[24.41347,50.58634],[24.41053,50.58785],[24.4031,50.58957],[24.39957,50.59126],[24.39549,50.59713],[24.38573,50.6059],[24.38088,50.60915],[24.37613,50.6048],[24.37119,50.60176],[24.36369,50.59898],[24.36206,50.59663],[24.35394,50.59889],[24.3468,50.59826],[24.33744,50.59848],[24.32353,50.59981],[24.32637,50.593],[24.31973,50.58313],[24.31954,50.57951],[24.31773,50.57725],[24.31794,50.57328],[24.31246,50.57155],[24.3087,50.57374],[24.29809,50.57481],[24.2932,50.57402],[24.28605,50.5761],[24.2727,50.57816],[24.26475,50.58071],[24.25839,50.58026],[24.24381,50.58139],[24.23677,50.58338],[24.23421,50.58515],[24.23049,50.58358],[24.22429,50.59082],[24.22457,50.59297],[24.21828,50.59358],[24.21417,50.59121],[24.21076,50.59321],[24.21293,50.59641],[24.20974,50.60167],[24.2042,50.6034],[24.19996,50.60768],[24.20414,50.6104],[24.20178,50.61354],[24.1969,50.61324],[24.19153,50.61735],[24.18698,50.61475],[24.18331,50.61753],[24.17629,50.61892],[24.17376,50.6221],[24.17001,50.6238],[24.17187,50.62559],[24.17229,50.63385],[24.16876,50.63376],[24.16718,50.63641],[24.1559,50.64251],[24.14988,50.64439],[24.14594,50.64312],[24.14159,50.64345],[24.13837,50.64618],[24.13452,50.64545],[24.12958,50.64609],[24.12979,50.64849],[24.12547,50.64882],[24.12079,50.64613],[24.12119,50.64339],[24.11596,50.64246],[24.11137,50.6373],[24.10659,50.63474],[24.09935,50.63589],[24.09789,50.63754],[24.09187,50.62327],[24.09166,50.6164],[24.09729,50.61049],[24.09857,50.5996],[24.09023,50.57791],[24.09109,50.5618],[24.08619,50.55148],[24.08307,50.54133],[24.07725,50.52489],[24.07542,50.52277],[24.06985,50.50321],[24.04994,50.47307],[24.04251,50.4607],[24.0379,50.4551],[24.03441,50.44486],[24.00565,50.4354],[23.9974,50.41223],[23.94058,50.41393],[23.88392,50.40827],[23.87976,50.40889],[23.84632,50.40613],[23.80333,50.40475],[23.77835,50.401],[23.75951,50.39605],[23.72711,50.38807],[23.70869,50.3793],[23.70309,50.37508],[23.69627,50.36604],[23.69141,50.35513],[23.69064,50.34665],[23.686,50.33149],[23.677,50.32936],[23.63884,50.32048],[23.63094,50.30475],[23.61142,50.29926],[23.58095,50.26598],[23.55805,50.25677],[23.53128,50.2439],[23.50587,50.2301],[23.47243,50.21861],[23.4704,50.21773],[23.448,50.19935],[23.42941,50.18402],[23.39703,50.16751],[23.38033,50.15932],[23.34128,50.1329],[23.32242,50.11872],[23.31388,50.11193],[23.30826,50.1109],[23.2983,50.107],[23.29673,50.10291],[23.2839,50.09902],[23.27904,50.09977],[23.27926,50.0863],[23.26457,50.07893],[23.23924,50.05437],[23.21601,50.04748],[23.21296,50.03098],[23.18954,50.01062],[23.1771,50.00068],[23.14247,49.9711],[23.11483,49.95643],[23.10746,49.94177],[23.08844,49.92478],[23.06344,49.90684],[23.034,49.88173],[23.0052,49.85277],[22.99571,49.8422],[22.97061,49.83836],[22.95689,49.81131],[22.96191,49.80486],[22.95442,49.80308],[22.94111,49.79616],[22.93296,49.79319],[22.90951,49.77351],[22.9021,49.76842],[22.89827,49.76453],[22.89684,49.75176],[22.88519,49.74466],[22.873,49.7403],[22.85994,49.72846],[22.85171,49.71994],[22.84952,49.71481],[22.84726,49.7097],[22.82156,49.69441],[22.80541,49.69333],[22.78714,49.67639],[22.78428,49.66546],[22.78324,49.65721],[22.78154,49.65555],[22.75514,49.63457],[22.74829,49.63044],[22.73864,49.62135],[22.72874,49.61271],[22.71711,49.60113],[22.70593,49.59278],[22.69655,49.58369],[22.6847,49.57156],[22.67817,49.56091],[22.67463,49.54914],[22.66313,49.53883],[22.64072,49.52989],[22.64489,49.52311],[22.65109,49.5084],[22.66511,49.50021],[22.67108,49.49739],[22.69652,49.49507],[22.70018,49.48845],[22.70143,49.48027],[22.71249,49.43832],[22.71626,49.43059],[22.72332,49.41399],[22.73282,49.39767],[22.73579,49.38963],[22.74393,49.37008],[22.74684,49.36],[22.74298,49.33598],[22.75077,49.31646],[22.74393,49.29874],[22.7402,49.26347],[22.74032,49.25519],[22.7393,49.24724],[22.72125,49.24135],[22.71655,49.2358],[22.71478,49.22645],[22.72002,49.22117],[22.72876,49.22122],[22.73558,49.21841],[22.7418,49.21869],[22.74733,49.21656],[22.74048,49.21163],[22.7354,49.21189],[22.73309,49.21037],[22.73452,49.2069],[22.72936,49.20386],[22.72925,49.19717],[22.72277,49.19601],[22.71996,49.19209],[22.71566,49.18315],[22.70877,49.18117],[22.70721,49.17551],[22.7105,49.17172],[22.71475,49.17001],[22.71519,49.16649],[22.71765,49.16476],[22.72452,49.16805],[22.72442,49.1748],[22.72979,49.17529],[22.73342,49.17966],[22.73225,49.18182],[22.7428,49.18262],[22.74635,49.18431],[22.74969,49.18403],[22.75395,49.1788],[22.75081,49.17791],[22.74756,49.17243],[22.7421,49.16864],[22.74154,49.1651],[22.73848,49.15862],[22.74502,49.15633],[22.74856,49.15635],[22.75016,49.15313],[22.75584,49.15383],[22.76003,49.15244],[22.76267,49.15395],[22.76636,49.15358],[22.77165,49.15559],[22.77665,49.1542],[22.78455,49.1574],[22.78878,49.15771],[22.79162,49.1558],[22.792,49.15314],[22.78878,49.14973],[22.7927,49.1461],[22.7936,49.14233],[22.79171,49.14106],[22.79392,49.13747],[22.80009,49.1358],[22.8078,49.13253],[22.80685,49.12908],[22.81187,49.13021],[22.81611,49.12991],[22.81571,49.12745],[22.81222,49.12487],[22.8145,49.12324],[22.819,49.12367],[22.82889,49.11929],[22.83038,49.11684],[22.82908,49.11249],[22.83261,49.11068],[22.84427,49.11087],[22.84585,49.1129],[22.85145,49.11443],[22.85295,49.11156],[22.85893,49.11105],[22.85482,49.10605],[22.85535,49.10371],[22.86009,49.10247],[22.86274,49.1],[22.86686,49.1006],[22.87578,49.09654],[22.87947,49.09855],[22.88666,49.09651],[22.88901,49.09738],[22.89264,49.09455],[22.88994,49.0922],[22.88363,49.08356],[22.88386,49.0818],[22.86808,49.0775],[22.86652,49.07465],[22.87176,49.07182],[22.86689,49.07001],[22.86663,49.06568],[22.86849,49.06248],[22.86605,49.05986],[22.87002,49.05874],[22.87078,49.05574],[22.87457,49.05568],[22.87512,49.05098],[22.86657,49.04018],[22.87538,49.03741],[22.87708,49.03993],[22.88121,49.03806],[22.87572,49.03414],[22.8738,49.0311],[22.87693,49.02894],[22.87859,49.0249],[22.88922,49.01989],[22.89286,49.01885],[22.89386,49.01662],[22.88973,49.01499],[22.88959,49.01233],[22.89148,49.00761],[22.88789,49.00573],[22.88179,49.00586],[22.87387,49.00371],[22.86877,49.00355],[22.87341,49.00105],[22.87847,48.99996],[22.89792,49.00486],[22.90651,48.99527],[22.91414,48.98909],[22.9151,48.98498],[22.91811,48.98139],[22.91566,48.97617],[22.919,48.97064],[22.91546,48.96701],[22.91199,48.96563],[22.90504,48.96646],[22.90197,48.96946],[22.89945,48.96951],[22.89386,48.96511],[22.88675,48.96309],[22.88418,48.96115],[22.88004,48.96036],[22.87459,48.95784],[22.8725,48.95524],[22.87422,48.94814],[22.87233,48.94561],[22.87331,48.94084],[22.87625,48.93762],[22.87769,48.93268],[22.88604,48.92474],[22.89003,48.91632],[22.89134,48.911],[22.8966,48.90554],[22.90383,48.90127],[22.90822,48.89989],[22.91458,48.89611],[22.91892,48.89506],[22.92834,48.88989],[22.92952,48.88786],[22.93919,48.88413],[22.94718,48.88168],[22.95634,48.87815],[22.96283,48.87767],[22.97008,48.87467],[22.97011,48.86154],[22.97213,48.85948],[22.97165,48.85172],[22.97474,48.84485],[22.98652,48.83616],[22.99103,48.83543],[23.00101,48.82951],[23.01069,48.83655],[23.0126,48.84111],[23.01579,48.84445],[23.02012,48.84718],[23.02991,48.84659],[23.03976,48.8505],[23.04446,48.85127],[23.05147,48.8503],[23.05761,48.84669],[23.06275,48.85145],[23.06996,48.8549],[23.07655,48.8531],[23.07924,48.85438],[23.08488,48.8546],[23.08612,48.8593],[23.08781,48.86086],[23.0981,48.86289],[23.10401,48.85854],[23.11412,48.85679],[23.11654,48.85517],[23.12192,48.8545],[23.12429,48.85125],[23.13073,48.85256],[23.13598,48.84558],[23.13374,48.84301],[23.13072,48.84027],[23.13361,48.83408],[23.14724,48.83342],[23.15328,48.83055],[23.15893,48.8256],[23.16421,48.81889],[23.168,48.81683],[23.17204,48.80812],[23.17744,48.80635],[23.17895,48.80073],[23.17889,48.79271],[23.18326,48.78681],[23.18736,48.78424],[23.19238,48.77707],[23.19214,48.7738],[23.19826,48.76516],[23.1985,48.76296],[23.20197,48.76027],[23.21036,48.76103],[23.21665,48.76069],[23.22472,48.76345],[23.23081,48.76097],[23.23996,48.75865],[23.24762,48.75978],[23.25328,48.76274],[23.25934,48.76078],[23.26777,48.76165],[23.27236,48.7659],[23.27909,48.76702],[23.28087,48.77473],[23.28541,48.77583],[23.29052,48.77353],[23.29586,48.7669],[23.3021,48.76549],[23.30757,48.76131],[23.31284,48.76],[23.31665,48.75636],[23.3173,48.75354],[23.32573,48.75369],[23.3396,48.75648],[23.34257,48.75916],[23.35358,48.76345],[23.35534,48.76673],[23.3605,48.77209],[23.3692,48.76552],[23.37431,48.75899],[23.37599,48.7516],[23.37551,48.74915],[23.37803,48.74379],[23.38091,48.74191],[23.38519,48.7419],[23.39101,48.73975],[23.39485,48.73397],[23.39682,48.73294],[23.40423,48.73358],[23.40975,48.73572],[23.41539,48.73244],[23.42519,48.72974],[23.43027,48.7265],[23.4353,48.72559],[23.45436,48.72585],[23.45878,48.72428],[23.46675,48.72379],[23.46844,48.7199],[23.47187,48.7183],[23.47866,48.72136],[23.48408,48.72139],[23.4919,48.72256],[23.49647,48.72654],[23.4999,48.72766],[23.50287,48.73044],[23.51174,48.73475],[23.51625,48.73181],[23.52481,48.7275],[23.5369,48.7249],[23.54057,48.72346],[23.54821,48.72512],[23.54839,48.73081],[23.54976,48.73533],[23.549,48.74021],[23.5528,48.74251],[23.55476,48.74597],[23.55462,48.74923],[23.55833,48.75711],[23.56066,48.75907],[23.56061,48.76278],[23.56603,48.76762],[23.5687,48.77313],[23.5776,48.77851],[23.57611,48.78116],[23.579,48.78446],[23.57444,48.7878],[23.5741,48.79058],[23.56969,48.79569],[23.56915,48.80003],[23.57013,48.80392],[23.56364,48.80859],[23.55759,48.81493],[23.55703,48.81877],[23.55151,48.82247],[23.5646,48.82904],[23.56582,48.83351],[23.56942,48.83855],[23.56756,48.84197],[23.57362,48.84524],[23.57404,48.84739],[23.56866,48.85416],[23.57019,48.85513],[23.57588,48.8666],[23.58054,48.86928],[23.58178,48.87156],[23.58702,48.87172],[23.59248,48.87075],[23.59666,48.8725],[23.60673,48.87327],[23.60776,48.87813],[23.60737,48.88238],[23.59654,48.88376],[23.59078,48.88241],[23.58704,48.883],[23.57712,48.88696],[23.57285,48.89251],[23.57333,48.89639],[23.57107,48.90052],[23.56308,48.90961],[23.56409,48.9149],[23.56643,48.91862],[23.56913,48.92612],[23.57561,48.93428],[23.58071,48.94298],[23.58366,48.9458],[23.58536,48.95069],[23.58586,48.95536],[23.58008,48.95844],[23.57956,48.9627],[23.57784,48.96494],[23.57034,48.96722],[23.56697,48.96991],[23.56575,48.97444],[23.57107,48.97797],[23.57568,48.97945],[23.58062,48.98385],[23.58662,48.98776],[23.59067,48.9915],[23.59487,48.99681],[23.60057,49.00079],[23.60432,49.00137],[23.61529,49.0072],[23.62468,49.01383],[23.62229,49.01655],[23.62019,49.02256],[23.62167,49.02524],[23.6318,49.0286],[23.63624,49.03157],[23.64041,49.03005],[23.64286,49.02526],[23.64904,49.02262],[23.65517,49.02638],[23.65982,49.02568],[23.66421,49.02811],[23.66607,49.03051],[23.67285,49.03594],[23.67317,49.0406],[23.67735,49.04323],[23.67721,49.05106],[23.67866,49.05611],[23.68236,49.06312],[23.68748,49.0654],[23.68607,49.06971],[23.67774,49.07327],[23.67682,49.07503],[23.68158,49.07878],[23.68534,49.08348],[23.68416,49.08744],[23.69187,49.09663],[23.69581,49.09731],[23.69864,49.10044],[23.70445,49.09931],[23.70814,49.10121],[23.71218,49.10142],[23.71645,49.099],[23.71809,49.09344],[23.72561,49.0961],[23.73128,49.09935],[23.73477,49.10028],[23.73769,49.10328],[23.73738,49.10671],[23.73929,49.11007],[23.74386,49.11223],[23.75153,49.11314],[23.756,49.11628],[23.75496,49.12087],[23.75923,49.12215],[23.76424,49.12208],[23.77227,49.11757],[23.77557,49.11432],[23.7841,49.11998],[23.78944,49.11507],[23.79489,49.11194],[23.79741,49.10797],[23.80208,49.10608],[23.81227,49.11012],[23.82122,49.10888],[23.82734,49.11077],[23.83014,49.11335],[23.87047,49.11007],[23.88438,49.10703],[23.89819,49.10175],[23.90595,49.09921],[23.91394,49.10964],[23.92947,49.11782],[23.93226,49.12164],[23.94099,49.12467],[23.94604,49.12713],[23.95562,49.1298],[23.96171,49.12802],[23.9696,49.13774],[23.98031,49.13432],[23.98341,49.1348],[23.98854,49.13323],[24.00395,49.12969],[24.01266,49.12573],[24.014,49.12317],[24.01393,49.1177],[24.02055,49.11716],[24.02341,49.11809],[24.0313,49.12312],[24.03679,49.12518],[24.04327,49.13181],[24.04599,49.13356],[24.04749,49.13671],[24.05126,49.14043],[24.0567,49.14346],[24.05852,49.14689],[24.07254,49.14592],[24.07668,49.14664],[24.08139,49.14513],[24.08444,49.14836],[24.10117,49.14488],[24.10409,49.14227],[24.1109,49.14004],[24.11686,49.14182],[24.12255,49.13995],[24.13539,49.1426],[24.13929,49.14239],[24.14307,49.13948],[24.14666,49.13293],[24.14945,49.13018],[24.15504,49.128],[24.1647,49.12754],[24.16351,49.1339],[24.17187,49.14373],[24.18112,49.14317],[24.1896,49.14061],[24.19421,49.13501],[24.19735,49.13321],[24.21285,49.13329],[24.19808,49.13876],[24.20835,49.14557],[24.21087,49.14832],[24.21873,49.1455],[24.23222,49.14415],[24.23588,49.145],[24.24664,49.14987],[24.27647,49.16588],[24.28203,49.16839],[24.29341,49.1684],[24.30896,49.17108],[24.31661,49.17429],[24.31927,49.17436],[24.33054,49.17893],[24.33651,49.18034],[24.34524,49.18101],[24.34957,49.18014],[24.35337,49.18137],[24.35705,49.18587],[24.37518,49.18869],[24.38369,49.18917],[24.3917,49.18102],[24.39749,49.17825],[24.40248,49.17473],[24.41,49.17205],[24.41633,49.16808],[24.43572,49.174],[24.4375,49.17652],[24.4341,49.17791],[24.43591,49.18142],[24.43553,49.18402],[24.43162,49.19069],[24.43478,49.19535],[24.43767,49.1969],[24.4387,49.20064],[24.4376,49.20656],[24.44257,49.21237],[24.43907,49.21386],[24.43987,49.21602],[24.44591,49.21686],[24.44315,49.2226],[24.44876,49.23123],[24.44132,49.23021],[24.43348,49.2332],[24.40951,49.22916],[24.40145,49.22834],[24.38721,49.22792],[24.38027,49.23056],[24.36582,49.23176],[24.35273,49.23401],[24.34831,49.23252],[24.34035,49.24207],[24.34383,49.24353],[24.34597,49.2516],[24.348,49.25407],[24.35262,49.25338],[24.35326,49.26464],[24.35225,49.26829],[24.35347,49.27247],[24.35996,49.27202],[24.36403,49.27817],[24.36389,49.28035],[24.35884,49.28078],[24.35817,49.28599],[24.34056,49.29112],[24.33896,49.29197],[24.33161,49.28761],[24.32446,49.28601],[24.3203,49.28337],[24.31207,49.2795],[24.31182,49.27816],[24.30494,49.27743],[24.29933,49.28789],[24.29911,49.30017],[24.3017,49.31594],[24.3414,49.31045],[24.34597,49.31132],[24.34828,49.31396],[24.35852,49.32226],[24.37769,49.31008],[24.38138,49.31159],[24.38598,49.32044],[24.38881,49.32292],[24.39352,49.33051],[24.39327,49.33274],[24.40011,49.33579],[24.40165,49.33961],[24.39376,49.34085],[24.39621,49.34777],[24.39609,49.3526],[24.39083,49.35395],[24.39698,49.35836],[24.40043,49.35617],[24.40618,49.36157],[24.40948,49.36246],[24.40686,49.36636],[24.41627,49.36828],[24.41918,49.37042],[24.42923,49.37337],[24.43091,49.37804],[24.43678,49.38097],[24.42268,49.38481],[24.41958,49.38805],[24.40522,49.39349],[24.40075,49.39339],[24.38713,49.39515],[24.38932,49.40274],[24.3881,49.40806],[24.3759,49.41278],[24.37361,49.42984],[24.37012,49.42987],[24.37157,49.43568],[24.38378,49.44249],[24.4104,49.44488],[24.41282,49.4571],[24.41785,49.4737],[24.41435,49.47248],[24.40716,49.48269],[24.40239,49.49318],[24.40225,49.49572],[24.40567,49.49793],[24.41168,49.50347],[24.41599,49.50487],[24.43604,49.50371],[24.44136,49.50394],[24.44101,49.50581],[24.44622,49.50728],[24.4433,49.51334],[24.44016,49.52243],[24.4374,49.52773],[24.43478,49.53703],[24.45162,49.54631],[24.45432,49.55062],[24.45931,49.55202],[24.46825,49.54826],[24.467,49.55479],[24.47125,49.55505],[24.48048,49.55266],[24.47169,49.55831],[24.47261,49.55932],[24.47977,49.55916],[24.49406,49.55528],[24.49528,49.55706],[24.50282,49.55554],[24.50778,49.55188],[24.50662,49.5477],[24.51487,49.54397],[24.52134,49.54263],[24.52344,49.53965],[24.52044,49.53831],[24.51084,49.53915],[24.50758,49.53551],[24.51434,49.53165],[24.51325,49.52751],[24.5219,49.52233],[24.52771,49.52278],[24.52956,49.5249],[24.5404,49.52224],[24.54204,49.52466],[24.57048,49.53452],[24.57333,49.53431],[24.57437,49.5296],[24.58965,49.51909],[24.6005,49.51531],[24.60368,49.51299],[24.61659,49.50878],[24.62076,49.51115],[24.62642,49.50574],[24.63058,49.5032],[24.63155,49.50074],[24.63852,49.49765],[24.64068,49.5016],[24.65124,49.49989],[24.65589,49.50531],[24.66243,49.50166],[24.67306,49.49888],[24.67832,49.49657],[24.68459,49.49827],[24.69122,49.49556],[24.69957,49.49335],[24.72071,49.4969],[24.72262,49.5089],[24.72083,49.5105],[24.71951,49.52887],[24.71787,49.53134],[24.72367,49.53403],[24.72217,49.53958],[24.72634,49.54514],[24.72928,49.54715],[24.72605,49.55347],[24.72309,49.56113],[24.72119,49.56884],[24.71797,49.57032],[24.724,49.57248],[24.72823,49.57254],[24.729,49.57022],[24.7576,49.57198],[24.76123,49.57395],[24.76558,49.57234],[24.7807,49.57282],[24.79119,49.57268],[24.79271,49.57449],[24.79678,49.58409],[24.80187,49.58765],[24.81426,49.58651],[24.82253,49.59095],[24.82908,49.5929],[24.83145,49.59008],[24.83141,49.58455],[24.83385,49.57971],[24.83976,49.58081],[24.83921,49.58697],[24.83707,49.58902],[24.83711,49.59208],[24.83407,49.59683],[24.83439,49.59975],[24.84371,49.59995],[24.84575,49.60106],[24.86405,49.5992],[24.86541,49.6048],[24.87002,49.60454],[24.87128,49.60916],[24.88255,49.60862],[24.8858,49.60202],[24.89047,49.60074],[24.9034,49.59927],[24.90473,49.6021],[24.90089,49.60454],[24.90224,49.60867],[24.89851,49.6106],[24.90316,49.61338],[24.90894,49.61478],[24.91737,49.61378],[24.92299,49.61084],[24.9297,49.60918],[24.9411,49.60806],[24.93986,49.61333],[24.93817,49.61489],[24.93055,49.6165],[24.94764,49.61732],[24.94736,49.61457],[24.95177,49.61427],[24.95641,49.61879],[24.95952,49.62577],[24.96238,49.62792],[24.96493,49.63358],[24.96605,49.64011],[24.96874,49.64076],[24.98272,49.63663],[24.9867,49.64231],[24.99053,49.64505],[24.98795,49.64774],[24.98712,49.6523],[24.99041,49.66276],[24.99591,49.66233],[24.9943,49.66895],[24.99867,49.68955],[24.99959,49.69609],[24.99919,49.69974],[25.0115,49.7186],[25.02251,49.73605],[25.03027,49.73466],[25.03332,49.73262],[25.04427,49.72968],[25.06296,49.71378],[25.0676,49.71149],[25.07434,49.71483],[25.07222,49.71682],[25.0794,49.72186],[25.09375,49.73079],[25.09488,49.72948],[25.10058,49.73272],[25.11185,49.74148],[25.11496,49.74597],[25.10424,49.75632],[25.09155,49.75983],[25.08694,49.7633],[25.07234,49.77022],[25.07515,49.77258],[25.07561,49.77914],[25.08655,49.77809],[25.08984,49.78247],[25.08951,49.78841],[25.08408,49.7968],[25.08344,49.80923],[25.08241,49.8203],[25.08326,49.82724],[25.08518,49.82807],[25.09061,49.82655],[25.09648,49.82225],[25.1046,49.82049],[25.10914,49.81862],[25.12361,49.81841],[25.1344,49.81689],[25.13757,49.81491],[25.14363,49.81747],[25.14292,49.81975],[25.14447,49.82427],[25.14414,49.82807],[25.15092,49.828],[25.15161,49.83261],[25.16035,49.83421],[25.17256,49.83201],[25.18034,49.83803],[25.19185,49.83466],[25.20256,49.83224],[25.21085,49.82936],[25.21148,49.82675],[25.23643,49.82403],[25.24734,49.82573],[25.24771,49.83401],[25.25528,49.83373],[25.25589,49.83669],[25.26221,49.83675],[25.26312,49.83271],[25.26586,49.83072],[25.27058,49.82968],[25.28552,49.82792],[25.29282,49.83307],[25.29379,49.83628],[25.29014,49.84013],[25.29365,49.84388],[25.29975,49.84554],[25.29997,49.84833],[25.2968,49.84932],[25.29911,49.85371],[25.30376,49.85251],[25.30959,49.85293],[25.31158,49.85444],[25.33642,49.85931],[25.33618,49.86314],[25.33871,49.8637],[25.34753,49.86265],[25.35906,49.86504],[25.37121,49.86537],[25.37584,49.86856],[25.37179,49.87409],[25.37189,49.87603],[25.3806,49.87695],[25.38131,49.88318],[25.38904,49.89696],[25.38681,49.9019],[25.38196,49.90542],[25.37636,49.91321],[25.37989,49.91857],[25.38349,49.92164],[25.387,49.92709],[25.38714,49.93247],[25.39071,49.93453],[25.39392,49.93418],[25.40053,49.93748],[25.41568,49.93441],[25.42241,49.93851],[25.42666,49.93911],[25.4269,49.94197],[25.41806,49.94614],[25.41416,49.94494],[25.40388,49.94776],[25.40151,49.95444],[25.40558,49.9612],[25.41205,49.96957],[25.40198,49.98613],[25.38589,49.98908],[25.37319,49.99185],[25.36107,49.99604],[25.34909,50.00295],[25.33709,50.01024],[25.32347,50.0173],[25.31723,50.02011],[25.31121,50.02385],[25.30603,50.03058],[25.30091,50.03414],[25.28702,50.04739],[25.26865,50.06251],[25.2666,50.06536],[25.24821,50.08183],[25.23256,50.09664],[25.21118,50.11499],[25.20674,50.11968],[25.1975,50.13085],[25.19745,50.13215],[25.20644,50.15398],[25.20614,50.15987],[25.20144,50.16422],[25.20103,50.16665],[25.20399,50.17004],[25.21071,50.17121],[25.2125,50.17641],[25.2149,50.17988],[25.20384,50.18723],[25.18908,50.1936],[25.18017,50.19704],[25.16958,50.20265],[25.16547,50.20922],[25.16716,50.2172],[25.16947,50.223],[25.18273,50.22421],[25.18022,50.22648],[25.17709,50.23219],[25.18066,50.23644],[25.18303,50.23637],[25.18944,50.24597],[25.19,50.24872],[25.20591,50.24735],[25.20328,50.25569],[25.20402,50.27523],[25.20461,50.27952],[25.17462,50.2893],[25.16307,50.2904],[25.15852,50.29011],[25.14292,50.28667],[25.12808,50.28212],[25.11714,50.2832],[25.11288,50.28493],[25.11261,50.28724],[25.09823,50.29058],[25.08579,50.29233],[25.07805,50.29282],[25.07108,50.29436],[25.06539,50.29817],[25.05558,50.30054]]]},"properties":{"oblast":"lviv_oblast","id":"lviv_oblast","name":"Львівська область"}},{"type":"Feature","geometry":{"type":"MultiPolygon","coordinates":[[[[33.00474,47.98876],[32.9924,48.03872],[32.99016,48.04823],[32.98296,48.04649],[32.96464,48.03917],[32.95413,48.03542],[32.95184,48.03523],[32.94582,48.04251],[32.94314,48.04123],[32.91305,48.03757],[32.91586,48.03158],[32.88336,48.02761],[32.88152,48.03381],[32.87047,48.03233],[32.8727,48.02413],[32.87838,48.02177],[32.88486,48.0202],[32.88714,48.01322],[32.89441,47.98553],[32.86702,47.98252],[32.86509,47.98512],[32.85043,47.98359],[32.81296,47.97909],[32.80984,47.97513],[32.80121,47.97519],[32.80086,47.98184],[32.79669,47.98082],[32.79524,47.98259],[32.79431,47.99317],[32.7892,47.99303],[32.76437,47.98996],[32.71135,47.98441],[32.68949,47.98184],[32.69319,47.96572],[32.694,47.96063],[32.69731,47.94653],[32.73545,47.95157],[32.7382,47.94779],[32.7366,47.94461],[32.74387,47.93716],[32.74556,47.93251],[32.6519,47.92152],[32.65594,47.90482],[32.67648,47.90701],[32.68554,47.87298],[32.66442,47.87091],[32.66936,47.85303],[32.67482,47.85753],[32.67945,47.8518],[32.6775,47.8505],[32.67265,47.84244],[32.66405,47.83939],[32.65622,47.82638],[32.6578,47.81994],[32.62414,47.81597],[32.62433,47.81334],[32.6022,47.81066],[32.54823,47.80386],[32.51243,47.7995],[32.49972,47.79773],[32.49684,47.79789],[32.42773,47.78957],[32.42518,47.79649],[32.42502,47.80055],[32.41821,47.80125],[32.4158,47.79767],[32.40224,47.79477],[32.39721,47.79628],[32.39617,47.80016],[32.38851,47.79743],[32.3867,47.79881],[32.3774,47.79654],[32.37513,47.79411],[32.37068,47.79469],[32.36805,47.79262],[32.36802,47.78984],[32.3642,47.78859],[32.35699,47.79096],[32.35171,47.79468],[32.34708,47.7967],[32.34444,47.79914],[32.33864,47.80018],[32.32978,47.80655],[32.32717,47.81358],[32.32208,47.81447],[32.31937,47.81783],[32.31379,47.8188],[32.31032,47.81813],[32.30233,47.8236],[32.29944,47.82301],[32.23632,47.81465],[32.23962,47.79381],[32.22251,47.79145],[32.22401,47.78694],[32.23158,47.7604],[32.20805,47.75727],[32.16107,47.75117],[32.15988,47.75139],[32.15733,47.76074],[32.15254,47.75559],[32.14609,47.75427],[32.14472,47.74988],[32.14018,47.74893],[32.13449,47.7554],[32.13581,47.7581],[32.11698,47.75591],[32.10928,47.7846],[32.08948,47.78228],[32.08517,47.79658],[32.07975,47.79584],[32.07664,47.80685],[32.05948,47.80471],[32.05467,47.81725],[32.01533,47.81274],[32.01509,47.81598],[32.00698,47.81513],[31.95979,47.80953],[31.96298,47.79869],[31.91001,47.79211],[31.87353,47.78776],[31.87409,47.78645],[31.86343,47.785],[31.83873,47.7822],[31.8377,47.7828],[31.83391,47.79449],[31.8274,47.81652],[31.86579,47.8218],[31.86872,47.82256],[31.87082,47.82763],[31.86388,47.83174],[31.86037,47.8364],[31.85677,47.83856],[31.85321,47.8484],[31.85909,47.84953],[31.85653,47.85877],[31.85704,47.86466],[31.88807,47.86544],[31.89183,47.86738],[31.88677,47.87686],[31.88479,47.88163],[31.88059,47.88245],[31.87981,47.89144],[31.8805,47.89366],[31.88471,47.89393],[31.88388,47.89721],[31.87908,47.90484],[31.8772,47.91002],[31.87758,47.91543],[31.87659,47.91942],[31.85499,47.91612],[31.84891,47.94296],[31.84383,47.96358],[31.82541,47.96118],[31.81918,47.96133],[31.80874,47.95983],[31.80062,47.96025],[31.8014,47.95756],[31.78483,47.95489],[31.78266,47.95524],[31.7811,47.96037],[31.77133,47.94908],[31.76455,47.94455],[31.75193,47.94431],[31.74869,47.9583],[31.743,47.98037],[31.73216,48.02399],[31.72903,48.03546],[31.78302,48.04223],[31.77358,48.07726],[31.76728,48.10212],[31.73691,48.09854],[31.72064,48.09699],[31.71137,48.09549],[31.69433,48.09336],[31.68717,48.1164],[31.68259,48.11765],[31.68558,48.121],[31.64188,48.11494],[31.63967,48.12487],[31.63701,48.12452],[31.63361,48.13477],[31.62779,48.13487],[31.61521,48.13319],[31.60441,48.13104],[31.59307,48.12952],[31.58262,48.12876],[31.58425,48.12337],[31.58199,48.11693],[31.58391,48.10551],[31.57718,48.10391],[31.56792,48.1026],[31.56786,48.09892],[31.55895,48.1103],[31.54055,48.10779],[31.551,48.06979],[31.5374,48.06833],[31.51023,48.06883],[31.51225,48.06222],[31.50751,48.05561],[31.50198,48.05208],[31.49246,48.05073],[31.48817,48.06536],[31.47116,48.06344],[31.47,48.06404],[31.47215,48.07708],[31.47622,48.08298],[31.49849,48.08721],[31.49586,48.09743],[31.48643,48.12964],[31.46472,48.12679],[31.41785,48.12088],[31.42017,48.11174],[31.40427,48.10952],[31.39552,48.10837],[31.38903,48.12945],[31.38695,48.13135],[31.3799,48.1324],[31.37663,48.1252],[31.37236,48.12293],[31.36789,48.11924],[31.36279,48.11852],[31.35018,48.11889],[31.34282,48.11732],[31.3382,48.11473],[31.33021,48.11388],[31.32524,48.13818],[31.29818,48.13158],[31.2554,48.12164],[31.23633,48.11703],[31.22298,48.16307],[31.22058,48.17075],[31.20134,48.16838],[31.19087,48.17432],[31.18363,48.17765],[31.17901,48.18176],[31.18055,48.18628],[31.18834,48.1878],[31.19205,48.19388],[31.18628,48.1963],[31.18465,48.203],[31.17722,48.20717],[31.17296,48.2105],[31.17182,48.2138],[31.16855,48.21499],[31.16896,48.21843],[31.16124,48.22297],[31.14009,48.22069],[31.13799,48.22928],[31.09078,48.22399],[31.05628,48.22014],[31.05302,48.23228],[30.98102,48.22214],[30.98906,48.19451],[30.98726,48.19471],[30.98916,48.18446],[30.97841,48.18373],[30.97291,48.18544],[30.96624,48.18532],[30.9555,48.18069],[30.9448,48.18411],[30.93192,48.18399],[30.92999,48.18059],[30.9299,48.17585],[30.93097,48.1711],[30.93037,48.16635],[30.92716,48.16675],[30.9221,48.16979],[30.91952,48.16919],[30.91721,48.16533],[30.91112,48.16446],[30.90327,48.16423],[30.90202,48.15998],[30.89845,48.15979],[30.89433,48.16536],[30.87952,48.16448],[30.87406,48.16148],[30.86976,48.1623],[30.85504,48.16106],[30.85379,48.16655],[30.84839,48.18437],[30.82771,48.18158],[30.82561,48.18866],[30.82305,48.1908],[30.8196,48.18902],[30.81963,48.18051],[30.81425,48.17697],[30.81332,48.17285],[30.81521,48.1697],[30.79251,48.16778],[30.7896,48.18106],[30.78539,48.19139],[30.71934,48.18655],[30.71681,48.19555],[30.68935,48.18914],[30.68401,48.18812],[30.66592,48.18708],[30.64747,48.18525],[30.64842,48.17946],[30.65659,48.17191],[30.63723,48.16736],[30.62007,48.16631],[30.62016,48.15747],[30.61665,48.15644],[30.59093,48.15708],[30.58543,48.15685],[30.58105,48.15503],[30.55606,48.15593],[30.55304,48.16314],[30.5268,48.17955],[30.50666,48.15973],[30.50427,48.15794],[30.49999,48.16353],[30.50032,48.16792],[30.49727,48.16953],[30.49282,48.16997],[30.48001,48.16628],[30.47363,48.16612],[30.47125,48.16311],[30.4675,48.16249],[30.46343,48.16506],[30.44965,48.16912],[30.44472,48.16904],[30.43638,48.17193],[30.43339,48.17112],[30.42821,48.16538],[30.41759,48.1628],[30.41342,48.16252],[30.40657,48.16378],[30.39549,48.16472],[30.39001,48.16598],[30.38755,48.16885],[30.38642,48.17318],[30.3841,48.17444],[30.37747,48.17393],[30.3666,48.17415],[30.36333,48.17283],[30.36195,48.17005],[30.35916,48.16889],[30.35081,48.16792],[30.34457,48.16416],[30.33695,48.16103],[30.32759,48.16002],[30.32679,48.15301],[30.32885,48.14945],[30.32832,48.14734],[30.32387,48.14385],[30.3175,48.14063],[30.30781,48.1416],[30.31536,48.11668],[30.35684,48.11266],[30.35678,48.10159],[30.32649,48.09721],[30.32872,48.10033],[30.32461,48.1034],[30.32138,48.10353],[30.31409,48.10577],[30.31416,48.10007],[30.32607,48.09698],[30.32433,48.0943],[30.30117,48.09694],[30.29364,48.09718],[30.28907,48.09626],[30.2844,48.09324],[30.28251,48.08491],[30.26575,48.08824],[30.24878,48.08957],[30.24967,48.08756],[30.2443,48.07864],[30.23972,48.07424],[30.23418,48.07256],[30.2317,48.06996],[30.22621,48.07035],[30.22106,48.06899],[30.22002,48.07049],[30.21416,48.07191],[30.20664,48.06759],[30.22704,48.05545],[30.234,48.05995],[30.25254,48.03374],[30.2575,48.02117],[30.22567,48.01187],[30.22974,48.00618],[30.24892,47.98162],[30.24678,47.98106],[30.2468,47.97685],[30.24544,47.96713],[30.25018,47.96569],[30.28205,47.95021],[30.3075,47.92977],[30.30007,47.92531],[30.29794,47.92281],[30.30619,47.8926],[30.31109,47.87058],[30.31586,47.85476],[30.32349,47.82774],[30.3309,47.80986],[30.33304,47.80913],[30.39084,47.81679],[30.42242,47.82116],[30.42825,47.79964],[30.43621,47.80068],[30.43982,47.78912],[30.43019,47.78775],[30.41612,47.78719],[30.42392,47.76084],[30.39841,47.75754],[30.3964,47.75374],[30.3887,47.75244],[30.39469,47.73034],[30.3963,47.7269],[30.40291,47.70695],[30.41432,47.67065],[30.40988,47.67003],[30.42042,47.63408],[30.46393,47.64037],[30.47113,47.61818],[30.53004,47.62654],[30.55844,47.63065],[30.56014,47.62626],[30.57449,47.62692],[30.61355,47.63554],[30.61825,47.62405],[30.63044,47.62731],[30.66066,47.63399],[30.66475,47.63416],[30.66636,47.62274],[30.66592,47.61722],[30.65808,47.61676],[30.66006,47.6001],[30.7012,47.6021],[30.72001,47.60839],[30.70927,47.63889],[30.71711,47.63993],[30.74175,47.64232],[30.77676,47.64728],[30.78809,47.64898],[30.7924,47.63598],[30.78081,47.63445],[30.77913,47.63114],[30.78134,47.62422],[30.77455,47.6232],[30.77432,47.61388],[30.77937,47.59793],[30.77418,47.59709],[30.77873,47.58398],[30.76411,47.58159],[30.74496,47.57894],[30.75179,47.55916],[30.75581,47.55981],[30.75779,47.55538],[30.76327,47.55253],[30.77059,47.55336],[30.77301,47.54593],[30.78265,47.5473],[30.78967,47.54937],[30.80292,47.55422],[30.80491,47.54684],[30.82876,47.5494],[30.83403,47.53661],[30.87623,47.54435],[30.8795,47.53387],[30.87535,47.53325],[30.88289,47.50711],[30.85318,47.50274],[30.85952,47.48274],[30.85395,47.48193],[30.86572,47.44423],[30.8591,47.44368],[30.84823,47.44405],[30.85154,47.42049],[30.88717,47.42565],[30.89337,47.40331],[30.8739,47.40065],[30.88089,47.37683],[30.88258,47.36683],[30.88532,47.36568],[30.88601,47.35878],[30.90095,47.35968],[30.90915,47.34417],[30.8892,47.34111],[30.89032,47.3374],[30.86584,47.33362],[30.87275,47.31802],[30.89265,47.32083],[30.89946,47.30117],[30.90738,47.27673],[30.9735,47.28599],[30.99925,47.28982],[30.98992,47.26857],[30.99449,47.26844],[31.00739,47.27027],[31.01367,47.25241],[31.01887,47.23892],[31.08001,47.24775],[31.07831,47.25278],[31.11775,47.25852],[31.17064,47.26588],[31.17562,47.25648],[31.16782,47.25534],[31.17324,47.23836],[31.17803,47.22221],[31.14723,47.21788],[31.14566,47.21792],[31.15677,47.18098],[31.12284,47.17628],[31.11879,47.18861],[31.10893,47.18712],[31.11558,47.16604],[31.10561,47.1649],[31.10898,47.15432],[31.12892,47.1568],[31.13039,47.15264],[31.16191,47.15699],[31.19845,47.15467],[31.20078,47.17142],[31.24647,47.1776],[31.24908,47.16867],[31.26941,47.17147],[31.27289,47.15955],[31.29071,47.09967],[31.29318,47.09258],[31.30214,47.08251],[31.29368,47.08137],[31.30132,47.05927],[31.30505,47.04772],[31.29485,47.04592],[31.298,47.03214],[31.28923,47.03107],[31.29122,47.02453],[31.26799,47.02136],[31.26609,47.02789],[31.23609,47.02368],[31.22982,47.0216],[31.23219,47.01824],[31.23764,46.9995],[31.24083,46.99417],[31.24156,46.99125],[31.21036,46.9867],[31.15345,46.9798],[31.13993,46.97841],[31.13624,46.98915],[31.10941,46.98522],[31.08693,46.98239],[31.08991,46.97355],[31.0492,46.96961],[31.04016,46.96855],[31.0275,46.96455],[31.02023,46.96394],[31.0171,46.96273],[31.01582,46.95638],[31.01376,46.95116],[31.01417,46.94799],[31.01695,46.94454],[31.02609,46.9357],[31.03295,46.93174],[31.03836,46.92525],[31.041,46.9172],[31.04095,46.90948],[31.04121,46.89966],[31.04326,46.89815],[31.04903,46.89873],[31.05569,46.89841],[31.06648,46.89613],[31.08135,46.8887],[31.09213,46.88263],[31.1023,46.87302],[31.10606,46.86604],[31.10647,46.85716],[31.10968,46.85131],[31.11235,46.84479],[31.11402,46.84432],[31.12693,46.84558],[31.13235,46.84564],[31.1424,46.84412],[31.15229,46.8394],[31.15686,46.83464],[31.15717,46.82566],[31.15254,46.80788],[31.15191,46.79936],[31.15468,46.79108],[31.15892,46.78824],[31.1643,46.78291],[31.17091,46.77444],[31.17716,46.76912],[31.17741,46.76679],[31.17257,46.76029],[31.16484,46.75316],[31.1544,46.74657],[31.15264,46.7433],[31.15575,46.72711],[31.16018,46.71723],[31.1654,46.71436],[31.17894,46.70896],[31.17932,46.70377],[31.1786,46.69662],[31.17907,46.68062],[31.1829,46.67154],[31.18513,46.66286],[31.19872,46.66025],[31.19342,46.65672],[31.17969,46.65366],[31.17538,46.65077],[31.17743,46.64847],[31.18963,46.64824],[31.1879,46.64425],[31.1886,46.63957],[31.18285,46.63614],[31.17907,46.63502],[31.17688,46.63287],[31.17642,46.62746],[31.19436,46.62481],[31.21075,46.62105],[31.22108,46.6174],[31.23116,46.61282],[31.23762,46.61042],[31.25413,46.60954],[31.25981,46.60973],[31.2721,46.61217],[31.2807,46.61243],[31.29217,46.6114],[31.30905,46.60807],[31.32307,46.60592],[31.33346,46.60527],[31.33758,46.60375],[31.34546,46.60217],[31.34875,46.60045],[31.35223,46.60101],[31.35242,46.60703],[31.35381,46.60951],[31.35369,46.6141],[31.35814,46.61912],[31.36767,46.62274],[31.37816,46.6238],[31.38848,46.62336],[31.40005,46.62128],[31.40917,46.61835],[31.41589,46.62326],[31.41864,46.62781],[31.42429,46.62817],[31.42409,46.62557],[31.4279,46.62476],[31.44788,46.62692],[31.45754,46.62724],[31.4811,46.62643],[31.49142,46.62533],[31.50467,46.62271],[31.51835,46.61851],[31.53111,46.61198],[31.53406,46.60935],[31.54282,46.606],[31.54985,46.60028],[31.51264,46.57787],[31.51628,46.5725],[31.52128,46.56353],[31.53201,46.55325],[31.53825,46.54786],[31.55005,46.53906],[31.55655,46.53489],[31.5764,46.52299],[31.59254,46.51473],[31.60473,46.5078],[31.62239,46.49679],[31.63298,46.48969],[31.64934,46.47756],[31.66084,46.4682],[31.67663,46.45469],[31.69671,46.43919],[31.70086,46.43873],[31.70836,46.43577],[31.70876,46.43824],[31.7026,46.44346],[31.69546,46.44714],[31.69486,46.44984],[31.69646,46.45961],[31.69864,46.46699],[31.70452,46.47373],[31.71189,46.47953],[31.71816,46.4812],[31.72935,46.4855],[31.74145,46.4878],[31.75106,46.48833],[31.76208,46.48802],[31.77004,46.48671],[31.80695,46.47893],[31.81382,46.49211],[31.82018,46.49629],[31.83189,46.49999],[31.84545,46.49756],[31.84776,46.49994],[31.85879,46.5194],[31.86236,46.52143],[31.8802,46.53446],[31.90139,46.55178],[31.92254,46.57227],[31.93284,46.58255],[31.94042,46.62427],[31.9403,46.65116],[31.98814,46.65907],[31.98687,46.66411],[32.00774,46.66652],[32.02379,46.6663],[32.03177,46.66717],[32.02028,46.67738],[32.0712,46.68358],[32.07166,46.68191],[32.08676,46.68356],[32.07543,46.73003],[32.0609,46.72824],[32.05707,46.74434],[32.10932,46.75262],[32.1105,46.74837],[32.11379,46.74876],[32.11464,46.7453],[32.17144,46.75248],[32.16868,46.7633],[32.21852,46.77121],[32.21374,46.79064],[32.20972,46.80589],[32.23076,46.80847],[32.25236,46.81961],[32.24256,46.82781],[32.23152,46.83861],[32.22906,46.84449],[32.30608,46.81011],[32.32753,46.80062],[32.34204,46.7955],[32.37295,46.79908],[32.3655,46.82943],[32.3942,46.83311],[32.42185,46.83609],[32.46291,46.84095],[32.46909,46.81608],[32.53121,46.82319],[32.52549,46.84686],[32.52485,46.84815],[32.54145,46.85012],[32.53468,46.88151],[32.54485,46.88256],[32.54704,46.86954],[32.57157,46.87224],[32.57247,46.86815],[32.57151,46.86279],[32.57766,46.86272],[32.57824,46.85914],[32.58413,46.85954],[32.58505,46.85495],[32.61134,46.85805],[32.61236,46.85441],[32.61714,46.85401],[32.63124,46.85548],[32.64917,46.85771],[32.6878,46.86204],[32.69797,46.82236],[32.70169,46.82068],[32.70703,46.82114],[32.70767,46.82289],[32.74469,46.82693],[32.74602,46.82537],[32.76415,46.82734],[32.76744,46.81916],[32.76936,46.81931],[32.77893,46.82486],[32.77487,46.83003],[32.81484,46.83449],[32.81361,46.84015],[32.83586,46.84242],[32.85521,46.84471],[32.9491,46.85739],[32.94597,46.86858],[32.92023,46.86595],[32.91613,46.88302],[32.8985,46.88118],[32.85955,46.87629],[32.85542,46.87673],[32.85088,46.87945],[32.84697,46.87943],[32.83629,46.88411],[32.84029,46.88891],[32.84173,46.89328],[32.84007,46.89538],[32.8424,46.89944],[32.85645,46.90126],[32.92661,46.90974],[32.92206,46.92665],[32.96994,46.93259],[32.97986,46.93368],[32.97597,46.94881],[32.94892,46.94532],[32.94255,46.971],[32.93356,46.98532],[32.95016,47.00351],[33.02236,46.97244],[33.06743,47.02212],[33.07184,47.02021],[33.08918,47.04078],[33.09328,47.03902],[33.10529,47.05362],[33.15808,47.11686],[33.14468,47.1218],[33.10492,47.13704],[33.08209,47.10775],[33.10315,47.09978],[33.07919,47.07001],[33.07303,47.06303],[33.05197,47.0706],[33.03718,47.05262],[33.02709,47.03949],[32.9619,47.06703],[32.95127,47.07174],[32.92781,47.08154],[32.92549,47.08382],[32.91672,47.08564],[32.91126,47.09077],[32.90954,47.09418],[32.90992,47.0978],[32.91427,47.10384],[32.91177,47.11044],[32.91128,47.11419],[32.90719,47.11996],[32.90888,47.12121],[32.91171,47.12671],[32.91858,47.13145],[32.91955,47.13592],[32.91745,47.14069],[32.91823,47.14429],[32.92278,47.14711],[32.92943,47.14882],[32.93314,47.1509],[32.948,47.16329],[32.95085,47.16701],[32.95969,47.18447],[32.96061,47.18962],[32.98198,47.19165],[32.98946,47.19361],[32.9915,47.19037],[32.9994,47.19319],[33.00051,47.19626],[33.00618,47.19649],[33.01174,47.19174],[33.01391,47.18824],[33.01224,47.18385],[33.01639,47.17991],[33.02089,47.17907],[33.02556,47.17661],[33.03397,47.17821],[33.03817,47.17987],[33.03513,47.18349],[33.03714,47.18861],[33.04211,47.19001],[33.05189,47.19113],[33.06029,47.19581],[33.06565,47.2003],[33.06566,47.2039],[33.06736,47.2064],[33.06542,47.20968],[33.06585,47.21253],[33.06409,47.21479],[33.06499,47.21952],[33.06802,47.22001],[33.07325,47.21744],[33.07231,47.22344],[33.07779,47.22105],[33.08168,47.22045],[33.0887,47.2238],[33.0987,47.2235],[33.10647,47.2164],[33.10469,47.21227],[33.11067,47.20702],[33.11565,47.20434],[33.12158,47.20432],[33.12424,47.20267],[33.13188,47.20348],[33.13439,47.20596],[33.13765,47.20589],[33.14195,47.20875],[33.14222,47.21068],[33.13448,47.21254],[33.12796,47.22076],[33.12641,47.22854],[33.12694,47.23067],[33.13405,47.23306],[33.14244,47.23036],[33.14834,47.23094],[33.1513,47.23425],[33.15599,47.23583],[33.1614,47.2364],[33.15931,47.23248],[33.16413,47.23194],[33.16627,47.23426],[33.17276,47.23367],[33.17529,47.23721],[33.18156,47.23706],[33.18358,47.2381],[33.13623,47.26749],[33.14003,47.27205],[33.12033,47.27735],[33.11928,47.28133],[33.1052,47.27954],[33.10167,47.29028],[33.10989,47.2931],[33.10989,47.30319],[33.1024,47.32147],[33.13243,47.32781],[33.13358,47.33205],[33.1381,47.33269],[33.13553,47.33676],[33.13453,47.34179],[33.13239,47.34513],[33.1217,47.38942],[33.07838,47.38416],[33.0392,47.37921],[33.03418,47.39751],[33.03555,47.39766],[33.02868,47.4237],[33.03814,47.42524],[33.03349,47.44134],[33.05408,47.44364],[33.047,47.4682],[33.0702,47.47519],[33.07049,47.4541],[33.07092,47.4443],[33.07121,47.41191],[33.11506,47.41684],[33.13773,47.41964],[33.13148,47.44534],[33.13115,47.45582],[33.12614,47.47564],[33.12726,47.48003],[33.12996,47.48034],[33.12294,47.50814],[33.14709,47.51434],[33.14111,47.54322],[33.09466,47.52726],[33.08913,47.55193],[33.09262,47.57869],[33.09496,47.59704],[33.04232,47.59451],[33.01899,47.59302],[32.96134,47.58984],[32.95978,47.59202],[32.96035,47.59784],[32.97076,47.60268],[32.97618,47.60288],[32.97761,47.60569],[32.98161,47.60376],[32.98609,47.60423],[32.99038,47.60641],[32.98694,47.61342],[32.99006,47.6164],[32.99713,47.61655],[32.99661,47.62228],[32.99361,47.62452],[32.99447,47.62731],[32.99339,47.63241],[32.98332,47.67343],[32.97202,47.72263],[33.00863,47.72628],[33.00757,47.73194],[33.05173,47.73655],[33.07216,47.73888],[33.0668,47.76263],[33.05453,47.76161],[33.04962,47.78186],[33.06776,47.78359],[33.06307,47.80428],[33.05724,47.83185],[33.08104,47.83483],[33.072,47.87399],[33.06974,47.88254],[33.08643,47.88517],[33.07828,47.92038],[33.05884,47.91761],[33.05323,47.91651],[33.01272,47.91044],[33.00614,47.91217],[32.99091,47.93409],[32.99183,47.93462],[33.00767,47.93676],[33.00478,47.94913],[33.00159,47.96644],[32.9952,47.9674],[32.99468,47.98342],[33.00474,47.98876]]],[[[31.76791,46.38543],[31.75722,46.39794],[31.7452,46.40744],[31.73603,46.41348],[31.73366,46.41724],[31.73167,46.42315],[31.72811,46.42224],[31.73382,46.4143],[31.73618,46.40994],[31.74272,46.40029],[31.74418,46.39551],[31.75086,46.38662],[31.75738,46.37985],[31.76301,46.37485],[31.76381,46.37723],[31.76905,46.37391],[31.77418,46.3726],[31.77543,46.37387],[31.77194,46.37874],[31.76717,46.37853],[31.76201,46.38197],[31.76149,46.38413],[31.76791,46.38543]]],[[[31.41178,46.60183],[31.407,46.60129],[31.41067,46.59844],[31.41178,46.60183]]]]},"properties":{"oblast":"mykolaiv_oblast","id":"mykolaiv_oblast","name":"Миколаївська область"}},{"type":"Feature","geometry":{"type":"MultiPolygon","coordinates":[[[[30.77676,47.64728],[30.74175,47.64232],[30.71711,47.63993],[30.70927,47.63889],[30.72001,47.60839],[30.7012,47.6021],[30.66006,47.6001],[30.65808,47.61676],[30.66592,47.61722],[30.66636,47.62274],[30.66475,47.63416],[30.66066,47.63399],[30.63044,47.62731],[30.61825,47.62405],[30.61355,47.63554],[30.57449,47.62692],[30.56014,47.62626],[30.55844,47.63065],[30.53004,47.62654],[30.47113,47.61818],[30.46393,47.64037],[30.42042,47.63408],[30.40988,47.67003],[30.41432,47.67065],[30.40291,47.70695],[30.3963,47.7269],[30.39469,47.73034],[30.3887,47.75244],[30.3964,47.75374],[30.39841,47.75754],[30.42392,47.76084],[30.41612,47.78719],[30.43019,47.78775],[30.43982,47.78912],[30.43621,47.80068],[30.42825,47.79964],[30.42242,47.82116],[30.39084,47.81679],[30.33304,47.80913],[30.3309,47.80986],[30.32349,47.82774],[30.31586,47.85476],[30.31109,47.87058],[30.30619,47.8926],[30.29794,47.92281],[30.30007,47.92531],[30.3075,47.92977],[30.28205,47.95021],[30.25018,47.96569],[30.24544,47.96713],[30.2468,47.97685],[30.24678,47.98106],[30.24892,47.98162],[30.22974,48.00618],[30.22567,48.01187],[30.2575,48.02117],[30.25254,48.03374],[30.234,48.05995],[30.22704,48.05545],[30.20664,48.06759],[30.21416,48.07191],[30.22002,48.07049],[30.22106,48.06899],[30.22621,48.07035],[30.2317,48.06996],[30.23418,48.07256],[30.23972,48.07424],[30.2443,48.07864],[30.24967,48.08756],[30.24878,48.08957],[30.26575,48.08824],[30.28251,48.08491],[30.2844,48.09324],[30.28907,48.09626],[30.29364,48.09718],[30.30117,48.09694],[30.32433,48.0943],[30.32607,48.09698],[30.31416,48.10007],[30.31409,48.10577],[30.32138,48.10353],[30.32461,48.1034],[30.32872,48.10033],[30.32649,48.09721],[30.35678,48.10159],[30.35684,48.11266],[30.31536,48.11668],[30.30781,48.1416],[30.30015,48.14252],[30.2874,48.13995],[30.28161,48.14079],[30.2764,48.1436],[30.26376,48.14746],[30.26079,48.14726],[30.25271,48.14299],[30.24185,48.14036],[30.2308,48.14404],[30.22003,48.145],[30.21425,48.14726],[30.19975,48.14855],[30.19438,48.15008],[30.18859,48.15464],[30.18632,48.15459],[30.18226,48.15157],[30.17186,48.14903],[30.16584,48.14502],[30.15986,48.14524],[30.15301,48.14323],[30.14957,48.14353],[30.14443,48.14587],[30.13387,48.14717],[30.12621,48.14696],[30.1191,48.14444],[30.11397,48.14439],[30.10973,48.14325],[30.10539,48.13976],[30.10069,48.14152],[30.09351,48.14204],[30.09,48.14363],[30.07689,48.14676],[30.06773,48.14514],[30.06495,48.14695],[30.06229,48.15168],[30.05896,48.15219],[30.05329,48.15038],[30.04973,48.15043],[30.04312,48.15647],[30.04176,48.16319],[30.03589,48.16877],[30.03279,48.17306],[30.03407,48.17709],[30.03255,48.17926],[30.02742,48.18173],[30.02216,48.18607],[30.01653,48.18639],[30.01036,48.1827],[30.00587,48.18266],[30.00193,48.18566],[30.00238,48.19023],[30.00115,48.19562],[30.00776,48.202],[30.00964,48.20689],[30.00838,48.21093],[29.99881,48.21758],[29.99318,48.21981],[29.99195,48.22142],[29.99107,48.2303],[29.981,48.22396],[29.97504,48.21703],[29.9303,48.2333],[29.91118,48.20986],[29.90405,48.20165],[29.89219,48.18653],[29.88648,48.18594],[29.87561,48.1879],[29.87232,48.19452],[29.86584,48.1975],[29.85975,48.20494],[29.85225,48.20902],[29.84047,48.21259],[29.83116,48.21129],[29.81848,48.20773],[29.81189,48.20747],[29.79969,48.20382],[29.79339,48.20123],[29.78573,48.20444],[29.78467,48.20762],[29.78059,48.20854],[29.77961,48.20539],[29.7746,48.20254],[29.76803,48.20263],[29.76345,48.20038],[29.74948,48.20145],[29.74485,48.20224],[29.73257,48.20289],[29.71746,48.2014],[29.70839,48.19891],[29.70229,48.19586],[29.6983,48.19546],[29.69056,48.19313],[29.68234,48.18785],[29.66647,48.1961],[29.65494,48.19502],[29.6616,48.18345],[29.67417,48.16804],[29.67515,48.16577],[29.67195,48.16396],[29.67587,48.16227],[29.67595,48.15428],[29.67396,48.14908],[29.67087,48.1344],[29.67612,48.13134],[29.67503,48.12773],[29.67195,48.12812],[29.66998,48.12241],[29.66822,48.12071],[29.66319,48.11968],[29.65782,48.12086],[29.65672,48.11886],[29.66826,48.11639],[29.66364,48.10752],[29.659,48.11049],[29.64798,48.11197],[29.63856,48.11155],[29.63728,48.11219],[29.64035,48.12283],[29.62572,48.12646],[29.6025,48.13291],[29.59862,48.12416],[29.5982,48.11982],[29.59327,48.11627],[29.58759,48.11679],[29.58605,48.11393],[29.58131,48.11107],[29.58445,48.10988],[29.58754,48.10198],[29.58138,48.10155],[29.57441,48.10405],[29.57006,48.09873],[29.56459,48.10051],[29.55632,48.09823],[29.5453,48.1011],[29.53854,48.10107],[29.53187,48.09989],[29.53135,48.09786],[29.52136,48.09972],[29.51687,48.09959],[29.49484,48.10263],[29.48882,48.10574],[29.48474,48.1056],[29.47763,48.1078],[29.47615,48.11384],[29.47231,48.12211],[29.46693,48.123],[29.4429,48.12182],[29.42104,48.11806],[29.3945,48.11374],[29.3907,48.11128],[29.38237,48.10257],[29.38751,48.09515],[29.37186,48.09055],[29.36892,48.09448],[29.35212,48.08937],[29.35046,48.09138],[29.35128,48.09667],[29.34314,48.09305],[29.33824,48.09441],[29.33341,48.09428],[29.31159,48.08601],[29.30769,48.08903],[29.30185,48.09071],[29.29072,48.0904],[29.28697,48.09315],[29.28178,48.09261],[29.27818,48.09073],[29.26515,48.09399],[29.26651,48.1066],[29.25688,48.10718],[29.25975,48.10997],[29.25783,48.11217],[29.25223,48.10902],[29.24621,48.11067],[29.24097,48.10721],[29.23551,48.1086],[29.23227,48.10354],[29.2278,48.10327],[29.22114,48.10522],[29.21713,48.10503],[29.21912,48.10857],[29.21575,48.11031],[29.21137,48.11477],[29.20601,48.11634],[29.20322,48.11844],[29.20548,48.12234],[29.22078,48.12509],[29.22528,48.12233],[29.23494,48.12033],[29.23765,48.12174],[29.24012,48.12765],[29.24174,48.12877],[29.24885,48.12976],[29.25315,48.12786],[29.26141,48.13037],[29.26108,48.13378],[29.25573,48.13318],[29.25275,48.13859],[29.25171,48.14921],[29.25023,48.15007],[29.24125,48.14129],[29.23209,48.14142],[29.22539,48.14266],[29.22306,48.14211],[29.21328,48.14308],[29.20955,48.13882],[29.20927,48.13421],[29.19343,48.13445],[29.18504,48.14007],[29.1819,48.14118],[29.16996,48.14191],[29.1671,48.14004],[29.14314,48.14053],[29.14923,48.14243],[29.15824,48.14859],[29.15395,48.14969],[29.14843,48.15268],[29.14568,48.15575],[29.1343,48.15251],[29.12018,48.16089],[29.11065,48.16955],[29.0839,48.18889],[29.08129,48.18767],[29.07841,48.19287],[29.07535,48.19386],[29.0663,48.19397],[29.05778,48.18964],[29.06199,48.18715],[29.05965,48.17967],[29.05426,48.18152],[29.04612,48.17375],[29.04477,48.16936],[29.04471,48.16002],[29.04264,48.15764],[29.04543,48.15565],[29.04998,48.14954],[29.04421,48.14311],[29.04289,48.13968],[29.03981,48.13785],[29.03383,48.13227],[29.03663,48.13018],[29.03182,48.12564],[29.02477,48.12783],[29.01904,48.13144],[29.01831,48.13503],[29.01223,48.14366],[29.00991,48.14829],[29.0023,48.14833],[28.99381,48.15187],[28.98937,48.149],[28.98813,48.14671],[28.98437,48.14498],[28.97675,48.15182],[28.96941,48.15332],[28.9685,48.15441],[28.94516,48.15669],[28.9331,48.12686],[28.93173,48.11732],[28.92865,48.10001],[28.92393,48.09847],[28.92718,48.09436],[28.9126,48.09161],[28.88974,48.08688],[28.87301,48.08261],[28.86827,48.07855],[28.8732,48.07689],[28.8738,48.07423],[28.87157,48.07121],[28.86808,48.06934],[28.85716,48.07395],[28.85709,48.07858],[28.847,48.07887],[28.84016,48.07847],[28.83328,48.07284],[28.83651,48.0712],[28.84203,48.07541],[28.84982,48.07046],[28.84383,48.0656],[28.85203,48.0609],[28.84929,48.05187],[28.83939,48.03484],[28.85457,48.02715],[28.85617,48.02501],[28.85571,48.02092],[28.86476,48.02089],[28.86766,48.01809],[28.88248,48.01043],[28.87971,48.00666],[28.87803,48.00075],[28.88325,47.99491],[28.91088,47.97301],[28.92487,47.96099],[28.94942,47.97176],[28.95436,47.97433],[28.96155,47.97924],[28.97199,47.97441],[28.98186,47.96921],[28.99036,47.96255],[29.00104,47.96276],[29.00199,47.95903],[29.00408,47.95774],[29.01244,47.95596],[29.02086,47.95014],[29.02535,47.94594],[29.03314,47.94247],[29.03742,47.94746],[29.04237,47.94721],[29.05144,47.94291],[29.05852,47.9423],[29.07419,47.94428],[29.08027,47.94636],[29.08621,47.94727],[29.08438,47.95725],[29.08065,47.96479],[29.07775,47.96777],[29.0783,47.97061],[29.08201,47.97154],[29.08663,47.96805],[29.09115,47.9676],[29.09457,47.96064],[29.09753,47.96015],[29.09643,47.97326],[29.09148,47.9734],[29.08805,47.97624],[29.08323,47.97707],[29.08925,47.98134],[29.09559,47.98318],[29.1021,47.98177],[29.10923,47.98427],[29.11351,47.98341],[29.11879,47.98373],[29.13109,47.98208],[29.13161,47.98434],[29.12833,47.98731],[29.12393,47.98885],[29.12481,47.99368],[29.16193,47.99289],[29.17439,47.99342],[29.17985,47.96426],[29.18496,47.96397],[29.18884,47.94206],[29.18862,47.93571],[29.19023,47.93118],[29.19341,47.91362],[29.19565,47.90584],[29.20025,47.88623],[29.20163,47.8843],[29.21271,47.88555],[29.21489,47.89615],[29.21728,47.89594],[29.22283,47.89176],[29.22271,47.88973],[29.21747,47.8885],[29.21861,47.8864],[29.23992,47.88841],[29.26417,47.88965],[29.27522,47.89058],[29.27963,47.88982],[29.28084,47.88736],[29.27727,47.88592],[29.27319,47.87952],[29.26869,47.87904],[29.26658,47.87549],[29.24856,47.86879],[29.23621,47.86261],[29.23558,47.8592],[29.22893,47.8576],[29.22469,47.85522],[29.22144,47.84896],[29.21836,47.84631],[29.21431,47.84038],[29.20869,47.83728],[29.20417,47.83271],[29.20137,47.82815],[29.19898,47.8178],[29.20999,47.80572],[29.21207,47.80457],[29.21996,47.79741],[29.23265,47.79729],[29.24624,47.8103],[29.25362,47.80982],[29.27526,47.80415],[29.27579,47.80067],[29.27186,47.79182],[29.26165,47.77322],[29.2538,47.75976],[29.25005,47.75253],[29.24743,47.75056],[29.22182,47.74095],[29.2142,47.73843],[29.20381,47.71943],[29.21044,47.71104],[29.22243,47.69761],[29.2214,47.69406],[29.23058,47.68369],[29.22881,47.68259],[29.21873,47.68255],[29.21926,47.66267],[29.21988,47.65825],[29.20962,47.65793],[29.20881,47.64151],[29.21883,47.64234],[29.23289,47.64262],[29.23298,47.64137],[29.2231,47.63497],[29.21959,47.62747],[29.21052,47.62395],[29.21746,47.61235],[29.2043,47.60438],[29.20292,47.59541],[29.19738,47.59105],[29.19265,47.59042],[29.18581,47.58498],[29.18544,47.5801],[29.18391,47.57697],[29.18405,47.57158],[29.17172,47.56798],[29.16622,47.57117],[29.15638,47.56766],[29.12081,47.55586],[29.11681,47.55306],[29.14151,47.51877],[29.15148,47.50574],[29.16355,47.5103],[29.16714,47.51238],[29.18357,47.51849],[29.18605,47.51792],[29.18997,47.51331],[29.18403,47.51165],[29.18457,47.50833],[29.18282,47.49399],[29.19046,47.48958],[29.19171,47.48536],[29.18626,47.48249],[29.1841,47.48024],[29.18444,47.47748],[29.18678,47.4757],[29.16289,47.46279],[29.1573,47.45914],[29.16229,47.45272],[29.16845,47.45655],[29.18955,47.46786],[29.18894,47.46314],[29.19348,47.46053],[29.18182,47.4501],[29.18805,47.43889],[29.18374,47.43563],[29.18565,47.42993],[29.19023,47.42455],[29.19324,47.42644],[29.22432,47.44925],[29.2421,47.46182],[29.24234,47.43854],[29.24399,47.41458],[29.24967,47.41519],[29.25346,47.41808],[29.25455,47.42289],[29.26169,47.42636],[29.2634,47.42939],[29.26871,47.43133],[29.27223,47.43523],[29.27948,47.43732],[29.2864,47.43569],[29.29686,47.44127],[29.3014,47.44028],[29.30703,47.4408],[29.30852,47.44413],[29.31785,47.4478],[29.3192,47.44463],[29.32212,47.4331],[29.32769,47.40894],[29.33023,47.39962],[29.3374,47.37055],[29.36133,47.37312],[29.36081,47.37536],[29.39059,47.37938],[29.39216,47.37417],[29.39544,47.35875],[29.39691,47.35359],[29.38294,47.34481],[29.38285,47.3437],[29.38735,47.33266],[29.39414,47.31082],[29.39781,47.30052],[29.42273,47.3044],[29.42653,47.29182],[29.44695,47.29445],[29.44541,47.30005],[29.47836,47.30468],[29.4862,47.30613],[29.48504,47.31014],[29.48329,47.33236],[29.49277,47.33308],[29.49496,47.33756],[29.48723,47.33914],[29.4914,47.34924],[29.4873,47.34955],[29.48635,47.35131],[29.48725,47.35605],[29.49457,47.35596],[29.49626,47.35835],[29.50171,47.35944],[29.51701,47.36453],[29.55024,47.36784],[29.55799,47.36901],[29.5738,47.37045],[29.5745,47.37008],[29.5778,47.3568],[29.57901,47.34882],[29.5824,47.33515],[29.58621,47.31789],[29.58704,47.31194],[29.59138,47.28871],[29.59358,47.28139],[29.59797,47.25706],[29.55113,47.25173],[29.55499,47.23799],[29.56126,47.21114],[29.56231,47.20467],[29.56361,47.20357],[29.57138,47.17067],[29.5808,47.13583],[29.51529,47.12944],[29.50156,47.12796],[29.49496,47.13102],[29.49533,47.12623],[29.49835,47.11299],[29.49987,47.10892],[29.51602,47.11247],[29.52005,47.10369],[29.5197,47.103],[29.52768,47.08596],[29.53026,47.07529],[29.54984,47.0757],[29.55006,47.07732],[29.54802,47.09357],[29.61204,47.0999],[29.61695,47.08404],[29.62837,47.04511],[29.60219,47.04158],[29.59976,47.01667],[29.59835,46.99433],[29.59605,46.96362],[29.55605,46.95773],[29.5713,46.94002],[29.63941,46.95504],[29.64105,46.9495],[29.64639,46.92764],[29.64801,46.91921],[29.68323,46.92297],[29.70119,46.92514],[29.70162,46.9234],[29.71133,46.92398],[29.71035,46.92816],[29.71862,46.93197],[29.72164,46.91824],[29.73081,46.91933],[29.7324,46.91277],[29.74403,46.87635],[29.74938,46.86064],[29.78609,46.86575],[29.8269,46.8718],[29.84889,46.87522],[29.84703,46.88169],[29.88387,46.88626],[29.88618,46.87296],[29.89213,46.85347],[29.88356,46.85069],[29.90508,46.81986],[29.92144,46.82523],[29.93026,46.82865],[29.92499,46.83416],[29.94945,46.84172],[29.95353,46.84071],[29.95936,46.83756],[29.9612,46.8352],[29.96918,46.83203],[29.97241,46.82336],[29.97859,46.82037],[29.97723,46.81636],[29.96372,46.81821],[29.95709,46.81561],[29.93494,46.80591],[29.9432,46.79702],[29.9428,46.79504],[29.95554,46.78326],[29.96061,46.77792],[29.96402,46.77542],[29.96502,46.77198],[29.96606,46.75948],[29.96902,46.75568],[29.97447,46.75402],[29.97346,46.74502],[29.9718,46.73809],[29.9688,46.73169],[29.96855,46.71934],[29.97213,46.71382],[29.96856,46.7016],[29.97427,46.694],[29.97275,46.68835],[29.96724,46.68229],[29.96058,46.67858],[29.95556,46.6613],[29.94618,46.65028],[29.9454,46.64352],[29.94911,46.63922],[29.95611,46.63288],[29.95633,46.62345],[29.95998,46.61174],[29.95456,46.59941],[29.94858,46.59119],[29.93978,46.58983],[29.9346,46.58261],[29.93435,46.57897],[29.93721,46.574],[29.93883,46.56874],[29.94453,46.56776],[29.94285,46.56501],[29.94242,46.56109],[29.94469,46.55977],[29.94462,46.55476],[29.92916,46.55356],[29.89919,46.54969],[29.87561,46.54715],[29.87795,46.54253],[29.88022,46.54203],[29.88494,46.54699],[29.88902,46.54619],[29.89348,46.53923],[29.90114,46.53369],[29.90063,46.53146],[29.89607,46.53089],[29.895,46.52878],[29.89878,46.52579],[29.91106,46.5228],[29.91227,46.51964],[29.90511,46.51706],[29.90505,46.5151],[29.90925,46.51299],[29.91318,46.51271],[29.92695,46.51322],[29.92809,46.51171],[29.92369,46.50598],[29.92514,46.50254],[29.93124,46.50099],[29.93786,46.50134],[29.94213,46.50001],[29.93469,46.4962],[29.93889,46.49385],[29.94678,46.49552],[29.95176,46.49803],[29.95635,46.50191],[29.95796,46.50917],[29.96048,46.50981],[29.96465,46.50735],[29.96424,46.50446],[29.95618,46.49635],[29.95246,46.49031],[29.96038,46.49062],[29.96524,46.49329],[29.97017,46.50079],[29.97229,46.50183],[29.98137,46.4987],[29.98301,46.49968],[29.98264,46.505],[29.98347,46.50885],[29.98839,46.50809],[29.99234,46.50121],[29.99129,46.49872],[29.98791,46.49646],[29.98922,46.49339],[29.99854,46.49689],[29.99917,46.49346],[29.99206,46.48922],[29.98916,46.4855],[29.99021,46.47903],[29.99336,46.47677],[30.00051,46.48244],[30.00496,46.48394],[30.01234,46.48405],[30.01569,46.48289],[30.01585,46.47964],[30.00568,46.47463],[30.00118,46.47438],[29.99472,46.47601],[29.99526,46.47302],[29.99924,46.47104],[30.00391,46.47069],[30.01131,46.47155],[30.01921,46.47149],[30.02216,46.4705],[30.02286,46.466],[30.01872,46.46454],[29.99704,46.46468],[29.99395,46.46153],[30.00342,46.45516],[30.00842,46.45331],[30.01399,46.45468],[30.02298,46.45423],[30.02651,46.45144],[30.02295,46.44579],[30.02349,46.44157],[30.03565,46.44173],[30.0461,46.44306],[30.06407,46.44237],[30.06368,46.43937],[30.05648,46.43564],[30.05527,46.43158],[30.05715,46.42693],[30.05966,46.42606],[30.07077,46.42545],[30.07673,46.42366],[30.07974,46.42449],[30.07901,46.43136],[30.08363,46.43462],[30.08864,46.43204],[30.09124,46.42671],[30.09322,46.42517],[30.09728,46.42575],[30.0982,46.43071],[30.09048,46.4374],[30.09459,46.43992],[30.09802,46.43873],[30.10071,46.43593],[30.10493,46.42761],[30.10801,46.4277],[30.11115,46.43118],[30.11562,46.43018],[30.12235,46.42686],[30.12811,46.4218],[30.13515,46.41709],[30.1349,46.41493],[30.13052,46.41373],[30.13024,46.41194],[30.13638,46.41065],[30.14346,46.41242],[30.14692,46.41482],[30.14886,46.41809],[30.1495,46.42693],[30.15513,46.42908],[30.16013,46.4271],[30.16139,46.42309],[30.16118,46.41559],[30.16244,46.4138],[30.16359,46.41308],[30.14572,46.40546],[30.10496,46.39026],[30.0896,46.38389],[30.08855,46.38372],[30.07713,46.3925],[30.07098,46.39663],[30.05785,46.39833],[30.04803,46.39396],[30.02173,46.38298],[30.01447,46.38467],[29.99847,46.38924],[29.99723,46.38959],[29.98781,46.38407],[29.94992,46.39569],[29.94127,46.39854],[29.93798,46.40023],[29.92299,46.39219],[29.88632,46.37151],[29.8907,46.35218],[29.87969,46.35644],[29.87852,46.35629],[29.8681,46.36092],[29.83102,46.37527],[29.80512,46.38545],[29.82246,46.39569],[29.79732,46.41605],[29.79371,46.41424],[29.78675,46.41985],[29.78969,46.42174],[29.7764,46.45441],[29.76789,46.4523],[29.74885,46.47064],[29.74081,46.47287],[29.72636,46.46697],[29.74196,46.44341],[29.73107,46.4398],[29.73426,46.43517],[29.7168,46.43199],[29.70679,46.42967],[29.70246,46.42964],[29.68578,46.42627],[29.6852,46.43194],[29.68103,46.43119],[29.67788,46.44191],[29.66003,46.43602],[29.66674,46.41138],[29.66717,46.40765],[29.67014,46.39513],[29.67556,46.37418],[29.67724,46.36613],[29.67677,46.36119],[29.66408,46.35938],[29.6179,46.35467],[29.60297,46.35338],[29.59995,46.36275],[29.58014,46.36069],[29.56555,46.41628],[29.55557,46.4176],[29.51365,46.42238],[29.50645,46.42356],[29.49324,46.4318],[29.47977,46.44136],[29.50337,46.45982],[29.48539,46.47248],[29.47537,46.47998],[29.46385,46.48764],[29.44788,46.49873],[29.43306,46.48583],[29.40685,46.46259],[29.40238,46.45962],[29.38664,46.44638],[29.39917,46.42583],[29.39852,46.42565],[29.39654,46.4251],[29.3909,46.43367],[29.37604,46.4583],[29.3789,46.45917],[29.36078,46.48862],[29.35546,46.49773],[29.34992,46.50417],[29.33168,46.49598],[29.33822,46.48142],[29.3323,46.47911],[29.33635,46.47358],[29.30852,46.46496],[29.31073,46.46227],[29.31201,46.45713],[29.3146,46.45419],[29.31852,46.44766],[29.30598,46.44449],[29.31395,46.43063],[29.32411,46.41468],[29.30351,46.4082],[29.29662,46.41693],[29.2631,46.40568],[29.26646,46.39922],[29.26547,46.39802],[29.26639,46.39329],[29.25691,46.3867],[29.25644,46.38563],[29.24065,46.37603],[29.20765,46.38455],[29.20657,46.3863],[29.23531,46.40876],[29.24506,46.4157],[29.2463,46.42076],[29.23686,46.42761],[29.23256,46.43157],[29.23037,46.43648],[29.22975,46.45763],[29.21994,46.46351],[29.2477,46.48077],[29.25528,46.48578],[29.25052,46.49738],[29.24853,46.50045],[29.24192,46.49923],[29.23995,46.50309],[29.23983,46.51276],[29.23895,46.52014],[29.23555,46.55844],[29.19194,46.55005],[29.16167,46.54474],[29.16263,46.52656],[29.16363,46.51538],[29.11852,46.51377],[29.09119,46.51306],[29.07814,46.51294],[29.06311,46.51214],[29.06181,46.50692],[29.03971,46.506],[29.04064,46.49869],[29.0392,46.4936],[29.03324,46.49355],[29.03304,46.49093],[29.01382,46.48984],[28.98892,46.48901],[28.9896,46.48443],[28.98909,46.47922],[29.02325,46.47999],[29.02588,46.46252],[29.00485,46.46045],[28.98409,46.45928],[28.96822,46.45911],[28.93033,46.45732],[28.93651,46.45215],[28.93762,46.44982],[28.94159,46.43046],[28.94627,46.41984],[28.9569,46.39715],[28.96735,46.37418],[28.97549,46.36193],[28.98604,46.34416],[28.99369,46.3319],[28.98104,46.31123],[28.97666,46.30353],[28.9739,46.30124],[28.96497,46.28538],[28.955,46.26911],[28.95302,46.26761],[28.94919,46.26045],[28.95675,46.25572],[28.96051,46.2545],[28.99496,46.23585],[29.03578,46.2131],[29.06758,46.19551],[29.0354,46.16783],[29.02708,46.16006],[29.01523,46.15017],[28.97856,46.11872],[28.95046,46.09394],[28.99024,46.06177],[29.00557,46.04952],[28.99262,46.02771],[28.97902,46.00346],[28.97028,46.00235],[28.95099,45.99868],[28.94599,45.99806],[28.89281,45.98912],[28.85392,45.98288],[28.77618,45.97063],[28.77951,45.96025],[28.75713,45.9571],[28.76364,45.93461],[28.75977,45.92819],[28.75465,45.92722],[28.77581,45.8618],[28.78624,45.83239],[28.77004,45.82986],[28.73632,45.82419],[28.69662,45.81793],[28.70923,45.77989],[28.66902,45.77333],[28.62711,45.76664],[28.62344,45.76634],[28.60267,45.76973],[28.5878,45.77274],[28.57948,45.76995],[28.58492,45.76447],[28.59163,45.7531],[28.59545,45.7381],[28.59502,45.73524],[28.58868,45.72892],[28.58376,45.72928],[28.56403,45.7265],[28.56289,45.72874],[28.55624,45.7364],[28.54961,45.73591],[28.53376,45.73394],[28.52276,45.73861],[28.51829,45.73663],[28.5171,45.73272],[28.51235,45.72297],[28.51031,45.7135],[28.50459,45.70106],[28.49884,45.695],[28.49071,45.68908],[28.48468,45.68632],[28.48107,45.68102],[28.48065,45.67829],[28.48252,45.67358],[28.48124,45.66465],[28.48298,45.65976],[28.4886,45.66043],[28.51578,45.66535],[28.52429,45.63966],[28.53676,45.60392],[28.54412,45.58007],[28.51793,45.57576],[28.49151,45.57121],[28.49896,45.54794],[28.50521,45.53041],[28.51525,45.49986],[28.4925,45.49591],[28.46075,45.49094],[28.43436,45.48662],[28.42762,45.48613],[28.42755,45.49002],[28.42523,45.49345],[28.42706,45.49737],[28.42535,45.50364],[28.42681,45.50608],[28.42666,45.51254],[28.42512,45.51618],[28.42493,45.52273],[28.42008,45.52115],[28.42025,45.51694],[28.41542,45.51401],[28.4002,45.51895],[28.38053,45.52458],[28.36796,45.52855],[28.34588,45.53471],[28.33242,45.53899],[28.30587,45.54678],[28.29069,45.53807],[28.26148,45.52033],[28.2579,45.51772],[28.24746,45.50755],[28.23952,45.49783],[28.22893,45.48575],[28.21125,45.46707],[28.21356,45.46622],[28.22066,45.4662],[28.23374,45.46368],[28.26183,45.45568],[28.27112,45.45184],[28.27854,45.44602],[28.28413,45.43886],[28.28639,45.43205],[28.28579,45.425],[28.28316,45.41495],[28.28341,45.40793],[28.2818,45.40007],[28.28221,45.39761],[28.28577,45.39299],[28.29612,45.38556],[28.30039,45.38145],[28.3063,45.37369],[28.33122,45.33622],[28.33497,45.33009],[28.33854,45.32604],[28.34776,45.32066],[28.36119,45.31663],[28.37892,45.31035],[28.41607,45.29839],[28.43123,45.29387],[28.43847,45.29224],[28.455,45.28772],[28.46939,45.28246],[28.48898,45.27591],[28.49834,45.27327],[28.52162,45.26526],[28.53285,45.26237],[28.54621,45.25639],[28.55908,45.24901],[28.5627,45.24828],[28.60119,45.24533],[28.60663,45.24513],[28.63231,45.24314],[28.64941,45.24082],[28.65984,45.23838],[28.68099,45.23186],[28.69187,45.22765],[28.7038,45.22464],[28.70977,45.22406],[28.71887,45.22432],[28.73435,45.22986],[28.74635,45.23358],[28.78164,45.23718],[28.78715,45.23931],[28.79139,45.2422],[28.79192,45.24705],[28.78526,45.25362],[28.78086,45.25618],[28.7702,45.26027],[28.76268,45.26622],[28.75544,45.27452],[28.75162,45.28151],[28.75464,45.28744],[28.75799,45.28937],[28.76426,45.29103],[28.772,45.29127],[28.78339,45.29068],[28.7916,45.29261],[28.79968,45.29891],[28.80373,45.30322],[28.80525,45.30716],[28.80446,45.31143],[28.80141,45.31377],[28.79356,45.31693],[28.78479,45.3195],[28.78166,45.32136],[28.78091,45.32571],[28.78191,45.3274],[28.79097,45.33256],[28.7975,45.33508],[28.80369,45.33635],[28.81739,45.33586],[28.82285,45.33326],[28.83233,45.32507],[28.84056,45.3195],[28.84926,45.31629],[28.85987,45.316],[28.86787,45.31739],[28.87128,45.31684],[28.87578,45.31445],[28.89134,45.30203],[28.91481,45.28617],[28.91923,45.28362],[28.92929,45.28001],[28.93549,45.27929],[28.94311,45.27999],[28.94812,45.28241],[28.95288,45.28725],[28.95424,45.29174],[28.95443,45.29622],[28.95291,45.3001],[28.94926,45.30563],[28.94873,45.30801],[28.95017,45.31398],[28.95582,45.32042],[28.95968,45.32702],[28.96642,45.33122],[28.97117,45.33206],[28.9794,45.33135],[28.98557,45.3319],[28.99721,45.33694],[29.00346,45.34177],[29.01073,45.34539],[29.02042,45.34823],[29.03301,45.35386],[29.04,45.35897],[29.04441,45.36032],[29.0534,45.35931],[29.06301,45.36204],[29.07311,45.3661],[29.08419,45.37392],[29.08871,45.3747],[29.10611,45.37461],[29.10926,45.37557],[29.11668,45.37996],[29.12388,45.38294],[29.13518,45.38435],[29.15111,45.38858],[29.15952,45.3919],[29.1695,45.39493],[29.17884,45.39918],[29.18145,45.40264],[29.18311,45.40777],[29.18534,45.41053],[29.19028,45.41322],[29.20168,45.41706],[29.21403,45.4179],[29.21904,45.41988],[29.22602,45.42373],[29.23582,45.43151],[29.23801,45.43263],[29.24893,45.43525],[29.25889,45.43346],[29.27132,45.42867],[29.28317,45.42677],[29.29323,45.42755],[29.30006,45.43033],[29.30358,45.43261],[29.31132,45.4399],[29.32,45.4463],[29.32481,45.44793],[29.33026,45.44804],[29.33912,45.44511],[29.34959,45.43824],[29.35807,45.43726],[29.37283,45.43793],[29.38146,45.43979],[29.3911,45.43624],[29.39873,45.43729],[29.39966,45.43929],[29.40409,45.43887],[29.41264,45.44113],[29.42739,45.44327],[29.43095,45.4419],[29.43868,45.43442],[29.4422,45.43306],[29.45851,45.42969],[29.47448,45.42322],[29.47803,45.42218],[29.49281,45.42042],[29.52233,45.41426],[29.53495,45.41214],[29.54506,45.40965],[29.55035,45.40916],[29.55243,45.40757],[29.56359,45.40171],[29.58942,45.39003],[29.59492,45.38818],[29.59719,45.3841],[29.60509,45.37851],[29.62103,45.36307],[29.63301,45.35249],[29.65009,45.34085],[29.65138,45.33817],[29.65491,45.33564],[29.65701,45.33204],[29.65914,45.32567],[29.66403,45.31556],[29.66881,45.30956],[29.66995,45.30666],[29.66973,45.2985],[29.67046,45.2934],[29.67612,45.28152],[29.67741,45.26967],[29.67641,45.26819],[29.66912,45.26371],[29.66359,45.25949],[29.66024,45.25224],[29.65969,45.24873],[29.6627,45.23832],[29.66773,45.22981],[29.66887,45.22516],[29.67343,45.21674],[29.67714,45.21268],[29.68367,45.20803],[29.68561,45.2035],[29.69029,45.20499],[29.69545,45.20523],[29.69621,45.20689],[29.69438,45.2109],[29.7033,45.21192],[29.70271,45.21383],[29.70445,45.21856],[29.70754,45.21958],[29.71309,45.2163],[29.71602,45.21655],[29.71615,45.21132],[29.71805,45.20857],[29.72269,45.20924],[29.72499,45.2137],[29.72855,45.21696],[29.72788,45.22419],[29.73449,45.22737],[29.74622,45.2229],[29.75312,45.22226],[29.75752,45.22367],[29.75071,45.23283],[29.74763,45.23957],[29.73982,45.24616],[29.74263,45.24757],[29.74087,45.26229],[29.74171,45.2737],[29.74308,45.28055],[29.74946,45.29601],[29.75409,45.30155],[29.75225,45.30485],[29.75935,45.30879],[29.76276,45.31331],[29.7658,45.32178],[29.76128,45.331],[29.76105,45.33411],[29.7586,45.33794],[29.75997,45.34059],[29.76459,45.3402],[29.76722,45.34213],[29.7596,45.35155],[29.75747,45.35637],[29.75568,45.36344],[29.75466,45.37587],[29.75549,45.38278],[29.75703,45.38939],[29.75986,45.39813],[29.76137,45.40807],[29.7577,45.40942],[29.75764,45.41413],[29.76306,45.41402],[29.76679,45.41841],[29.76423,45.42192],[29.7663,45.42446],[29.76114,45.43283],[29.75928,45.4389],[29.75558,45.43926],[29.75499,45.44386],[29.76081,45.44415],[29.76211,45.44816],[29.77177,45.45177],[29.77518,45.45016],[29.77548,45.4464],[29.77214,45.43863],[29.77268,45.43459],[29.77702,45.43944],[29.78227,45.45441],[29.78135,45.46117],[29.77916,45.46354],[29.78138,45.46745],[29.77698,45.46989],[29.77434,45.46798],[29.7673,45.47115],[29.76276,45.46845],[29.75711,45.4672],[29.75376,45.46775],[29.74936,45.46651],[29.74633,45.4714],[29.74494,45.47698],[29.74735,45.48258],[29.75435,45.48906],[29.75154,45.4903],[29.74884,45.48856],[29.74401,45.48918],[29.73533,45.48654],[29.72994,45.48413],[29.72464,45.47881],[29.71696,45.47529],[29.71011,45.47086],[29.70985,45.4653],[29.70676,45.45878],[29.70179,45.45964],[29.69946,45.46551],[29.6888,45.46731],[29.68262,45.46426],[29.68187,45.46013],[29.67896,45.45861],[29.67668,45.46157],[29.67072,45.46477],[29.67657,45.46737],[29.67748,45.46988],[29.67291,45.47198],[29.66977,45.47474],[29.66095,45.47659],[29.65263,45.47402],[29.65124,45.47208],[29.65131,45.46646],[29.65507,45.4658],[29.65715,45.46811],[29.66029,45.46745],[29.65949,45.4604],[29.65618,45.45805],[29.65348,45.45334],[29.65061,45.45161],[29.64398,45.4534],[29.63935,45.45859],[29.63274,45.4619],[29.63355,45.46332],[29.63005,45.47016],[29.63266,45.47247],[29.63127,45.47489],[29.62571,45.4744],[29.62264,45.47078],[29.61585,45.46979],[29.60713,45.4761],[29.6039,45.48163],[29.60685,45.48693],[29.60989,45.486],[29.61288,45.48304],[29.61708,45.48691],[29.62057,45.48197],[29.62899,45.48353],[29.62402,45.49121],[29.62265,45.49521],[29.62431,45.50212],[29.6271,45.50665],[29.63168,45.51193],[29.6441,45.52109],[29.64929,45.52779],[29.65245,45.53207],[29.66742,45.54306],[29.67771,45.55152],[29.68795,45.56076],[29.70222,45.572],[29.71652,45.58077],[29.74152,45.59563],[29.75091,45.60149],[29.75357,45.60244],[29.77063,45.61205],[29.78216,45.61701],[29.80722,45.63003],[29.82071,45.63678],[29.83736,45.64424],[29.84386,45.64758],[29.86068,45.65715],[29.88349,45.67166],[29.92179,45.69488],[29.94976,45.70933],[29.96651,45.7186],[29.9836,45.72904],[30.00159,45.73874],[30.0235,45.75241],[30.03346,45.7589],[30.05938,45.77669],[30.06949,45.78333],[30.09222,45.79674],[30.10782,45.80534],[30.12863,45.81636],[30.14086,45.82195],[30.16588,45.83405],[30.19397,45.84896],[30.21373,45.86054],[30.22179,45.86595],[30.24071,45.87968],[30.25625,45.89247],[30.28607,45.92023],[30.29168,45.9251],[30.30053,45.93393],[30.31329,45.94752],[30.32527,45.95913],[30.33797,45.97085],[30.35939,45.98919],[30.39048,46.0131],[30.40329,46.02337],[30.41988,46.03779],[30.42862,46.0447],[30.44552,46.05686],[30.45849,46.06565],[30.47004,46.07157],[30.47265,46.07442],[30.47062,46.07719],[30.47749,46.07852],[30.48207,46.08211],[30.48186,46.08358],[30.49033,46.09575],[30.49918,46.10426],[30.50285,46.10942],[30.50833,46.11895],[30.51141,46.12248],[30.52015,46.12916],[30.53521,46.13786],[30.55136,46.14939],[30.55821,46.15609],[30.56492,46.16558],[30.57176,46.17757],[30.57667,46.18786],[30.58598,46.20064],[30.60021,46.21503],[30.61319,46.22735],[30.6245,46.24074],[30.63273,46.25218],[30.63931,46.26216],[30.64867,46.27774],[30.65576,46.28606],[30.66198,46.28778],[30.6634,46.29337],[30.66309,46.29588],[30.66584,46.30043],[30.67115,46.30683],[30.67557,46.3088],[30.6808,46.31483],[30.67726,46.31643],[30.67921,46.31943],[30.67922,46.3223],[30.68429,46.32834],[30.69226,46.33589],[30.70119,46.34642],[30.70601,46.35012],[30.70966,46.35424],[30.71499,46.35872],[30.7231,46.36383],[30.74196,46.37407],[30.74396,46.3731],[30.74861,46.3752],[30.75215,46.37549],[30.74955,46.37984],[30.75032,46.38442],[30.75347,46.39471],[30.75416,46.39862],[30.7592,46.40605],[30.75987,46.41037],[30.76706,46.4196],[30.76865,46.42397],[30.76651,46.42683],[30.77141,46.43437],[30.77256,46.44118],[30.77131,46.44969],[30.76843,46.45286],[30.76853,46.45654],[30.76316,46.4624],[30.76284,46.46652],[30.76516,46.47208],[30.76572,46.47746],[30.76321,46.48018],[30.75933,46.49127],[30.75517,46.48896],[30.74238,46.49557],[30.73444,46.49826],[30.73132,46.50676],[30.73641,46.50944],[30.73834,46.5128],[30.73334,46.51526],[30.7378,46.52617],[30.73565,46.52716],[30.74053,46.53484],[30.74785,46.54093],[30.74753,46.54204],[30.75324,46.54605],[30.76315,46.55093],[30.76817,46.55275],[30.7796,46.55578],[30.79676,46.55826],[30.80735,46.55791],[30.81817,46.55335],[30.82069,46.54903],[30.8307,46.54933],[30.84804,46.55514],[30.85462,46.55552],[30.86684,46.55925],[30.87223,46.56272],[30.8923,46.56879],[30.89574,46.57144],[30.91511,46.57457],[30.93052,46.57934],[30.94786,46.58158],[30.96375,46.58484],[30.96703,46.58485],[30.99338,46.59095],[31.0009,46.59355],[31.00414,46.59371],[31.01167,46.59908],[31.02267,46.59977],[31.02538,46.6009],[31.05084,46.60487],[31.07202,46.60998],[31.07827,46.61049],[31.08332,46.61186],[31.09369,46.61325],[31.10273,46.61538],[31.10775,46.61586],[31.12763,46.61636],[31.13212,46.61699],[31.13721,46.62107],[31.1489,46.62463],[31.16434,46.6268],[31.17642,46.62746],[31.17688,46.63287],[31.17907,46.63502],[31.18285,46.63614],[31.1886,46.63957],[31.1879,46.64425],[31.18963,46.64824],[31.17743,46.64847],[31.17538,46.65077],[31.17969,46.65366],[31.19342,46.65672],[31.19872,46.66025],[31.18513,46.66286],[31.1829,46.67154],[31.17907,46.68062],[31.1786,46.69662],[31.17932,46.70377],[31.17894,46.70896],[31.1654,46.71436],[31.16018,46.71723],[31.15575,46.72711],[31.15264,46.7433],[31.1544,46.74657],[31.16484,46.75316],[31.17257,46.76029],[31.17741,46.76679],[31.17716,46.76912],[31.17091,46.77444],[31.1643,46.78291],[31.15892,46.78824],[31.15468,46.79108],[31.15191,46.79936],[31.15254,46.80788],[31.15717,46.82566],[31.15686,46.83464],[31.15229,46.8394],[31.1424,46.84412],[31.13235,46.84564],[31.12693,46.84558],[31.11402,46.84432],[31.11235,46.84479],[31.10968,46.85131],[31.10647,46.85716],[31.10606,46.86604],[31.1023,46.87302],[31.09213,46.88263],[31.08135,46.8887],[31.06648,46.89613],[31.05569,46.89841],[31.04903,46.89873],[31.04326,46.89815],[31.04121,46.89966],[31.04095,46.90948],[31.041,46.9172],[31.03836,46.92525],[31.03295,46.93174],[31.02609,46.9357],[31.01695,46.94454],[31.01417,46.94799],[31.01376,46.95116],[31.01582,46.95638],[31.0171,46.96273],[31.02023,46.96394],[31.0275,46.96455],[31.04016,46.96855],[31.0492,46.96961],[31.08991,46.97355],[31.08693,46.98239],[31.10941,46.98522],[31.13624,46.98915],[31.13993,46.97841],[31.15345,46.9798],[31.21036,46.9867],[31.24156,46.99125],[31.24083,46.99417],[31.23764,46.9995],[31.23219,47.01824],[31.22982,47.0216],[31.23609,47.02368],[31.26609,47.02789],[31.26799,47.02136],[31.29122,47.02453],[31.28923,47.03107],[31.298,47.03214],[31.29485,47.04592],[31.30505,47.04772],[31.30132,47.05927],[31.29368,47.08137],[31.30214,47.08251],[31.29318,47.09258],[31.29071,47.09967],[31.27289,47.15955],[31.26941,47.17147],[31.24908,47.16867],[31.24647,47.1776],[31.20078,47.17142],[31.19845,47.15467],[31.16191,47.15699],[31.13039,47.15264],[31.12892,47.1568],[31.10898,47.15432],[31.10561,47.1649],[31.11558,47.16604],[31.10893,47.18712],[31.11879,47.18861],[31.12284,47.17628],[31.15677,47.18098],[31.14566,47.21792],[31.14723,47.21788],[31.17803,47.22221],[31.17324,47.23836],[31.16782,47.25534],[31.17562,47.25648],[31.17064,47.26588],[31.11775,47.25852],[31.07831,47.25278],[31.08001,47.24775],[31.01887,47.23892],[31.01367,47.25241],[31.00739,47.27027],[30.99449,47.26844],[30.98992,47.26857],[30.99925,47.28982],[30.9735,47.28599],[30.90738,47.27673],[30.89946,47.30117],[30.89265,47.32083],[30.87275,47.31802],[30.86584,47.33362],[30.89032,47.3374],[30.8892,47.34111],[30.90915,47.34417],[30.90095,47.35968],[30.88601,47.35878],[30.88532,47.36568],[30.88258,47.36683],[30.88089,47.37683],[30.8739,47.40065],[30.89337,47.40331],[30.88717,47.42565],[30.85154,47.42049],[30.84823,47.44405],[30.8591,47.44368],[30.86572,47.44423],[30.85395,47.48193],[30.85952,47.48274],[30.85318,47.50274],[30.88289,47.50711],[30.87535,47.53325],[30.8795,47.53387],[30.87623,47.54435],[30.83403,47.53661],[30.82876,47.5494],[30.80491,47.54684],[30.80292,47.55422],[30.78967,47.54937],[30.78265,47.5473],[30.77301,47.54593],[30.77059,47.55336],[30.76327,47.55253],[30.75779,47.55538],[30.75581,47.55981],[30.75179,47.55916],[30.74496,47.57894],[30.76411,47.58159],[30.77873,47.58398],[30.77418,47.59709],[30.77937,47.59793],[30.77432,47.61388],[30.77455,47.6232],[30.78134,47.62422],[30.77913,47.63114],[30.78081,47.63445],[30.7924,47.63598],[30.78809,47.64898],[30.77676,47.64728]]],[[[30.20662,45.2574],[30.19987,45.25648],[30.20185,45.25244],[30.20622,45.25281],[30.20662,45.2574]]],[[[29.63761,45.47818],[29.6326,45.4797],[29.62984,45.47787],[29.63379,45.47575],[29.64721,45.47437],[29.63761,45.47818]]]]},"properties":{"oblast":"odesa_oblast","id":"odesa_oblast","name":"Одеська область"}},{"type":"Feature","geometry":{"type":"Polygon","coordinates":[[[33.93077,48.87981],[33.93414,48.87923],[33.94357,48.8795],[33.96185,48.87349],[33.97875,48.86668],[33.98532,48.86498],[34.0025,48.86531],[34.01741,48.86413],[34.02302,48.86328],[34.03036,48.85869],[34.03132,48.85282],[34.03084,48.84678],[34.03287,48.844],[34.03957,48.84033],[34.05054,48.83689],[34.05596,48.83449],[34.06923,48.82527],[34.07577,48.8226],[34.08272,48.82184],[34.09625,48.82404],[34.1028,48.8244],[34.11127,48.82384],[34.11811,48.8213],[34.1261,48.81473],[34.12735,48.81047],[34.12523,48.80727],[34.12084,48.80435],[34.11776,48.79985],[34.11689,48.7945],[34.11829,48.78724],[34.12032,48.78358],[34.12551,48.77906],[34.13017,48.77706],[34.14208,48.7734],[34.15121,48.77264],[34.15733,48.77314],[34.16655,48.77569],[34.17553,48.77598],[34.18472,48.77311],[34.19154,48.76911],[34.19844,48.76308],[34.20635,48.75954],[34.21109,48.75892],[34.21785,48.75935],[34.22946,48.75726],[34.24871,48.7453],[34.25278,48.7439],[34.2615,48.74288],[34.27344,48.74518],[34.28845,48.74337],[34.2957,48.7395],[34.29819,48.73572],[34.29452,48.7293],[34.29216,48.72365],[34.29781,48.72305],[34.29997,48.72521],[34.30618,48.72732],[34.30564,48.72971],[34.30159,48.73249],[34.30729,48.73894],[34.31046,48.73866],[34.30957,48.74607],[34.31416,48.74726],[34.31434,48.75122],[34.31638,48.75732],[34.31128,48.75887],[34.30874,48.76511],[34.31096,48.76637],[34.31869,48.76735],[34.32215,48.76903],[34.32351,48.77306],[34.3333,48.7776],[34.33714,48.78077],[34.34093,48.78197],[34.34249,48.78419],[34.33666,48.78616],[34.32329,48.79236],[34.31586,48.7863],[34.31304,48.78487],[34.29806,48.78459],[34.29709,48.82075],[34.32636,48.82128],[34.32906,48.82239],[34.33266,48.82091],[34.33621,48.82139],[34.34057,48.82431],[34.33377,48.82807],[34.33036,48.82744],[34.32778,48.82925],[34.32303,48.8289],[34.32514,48.84424],[34.3309,48.84442],[34.33768,48.84355],[34.33845,48.84058],[34.34631,48.84346],[34.34941,48.84609],[34.35061,48.85067],[34.35033,48.85627],[34.34135,48.8562],[34.33494,48.85683],[34.33738,48.87147],[34.30595,48.88479],[34.31164,48.88942],[34.30019,48.89577],[34.30512,48.91554],[34.31185,48.94066],[34.32852,48.95835],[34.33803,48.96738],[34.33857,48.96862],[34.3529,48.98386],[34.34357,48.98866],[34.34605,48.99271],[34.34071,48.99496],[34.3255,48.99881],[34.33177,49.0086],[34.34379,49.0162],[34.35317,49.01646],[34.35203,49.02136],[34.36369,49.02838],[34.36019,49.03341],[34.3953,49.04311],[34.39019,49.05045],[34.41568,49.05485],[34.41106,49.06512],[34.40969,49.06977],[34.4043,49.07486],[34.40758,49.07855],[34.40211,49.09386],[34.41101,49.09101],[34.45408,49.06964],[34.46422,49.06476],[34.46589,49.06533],[34.47493,49.0737],[34.49915,49.06171],[34.50998,49.07036],[34.5158,49.07191],[34.53774,49.05823],[34.54528,49.05571],[34.55562,49.05637],[34.55821,49.05552],[34.5645,49.05825],[34.57389,49.06331],[34.56947,49.06669],[34.57113,49.0678],[34.56405,49.07304],[34.5679,49.07873],[34.56659,49.08292],[34.57211,49.08425],[34.56963,49.08654],[34.56989,49.08886],[34.57402,49.09183],[34.57231,49.09517],[34.57631,49.09654],[34.57975,49.09514],[34.58705,49.09431],[34.59268,49.0926],[34.59399,49.09369],[34.59076,49.09861],[34.58756,49.10776],[34.58952,49.11183],[34.59328,49.11281],[34.60059,49.10923],[34.60231,49.11085],[34.60823,49.11221],[34.60677,49.11496],[34.6208,49.12058],[34.62432,49.12298],[34.6307,49.12488],[34.63633,49.1242],[34.63781,49.12633],[34.64317,49.13012],[34.64885,49.13137],[34.65023,49.12698],[34.65946,49.12268],[34.66315,49.11932],[34.68201,49.12187],[34.68078,49.12659],[34.68181,49.13057],[34.68745,49.13302],[34.69345,49.13393],[34.69588,49.13165],[34.70048,49.12986],[34.70598,49.12982],[34.71588,49.13367],[34.72148,49.13685],[34.72805,49.13603],[34.73571,49.14057],[34.73987,49.14456],[34.74315,49.14424],[34.74699,49.14105],[34.74998,49.14129],[34.75009,49.14436],[34.76286,49.14333],[34.76632,49.14499],[34.76377,49.14957],[34.76501,49.15122],[34.76511,49.1561],[34.76113,49.15791],[34.75732,49.16657],[34.75812,49.16819],[34.76417,49.16892],[34.7654,49.17093],[34.77032,49.1702],[34.77467,49.17273],[34.77713,49.17586],[34.78324,49.17678],[34.79179,49.17587],[34.79602,49.17828],[34.80318,49.17915],[34.80506,49.17665],[34.80254,49.17444],[34.80732,49.17343],[34.80527,49.16948],[34.80798,49.16642],[34.81304,49.16723],[34.81472,49.17124],[34.81757,49.17303],[34.82683,49.17492],[34.82532,49.17998],[34.82153,49.18127],[34.81865,49.18605],[34.8233,49.189],[34.82537,49.1876],[34.84906,49.19116],[34.85672,49.19067],[34.85704,49.18426],[34.86496,49.18129],[34.88625,49.17999],[34.88891,49.17805],[34.89462,49.17735],[34.89727,49.1786],[34.90194,49.17817],[34.90126,49.17484],[34.89682,49.16934],[34.89157,49.16739],[34.88165,49.16918],[34.87119,49.16813],[34.86594,49.16593],[34.86487,49.16143],[34.87818,49.15833],[34.88847,49.15518],[34.88864,49.15331],[34.89961,49.15042],[34.90763,49.15629],[34.91134,49.15414],[34.919,49.15576],[34.92144,49.1758],[34.92459,49.18208],[34.9293,49.18571],[34.9354,49.18137],[34.94055,49.1858],[34.94749,49.19345],[34.94829,49.19156],[34.95373,49.19295],[34.95833,49.19201],[34.95926,49.18938],[34.9561,49.18723],[34.96046,49.18583],[34.96489,49.18244],[34.97038,49.18265],[34.97697,49.18105],[34.97671,49.17781],[34.98726,49.16855],[34.98909,49.16978],[34.99412,49.16684],[34.99483,49.16513],[35.0012,49.16125],[35.00349,49.16207],[35.0076,49.16009],[35.00741,49.15616],[35.01507,49.15439],[35.01213,49.15068],[35.01772,49.1508],[35.00852,49.17542],[34.98025,49.25003],[34.99839,49.28648],[35.00053,49.28922],[35.00625,49.30208],[35.01194,49.30024],[35.01586,49.30485],[35.01436,49.30543],[35.02393,49.3172],[35.01906,49.31843],[35.02329,49.32416],[35.03657,49.3315],[35.05099,49.32644],[35.07906,49.3171],[35.07776,49.31214],[35.07892,49.30833],[35.08414,49.30417],[35.09092,49.30037],[35.09562,49.30211],[35.0994,49.3006],[35.12473,49.30281],[35.1712,49.29578],[35.21478,49.29582],[35.2167,49.29843],[35.24248,49.2967],[35.26296,49.28876],[35.2587,49.28216],[35.27183,49.27706],[35.27856,49.28433],[35.27846,49.28732],[35.28071,49.2886],[35.27955,49.29141],[35.28298,49.29206],[35.28908,49.2949],[35.27921,49.31816],[35.29189,49.32829],[35.30079,49.33496],[35.31213,49.34427],[35.33411,49.3611],[35.34553,49.37014],[35.3753,49.39709],[35.37586,49.39838],[35.34858,49.40464],[35.36142,49.44164],[35.36366,49.44735],[35.35492,49.44493],[35.34675,49.45059],[35.31574,49.4555],[35.32108,49.47066],[35.32231,49.4724],[35.33071,49.49564],[35.32815,49.49605],[35.33175,49.50422],[35.36081,49.49967],[35.38022,49.4969],[35.39238,49.49477],[35.43351,49.48841],[35.46069,49.48385],[35.46255,49.487],[35.48147,49.48402],[35.48724,49.4981],[35.49063,49.50753],[35.48603,49.51355],[35.48535,49.5162],[35.44956,49.52186],[35.44987,49.52288],[35.42755,49.52641],[35.4324,49.53966],[35.4245,49.54074],[35.42743,49.54931],[35.40848,49.55223],[35.40589,49.5532],[35.40425,49.55635],[35.40657,49.56083],[35.43121,49.5629],[35.47376,49.56581],[35.47491,49.56852],[35.48543,49.57133],[35.47744,49.5843],[35.46494,49.60218],[35.45784,49.6169],[35.45122,49.63163],[35.44348,49.64166],[35.42531,49.65633],[35.42359,49.66368],[35.43441,49.66584],[35.43342,49.67321],[35.42681,49.67312],[35.42544,49.67154],[35.40611,49.67062],[35.3906,49.66956],[35.39075,49.66724],[35.34432,49.66499],[35.33065,49.68226],[35.32444,49.6838],[35.30979,49.68457],[35.30383,49.68577],[35.29781,49.68541],[35.29093,49.68704],[35.27847,49.68552],[35.27166,49.68617],[35.26607,49.68586],[35.25816,49.68819],[35.24313,49.69341],[35.25627,49.70879],[35.25271,49.71203],[35.24566,49.70994],[35.24243,49.71287],[35.2482,49.71461],[35.25182,49.71233],[35.25488,49.71345],[35.26492,49.71446],[35.2594,49.73365],[35.23922,49.73622],[35.22401,49.73632],[35.20923,49.74669],[35.20962,49.75397],[35.20628,49.75641],[35.20682,49.76373],[35.21209,49.77139],[35.20609,49.78218],[35.21247,49.78929],[35.20667,49.79183],[35.20304,49.79442],[35.20402,49.79669],[35.20002,49.80054],[35.20457,49.80131],[35.20608,49.80386],[35.21082,49.80508],[35.21367,49.8031],[35.21961,49.80403],[35.22257,49.80671],[35.21731,49.81115],[35.21489,49.81819],[35.2155,49.82106],[35.21875,49.82606],[35.21978,49.82946],[35.21361,49.83331],[35.19696,49.83559],[35.19943,49.8401],[35.16981,49.84737],[35.16796,49.84804],[35.16373,49.85369],[35.1399,49.8597],[35.13316,49.85558],[35.11982,49.85163],[35.10753,49.85688],[35.09643,49.85878],[35.08497,49.86013],[35.07415,49.85801],[35.06906,49.85797],[35.0647,49.86019],[35.06395,49.8624],[35.05395,49.86756],[35.05007,49.86793],[35.04554,49.87342],[35.05584,49.87451],[35.0541,49.88051],[35.06348,49.88182],[35.0644,49.8861],[35.03358,49.88841],[35.02727,49.88511],[35.02322,49.88085],[35.01548,49.87666],[34.99073,49.88504],[34.97971,49.88949],[34.97067,49.8851],[34.96209,49.8884],[34.945,49.89835],[34.93756,49.90457],[34.91231,49.93524],[34.89299,49.93197],[34.8789,49.94358],[34.87302,49.946],[34.86987,49.94855],[34.86548,49.94835],[34.86004,49.94985],[34.86335,49.95279],[34.86826,49.95361],[34.87222,49.95683],[34.86789,49.95903],[34.86538,49.96269],[34.85618,49.9869],[34.86272,49.99066],[34.87275,49.999],[34.88115,50.00659],[34.8948,50.02333],[34.90225,50.03202],[34.91713,50.04227],[34.93416,50.05456],[34.93744,50.06158],[34.96349,50.07374],[34.96171,50.08127],[34.95663,50.08207],[34.95576,50.09343],[34.94973,50.09441],[34.94905,50.09628],[34.93695,50.09521],[34.93277,50.13393],[34.94078,50.15235],[34.93095,50.15387],[34.9014,50.15923],[34.86353,50.1619],[34.8535,50.16241],[34.84849,50.165],[34.8424,50.1592],[34.8313,50.1563],[34.82733,50.1589],[34.82203,50.1603],[34.80667,50.1605],[34.79797,50.15966],[34.8006,50.15479],[34.78144,50.15346],[34.76173,50.14642],[34.74733,50.14447],[34.73975,50.14487],[34.75065,50.15385],[34.74961,50.15779],[34.73455,50.16047],[34.72578,50.15807],[34.72221,50.15535],[34.72011,50.15093],[34.70696,50.15216],[34.7,50.14975],[34.69948,50.1465],[34.70145,50.13745],[34.70343,50.13569],[34.702,50.13249],[34.6966,50.1324],[34.69641,50.12451],[34.70025,50.12069],[34.6979,50.11975],[34.69728,50.11517],[34.69839,50.11129],[34.69131,50.10966],[34.6864,50.11057],[34.67729,50.11105],[34.6798,50.1154],[34.67623,50.11786],[34.67507,50.12071],[34.67569,50.13053],[34.6703,50.1266],[34.66742,50.12133],[34.66674,50.11718],[34.66341,50.11603],[34.66161,50.11106],[34.65517,50.11181],[34.65346,50.11518],[34.65006,50.11249],[34.64355,50.11434],[34.63933,50.11461],[34.63426,50.11199],[34.62938,50.11307],[34.62273,50.11784],[34.61699,50.11777],[34.60055,50.12254],[34.594,50.127],[34.57943,50.12853],[34.58029,50.12562],[34.573,50.12068],[34.56909,50.12464],[34.56339,50.12612],[34.55009,50.13246],[34.54638,50.13256],[34.54664,50.14059],[34.53911,50.14142],[34.53735,50.15451],[34.52644,50.15437],[34.53422,50.17133],[34.52545,50.17213],[34.523,50.17702],[34.55366,50.20634],[34.55989,50.20592],[34.56257,50.20974],[34.56936,50.22467],[34.57113,50.22663],[34.56271,50.23638],[34.55894,50.23387],[34.56294,50.23028],[34.55962,50.22912],[34.55516,50.23351],[34.55403,50.24097],[34.55159,50.24283],[34.55063,50.24617],[34.54397,50.245],[34.54342,50.24712],[34.53387,50.24824],[34.53272,50.25049],[34.5279,50.24877],[34.5298,50.24661],[34.53493,50.24391],[34.53058,50.24123],[34.51932,50.24481],[34.51456,50.24828],[34.51254,50.25289],[34.5135,50.25478],[34.51949,50.25637],[34.51923,50.25912],[34.52238,50.26126],[34.51383,50.26987],[34.51534,50.27341],[34.51205,50.27449],[34.51997,50.28075],[34.50738,50.28481],[34.46524,50.28856],[34.45853,50.28553],[34.44125,50.295],[34.39957,50.31848],[34.40893,50.33159],[34.41083,50.33513],[34.41,50.33745],[34.3914,50.34464],[34.38432,50.35019],[34.38336,50.35719],[34.37706,50.35876],[34.39083,50.36698],[34.37417,50.37187],[34.37389,50.37438],[34.36636,50.37659],[34.3608,50.37908],[34.34247,50.39058],[34.33789,50.39132],[34.31151,50.40205],[34.29152,50.41095],[34.28678,50.41346],[34.28076,50.41965],[34.27131,50.4325],[34.2638,50.43255],[34.25832,50.43564],[34.25227,50.44254],[34.24976,50.45622],[34.24976,50.46047],[34.25479,50.49012],[34.249,50.51789],[34.24562,50.52298],[34.23034,50.52678],[34.22858,50.52601],[34.21929,50.53336],[34.20857,50.52622],[34.20415,50.52403],[34.19452,50.52334],[34.18835,50.52493],[34.17475,50.52528],[34.15866,50.52244],[34.1562,50.51953],[34.15365,50.52016],[34.14137,50.51367],[34.11985,50.51009],[34.11731,50.49351],[34.11219,50.48687],[34.11009,50.48208],[34.10585,50.48076],[34.10378,50.48192],[34.09818,50.48092],[34.08566,50.48814],[34.0852,50.49077],[34.09142,50.49093],[34.10546,50.50369],[34.09133,50.50905],[34.08723,50.51137],[34.07134,50.5148],[34.06181,50.51628],[34.05574,50.51371],[34.05627,50.51046],[34.05897,50.50758],[34.05625,50.50541],[34.04979,50.50906],[34.04102,50.50499],[34.03431,50.50471],[34.03102,50.50552],[34.03077,50.51124],[34.02059,50.51125],[34.01653,50.51476],[34.00684,50.51961],[34.00836,50.52106],[33.95462,50.54748],[33.92846,50.52498],[33.91769,50.51607],[33.91299,50.51449],[33.90572,50.51806],[33.90331,50.5215],[33.89696,50.5244],[33.89636,50.52749],[33.8924,50.53372],[33.87883,50.53099],[33.87795,50.5335],[33.85753,50.5277],[33.8389,50.52323],[33.84152,50.51946],[33.83664,50.51887],[33.81979,50.51527],[33.8177,50.51774],[33.81169,50.51547],[33.81538,50.50809],[33.82463,50.50838],[33.84576,50.50401],[33.85099,50.49925],[33.84485,50.49081],[33.839,50.49291],[33.82531,50.48838],[33.83004,50.48225],[33.80489,50.47793],[33.7875,50.47766],[33.78777,50.47041],[33.78968,50.46697],[33.78607,50.46406],[33.7862,50.4609],[33.73923,50.45885],[33.73501,50.45849],[33.71899,50.46615],[33.71729,50.46773],[33.68238,50.47264],[33.62697,50.48068],[33.61385,50.48331],[33.61335,50.4872],[33.59281,50.49068],[33.58774,50.4922],[33.58139,50.49065],[33.57129,50.49472],[33.56314,50.49204],[33.56329,50.49002],[33.53855,50.48952],[33.53892,50.48524],[33.53255,50.48218],[33.52423,50.48035],[33.51677,50.4824],[33.51273,50.48679],[33.51067,50.4873],[33.50168,50.49696],[33.4946,50.49179],[33.49315,50.48749],[33.48903,50.48277],[33.48648,50.48157],[33.47852,50.48249],[33.47914,50.48854],[33.47662,50.49048],[33.46368,50.49264],[33.43484,50.48497],[33.43286,50.48383],[33.43772,50.47722],[33.43391,50.4756],[33.41917,50.4828],[33.42012,50.49139],[33.41391,50.49163],[33.41228,50.49962],[33.40568,50.4998],[33.38531,50.49765],[33.37499,50.49753],[33.37388,50.52116],[33.31886,50.52052],[33.31767,50.533],[33.3004,50.53514],[33.29155,50.54518],[33.28375,50.54552],[33.28514,50.55018],[33.27634,50.55343],[33.26821,50.5536],[33.26472,50.54921],[33.25981,50.54734],[33.2573,50.54415],[33.24413,50.53948],[33.2428,50.53726],[33.24432,50.53168],[33.24115,50.52523],[33.23945,50.51868],[33.23449,50.51507],[33.23871,50.5098],[33.22733,50.50944],[33.22076,50.50385],[33.21407,50.50693],[33.20596,50.50824],[33.19326,50.50779],[33.18529,50.51269],[33.17883,50.52056],[33.17193,50.52278],[33.16708,50.52119],[33.15583,50.52111],[33.15246,50.52198],[33.14612,50.51134],[33.13447,50.51],[33.12989,50.51214],[33.12509,50.50876],[33.11774,50.50507],[33.10112,50.51729],[33.07268,50.51884],[33.06983,50.51758],[33.06528,50.51983],[33.06067,50.51847],[33.04561,50.50436],[33.04252,50.50222],[33.03272,50.50181],[33.02734,50.50317],[33.02301,50.50157],[33.02221,50.49535],[33.02523,50.4932],[33.01307,50.48036],[33.01618,50.47086],[33.00257,50.47408],[32.99003,50.47753],[32.98749,50.474],[32.97813,50.47474],[32.97278,50.4758],[32.97048,50.47414],[32.97456,50.46871],[32.97343,50.46805],[32.97827,50.46236],[32.97633,50.45965],[32.96969,50.45924],[32.96638,50.45377],[32.96976,50.45131],[32.96996,50.44931],[32.96537,50.44507],[32.95911,50.44262],[32.94899,50.44629],[32.93201,50.43673],[32.93532,50.43545],[32.9378,50.43066],[32.9405,50.42921],[32.937,50.42986],[32.93147,50.42884],[32.92979,50.43015],[32.91999,50.42927],[32.92101,50.42467],[32.91206,50.42362],[32.91467,50.4108],[32.91724,50.40872],[32.91208,50.40539],[32.89956,50.40634],[32.83657,50.37429],[32.81055,50.3747],[32.79468,50.37093],[32.78984,50.37089],[32.79171,50.3646],[32.78638,50.36168],[32.80126,50.35613],[32.79697,50.35234],[32.7932,50.34605],[32.76983,50.35303],[32.76618,50.3503],[32.76097,50.34861],[32.75573,50.35243],[32.75327,50.3583],[32.74674,50.35812],[32.74278,50.35337],[32.73868,50.35455],[32.73581,50.35692],[32.73099,50.35585],[32.67075,50.35803],[32.67165,50.36896],[32.63238,50.36621],[32.63427,50.35668],[32.58867,50.35576],[32.58468,50.35524],[32.5786,50.35848],[32.57038,50.35942],[32.56195,50.35859],[32.55762,50.35538],[32.55126,50.35333],[32.54368,50.35412],[32.5354,50.34796],[32.52878,50.34588],[32.52507,50.34567],[32.52106,50.34763],[32.50812,50.36033],[32.49377,50.3646],[32.49512,50.36618],[32.48704,50.36809],[32.48525,50.3739],[32.48753,50.37571],[32.49252,50.37698],[32.49173,50.39263],[32.49363,50.39417],[32.49002,50.39753],[32.48457,50.40066],[32.47581,50.3976],[32.46846,50.39728],[32.4462,50.39887],[32.40143,50.41264],[32.39718,50.40691],[32.3672,50.41599],[32.36408,50.42645],[32.33705,50.42796],[32.32861,50.42668],[32.32002,50.42222],[32.31619,50.41804],[32.31642,50.41659],[32.32566,50.40351],[32.30775,50.4021],[32.30185,50.39737],[32.2984,50.39798],[32.29469,50.39532],[32.29018,50.37948],[32.27817,50.3803],[32.27846,50.37383],[32.2516,50.37382],[32.2553,50.36831],[32.25994,50.36684],[32.25952,50.36362],[32.26399,50.3625],[32.26358,50.36064],[32.25614,50.35733],[32.25511,50.35207],[32.26428,50.35461],[32.26887,50.35195],[32.2545,50.34685],[32.25332,50.34793],[32.23798,50.3501],[32.23965,50.35282],[32.2362,50.35405],[32.23113,50.35059],[32.22668,50.35098],[32.21804,50.35764],[32.21438,50.3578],[32.16687,50.35247],[32.14816,50.34965],[32.14331,50.34825],[32.15234,50.33745],[32.14226,50.32123],[32.129,50.31572],[32.14022,50.30466],[32.09881,50.28717],[32.09364,50.28724],[32.08414,50.2832],[32.08931,50.27958],[32.09366,50.27786],[32.0996,50.27811],[32.10102,50.27658],[32.09489,50.26141],[32.08945,50.24698],[32.10048,50.24174],[32.09684,50.23851],[32.1182,50.22842],[32.12556,50.22478],[32.1117,50.21259],[32.15482,50.18856],[32.16276,50.18742],[32.1636,50.18024],[32.17283,50.17088],[32.17682,50.165],[32.21789,50.15738],[32.24067,50.15339],[32.29859,50.14274],[32.30394,50.11989],[32.2855,50.12069],[32.25042,50.1147],[32.2509,50.11144],[32.25488,50.10882],[32.2578,50.10521],[32.26397,50.1037],[32.26658,50.10153],[32.27369,50.0989],[32.27434,50.09601],[32.26543,50.08809],[32.26153,50.08236],[32.27718,50.06466],[32.28648,50.05782],[32.31304,50.03904],[32.32172,50.03972],[32.32357,50.04623],[32.32664,50.05258],[32.33376,50.05829],[32.34297,50.05247],[32.34769,50.04793],[32.351,50.04734],[32.34732,50.04239],[32.34517,50.0358],[32.36448,50.03355],[32.36849,50.00208],[32.37718,50.0006],[32.37887,49.98098],[32.40496,49.97061],[32.42848,49.96024],[32.41807,49.93446],[32.42542,49.93347],[32.43008,49.93125],[32.4284,49.92728],[32.41953,49.92811],[32.41878,49.91816],[32.41405,49.90345],[32.42314,49.8953],[32.43457,49.88821],[32.4029,49.87523],[32.3928,49.88476],[32.37386,49.87441],[32.39346,49.86049],[32.39369,49.85984],[32.41006,49.84791],[32.41494,49.83986],[32.42246,49.83481],[32.42139,49.83364],[32.43724,49.82156],[32.44932,49.79621],[32.50409,49.80441],[32.50401,49.80228],[32.51428,49.77439],[32.54379,49.77356],[32.55573,49.77354],[32.57245,49.75319],[32.57139,49.75038],[32.56796,49.74817],[32.57404,49.70254],[32.66384,49.68044],[32.66021,49.67694],[32.66331,49.67622],[32.67044,49.67647],[32.67557,49.67484],[32.67748,49.67213],[32.67243,49.67104],[32.68075,49.66843],[32.6813,49.66514],[32.68492,49.66214],[32.69271,49.65772],[32.69683,49.65941],[32.70078,49.6588],[32.70069,49.65608],[32.70906,49.6541],[32.70355,49.64867],[32.70245,49.64371],[32.7042,49.64288],[32.70653,49.63867],[32.70384,49.63572],[32.71377,49.63165],[32.71182,49.62825],[32.71443,49.62171],[32.71217,49.61887],[32.7071,49.6157],[32.71456,49.6147],[32.7094,49.60811],[32.70324,49.60502],[32.69678,49.60362],[32.69698,49.60233],[32.70377,49.59986],[32.71165,49.59417],[32.72154,49.59581],[32.73691,49.58643],[32.74322,49.58052],[32.7478,49.57457],[32.7537,49.57634],[32.75678,49.57471],[32.75182,49.57302],[32.74932,49.56906],[32.75353,49.56542],[32.75063,49.56353],[32.74953,49.56055],[32.75091,49.55592],[32.75021,49.5484],[32.74824,49.54463],[32.75036,49.54194],[32.75017,49.52383],[32.74749,49.52399],[32.74452,49.5209],[32.73822,49.51697],[32.7347,49.51613],[32.70998,49.49902],[32.70376,49.49836],[32.69363,49.49993],[32.67972,49.5006],[32.67064,49.48997],[32.66967,49.48665],[32.66979,49.47374],[32.66683,49.47106],[32.6674,49.46868],[32.66577,49.45958],[32.66984,49.4547],[32.67286,49.44899],[32.67036,49.4458],[32.65471,49.4414],[32.65123,49.43816],[32.65231,49.43359],[32.65649,49.43261],[32.6586,49.42897],[32.66813,49.42612],[32.67856,49.42573],[32.68058,49.42244],[32.68127,49.41656],[32.68058,49.40883],[32.67742,49.40063],[32.68439,49.39259],[32.68992,49.38519],[32.69609,49.38255],[32.70536,49.38331],[32.70843,49.38459],[32.71317,49.38418],[32.72104,49.37827],[32.73081,49.37333],[32.73714,49.37184],[32.73586,49.36989],[32.73529,49.36311],[32.73708,49.35983],[32.7382,49.35375],[32.73566,49.35255],[32.72841,49.35234],[32.72222,49.3534],[32.71013,49.35429],[32.69427,49.35372],[32.68795,49.35208],[32.67818,49.35235],[32.67242,49.35334],[32.66711,49.35605],[32.6509,49.35679],[32.64396,49.35925],[32.63565,49.36368],[32.62646,49.36685],[32.61318,49.37078],[32.60537,49.37473],[32.59356,49.37801],[32.58414,49.37819],[32.57373,49.37903],[32.56962,49.38096],[32.56245,49.38251],[32.55241,49.38065],[32.54481,49.38182],[32.54039,49.3834],[32.53191,49.38866],[32.52814,49.39019],[32.52608,49.3932],[32.52543,49.3973],[32.52305,49.40178],[32.52033,49.40388],[32.50987,49.40784],[32.50731,49.40618],[32.50374,49.39829],[32.49888,49.3969],[32.49655,49.39392],[32.49485,49.38643],[32.49033,49.38022],[32.48878,49.37549],[32.47962,49.36743],[32.47804,49.36531],[32.47834,49.35869],[32.47503,49.35473],[32.46459,49.35042],[32.46106,49.34739],[32.46067,49.34337],[32.46519,49.34046],[32.47276,49.34039],[32.47725,49.3414],[32.47756,49.33833],[32.47295,49.33572],[32.46648,49.3281],[32.47518,49.32297],[32.49851,49.31049],[32.50485,49.30761],[32.51253,49.30551],[32.52562,49.30368],[32.52921,49.30247],[32.54547,49.29515],[32.56814,49.28275],[32.58787,49.27873],[32.59566,49.27624],[32.59983,49.2706],[32.60402,49.25845],[32.6075,49.25428],[32.611,49.25354],[32.62149,49.25896],[32.62887,49.26064],[32.63529,49.25979],[32.63912,49.25769],[32.64427,49.25294],[32.65223,49.24852],[32.65882,49.24787],[32.67152,49.2512],[32.67571,49.2546],[32.67942,49.25585],[32.68786,49.25516],[32.70613,49.25738],[32.71391,49.25758],[32.72168,49.25386],[32.73175,49.25372],[32.73532,49.25306],[32.74609,49.24492],[32.75376,49.24354],[32.75744,49.24169],[32.75705,49.23651],[32.7613,49.2332],[32.7657,49.23345],[32.77564,49.23746],[32.78973,49.23791],[32.79954,49.23984],[32.80302,49.24151],[32.81013,49.24762],[32.81532,49.24915],[32.81972,49.24906],[32.82666,49.24732],[32.83559,49.24701],[32.84302,49.24938],[32.84888,49.24894],[32.8561,49.24619],[32.88931,49.2357],[32.91978,49.23444],[32.92924,49.2334],[32.94077,49.23541],[32.95696,49.24218],[32.96771,49.24481],[32.97266,49.24494],[32.97779,49.24335],[32.9842,49.23974],[32.98697,49.23617],[32.98843,49.23172],[32.98808,49.22573],[32.98262,49.21682],[32.98273,49.21281],[32.98486,49.20907],[32.98927,49.20567],[32.99468,49.20307],[33.00204,49.20173],[33.01773,49.19634],[33.02725,49.18616],[33.03117,49.18416],[33.04364,49.18473],[33.05785,49.18447],[33.07001,49.18596],[33.07976,49.18585],[33.08985,49.18341],[33.10335,49.18301],[33.10771,49.18164],[33.1176,49.17363],[33.11936,49.16699],[33.1212,49.16399],[33.12976,49.15929],[33.13558,49.15348],[33.1464,49.14097],[33.15418,49.13463],[33.15815,49.12941],[33.1572,49.12744],[33.15095,49.12299],[33.15091,49.12159],[33.15579,49.1158],[33.15776,49.10906],[33.1553,49.10097],[33.15613,49.09842],[33.15928,49.09604],[33.16647,49.09505],[33.18473,49.09745],[33.18747,49.09609],[33.19766,49.08846],[33.19755,49.08727],[33.19043,49.08262],[33.19538,49.07975],[33.19982,49.07382],[33.20503,49.07298],[33.21312,49.07615],[33.22258,49.07735],[33.2244,49.07906],[33.22424,49.08363],[33.22653,49.08503],[33.23464,49.08263],[33.24281,49.07878],[33.24491,49.07921],[33.24846,49.08525],[33.2478,49.0905],[33.24802,49.14577],[33.24738,49.14794],[33.23944,49.16458],[33.24028,49.16671],[33.26013,49.15391],[33.26192,49.1523],[33.26629,49.14441],[33.26719,49.13344],[33.2728,49.13462],[33.28523,49.12399],[33.29088,49.12148],[33.30422,49.11839],[33.29923,49.11234],[33.29733,49.10877],[33.2885,49.09706],[33.28168,49.0964],[33.27601,49.09796],[33.26637,49.09448],[33.26219,49.09187],[33.2703,49.0914],[33.27191,49.08833],[33.27892,49.08704],[33.27776,49.08332],[33.29233,49.08391],[33.29624,49.08338],[33.30789,49.07819],[33.3,49.06898],[33.2983,49.06623],[33.30104,49.06467],[33.31376,49.05413],[33.31789,49.04231],[33.32162,49.04324],[33.32737,49.0346],[33.33474,49.02699],[33.32936,49.02552],[33.32263,49.02116],[33.31178,49.0175],[33.30911,49.01445],[33.30537,49.01248],[33.29953,49.01094],[33.29778,49.00469],[33.31231,48.98353],[33.31208,48.9808],[33.32516,48.96132],[33.31393,48.95822],[33.31985,48.94848],[33.33108,48.95188],[33.33302,48.94914],[33.34878,48.95439],[33.35265,48.95423],[33.35283,48.94836],[33.40158,48.92686],[33.3987,48.95216],[33.40392,48.95645],[33.4017,48.95924],[33.40711,48.96145],[33.41107,48.95811],[33.41408,48.9575],[33.42026,48.95837],[33.42475,48.95533],[33.42559,48.95165],[33.43059,48.95243],[33.43158,48.95663],[33.47594,48.95195],[33.47267,48.9378],[33.47836,48.93442],[33.47371,48.91373],[33.47866,48.91571],[33.48405,48.91437],[33.48643,48.91791],[33.49058,48.92143],[33.4982,48.92277],[33.49726,48.92658],[33.53694,48.93139],[33.54048,48.91922],[33.54613,48.9193],[33.54767,48.91263],[33.55672,48.91295],[33.57513,48.91115],[33.57425,48.91542],[33.56885,48.9148],[33.56756,48.91886],[33.58039,48.92042],[33.58183,48.91607],[33.58921,48.91689],[33.6095,48.93851],[33.6007,48.94223],[33.60747,48.94972],[33.61306,48.94769],[33.62132,48.95661],[33.63527,48.96205],[33.63762,48.97016],[33.63794,48.97399],[33.64796,48.97696],[33.66567,48.97831],[33.66825,48.9724],[33.67572,48.96227],[33.68282,48.95549],[33.6906,48.95278],[33.69299,48.94806],[33.70145,48.94426],[33.71237,48.94005],[33.71844,48.93984],[33.72773,48.94105],[33.73713,48.94115],[33.75751,48.94532],[33.76037,48.9452],[33.7707,48.94213],[33.78537,48.93957],[33.79418,48.93909],[33.80061,48.93977],[33.81068,48.93873],[33.82191,48.93616],[33.83177,48.93271],[33.83839,48.9296],[33.85321,48.91889],[33.86279,48.91324],[33.87055,48.90952],[33.88801,48.90503],[33.89376,48.90201],[33.90346,48.89481],[33.91758,48.88528],[33.92643,48.88108],[33.93077,48.87981]]]},"properties":{"oblast":"poltava_oblast","id":"poltava_oblast","name":"Полтавська область"}},{"type":"Feature","geometry":{"type":"Polygon","coordinates":[[[25.94878,51.23216],[25.99572,51.22782],[26.03642,51.20019],[26.05711,51.18584],[26.05881,51.1842],[26.06773,51.17688],[26.0619,51.17482],[26.05807,51.17238],[26.06101,51.16607],[26.07011,51.15796],[26.07084,51.15557],[26.06719,51.14795],[26.06499,51.14728],[26.05869,51.14261],[26.04704,51.1421],[26.0432,51.13948],[26.03047,51.13675],[26.02418,51.13352],[26.01178,51.13085],[26.0087,51.1357],[26.0084,51.14021],[25.99325,51.13926],[25.99473,51.1234],[25.98925,51.1226],[25.9799,51.12279],[25.97207,51.12539],[25.95945,51.12572],[25.94488,51.11982],[25.94161,51.11937],[25.93806,51.11433],[25.93819,51.11251],[25.9494,51.10482],[25.94959,51.09704],[25.94447,51.09415],[25.94633,51.08665],[25.94492,51.08389],[25.9771,51.07788],[25.98222,51.07755],[25.98888,51.07875],[25.99913,51.07828],[26.01694,51.08329],[26.09117,51.05061],[26.0998,51.0264],[26.10393,51.01376],[26.10731,51.00507],[26.08804,51.00401],[26.08559,51.00263],[26.07905,50.98983],[26.08063,50.98637],[26.0847,50.9732],[26.07695,50.97109],[26.06964,50.97201],[26.0632,50.97065],[26.05794,50.97237],[26.04395,50.97121],[26.02705,50.9663],[26.02119,50.964],[26.0102,50.96461],[26.0075,50.96349],[26.00106,50.96455],[25.99387,50.96305],[25.9896,50.96045],[25.9841,50.96132],[25.96702,50.95696],[25.99833,50.9372],[26.0007,50.93539],[25.99168,50.86584],[25.99946,50.86202],[26.00563,50.86516],[26.01233,50.86628],[26.03671,50.85112],[26.03689,50.8458],[26.03844,50.84082],[26.02983,50.84039],[26.02499,50.82851],[26.02451,50.82414],[26.02196,50.82084],[26.01844,50.82273],[26.01297,50.82373],[26.00039,50.82246],[25.99476,50.82357],[25.98273,50.82277],[25.97747,50.82107],[25.97309,50.82486],[25.9693,50.82646],[25.96158,50.82551],[25.95934,50.82416],[25.95512,50.82674],[25.95274,50.82962],[25.94836,50.82731],[25.94325,50.82738],[25.94316,50.82927],[25.93322,50.83076],[25.92923,50.83003],[25.92262,50.83235],[25.91974,50.82979],[25.91607,50.82919],[25.91027,50.83251],[25.90623,50.83032],[25.90138,50.82961],[25.90179,50.82306],[25.90046,50.81343],[25.89217,50.80311],[25.89014,50.79841],[25.89021,50.79099],[25.88747,50.78635],[25.88758,50.76798],[25.88715,50.76497],[25.88091,50.75598],[25.87704,50.75332],[25.87279,50.7428],[25.87183,50.73825],[25.87778,50.71833],[25.87766,50.71115],[25.8787,50.70853],[25.87051,50.69649],[25.87055,50.69084],[25.86918,50.68728],[25.85373,50.67656],[25.8505,50.67164],[25.85064,50.66888],[25.82374,50.64701],[25.82638,50.64123],[25.83912,50.63372],[25.84264,50.63009],[25.82934,50.61981],[25.82608,50.62051],[25.81784,50.62827],[25.81863,50.63295],[25.81575,50.63711],[25.79255,50.6667],[25.79521,50.66952],[25.78628,50.66981],[25.77288,50.67626],[25.76622,50.6753],[25.761,50.67339],[25.74664,50.67152],[25.74235,50.66969],[25.7298,50.67103],[25.70876,50.67155],[25.70733,50.67612],[25.70805,50.67914],[25.71465,50.68031],[25.7221,50.68351],[25.71701,50.68613],[25.70579,50.69424],[25.7043,50.69872],[25.69721,50.70134],[25.69536,50.704],[25.6985,50.70595],[25.69396,50.72474],[25.67003,50.7204],[25.64901,50.71686],[25.62776,50.71425],[25.62093,50.71566],[25.61071,50.71648],[25.60688,50.7174],[25.59918,50.71574],[25.59741,50.71435],[25.59956,50.70831],[25.5996,50.70187],[25.60167,50.69624],[25.59825,50.69613],[25.59184,50.7002],[25.58058,50.70022],[25.57805,50.69965],[25.57076,50.69457],[25.56349,50.69227],[25.56231,50.69463],[25.53005,50.68509],[25.51269,50.68439],[25.50287,50.68083],[25.50355,50.67969],[25.47527,50.67252],[25.47303,50.67723],[25.46956,50.68005],[25.45895,50.67482],[25.46379,50.66926],[25.45702,50.66252],[25.45389,50.66334],[25.44623,50.66342],[25.43832,50.66534],[25.43476,50.66474],[25.42984,50.66682],[25.41572,50.66725],[25.40996,50.66887],[25.40466,50.66899],[25.39651,50.67431],[25.39517,50.67701],[25.38569,50.68783],[25.37957,50.68538],[25.37589,50.68267],[25.37969,50.6815],[25.38476,50.67829],[25.38766,50.67453],[25.38847,50.66581],[25.38542,50.66308],[25.38687,50.65781],[25.38467,50.65485],[25.3805,50.65373],[25.3792,50.65133],[25.37185,50.65144],[25.3715,50.65431],[25.36167,50.65163],[25.35807,50.64901],[25.35253,50.64927],[25.35352,50.64357],[25.35206,50.64034],[25.36137,50.63953],[25.37099,50.63417],[25.37409,50.63461],[25.37959,50.63296],[25.38247,50.62911],[25.38255,50.62441],[25.38434,50.62252],[25.38288,50.61963],[25.38861,50.61768],[25.39796,50.61624],[25.40571,50.61197],[25.39835,50.60741],[25.38334,50.60909],[25.38314,50.61149],[25.37103,50.61149],[25.37097,50.60962],[25.36393,50.60947],[25.34959,50.61021],[25.34889,50.61428],[25.34048,50.61388],[25.33586,50.61259],[25.32786,50.61213],[25.32174,50.62037],[25.31372,50.62652],[25.31207,50.62899],[25.3073,50.63021],[25.29195,50.63052],[25.29242,50.61212],[25.30053,50.61041],[25.29968,50.60502],[25.30475,50.60304],[25.30484,50.59735],[25.30346,50.59055],[25.30017,50.57965],[25.31877,50.58361],[25.32142,50.56873],[25.31533,50.55676],[25.311,50.55776],[25.31166,50.54813],[25.31078,50.54629],[25.30552,50.54456],[25.30133,50.54133],[25.3002,50.53804],[25.2959,50.53899],[25.2769,50.53615],[25.27067,50.53295],[25.25581,50.53274],[25.24339,50.53375],[25.24651,50.53747],[25.22999,50.54111],[25.19724,50.54202],[25.19046,50.54337],[25.18866,50.54566],[25.19157,50.55141],[25.16858,50.54982],[25.15333,50.54746],[25.13847,50.54828],[25.13661,50.54795],[25.12368,50.55349],[25.12242,50.54321],[25.12016,50.5393],[25.11732,50.53748],[25.1221,50.53299],[25.12176,50.52964],[25.12618,50.5265],[25.14539,50.52039],[25.15153,50.51556],[25.15271,50.51103],[25.1579,50.50828],[25.15987,50.50297],[25.16301,50.50063],[25.1611,50.49847],[25.15882,50.4906],[25.15822,50.48351],[25.15351,50.47537],[25.14949,50.46682],[25.14509,50.46944],[25.13906,50.47155],[25.13649,50.46801],[25.12183,50.47006],[25.11314,50.47193],[25.10332,50.47066],[25.09677,50.47259],[25.09033,50.47545],[25.08409,50.47542],[25.09402,50.46939],[25.09908,50.46798],[25.11306,50.46535],[25.12163,50.46202],[25.12882,50.46026],[25.13499,50.46006],[25.13831,50.46112],[25.13906,50.45678],[25.13799,50.45296],[25.14927,50.45228],[25.15138,50.44587],[25.14493,50.4394],[25.1378,50.43766],[25.13611,50.43337],[25.13951,50.43154],[25.13993,50.42752],[25.15191,50.42765],[25.15796,50.4291],[25.15806,50.42274],[25.16392,50.4181],[25.1667,50.41888],[25.17053,50.40786],[25.17046,50.40403],[25.17268,50.40105],[25.16965,50.40038],[25.16847,50.39764],[25.16982,50.39552],[25.17728,50.39291],[25.18075,50.39614],[25.19271,50.39493],[25.20027,50.39229],[25.20288,50.39041],[25.20199,50.38716],[25.20536,50.38603],[25.20471,50.38206],[25.20764,50.37999],[25.20927,50.3756],[25.20437,50.37084],[25.20431,50.36701],[25.19545,50.36455],[25.18938,50.36409],[25.18647,50.36493],[25.18321,50.362],[25.17881,50.36309],[25.18034,50.36561],[25.17734,50.36865],[25.17282,50.3706],[25.17398,50.37303],[25.17218,50.37687],[25.1693,50.37954],[25.16434,50.37987],[25.16349,50.37676],[25.16068,50.37382],[25.15155,50.37018],[25.14819,50.37136],[25.14174,50.36915],[25.14698,50.36527],[25.14383,50.36175],[25.147,50.35901],[25.15183,50.35195],[25.1459,50.34425],[25.15419,50.34113],[25.16632,50.33111],[25.14584,50.32369],[25.1295,50.31841],[25.13182,50.31294],[25.13026,50.31064],[25.10905,50.31221],[25.11045,50.30519],[25.10672,50.30547],[25.10666,50.29998],[25.10058,50.30039],[25.10132,50.29506],[25.11143,50.29428],[25.11261,50.28724],[25.11288,50.28493],[25.11714,50.2832],[25.12808,50.28212],[25.14292,50.28667],[25.15852,50.29011],[25.16307,50.2904],[25.17462,50.2893],[25.20461,50.27952],[25.20402,50.27523],[25.20328,50.25569],[25.20591,50.24735],[25.19,50.24872],[25.18944,50.24597],[25.18303,50.23637],[25.18066,50.23644],[25.17709,50.23219],[25.18022,50.22648],[25.18273,50.22421],[25.16947,50.223],[25.16716,50.2172],[25.16547,50.20922],[25.16958,50.20265],[25.18017,50.19704],[25.18908,50.1936],[25.20384,50.18723],[25.2149,50.17988],[25.2125,50.17641],[25.21071,50.17121],[25.20399,50.17004],[25.20103,50.16665],[25.20144,50.16422],[25.20614,50.15987],[25.20644,50.15398],[25.19745,50.13215],[25.1975,50.13085],[25.20674,50.11968],[25.21118,50.11499],[25.23256,50.09664],[25.24821,50.08183],[25.2666,50.06536],[25.26865,50.06251],[25.28702,50.04739],[25.30091,50.03414],[25.30603,50.03058],[25.31121,50.02385],[25.31723,50.02011],[25.32347,50.0173],[25.33709,50.01024],[25.34909,50.00295],[25.35287,50.01734],[25.36048,50.01705],[25.36439,50.04603],[25.37822,50.04766],[25.38464,50.04895],[25.3888,50.04688],[25.39267,50.04894],[25.40847,50.04919],[25.42363,50.05098],[25.43195,50.05376],[25.43882,50.07224],[25.45097,50.07467],[25.45126,50.08107],[25.45718,50.08206],[25.45411,50.09429],[25.46606,50.09442],[25.46475,50.09829],[25.48902,50.10184],[25.48408,50.11396],[25.45623,50.11677],[25.44841,50.12402],[25.44938,50.15043],[25.47601,50.16616],[25.50017,50.16455],[25.50344,50.16194],[25.50006,50.15994],[25.49966,50.15644],[25.53937,50.15252],[25.55453,50.15069],[25.57571,50.17633],[25.59609,50.16858],[25.60956,50.16284],[25.61932,50.15563],[25.62538,50.15211],[25.66568,50.16911],[25.68813,50.17842],[25.6925,50.1786],[25.70277,50.1714],[25.71897,50.17291],[25.72171,50.17367],[25.72417,50.17733],[25.72896,50.18697],[25.74546,50.18297],[25.75717,50.1791],[25.77508,50.18025],[25.78616,50.18239],[25.79445,50.18486],[25.80428,50.18437],[25.80986,50.183],[25.81744,50.18255],[25.82062,50.18153],[25.85036,50.18946],[25.85477,50.18978],[25.85724,50.19147],[25.87075,50.20486],[25.86976,50.20954],[25.87191,50.2129],[25.87471,50.21387],[25.87706,50.21895],[25.8839,50.22162],[25.89945,50.23507],[25.92304,50.2483],[25.92214,50.25403],[25.93135,50.25614],[25.94243,50.25723],[25.94967,50.25583],[25.95607,50.25739],[25.96274,50.25643],[25.96897,50.24955],[25.97052,50.24557],[25.97973,50.24208],[25.9844,50.24317],[25.9919,50.243],[25.99738,50.24168],[26.00449,50.23822],[26.00744,50.23539],[26.0087,50.22875],[26.01996,50.22947],[26.0325,50.23696],[26.06042,50.25543],[26.065,50.25739],[26.06796,50.25647],[26.07802,50.2505],[26.08363,50.24966],[26.11259,50.24241],[26.13783,50.23633],[26.15806,50.23198],[26.16444,50.23121],[26.16591,50.23656],[26.16997,50.23996],[26.16811,50.24143],[26.1703,50.24452],[26.19133,50.26277],[26.21631,50.26355],[26.21608,50.26599],[26.22124,50.26683],[26.22165,50.25756],[26.21697,50.25581],[26.21639,50.24805],[26.21812,50.23017],[26.20376,50.23063],[26.193,50.22753],[26.18825,50.22993],[26.18537,50.22913],[26.18617,50.22069],[26.18548,50.21691],[26.19162,50.21841],[26.17927,50.19709],[26.19302,50.19374],[26.19173,50.19144],[26.19893,50.18653],[26.21038,50.18525],[26.21812,50.18208],[26.22045,50.1797],[26.22965,50.17207],[26.23734,50.1727],[26.24333,50.17418],[26.25146,50.17888],[26.26004,50.18037],[26.26403,50.17845],[26.27347,50.17875],[26.27398,50.18066],[26.28027,50.18323],[26.2876,50.18442],[26.29117,50.18743],[26.29408,50.18796],[26.29491,50.19089],[26.30073,50.19415],[26.30492,50.19826],[26.30497,50.20227],[26.30161,50.20514],[26.30502,50.20858],[26.3052,50.21215],[26.30885,50.21495],[26.31213,50.21494],[26.31514,50.21791],[26.32105,50.22174],[26.32474,50.22536],[26.3233,50.22985],[26.32903,50.23132],[26.33267,50.23464],[26.34117,50.23574],[26.34561,50.23945],[26.34903,50.2384],[26.35565,50.24404],[26.35848,50.24485],[26.36185,50.2516],[26.36529,50.25243],[26.37719,50.25168],[26.38133,50.25295],[26.38319,50.25522],[26.38149,50.25733],[26.38978,50.26289],[26.39406,50.26325],[26.3989,50.26516],[26.41291,50.26184],[26.41551,50.26267],[26.41899,50.26083],[26.42441,50.26129],[26.43142,50.26035],[26.4351,50.26126],[26.43872,50.26027],[26.44511,50.26375],[26.45255,50.26462],[26.45686,50.26619],[26.45978,50.26447],[26.45834,50.26105],[26.45952,50.25803],[26.46891,50.25788],[26.46829,50.25927],[26.47399,50.26148],[26.47593,50.26399],[26.47998,50.26526],[26.48905,50.26568],[26.49386,50.26291],[26.50335,50.26275],[26.49916,50.2661],[26.49546,50.26706],[26.49967,50.27278],[26.4962,50.27568],[26.49853,50.2795],[26.50144,50.28105],[26.50302,50.28512],[26.50618,50.28516],[26.51343,50.28149],[26.51307,50.285],[26.50731,50.28752],[26.51398,50.29021],[26.51517,50.29637],[26.52489,50.29555],[26.52821,50.29976],[26.52073,50.30456],[26.52728,50.31095],[26.53262,50.30629],[26.54705,50.31012],[26.54327,50.31835],[26.54752,50.31728],[26.56064,50.31699],[26.56336,50.3212],[26.55933,50.32378],[26.55273,50.33025],[26.57164,50.33465],[26.57635,50.33626],[26.58795,50.34295],[26.58792,50.34573],[26.59374,50.35457],[26.60175,50.36818],[26.62149,50.37122],[26.64796,50.36458],[26.65442,50.37883],[26.65951,50.39221],[26.66847,50.39081],[26.67445,50.39078],[26.68251,50.38943],[26.69202,50.42011],[26.71259,50.41696],[26.71552,50.42728],[26.7155,50.43909],[26.7175,50.44564],[26.72316,50.44415],[26.73695,50.44463],[26.73743,50.44967],[26.73892,50.45214],[26.72847,50.45717],[26.73422,50.46355],[26.73488,50.46988],[26.73618,50.47167],[26.73526,50.47739],[26.7397,50.479],[26.74517,50.4796],[26.74694,50.47241],[26.74312,50.46439],[26.74302,50.46153],[26.75509,50.4629],[26.76589,50.46133],[26.76674,50.46718],[26.77453,50.46731],[26.7797,50.4666],[26.78655,50.46771],[26.78683,50.47229],[26.78918,50.47525],[26.77401,50.47372],[26.77445,50.47168],[26.76156,50.47046],[26.76002,50.4767],[26.76859,50.47748],[26.7669,50.48458],[26.76816,50.48784],[26.76504,50.48908],[26.76774,50.49143],[26.77577,50.48997],[26.78154,50.49555],[26.78143,50.49789],[26.77758,50.49945],[26.77834,50.50213],[26.78384,50.50166],[26.79008,50.50356],[26.80158,50.50217],[26.81792,50.50287],[26.8195,50.50839],[26.81919,50.51414],[26.82279,50.51906],[26.82595,50.5203],[26.82724,50.52307],[26.83475,50.52266],[26.83863,50.51599],[26.8538,50.50976],[26.85655,50.50928],[26.86025,50.51525],[26.87115,50.52137],[26.87229,50.5211],[26.87902,50.53167],[26.87918,50.53404],[26.89009,50.54032],[26.89966,50.54635],[26.90614,50.54311],[26.90866,50.54086],[26.91649,50.53735],[26.92479,50.53609],[26.93597,50.5315],[26.94187,50.53008],[26.96688,50.52916],[26.97448,50.5268],[26.98279,50.52274],[26.98835,50.53338],[27.00753,50.53962],[27.01752,50.559],[27.03408,50.55571],[27.05087,50.55193],[27.0644,50.55088],[27.07144,50.55111],[27.07577,50.55485],[27.06474,50.56198],[27.06786,50.56484],[27.07037,50.56928],[27.07152,50.57458],[27.07627,50.57749],[27.07946,50.58368],[27.08769,50.57985],[27.09031,50.58734],[27.10345,50.5836],[27.10747,50.58733],[27.10846,50.59037],[27.118,50.59469],[27.12023,50.59047],[27.13078,50.58785],[27.12979,50.58089],[27.12723,50.57527],[27.12231,50.57595],[27.12998,50.56479],[27.13069,50.56087],[27.13627,50.56051],[27.14426,50.56265],[27.15354,50.56311],[27.17263,50.56122],[27.18781,50.56132],[27.19633,50.5621],[27.1993,50.56291],[27.2109,50.56376],[27.21133,50.56536],[27.23116,50.56674],[27.2152,50.58825],[27.2172,50.59297],[27.22363,50.59914],[27.22482,50.60604],[27.21044,50.61032],[27.20397,50.61272],[27.19792,50.61905],[27.18966,50.62094],[27.18976,50.62335],[27.18645,50.62548],[27.19266,50.62748],[27.19456,50.62622],[27.20024,50.62693],[27.2005,50.63264],[27.20749,50.63717],[27.21372,50.63963],[27.2076,50.64352],[27.21237,50.6471],[27.21267,50.65669],[27.20948,50.65894],[27.20405,50.65941],[27.20128,50.66285],[27.20406,50.66635],[27.21603,50.67096],[27.22027,50.67011],[27.22214,50.67281],[27.22816,50.67055],[27.23107,50.67355],[27.2385,50.67268],[27.24082,50.67472],[27.2446,50.67307],[27.24947,50.68466],[27.25211,50.68881],[27.25431,50.6893],[27.25238,50.69377],[27.25588,50.69683],[27.2612,50.69862],[27.25801,50.7019],[27.25871,50.70356],[27.26652,50.71103],[27.27248,50.7123],[27.27309,50.71869],[27.27573,50.7223],[27.2741,50.72627],[27.27031,50.72917],[27.27226,50.73359],[27.26807,50.7358],[27.26437,50.74495],[27.26454,50.74845],[27.26868,50.75111],[27.2707,50.75503],[27.27051,50.76322],[27.26487,50.76378],[27.26041,50.76198],[27.25937,50.7662],[27.25191,50.76853],[27.24321,50.76977],[27.24358,50.77233],[27.24022,50.77783],[27.24339,50.79268],[27.23217,50.79703],[27.2334,50.80152],[27.23691,50.80638],[27.23517,50.812],[27.23923,50.81419],[27.23934,50.82497],[27.24187,50.8258],[27.24198,50.82899],[27.23874,50.83067],[27.23201,50.83905],[27.23643,50.84052],[27.23613,50.84403],[27.23969,50.84914],[27.24955,50.85673],[27.24419,50.86932],[27.25274,50.88172],[27.24634,50.88324],[27.24993,50.88915],[27.2554,50.89368],[27.25625,50.89597],[27.24791,50.90044],[27.24072,50.90237],[27.2342,50.9063],[27.23672,50.90885],[27.23298,50.91207],[27.22574,50.91194],[27.22131,50.91303],[27.22096,50.91571],[27.217,50.91984],[27.21724,50.92553],[27.22047,50.93083],[27.22414,50.92989],[27.2284,50.93287],[27.23768,50.93519],[27.23396,50.93815],[27.23832,50.94536],[27.23218,50.94688],[27.23399,50.94889],[27.22324,50.95207],[27.22338,50.95597],[27.22534,50.95877],[27.22564,50.96238],[27.21942,50.9731],[27.21579,50.97562],[27.21136,50.98218],[27.2055,50.98779],[27.20324,50.99101],[27.19999,51.00018],[27.21152,51.00423],[27.2157,51.0086],[27.22626,51.00792],[27.22874,51.02161],[27.22017,51.02758],[27.21936,51.0301],[27.26792,51.03217],[27.2766,51.03271],[27.27789,51.04026],[27.32591,51.04222],[27.31738,51.05273],[27.31967,51.06123],[27.32405,51.06856],[27.3223,51.07634],[27.32538,51.08113],[27.33352,51.08296],[27.33609,51.08831],[27.34909,51.08717],[27.35565,51.08733],[27.35387,51.09545],[27.36048,51.09584],[27.36671,51.09755],[27.36453,51.10926],[27.36893,51.11227],[27.36402,51.14294],[27.3709,51.1429],[27.38031,51.14775],[27.374,51.15487],[27.39824,51.17023],[27.39441,51.17215],[27.40396,51.1822],[27.40601,51.18786],[27.40241,51.18922],[27.40041,51.20071],[27.41589,51.2018],[27.44325,51.22275],[27.45809,51.22378],[27.46352,51.2363],[27.47396,51.23714],[27.47345,51.23998],[27.47006,51.24453],[27.46941,51.24757],[27.4527,51.24828],[27.45342,51.25221],[27.4471,51.25459],[27.45111,51.26053],[27.45706,51.2636],[27.46139,51.26415],[27.44824,51.282],[27.44073,51.31054],[27.48992,51.31556],[27.49978,51.32225],[27.51104,51.3351],[27.51279,51.33527],[27.52221,51.34174],[27.52229,51.34716],[27.52762,51.35344],[27.52412,51.36014],[27.52607,51.36639],[27.49483,51.37442],[27.49208,51.40808],[27.49941,51.41787],[27.49921,51.42267],[27.50493,51.43507],[27.50502,51.45149],[27.51714,51.45278],[27.53448,51.45295],[27.52649,51.44308],[27.53311,51.43475],[27.53158,51.43005],[27.53842,51.42596],[27.55356,51.41969],[27.56793,51.41564],[27.57307,51.41176],[27.58372,51.40739],[27.58439,51.40165],[27.59926,51.40204],[27.61414,51.40295],[27.61351,51.41014],[27.60313,51.41446],[27.60478,51.42019],[27.59962,51.42203],[27.59895,51.43019],[27.58249,51.42973],[27.57885,51.47848],[27.58887,51.47857],[27.62331,51.48288],[27.64641,51.49775],[27.64843,51.50176],[27.66904,51.49692],[27.66517,51.51095],[27.66295,51.5173],[27.67804,51.5195],[27.6762,51.5391],[27.68707,51.54427],[27.69308,51.54863],[27.70393,51.55472],[27.72048,51.56129],[27.72639,51.58253],[27.7295,51.59212],[27.72509,51.59479],[27.72283,51.60345],[27.70197,51.60569],[27.68941,51.60438],[27.68781,51.60779],[27.68427,51.60831],[27.68364,51.61175],[27.66805,51.611],[27.64552,51.61599],[27.64133,51.61103],[27.63301,51.60936],[27.62811,51.60687],[27.61896,51.60544],[27.5865,51.62107],[27.5662,51.62891],[27.55738,51.63298],[27.54997,51.63711],[27.54619,51.62847],[27.5399,51.62057],[27.51797,51.63633],[27.50799,51.62882],[27.51233,51.60726],[27.52791,51.60768],[27.51453,51.59226],[27.50341,51.58719],[27.4884,51.59087],[27.48295,51.59271],[27.47967,51.60258],[27.48388,51.60466],[27.48389,51.60693],[27.48742,51.60858],[27.48799,51.61129],[27.48278,51.61449],[27.46876,51.60601],[27.45581,51.61082],[27.45413,51.61972],[27.43748,51.61666],[27.42686,51.61403],[27.42718,51.60572],[27.39315,51.60485],[27.35919,51.61589],[27.34413,51.60633],[27.33535,51.60541],[27.32393,51.60619],[27.26728,51.60622],[27.2682,51.60237],[27.24026,51.60175],[27.24863,51.60936],[27.2491,51.61171],[27.24463,51.6211],[27.27139,51.64535],[27.27297,51.6483],[27.27276,51.65433],[27.25001,51.66718],[27.2082,51.66385],[27.20306,51.75521],[27.20132,51.77344],[27.18377,51.77315],[27.1075,51.77146],[27.08856,51.77128],[27.03128,51.76968],[26.99458,51.76883],[26.9634,51.74682],[26.94836,51.73593],[26.91348,51.74766],[26.90812,51.74768],[26.9051,51.74904],[26.89525,51.74662],[26.88538,51.75002],[26.87671,51.74765],[26.8759,51.74918],[26.85604,51.76101],[26.84697,51.76568],[26.81672,51.76268],[26.80708,51.75529],[26.79059,51.75717],[26.78697,51.76111],[26.79121,51.76345],[26.78705,51.76657],[26.77773,51.76472],[26.77674,51.76788],[26.76538,51.77323],[26.76076,51.77448],[26.75282,51.77269],[26.75414,51.77951],[26.75607,51.78332],[26.7557,51.78624],[26.75892,51.78968],[26.75754,51.79419],[26.75117,51.79583],[26.75032,51.79781],[26.7526,51.80159],[26.71883,51.81261],[26.71698,51.8117],[26.70843,51.81118],[26.70476,51.81229],[26.6917,51.82339],[26.67833,51.82341],[26.66478,51.82421],[26.6601,51.82504],[26.65236,51.82509],[26.64751,51.82417],[26.61144,51.8246],[26.60238,51.82909],[26.59485,51.82919],[26.59274,51.83096],[26.59038,51.8202],[26.55221,51.812],[26.55628,51.80338],[26.54688,51.79586],[26.47078,51.79932],[26.4667,51.79941],[26.46606,51.81278],[26.43881,51.8181],[26.4274,51.83303],[26.39572,51.83112],[26.39524,51.87828],[26.37103,51.86296],[26.35643,51.86237],[26.33971,51.86372],[26.32878,51.86369],[26.30356,51.85998],[26.29582,51.86569],[26.29034,51.86804],[26.28614,51.86822],[26.28067,51.86608],[26.27769,51.86673],[26.27575,51.87142],[26.24986,51.87018],[26.22695,51.86967],[26.22083,51.87087],[26.22101,51.8665],[26.21726,51.86728],[26.19958,51.8633],[26.19081,51.86231],[26.17539,51.8693],[26.1714,51.86577],[26.16871,51.86655],[26.15583,51.86682],[26.15696,51.87883],[26.14471,51.87926],[26.14663,51.8767],[26.14185,51.87432],[26.1344,51.87856],[26.12839,51.88694],[26.1252,51.89352],[26.1214,51.89284],[26.11242,51.89761],[26.11025,51.89736],[26.10374,51.89964],[26.09514,51.91224],[26.04822,51.91357],[26.04648,51.91622],[26.04323,51.92559],[26.02001,51.92844],[26.00901,51.93011],[25.99582,51.93113],[25.98973,51.93216],[25.97864,51.92849],[25.9768,51.92646],[25.96693,51.92686],[25.96464,51.9245],[25.95898,51.92268],[25.95614,51.92303],[25.95011,51.92045],[25.94397,51.92096],[25.94224,51.9181],[25.92833,51.91549],[25.92323,51.91547],[25.90602,51.92112],[25.89905,51.91963],[25.89014,51.91927],[25.88049,51.92236],[25.87308,51.92088],[25.86645,51.92488],[25.85554,51.92571],[25.84547,51.92523],[25.83514,51.92567],[25.83133,51.92488],[25.82446,51.92537],[25.81794,51.92904],[25.81967,51.9371],[25.82449,51.93698],[25.82458,51.94275],[25.81008,51.94613],[25.7814,51.94556],[25.77971,51.94945],[25.76549,51.94957],[25.77996,51.92389],[25.77975,51.92211],[25.75977,51.92429],[25.75295,51.92256],[25.7408,51.92122],[25.70625,51.91651],[25.66399,51.91873],[25.62878,51.9217],[25.5927,51.92439],[25.59659,51.91788],[25.59462,51.91491],[25.60056,51.91485],[25.62045,51.90572],[25.62806,51.90472],[25.62828,51.90335],[25.67739,51.90175],[25.68619,51.9006],[25.7086,51.89453],[25.68864,51.8813],[25.68157,51.87907],[25.6751,51.876],[25.66747,51.87394],[25.66194,51.86914],[25.6551,51.85942],[25.64973,51.85555],[25.64929,51.85211],[25.64533,51.85277],[25.64012,51.84884],[25.63954,51.84368],[25.64083,51.84172],[25.63902,51.8368],[25.64599,51.82838],[25.64898,51.82882],[25.64915,51.82451],[25.64809,51.81604],[25.64418,51.81727],[25.63953,51.81415],[25.63454,51.81232],[25.63662,51.80911],[25.63278,51.80725],[25.63155,51.80404],[25.64399,51.79778],[25.64733,51.79096],[25.65338,51.79041],[25.65937,51.78358],[25.65503,51.78113],[25.64972,51.76677],[25.65324,51.76653],[25.65607,51.76395],[25.66069,51.76514],[25.66893,51.77177],[25.67033,51.77206],[25.67619,51.76346],[25.68267,51.7559],[25.68134,51.7555],[25.67527,51.74485],[25.67472,51.74067],[25.67231,51.73972],[25.66542,51.73279],[25.66169,51.73024],[25.66598,51.72431],[25.66567,51.72],[25.64825,51.70815],[25.65113,51.70389],[25.64882,51.6939],[25.64599,51.69164],[25.63648,51.68887],[25.63676,51.68619],[25.64094,51.68137],[25.63689,51.67832],[25.63444,51.6739],[25.62613,51.67214],[25.62689,51.66546],[25.62264,51.66043],[25.61855,51.65798],[25.61888,51.65421],[25.61272,51.64833],[25.60851,51.64121],[25.58861,51.64456],[25.57757,51.62471],[25.56677,51.6264],[25.5677,51.63275],[25.53006,51.63103],[25.53201,51.61394],[25.54344,51.61639],[25.54171,51.6195],[25.55525,51.62435],[25.5642,51.60291],[25.5792,51.60876],[25.58233,51.60483],[25.58435,51.59529],[25.58592,51.59192],[25.59439,51.5872],[25.59876,51.58083],[25.59765,51.57636],[25.59117,51.57005],[25.59614,51.56669],[25.59599,51.56219],[25.58212,51.5592],[25.57454,51.55419],[25.5654,51.53968],[25.57051,51.53332],[25.58181,51.53271],[25.59511,51.52705],[25.59543,51.52463],[25.55011,51.51931],[25.55549,51.50061],[25.59029,51.50451],[25.5948,51.50459],[25.61022,51.50698],[25.60216,51.49314],[25.61844,51.49517],[25.62391,51.49514],[25.61811,51.47722],[25.64147,51.47868],[25.6424,51.44472],[25.63633,51.43912],[25.64669,51.41672],[25.65625,51.41846],[25.65849,51.41446],[25.67158,51.41664],[25.67681,51.41328],[25.67945,51.40894],[25.68757,51.40538],[25.68999,51.39314],[25.69936,51.39457],[25.70131,51.39022],[25.70089,51.38665],[25.70231,51.38304],[25.6914,51.38336],[25.69571,51.37664],[25.70103,51.37658],[25.70256,51.38022],[25.71132,51.38201],[25.71987,51.37964],[25.72479,51.38043],[25.72351,51.38455],[25.71731,51.38884],[25.72641,51.3966],[25.72486,51.40014],[25.75983,51.40038],[25.75529,51.38118],[25.78116,51.37428],[25.78896,51.37873],[25.80712,51.37464],[25.83111,51.38715],[25.83955,51.37847],[25.84383,51.37575],[25.84008,51.37303],[25.83098,51.37181],[25.8244,51.36584],[25.82783,51.36575],[25.83093,51.36353],[25.83419,51.36338],[25.83269,51.35355],[25.82746,51.35033],[25.8239,51.34963],[25.82115,51.34559],[25.82271,51.34332],[25.82936,51.34271],[25.82986,51.33361],[25.83385,51.33278],[25.83298,51.33022],[25.83879,51.32811],[25.8476,51.31992],[25.85843,51.31953],[25.86936,51.31612],[25.87383,51.31563],[25.87727,51.31346],[25.87334,51.30926],[25.87823,51.30931],[25.87603,51.30601],[25.8835,51.30391],[25.88795,51.30536],[25.8891,51.29742],[25.89576,51.30086],[25.89878,51.30034],[25.89897,51.29529],[25.89321,51.29125],[25.89642,51.28993],[25.90105,51.29026],[25.90507,51.28906],[25.91573,51.28741],[25.92179,51.28226],[25.92211,51.28006],[25.92957,51.27885],[25.93415,51.27647],[25.93062,51.27021],[25.93619,51.26918],[25.93465,51.26488],[25.93116,51.26376],[25.933,51.25897],[25.93586,51.25571],[25.94217,51.2519],[25.94701,51.25098],[25.94775,51.2483],[25.94487,51.24514],[25.94469,51.24163],[25.94677,51.23948],[25.94439,51.23666],[25.94605,51.23256],[25.94878,51.23216]]]},"properties":{"oblast":"rivne_oblast","id":"rivne_oblast","name":"Рівненська область"}},{"type":"Feature","geometry":{"type":"Polygon","coordinates":[[[34.29189,51.48489],[34.29208,51.48651],[34.29663,51.49226],[34.29701,51.49467],[34.29039,51.50799],[34.29243,51.51058],[34.29609,51.51206],[34.30333,51.51217],[34.30794,51.51556],[34.30661,51.52074],[34.29548,51.52444],[34.2955,51.53245],[34.28541,51.53291],[34.28475,51.53483],[34.25974,51.53322],[34.25902,51.54823],[34.25575,51.54812],[34.24984,51.5548],[34.25619,51.5589],[34.25545,51.56204],[34.25209,51.56331],[34.24911,51.56704],[34.24562,51.56854],[34.24494,51.57096],[34.24775,51.57341],[34.24925,51.57687],[34.23768,51.5846],[34.22416,51.5762],[34.21626,51.57433],[34.21493,51.58957],[34.21252,51.5899],[34.21181,51.59755],[34.21074,51.60042],[34.18207,51.59692],[34.17938,51.62537],[34.16948,51.63991],[34.16743,51.64535],[34.15978,51.64449],[34.15282,51.64283],[34.14619,51.64241],[34.14135,51.64393],[34.12978,51.64278],[34.13012,51.64786],[34.11222,51.64869],[34.10584,51.65724],[34.10476,51.66602],[34.10176,51.66564],[34.09452,51.66217],[34.08717,51.66202],[34.0805,51.66543],[34.08341,51.6694],[34.08869,51.67018],[34.0928,51.67224],[34.09631,51.67189],[34.09853,51.67658],[34.10397,51.6789],[34.11184,51.67943],[34.1159,51.68476],[34.12417,51.68442],[34.13019,51.6887],[34.13983,51.68905],[34.14305,51.69044],[34.14645,51.68736],[34.15304,51.68991],[34.15688,51.68895],[34.16008,51.68607],[34.16314,51.68867],[34.16605,51.68851],[34.17741,51.69251],[34.1823,51.69257],[34.18673,51.69525],[34.19613,51.69686],[34.20017,51.69381],[34.20547,51.69469],[34.20781,51.69913],[34.21199,51.70262],[34.2211,51.70278],[34.23338,51.69708],[34.23919,51.69809],[34.24239,51.70002],[34.25068,51.70255],[34.26135,51.70096],[34.26589,51.70324],[34.27082,51.70299],[34.28219,51.70562],[34.28622,51.70458],[34.29081,51.70496],[34.29765,51.70851],[34.29755,51.70983],[34.30293,51.71439],[34.30267,51.71558],[34.30883,51.72022],[34.31239,51.71977],[34.31544,51.71657],[34.33197,51.7153],[34.34071,51.71346],[34.34791,51.71531],[34.35467,51.7127],[34.35994,51.71372],[34.36301,51.71209],[34.36859,51.7126],[34.38964,51.71786],[34.39573,51.71645],[34.40133,51.71708],[34.41441,51.72217],[34.42277,51.72262],[34.42311,51.72594],[34.426,51.7292],[34.4325,51.7294],[34.4361,51.73268],[34.43531,51.73514],[34.43849,51.73811],[34.44036,51.74339],[34.43713,51.74606],[34.43505,51.75246],[34.43836,51.75784],[34.4357,51.76481],[34.43157,51.76609],[34.4284,51.76965],[34.42774,51.77327],[34.42316,51.77472],[34.41989,51.77725],[34.40917,51.78262],[34.40969,51.78519],[34.40691,51.79032],[34.40935,51.79234],[34.40831,51.79443],[34.41437,51.80148],[34.41684,51.80845],[34.41631,51.81385],[34.41128,51.8176],[34.41386,51.82122],[34.41545,51.82584],[34.41161,51.82678],[34.40764,51.83121],[34.40289,51.83194],[34.40086,51.83536],[34.38985,51.8358],[34.38645,51.84113],[34.38736,51.8439],[34.37835,51.84346],[34.37168,51.84629],[34.3684,51.84647],[34.36686,51.85392],[34.36377,51.8553],[34.36281,51.85881],[34.35071,51.86301],[34.34649,51.86375],[34.34321,51.86584],[34.32805,51.87141],[34.32467,51.87662],[34.32003,51.87858],[34.31786,51.88164],[34.31319,51.88334],[34.3059,51.8844],[34.30302,51.88765],[34.29539,51.88731],[34.27528,51.888],[34.2643,51.88023],[34.26297,51.8786],[34.24488,51.88143],[34.25335,51.88703],[34.25884,51.88926],[34.25443,51.89412],[34.25582,51.90552],[34.25936,51.90952],[34.25009,51.91588],[34.24697,51.91603],[34.23418,51.91339],[34.21945,51.92012],[34.22581,51.92796],[34.22088,51.93303],[34.20496,51.94033],[34.20485,51.94483],[34.19735,51.95135],[34.19503,51.95618],[34.19207,51.95953],[34.18893,51.96901],[34.17665,51.97068],[34.15711,51.96967],[34.15039,51.9685],[34.14311,51.96814],[34.14173,51.9727],[34.1372,51.97286],[34.12921,51.98442],[34.13542,51.989],[34.13939,51.9968],[34.13982,52.00018],[34.12668,52.00645],[34.11993,52.0068],[34.11626,52.00548],[34.1126,52.00616],[34.10505,52.00443],[34.10057,52.00459],[34.09367,52.01233],[34.09197,52.03113],[34.09242,52.03597],[34.10132,52.04122],[34.09812,52.04279],[34.0945,52.0474],[34.09367,52.05243],[34.0868,52.05451],[34.08293,52.05809],[34.0806,52.07041],[34.06232,52.06939],[34.06229,52.07295],[34.08479,52.08505],[34.09132,52.08515],[34.09522,52.08843],[34.09615,52.0914],[34.09962,52.09333],[34.08751,52.10178],[34.08927,52.10603],[34.08751,52.10915],[34.09726,52.11217],[34.11077,52.12289],[34.10989,52.12729],[34.11306,52.13225],[34.11095,52.13675],[34.11618,52.14073],[34.10606,52.14538],[34.08893,52.15461],[34.07558,52.15476],[34.06614,52.16244],[34.06245,52.16381],[34.05389,52.17122],[34.05997,52.17852],[34.06531,52.18275],[34.06103,52.18576],[34.05727,52.192],[34.05275,52.19713],[34.05228,52.20149],[34.04516,52.20081],[34.03663,52.2019],[34.02479,52.20121],[34.01631,52.2019],[34.00026,52.20903],[33.99832,52.21199],[34.00127,52.22077],[34.00062,52.2273],[33.98244,52.23441],[33.97476,52.23067],[33.96805,52.23432],[33.96446,52.23435],[33.96147,52.23922],[33.95712,52.24298],[33.96035,52.24769],[33.95323,52.24847],[33.94353,52.24843],[33.93755,52.2502],[33.94203,52.25823],[33.9422,52.26753],[33.94576,52.27401],[33.94413,52.28377],[33.9381,52.28886],[33.93239,52.2902],[33.92495,52.29548],[33.92494,52.29848],[33.92088,52.30476],[33.91034,52.30827],[33.90699,52.30747],[33.90646,52.30255],[33.90385,52.30151],[33.89496,52.30759],[33.87924,52.30727],[33.87532,52.30642],[33.8389,52.32056],[33.85484,52.33276],[33.85425,52.33451],[33.84441,52.34172],[33.84323,52.3446],[33.83781,52.34923],[33.83882,52.35416],[33.83821,52.36026],[33.82737,52.36349],[33.82006,52.36338],[33.80558,52.36631],[33.78754,52.36668],[33.77624,52.36536],[33.7727,52.36346],[33.75006,52.36133],[33.74794,52.35723],[33.74108,52.35718],[33.73402,52.35436],[33.72463,52.35366],[33.7178,52.36299],[33.70971,52.36323],[33.70032,52.35944],[33.69137,52.35763],[33.68461,52.358],[33.67806,52.35524],[33.67886,52.35214],[33.68144,52.35096],[33.67894,52.34759],[33.67273,52.34696],[33.66752,52.34487],[33.66314,52.3447],[33.65531,52.33946],[33.64838,52.34061],[33.63806,52.33985],[33.63464,52.33795],[33.62859,52.33881],[33.61932,52.33643],[33.60436,52.33368],[33.59568,52.32756],[33.58951,52.32481],[33.57708,52.31824],[33.58156,52.31081],[33.57752,52.31057],[33.56952,52.31577],[33.56387,52.31824],[33.55051,52.32265],[33.54428,52.32365],[33.54455,52.32063],[33.55242,52.31871],[33.55592,52.31605],[33.56177,52.31443],[33.56551,52.31032],[33.56023,52.30218],[33.53335,52.30399],[33.52507,52.30754],[33.50449,52.30589],[33.49835,52.31199],[33.49031,52.31072],[33.48348,52.31363],[33.48165,52.31694],[33.48859,52.32288],[33.48897,52.32856],[33.49115,52.3307],[33.50072,52.33154],[33.50981,52.33303],[33.51247,52.33508],[33.51428,52.3388],[33.52026,52.34317],[33.51567,52.34744],[33.51949,52.35187],[33.51778,52.35548],[33.50874,52.35822],[33.50021,52.3557],[33.49589,52.35537],[33.49219,52.35674],[33.48226,52.35818],[33.47092,52.35912],[33.46362,52.3627],[33.46206,52.36173],[33.45479,52.36522],[33.45146,52.36051],[33.45298,52.35762],[33.44455,52.35708],[33.43948,52.35294],[33.44613,52.34816],[33.44685,52.34204],[33.42889,52.34526],[33.41894,52.33173],[33.41492,52.3273],[33.4143,52.32498],[33.41025,52.32243],[33.40393,52.32177],[33.40396,52.31868],[33.40052,52.31372],[33.39615,52.31353],[33.38871,52.31673],[33.38802,52.31091],[33.39749,52.30875],[33.3998,52.30651],[33.40182,52.3003],[33.39973,52.29917],[33.39364,52.30213],[33.38678,52.29707],[33.39331,52.29342],[33.39285,52.29012],[33.38787,52.29118],[33.38383,52.28432],[33.38733,52.27902],[33.38066,52.27757],[33.37765,52.27476],[33.38431,52.27442],[33.38723,52.27134],[33.37206,52.25807],[33.36829,52.25921],[33.36318,52.25537],[33.35996,52.25842],[33.35746,52.25412],[33.36046,52.25071],[33.36135,52.2452],[33.36766,52.24405],[33.36185,52.23791],[33.36238,52.23567],[33.36609,52.23249],[33.3561,52.22805],[33.35369,52.22166],[33.35128,52.22035],[33.34453,52.22153],[33.34082,52.2209],[33.33605,52.21643],[33.33147,52.21488],[33.32714,52.21676],[33.32533,52.22152],[33.323,52.22175],[33.31464,52.2155],[33.31579,52.2133],[33.32592,52.21129],[33.32432,52.20847],[33.32991,52.20574],[33.3312,52.20191],[33.32427,52.19447],[33.32099,52.19467],[33.32204,52.19062],[33.31618,52.19195],[33.31166,52.19108],[33.31163,52.18848],[33.31857,52.18003],[33.31543,52.17593],[33.31962,52.17466],[33.32374,52.16907],[33.32871,52.17002],[33.33263,52.16667],[33.33115,52.16438],[33.33693,52.16116],[33.33756,52.15541],[33.32772,52.15522],[33.32443,52.1477],[33.32259,52.1362],[33.34252,52.13531],[33.34235,52.13797],[33.33425,52.13841],[33.32843,52.14015],[33.32964,52.14209],[33.34139,52.14549],[33.34582,52.14527],[33.41719,52.1231],[33.40971,52.11539],[33.43336,52.10878],[33.44502,52.09759],[33.44403,52.09473],[33.43879,52.08945],[33.43939,52.08784],[33.45172,52.0901],[33.45903,52.08982],[33.45981,52.08753],[33.49014,52.08275],[33.49238,52.08682],[33.50002,52.08927],[33.50026,52.0685],[33.50067,52.0591],[33.50062,52.03853],[33.46912,52.03886],[33.46261,52.03803],[33.4579,52.03631],[33.4396,52.03256],[33.43039,52.0257],[33.41199,52.03333],[33.40323,52.05119],[33.39062,52.04965],[33.36541,52.03977],[33.36199,52.03749],[33.35599,52.03131],[33.34484,52.02968],[33.33137,52.03097],[33.31638,52.03175],[33.31338,52.02942],[33.3126,52.02656],[33.31729,52.01971],[33.31677,52.01693],[33.30941,52.01525],[33.3057,52.01753],[33.30332,52.01476],[33.30713,52.01239],[33.31506,52.01199],[33.31991,52.00934],[33.32677,52.00776],[33.33716,52.00689],[33.34198,52.00169],[33.34862,51.99879],[33.34762,51.99367],[33.34983,51.99],[33.34904,51.98695],[33.35051,51.98322],[33.35903,51.98134],[33.36565,51.97893],[33.3711,51.97962],[33.37407,51.97673],[33.37196,51.97313],[33.37354,51.97083],[33.38144,51.97311],[33.38473,51.97218],[33.39344,51.9649],[33.39619,51.96142],[33.39693,51.95753],[33.39549,51.9549],[33.38964,51.95303],[33.38301,51.9533],[33.37678,51.95519],[33.37086,51.95354],[33.3689,51.95038],[33.37113,51.94718],[33.36906,51.94547],[33.36136,51.9465],[33.36001,51.94078],[33.35726,51.93918],[33.35858,51.93516],[33.35508,51.93027],[33.33083,51.92955],[33.32809,51.93295],[33.31725,51.93383],[33.31759,51.9366],[33.30312,51.93343],[33.29709,51.93456],[33.29553,51.92995],[33.29244,51.92765],[33.29209,51.92446],[33.2874,51.92268],[33.27637,51.92322],[33.26911,51.92276],[33.26464,51.9196],[33.26196,51.92005],[33.25836,51.92418],[33.254,51.92621],[33.25221,51.92205],[33.24649,51.92067],[33.24766,51.91637],[33.23809,51.91532],[33.23627,51.91003],[33.23225,51.90872],[33.22648,51.91008],[33.22346,51.91263],[33.21932,51.91187],[33.22347,51.90702],[33.22015,51.9047],[33.21651,51.90577],[33.21619,51.91145],[33.20964,51.91281],[33.20398,51.91055],[33.19669,51.90965],[33.19056,51.91244],[33.18662,51.91185],[33.18645,51.90724],[33.18284,51.90286],[33.17553,51.90537],[33.17067,51.90066],[33.17689,51.89835],[33.17915,51.89539],[33.18115,51.88781],[33.17847,51.88443],[33.17152,51.88161],[33.16683,51.8807],[33.15808,51.8803],[33.15327,51.87858],[33.14523,51.87719],[33.1458,51.87351],[33.14201,51.87167],[33.13686,51.87336],[33.13366,51.87184],[33.1351,51.86343],[33.13087,51.86175],[33.12939,51.8641],[33.12557,51.86497],[33.12262,51.86272],[33.12495,51.85982],[33.13066,51.85735],[33.13091,51.85474],[33.12495,51.85475],[33.12299,51.8454],[33.12887,51.8463],[33.13098,51.84377],[33.12828,51.84116],[33.12833,51.8343],[33.13633,51.8333],[33.14099,51.82856],[33.14645,51.82069],[33.14697,51.81649],[33.14188,51.81372],[33.13381,51.81589],[33.13073,51.81518],[33.12207,51.81059],[33.12129,51.80651],[33.11279,51.7977],[33.10608,51.79403],[33.10096,51.78922],[33.0997,51.78151],[33.09372,51.78386],[33.08988,51.78108],[33.08461,51.78128],[33.08322,51.77818],[33.07811,51.77654],[33.07872,51.775],[33.08546,51.7691],[33.08907,51.77476],[33.09194,51.77472],[33.09377,51.76488],[33.09731,51.76188],[33.09439,51.75963],[33.09617,51.7556],[33.09842,51.75439],[33.09922,51.75083],[33.10366,51.74574],[33.11052,51.74121],[33.12377,51.73502],[33.13788,51.72592],[33.1323,51.72178],[33.14022,51.7171],[33.14546,51.71538],[33.15245,51.70777],[33.15398,51.70325],[33.15889,51.70078],[33.16824,51.70137],[33.17168,51.69857],[33.16929,51.69421],[33.16582,51.6916],[33.15506,51.68891],[33.14432,51.69087],[33.14564,51.6849],[33.14722,51.68288],[33.15414,51.6815],[33.16436,51.68196],[33.16425,51.67945],[33.15515,51.67817],[33.14344,51.67954],[33.1405,51.67895],[33.13939,51.67358],[33.14455,51.6721],[33.14742,51.66951],[33.13829,51.6615],[33.13316,51.66006],[33.12771,51.65456],[33.12542,51.65046],[33.12584,51.64572],[33.12767,51.64292],[33.13251,51.64397],[33.14021,51.64072],[33.1545,51.64188],[33.15431,51.63083],[33.15446,51.60755],[33.1567,51.60758],[33.17702,51.59744],[33.19183,51.58359],[33.21606,51.58186],[33.22231,51.58031],[33.21394,51.57755],[33.20732,51.57021],[33.18939,51.57282],[33.17181,51.57066],[33.16543,51.5705],[33.15918,51.57142],[33.16124,51.56596],[33.1574,51.56465],[33.15715,51.55587],[33.16464,51.55427],[33.16687,51.54375],[33.18258,51.53978],[33.18583,51.53718],[33.18624,51.52992],[33.19233,51.52416],[33.19348,51.52133],[33.19294,51.51262],[33.19174,51.50639],[33.17741,51.50732],[33.17384,51.50051],[33.16685,51.49833],[33.15975,51.49512],[33.15013,51.49289],[33.14771,51.49452],[33.14938,51.4968],[33.1429,51.49702],[33.13748,51.49602],[33.13418,51.49197],[33.1308,51.48241],[33.13144,51.47692],[33.13556,51.46688],[33.12449,51.46058],[33.11309,51.42837],[33.13455,51.41659],[33.12376,51.40362],[33.11965,51.4037],[33.11956,51.40048],[33.12981,51.40039],[33.13538,51.39948],[33.13744,51.39524],[33.13226,51.39371],[33.13307,51.38256],[33.12898,51.38147],[33.12185,51.38174],[33.11734,51.38357],[33.1109,51.3889],[33.10646,51.38983],[33.09656,51.38924],[33.09084,51.38968],[33.08936,51.3874],[33.10412,51.38343],[33.10676,51.37954],[33.10489,51.37718],[33.10907,51.3752],[33.10645,51.3724],[33.11163,51.36979],[33.10653,51.36538],[33.09894,51.36773],[33.09579,51.36728],[33.09274,51.36962],[33.08956,51.36774],[33.0707,51.36956],[33.06477,51.37059],[33.06076,51.36988],[33.05904,51.37245],[33.05927,51.37682],[33.06244,51.37956],[33.05966,51.38275],[33.0462,51.38617],[33.03958,51.39139],[33.0446,51.39451],[33.05232,51.39589],[33.05235,51.39788],[33.05774,51.40403],[33.04575,51.41114],[33.04411,51.40906],[33.04347,51.40427],[33.04008,51.40412],[33.03898,51.40129],[33.01657,51.39574],[33.02354,51.38333],[33.03185,51.37414],[33.03373,51.37022],[33.04093,51.36772],[33.03569,51.35977],[33.03605,51.3526],[33.03757,51.34568],[33.04428,51.34454],[33.04778,51.34623],[33.04999,51.34431],[33.05828,51.34672],[33.06405,51.34626],[33.07462,51.34067],[33.06852,51.33367],[33.06956,51.33263],[33.07086,51.32882],[33.0789,51.32209],[33.07416,51.31871],[33.07391,51.31377],[33.06994,51.31134],[33.06966,51.30746],[33.0656,51.30531],[33.06314,51.30759],[33.05453,51.30333],[33.04626,51.3038],[33.04483,51.30177],[33.05089,51.30007],[33.05325,51.29749],[33.05743,51.29961],[33.06145,51.29673],[33.04744,51.2949],[33.0442,51.29522],[33.04092,51.29119],[33.04301,51.28824],[33.04906,51.28833],[33.06516,51.29169],[33.06062,51.28698],[33.06332,51.2863],[33.07202,51.28814],[33.0732,51.2833],[33.07283,51.27493],[33.06567,51.27482],[33.06649,51.26864],[33.05821,51.26609],[33.0605,51.25688],[33.06908,51.25532],[33.04815,51.24081],[33.02953,51.22729],[33.03896,51.21992],[33.04141,51.20564],[33.0294,51.20482],[33.03018,51.2004],[32.99697,51.19776],[32.9895,51.19759],[32.9771,51.18836],[32.98637,51.18396],[32.97537,51.17518],[32.96039,51.16264],[32.97467,51.15271],[32.99285,51.14344],[32.96748,51.11531],[32.95127,51.09923],[32.94248,51.08967],[32.95526,51.08448],[32.96232,51.08855],[32.98378,51.08644],[33.04097,51.08186],[33.03785,51.07179],[33.06915,51.06921],[33.07089,51.06331],[33.0671,51.05732],[33.06016,51.04921],[33.07086,51.04391],[33.08384,51.04005],[33.08473,51.03838],[33.07701,51.03009],[33.07295,51.03186],[33.06387,51.02266],[33.05893,51.02242],[33.05717,51.01472],[33.05145,51.01224],[33.0468,51.0042],[33.0416,50.99719],[33.03798,50.99401],[33.04786,50.9907],[33.05055,50.98801],[33.06004,50.98666],[33.06176,50.98509],[33.07589,50.98276],[33.07927,50.98131],[33.07816,50.99173],[33.10795,51.00358],[33.11786,51.00676],[33.12623,51.00105],[33.12162,50.99776],[33.12368,50.99334],[33.13944,50.96765],[33.13696,50.96144],[33.1479,50.96178],[33.18174,50.95856],[33.18687,50.95911],[33.18993,50.96225],[33.20024,50.96155],[33.19999,50.93438],[33.197,50.93124],[33.19709,50.91997],[33.21051,50.90185],[33.2024,50.89849],[33.20768,50.89424],[33.20137,50.89337],[33.19678,50.89177],[33.18796,50.89157],[33.18381,50.89213],[33.18065,50.89492],[33.17042,50.88795],[33.16875,50.8815],[33.17003,50.87557],[33.17552,50.87292],[33.17856,50.86686],[33.17403,50.86607],[33.17247,50.85566],[33.16916,50.85069],[33.185,50.84927],[33.18372,50.84582],[33.17999,50.844],[33.17396,50.8434],[33.16772,50.83599],[33.16663,50.83247],[33.16112,50.8289],[33.15513,50.82793],[33.15412,50.82453],[33.15634,50.82144],[33.16075,50.81931],[33.16202,50.81519],[33.16585,50.81473],[33.16538,50.8053],[33.16403,50.80242],[33.16904,50.79961],[33.16424,50.79204],[33.15834,50.79346],[33.15338,50.79303],[33.16505,50.77649],[33.1878,50.75028],[33.1896,50.74653],[33.20766,50.74767],[33.21257,50.73608],[33.2308,50.73792],[33.23269,50.73484],[33.23668,50.73567],[33.23936,50.73214],[33.227,50.73009],[33.22205,50.72828],[33.21412,50.72742],[33.21386,50.72161],[33.20899,50.7212],[33.20436,50.72252],[33.1951,50.72215],[33.1894,50.71974],[33.18225,50.71893],[33.17803,50.71732],[33.1625,50.71487],[33.15926,50.71535],[33.15381,50.70883],[33.13583,50.71084],[33.15108,50.69412],[33.15042,50.68606],[33.14716,50.66738],[33.14678,50.65498],[33.13906,50.6504],[33.13766,50.64854],[33.12693,50.65027],[33.11756,50.64763],[33.11823,50.64096],[33.12159,50.63946],[33.11072,50.61158],[33.10681,50.60789],[33.10271,50.60215],[33.12109,50.59972],[33.12353,50.59831],[33.12198,50.59449],[33.11907,50.59176],[33.10396,50.59341],[33.09237,50.58431],[33.0969,50.58006],[33.08598,50.57211],[33.08047,50.5687],[33.07732,50.56438],[33.07441,50.5576],[33.07157,50.55527],[33.05836,50.5478],[33.04872,50.54093],[33.05063,50.53995],[33.06178,50.5254],[33.06105,50.52189],[33.06528,50.51983],[33.06983,50.51758],[33.07268,50.51884],[33.10112,50.51729],[33.11774,50.50507],[33.12509,50.50876],[33.12989,50.51214],[33.13447,50.51],[33.14612,50.51134],[33.15246,50.52198],[33.15583,50.52111],[33.16708,50.52119],[33.17193,50.52278],[33.17883,50.52056],[33.18529,50.51269],[33.19326,50.50779],[33.20596,50.50824],[33.21407,50.50693],[33.22076,50.50385],[33.22733,50.50944],[33.23871,50.5098],[33.23449,50.51507],[33.23945,50.51868],[33.24115,50.52523],[33.24432,50.53168],[33.2428,50.53726],[33.24413,50.53948],[33.2573,50.54415],[33.25981,50.54734],[33.26472,50.54921],[33.26821,50.5536],[33.27634,50.55343],[33.28514,50.55018],[33.28375,50.54552],[33.29155,50.54518],[33.3004,50.53514],[33.31767,50.533],[33.31886,50.52052],[33.37388,50.52116],[33.37499,50.49753],[33.38531,50.49765],[33.40568,50.4998],[33.41228,50.49962],[33.41391,50.49163],[33.42012,50.49139],[33.41917,50.4828],[33.43391,50.4756],[33.43772,50.47722],[33.43286,50.48383],[33.43484,50.48497],[33.46368,50.49264],[33.47662,50.49048],[33.47914,50.48854],[33.47852,50.48249],[33.48648,50.48157],[33.48903,50.48277],[33.49315,50.48749],[33.4946,50.49179],[33.50168,50.49696],[33.51067,50.4873],[33.51273,50.48679],[33.51677,50.4824],[33.52423,50.48035],[33.53255,50.48218],[33.53892,50.48524],[33.53855,50.48952],[33.56329,50.49002],[33.56314,50.49204],[33.57129,50.49472],[33.58139,50.49065],[33.58774,50.4922],[33.59281,50.49068],[33.61335,50.4872],[33.61385,50.48331],[33.62697,50.48068],[33.68238,50.47264],[33.71729,50.46773],[33.71899,50.46615],[33.73501,50.45849],[33.73923,50.45885],[33.7862,50.4609],[33.78607,50.46406],[33.78968,50.46697],[33.78777,50.47041],[33.7875,50.47766],[33.80489,50.47793],[33.83004,50.48225],[33.82531,50.48838],[33.839,50.49291],[33.84485,50.49081],[33.85099,50.49925],[33.84576,50.50401],[33.82463,50.50838],[33.81538,50.50809],[33.81169,50.51547],[33.8177,50.51774],[33.81979,50.51527],[33.83664,50.51887],[33.84152,50.51946],[33.8389,50.52323],[33.85753,50.5277],[33.87795,50.5335],[33.87883,50.53099],[33.8924,50.53372],[33.89636,50.52749],[33.89696,50.5244],[33.90331,50.5215],[33.90572,50.51806],[33.91299,50.51449],[33.91769,50.51607],[33.92846,50.52498],[33.95462,50.54748],[34.00836,50.52106],[34.00684,50.51961],[34.01653,50.51476],[34.02059,50.51125],[34.03077,50.51124],[34.03102,50.50552],[34.03431,50.50471],[34.04102,50.50499],[34.04979,50.50906],[34.05625,50.50541],[34.05897,50.50758],[34.05627,50.51046],[34.05574,50.51371],[34.06181,50.51628],[34.07134,50.5148],[34.08723,50.51137],[34.09133,50.50905],[34.10546,50.50369],[34.09142,50.49093],[34.0852,50.49077],[34.08566,50.48814],[34.09818,50.48092],[34.10378,50.48192],[34.10585,50.48076],[34.11009,50.48208],[34.11219,50.48687],[34.11731,50.49351],[34.11985,50.51009],[34.14137,50.51367],[34.15365,50.52016],[34.1562,50.51953],[34.15866,50.52244],[34.17475,50.52528],[34.18835,50.52493],[34.19452,50.52334],[34.20415,50.52403],[34.20857,50.52622],[34.21929,50.53336],[34.22858,50.52601],[34.23034,50.52678],[34.24562,50.52298],[34.249,50.51789],[34.25479,50.49012],[34.24976,50.46047],[34.24976,50.45622],[34.25227,50.44254],[34.25832,50.43564],[34.2638,50.43255],[34.27131,50.4325],[34.28076,50.41965],[34.28678,50.41346],[34.29152,50.41095],[34.31151,50.40205],[34.33789,50.39132],[34.34247,50.39058],[34.3608,50.37908],[34.36636,50.37659],[34.37389,50.37438],[34.37417,50.37187],[34.39083,50.36698],[34.37706,50.35876],[34.38336,50.35719],[34.38432,50.35019],[34.3914,50.34464],[34.41,50.33745],[34.41083,50.33513],[34.40893,50.33159],[34.39957,50.31848],[34.44125,50.295],[34.45853,50.28553],[34.46524,50.28856],[34.50738,50.28481],[34.51997,50.28075],[34.51205,50.27449],[34.51534,50.27341],[34.51383,50.26987],[34.52238,50.26126],[34.51923,50.25912],[34.51949,50.25637],[34.5135,50.25478],[34.51254,50.25289],[34.51456,50.24828],[34.51932,50.24481],[34.53058,50.24123],[34.53493,50.24391],[34.5298,50.24661],[34.5279,50.24877],[34.53272,50.25049],[34.53387,50.24824],[34.54342,50.24712],[34.54397,50.245],[34.55063,50.24617],[34.55159,50.24283],[34.55403,50.24097],[34.55516,50.23351],[34.55962,50.22912],[34.56294,50.23028],[34.55894,50.23387],[34.56271,50.23638],[34.57113,50.22663],[34.56936,50.22467],[34.56257,50.20974],[34.55989,50.20592],[34.55366,50.20634],[34.523,50.17702],[34.52545,50.17213],[34.53422,50.17133],[34.52644,50.15437],[34.53735,50.15451],[34.53911,50.14142],[34.54664,50.14059],[34.54638,50.13256],[34.55009,50.13246],[34.56339,50.12612],[34.56909,50.12464],[34.573,50.12068],[34.58029,50.12562],[34.57943,50.12853],[34.594,50.127],[34.60055,50.12254],[34.61699,50.11777],[34.62273,50.11784],[34.62938,50.11307],[34.63426,50.11199],[34.63933,50.11461],[34.64355,50.11434],[34.65006,50.11249],[34.65346,50.11518],[34.65517,50.11181],[34.66161,50.11106],[34.66341,50.11603],[34.66674,50.11718],[34.66742,50.12133],[34.6703,50.1266],[34.67569,50.13053],[34.67507,50.12071],[34.67623,50.11786],[34.6798,50.1154],[34.67729,50.11105],[34.6864,50.11057],[34.69131,50.10966],[34.69839,50.11129],[34.69728,50.11517],[34.6979,50.11975],[34.70025,50.12069],[34.69641,50.12451],[34.6966,50.1324],[34.702,50.13249],[34.70343,50.13569],[34.70145,50.13745],[34.69948,50.1465],[34.7,50.14975],[34.70696,50.15216],[34.72011,50.15093],[34.72221,50.15535],[34.72578,50.15807],[34.73455,50.16047],[34.74961,50.15779],[34.75065,50.15385],[34.73975,50.14487],[34.74733,50.14447],[34.76173,50.14642],[34.78144,50.15346],[34.8006,50.15479],[34.79797,50.15966],[34.80667,50.1605],[34.82203,50.1603],[34.82733,50.1589],[34.8313,50.1563],[34.8424,50.1592],[34.84849,50.165],[34.8535,50.16241],[34.86353,50.1619],[34.9014,50.15923],[34.93095,50.15387],[34.94078,50.15235],[34.96415,50.15549],[34.96767,50.15732],[34.97355,50.15853],[34.97304,50.16254],[34.96206,50.18467],[34.96462,50.18472],[34.97739,50.18222],[34.99414,50.18363],[35.00147,50.18249],[35.00622,50.1779],[35.00891,50.18458],[35.02108,50.18187],[35.03253,50.18015],[35.03106,50.1782],[35.03215,50.17341],[35.02961,50.16615],[35.03958,50.16466],[35.04282,50.16605],[35.04649,50.17137],[35.05868,50.18566],[35.0626,50.18538],[35.06878,50.19056],[35.06971,50.19651],[35.07696,50.20055],[35.07024,50.20588],[35.08954,50.21233],[35.10532,50.21433],[35.12648,50.22558],[35.14849,50.24257],[35.15936,50.23837],[35.19274,50.22848],[35.19766,50.23823],[35.19933,50.23552],[35.2349,50.22824],[35.23748,50.23653],[35.26035,50.23456],[35.26073,50.23807],[35.25916,50.24329],[35.26261,50.2483],[35.26044,50.25684],[35.26224,50.26157],[35.26648,50.26547],[35.29988,50.26248],[35.31595,50.27078],[35.32835,50.27332],[35.33108,50.2767],[35.32529,50.27759],[35.29648,50.28966],[35.32141,50.31152],[35.31867,50.31357],[35.32994,50.31867],[35.35338,50.30751],[35.38219,50.29456],[35.38512,50.30597],[35.38018,50.31123],[35.37892,50.32054],[35.3969,50.31878],[35.41023,50.32101],[35.4147,50.32838],[35.41943,50.33048],[35.42342,50.33511],[35.43612,50.32266],[35.439,50.31692],[35.45957,50.3149],[35.45826,50.30959],[35.4962,50.29247],[35.50417,50.29984],[35.52442,50.29012],[35.52751,50.29409],[35.53013,50.29456],[35.53114,50.29829],[35.53409,50.29832],[35.53532,50.30201],[35.51583,50.31721],[35.52939,50.31823],[35.55727,50.32124],[35.57321,50.31964],[35.58612,50.32631],[35.59383,50.3312],[35.6006,50.32883],[35.61227,50.32613],[35.61726,50.32601],[35.63031,50.32441],[35.62385,50.32039],[35.62809,50.31757],[35.63704,50.31504],[35.63655,50.31344],[35.6501,50.30979],[35.65123,50.31269],[35.65576,50.31239],[35.66036,50.32681],[35.67345,50.32565],[35.67781,50.33013],[35.68208,50.33117],[35.68309,50.3351],[35.68865,50.33471],[35.69273,50.34558],[35.68226,50.34749],[35.68004,50.34264],[35.6537,50.3468],[35.65799,50.35116],[35.62827,50.35445],[35.62643,50.35189],[35.60139,50.3673],[35.61097,50.37398],[35.59787,50.38268],[35.59388,50.39298],[35.58426,50.39257],[35.58369,50.39428],[35.58348,50.43],[35.58719,50.43123],[35.58646,50.44848],[35.58024,50.45286],[35.57954,50.45533],[35.57184,50.46046],[35.56964,50.46426],[35.56187,50.45868],[35.56298,50.45642],[35.57147,50.45769],[35.57153,50.45634],[35.56526,50.45209],[35.56279,50.45189],[35.55874,50.45428],[35.55489,50.45382],[35.55186,50.45829],[35.546,50.45722],[35.53701,50.45962],[35.53777,50.46099],[35.53261,50.4655],[35.51612,50.47212],[35.50747,50.47697],[35.50284,50.48104],[35.49202,50.48486],[35.47892,50.48748],[35.47455,50.49043],[35.46291,50.50465],[35.45914,50.50418],[35.45696,50.50646],[35.45908,50.50806],[35.4576,50.51314],[35.44531,50.52326],[35.44449,50.52929],[35.43624,50.52955],[35.43546,50.53628],[35.43922,50.54042],[35.43876,50.54346],[35.43684,50.54751],[35.43107,50.55531],[35.43046,50.55874],[35.42773,50.56198],[35.4202,50.56673],[35.41145,50.57011],[35.39032,50.57997],[35.39352,50.58206],[35.4003,50.59044],[35.42062,50.59937],[35.42495,50.60303],[35.41869,50.60896],[35.42216,50.61546],[35.41676,50.6158],[35.41281,50.61335],[35.40203,50.63206],[35.39199,50.64176],[35.39279,50.64989],[35.40053,50.65645],[35.40852,50.65537],[35.41987,50.65554],[35.42708,50.65491],[35.46256,50.66627],[35.47719,50.65913],[35.48565,50.65585],[35.48861,50.65845],[35.48672,50.67076],[35.49569,50.67858],[35.48098,50.6817],[35.47202,50.68097],[35.46325,50.68507],[35.46026,50.6889],[35.46301,50.69286],[35.4605,50.69917],[35.4611,50.70312],[35.45945,50.70462],[35.46301,50.70846],[35.46733,50.71074],[35.46725,50.71655],[35.47341,50.72505],[35.4641,50.73496],[35.47162,50.73708],[35.47345,50.74034],[35.46953,50.7443],[35.46975,50.74657],[35.47513,50.75082],[35.47631,50.7535],[35.47411,50.75483],[35.48109,50.76525],[35.48746,50.77591],[35.48742,50.7775],[35.47375,50.78447],[35.47007,50.78332],[35.46311,50.78326],[35.45406,50.7822],[35.44977,50.78305],[35.4359,50.79177],[35.43267,50.79446],[35.41815,50.79788],[35.4115,50.80231],[35.41049,50.80791],[35.41317,50.81488],[35.41706,50.82052],[35.42017,50.8286],[35.41903,50.84373],[35.41291,50.85376],[35.408,50.85824],[35.40644,50.86219],[35.40219,50.86506],[35.39678,50.86449],[35.38502,50.86782],[35.38196,50.87016],[35.38685,50.87505],[35.39413,50.87792],[35.40159,50.87964],[35.38865,50.88535],[35.37981,50.89563],[35.40259,50.90228],[35.40302,50.9035],[35.3976,50.90605],[35.39696,50.90897],[35.40148,50.91057],[35.39837,50.91618],[35.39255,50.91917],[35.39293,50.92467],[35.38678,50.92351],[35.3738,50.92327],[35.36579,50.92579],[35.3722,50.93241],[35.36464,50.93252],[35.35473,50.93149],[35.34785,50.93187],[35.34376,50.93557],[35.33771,50.93429],[35.33322,50.93462],[35.32541,50.94689],[35.32891,50.94797],[35.33002,50.95211],[35.33543,50.95627],[35.33449,50.95873],[35.33645,50.96328],[35.34247,50.96395],[35.34268,50.96702],[35.34842,50.97173],[35.35209,50.9732],[35.34916,50.97693],[35.34323,50.98792],[35.34084,50.98788],[35.33258,50.9922],[35.32977,50.99623],[35.33748,50.99895],[35.33104,51.00297],[35.3278,51.00922],[35.32921,51.01114],[35.33538,51.00864],[35.34853,51.00629],[35.3578,51.00538],[35.36851,51.00843],[35.37505,51.00891],[35.37543,51.01162],[35.38239,51.01286],[35.38373,51.01988],[35.39435,51.02013],[35.39546,51.02243],[35.40193,51.02243],[35.40916,51.0264],[35.40783,51.02898],[35.40366,51.02897],[35.40001,51.03355],[35.4036,51.03456],[35.40377,51.03889],[35.40921,51.0391],[35.40568,51.0426],[35.40597,51.04812],[35.39773,51.05252],[35.39485,51.05488],[35.38686,51.05345],[35.37505,51.06707],[35.3729,51.06592],[35.36083,51.06634],[35.35679,51.06532],[35.35079,51.06225],[35.34544,51.06375],[35.32894,51.0708],[35.32602,51.07415],[35.32766,51.07618],[35.31304,51.0771],[35.31249,51.07824],[35.30435,51.07849],[35.30176,51.07212],[35.29568,51.06931],[35.29037,51.06949],[35.28689,51.06754],[35.2808,51.06715],[35.27468,51.06307],[35.27563,51.06033],[35.26944,51.05759],[35.26482,51.05943],[35.26252,51.06299],[35.25379,51.06166],[35.24879,51.06507],[35.24332,51.06368],[35.24231,51.06144],[35.22717,51.05482],[35.22598,51.05246],[35.22124,51.0505],[35.213,51.04581],[35.2059,51.04786],[35.20377,51.05125],[35.19706,51.05158],[35.18928,51.05344],[35.18952,51.05657],[35.18256,51.06193],[35.18277,51.06295],[35.17686,51.07063],[35.17246,51.0725],[35.17055,51.075],[35.1662,51.0771],[35.16364,51.0833],[35.15926,51.08093],[35.15465,51.08062],[35.15094,51.08263],[35.14766,51.08264],[35.15605,51.09069],[35.17342,51.08726],[35.17683,51.0988],[35.17315,51.10038],[35.16444,51.10101],[35.16306,51.10873],[35.16401,51.11265],[35.16865,51.11929],[35.17465,51.12141],[35.16836,51.12621],[35.15412,51.13114],[35.143,51.13354],[35.14364,51.1363],[35.14143,51.14059],[35.13518,51.14804],[35.14026,51.15073],[35.13842,51.15385],[35.12988,51.15777],[35.1248,51.16155],[35.12324,51.16521],[35.13418,51.17097],[35.1306,51.17389],[35.13002,51.19391],[35.1427,51.2033],[35.14212,51.20749],[35.13733,51.21034],[35.13864,51.2157],[35.14073,51.21782],[35.14998,51.22078],[35.1503,51.22326],[35.11936,51.23161],[35.11762,51.22997],[35.10484,51.23271],[35.08465,51.23033],[35.07267,51.23259],[35.06638,51.22894],[35.06111,51.22193],[35.06345,51.21822],[35.06198,51.21572],[35.05652,51.21303],[35.05531,51.21109],[35.04573,51.20757],[35.04282,51.20553],[35.03857,51.20553],[35.03794,51.21775],[35.0228,51.22114],[35.02114,51.22379],[35.01371,51.2281],[35.00967,51.23167],[35.0056,51.23189],[34.99993,51.22924],[34.99177,51.22912],[34.98211,51.23184],[34.98017,51.23496],[34.9657,51.23166],[34.95392,51.22717],[34.95151,51.22531],[34.9535,51.2218],[34.95187,51.2193],[34.94103,51.21781],[34.93931,51.21612],[34.93924,51.2114],[34.93402,51.2072],[34.92503,51.20516],[34.91251,51.20595],[34.90547,51.20385],[34.90524,51.19956],[34.89812,51.19303],[34.88824,51.19544],[34.88386,51.19586],[34.87918,51.19432],[34.87553,51.19134],[34.87245,51.19193],[34.86245,51.19928],[34.84587,51.19106],[34.84793,51.18941],[34.84008,51.18478],[34.83348,51.18296],[34.83459,51.17822],[34.83494,51.16962],[34.83216,51.16913],[34.81778,51.16911],[34.81538,51.17121],[34.80898,51.17233],[34.80845,51.17653],[34.79829,51.17569],[34.79329,51.17865],[34.78754,51.18323],[34.784,51.18378],[34.77859,51.17785],[34.77253,51.17498],[34.75917,51.17714],[34.75286,51.18053],[34.74625,51.17946],[34.73651,51.17923],[34.73128,51.18247],[34.7167,51.17154],[34.68828,51.18119],[34.66862,51.1975],[34.66297,51.24627],[34.64912,51.24801],[34.63655,51.25068],[34.62395,51.25092],[34.62098,51.2502],[34.61077,51.25106],[34.60405,51.25453],[34.60109,51.25071],[34.60224,51.24716],[34.59417,51.24364],[34.58458,51.23622],[34.57921,51.23406],[34.55579,51.2444],[34.54118,51.25253],[34.52334,51.25256],[34.5133,51.24231],[34.50492,51.24245],[34.48631,51.24435],[34.47473,51.2491],[34.46454,51.25104],[34.45695,51.25461],[34.45277,51.259],[34.44596,51.26144],[34.43874,51.2564],[34.42879,51.25916],[34.41268,51.26272],[34.41395,51.26506],[34.40334,51.26917],[34.39972,51.27113],[34.38395,51.27365],[34.37916,51.27046],[34.36801,51.26484],[34.36389,51.26167],[34.34184,51.24673],[34.33105,51.23987],[34.32233,51.23907],[34.3055,51.23826],[34.29162,51.24499],[34.28412,51.24922],[34.27474,51.25129],[34.25735,51.25735],[34.25411,51.25932],[34.24391,51.26332],[34.24002,51.26253],[34.23795,51.26415],[34.23074,51.26519],[34.23388,51.26973],[34.23093,51.27166],[34.23521,51.27457],[34.24587,51.27616],[34.25126,51.27529],[34.25505,51.28176],[34.24587,51.28416],[34.24304,51.28744],[34.24142,51.2922],[34.24514,51.29612],[34.24913,51.29646],[34.25009,51.29908],[34.25463,51.29901],[34.25825,51.3022],[34.26256,51.2996],[34.2664,51.29874],[34.2701,51.30714],[34.27211,51.31491],[34.27716,51.31278],[34.27817,51.30923],[34.28219,51.31133],[34.28071,51.31785],[34.28521,51.3209],[34.28943,51.32239],[34.28141,51.3345],[34.28702,51.33917],[34.29092,51.33928],[34.29761,51.33479],[34.30062,51.33441],[34.3061,51.33622],[34.31014,51.33516],[34.31799,51.33664],[34.31902,51.33852],[34.31534,51.34209],[34.31711,51.34394],[34.33373,51.35195],[34.33776,51.35529],[34.33851,51.35794],[34.33169,51.36257],[34.33565,51.36358],[34.33593,51.36609],[34.32994,51.36856],[34.32333,51.36866],[34.31268,51.37262],[34.30715,51.37344],[34.3052,51.37908],[34.3008,51.37768],[34.30092,51.37453],[34.29449,51.37322],[34.28614,51.3747],[34.29308,51.38759],[34.28085,51.39014],[34.27793,51.38639],[34.27326,51.38707],[34.2692,51.38519],[34.26181,51.39024],[34.25669,51.39712],[34.24596,51.40231],[34.23487,51.39924],[34.22774,51.3995],[34.2275,51.40406],[34.2258,51.41057],[34.22095,51.41705],[34.22667,51.42199],[34.22262,51.42841],[34.24719,51.43116],[34.24553,51.43673],[34.25478,51.43988],[34.25454,51.44313],[34.2506,51.44838],[34.24547,51.45184],[34.24498,51.45636],[34.25728,51.46076],[34.25875,51.46615],[34.26289,51.46835],[34.26604,51.47444],[34.27736,51.4751],[34.28168,51.47314],[34.28519,51.47497],[34.29216,51.48039],[34.29189,51.48489]]]},"properties":{"oblast":"sumy_oblast","id":"sumy_oblast","name":"Сумська область"}},{"type":"Feature","geometry":{"type":"Polygon","coordinates":[[[25.42666,49.93911],[25.42241,49.93851],[25.41568,49.93441],[25.40053,49.93748],[25.39392,49.93418],[25.39071,49.93453],[25.38714,49.93247],[25.387,49.92709],[25.38349,49.92164],[25.37989,49.91857],[25.37636,49.91321],[25.38196,49.90542],[25.38681,49.9019],[25.38904,49.89696],[25.38131,49.88318],[25.3806,49.87695],[25.37189,49.87603],[25.37179,49.87409],[25.37584,49.86856],[25.37121,49.86537],[25.35906,49.86504],[25.34753,49.86265],[25.33871,49.8637],[25.33618,49.86314],[25.33642,49.85931],[25.31158,49.85444],[25.30959,49.85293],[25.30376,49.85251],[25.29911,49.85371],[25.2968,49.84932],[25.29997,49.84833],[25.29975,49.84554],[25.29365,49.84388],[25.29014,49.84013],[25.29379,49.83628],[25.29282,49.83307],[25.28552,49.82792],[25.27058,49.82968],[25.26586,49.83072],[25.26312,49.83271],[25.26221,49.83675],[25.25589,49.83669],[25.25528,49.83373],[25.24771,49.83401],[25.24734,49.82573],[25.23643,49.82403],[25.21148,49.82675],[25.21085,49.82936],[25.20256,49.83224],[25.19185,49.83466],[25.18034,49.83803],[25.17256,49.83201],[25.16035,49.83421],[25.15161,49.83261],[25.15092,49.828],[25.14414,49.82807],[25.14447,49.82427],[25.14292,49.81975],[25.14363,49.81747],[25.13757,49.81491],[25.1344,49.81689],[25.12361,49.81841],[25.10914,49.81862],[25.1046,49.82049],[25.09648,49.82225],[25.09061,49.82655],[25.08518,49.82807],[25.08326,49.82724],[25.08241,49.8203],[25.08344,49.80923],[25.08408,49.7968],[25.08951,49.78841],[25.08984,49.78247],[25.08655,49.77809],[25.07561,49.77914],[25.07515,49.77258],[25.07234,49.77022],[25.08694,49.7633],[25.09155,49.75983],[25.10424,49.75632],[25.11496,49.74597],[25.11185,49.74148],[25.10058,49.73272],[25.09488,49.72948],[25.09375,49.73079],[25.0794,49.72186],[25.07222,49.71682],[25.07434,49.71483],[25.0676,49.71149],[25.06296,49.71378],[25.04427,49.72968],[25.03332,49.73262],[25.03027,49.73466],[25.02251,49.73605],[25.0115,49.7186],[24.99919,49.69974],[24.99959,49.69609],[24.99867,49.68955],[24.9943,49.66895],[24.99591,49.66233],[24.99041,49.66276],[24.98712,49.6523],[24.98795,49.64774],[24.99053,49.64505],[24.9867,49.64231],[24.98272,49.63663],[24.96874,49.64076],[24.96605,49.64011],[24.96493,49.63358],[24.96238,49.62792],[24.95952,49.62577],[24.95641,49.61879],[24.95177,49.61427],[24.94736,49.61457],[24.94764,49.61732],[24.93055,49.6165],[24.93817,49.61489],[24.93986,49.61333],[24.9411,49.60806],[24.9297,49.60918],[24.92299,49.61084],[24.91737,49.61378],[24.90894,49.61478],[24.90316,49.61338],[24.89851,49.6106],[24.90224,49.60867],[24.90089,49.60454],[24.90473,49.6021],[24.9034,49.59927],[24.89047,49.60074],[24.8858,49.60202],[24.88255,49.60862],[24.87128,49.60916],[24.87002,49.60454],[24.86541,49.6048],[24.86405,49.5992],[24.84575,49.60106],[24.84371,49.59995],[24.83439,49.59975],[24.83407,49.59683],[24.83711,49.59208],[24.83707,49.58902],[24.83921,49.58697],[24.83976,49.58081],[24.83385,49.57971],[24.83141,49.58455],[24.83145,49.59008],[24.82908,49.5929],[24.82253,49.59095],[24.81426,49.58651],[24.80187,49.58765],[24.79678,49.58409],[24.79271,49.57449],[24.79119,49.57268],[24.7807,49.57282],[24.76558,49.57234],[24.76123,49.57395],[24.7576,49.57198],[24.729,49.57022],[24.72823,49.57254],[24.724,49.57248],[24.71797,49.57032],[24.72119,49.56884],[24.72309,49.56113],[24.72605,49.55347],[24.72928,49.54715],[24.72634,49.54514],[24.72217,49.53958],[24.72367,49.53403],[24.71787,49.53134],[24.71951,49.52887],[24.72083,49.5105],[24.72262,49.5089],[24.72071,49.4969],[24.73075,49.49083],[24.72909,49.48922],[24.72908,49.48542],[24.72398,49.48164],[24.72853,49.48048],[24.7326,49.4773],[24.73983,49.46912],[24.74348,49.4672],[24.74602,49.46377],[24.74511,49.4598],[24.75136,49.45112],[24.75066,49.44981],[24.76293,49.44068],[24.76737,49.43438],[24.77118,49.43093],[24.77059,49.42746],[24.76726,49.42429],[24.77031,49.42073],[24.77442,49.41316],[24.77303,49.40738],[24.77441,49.39999],[24.77291,49.394],[24.77659,49.386],[24.78004,49.384],[24.77836,49.38123],[24.78736,49.38111],[24.79645,49.38221],[24.81122,49.39117],[24.81517,49.38719],[24.82573,49.38646],[24.82916,49.38513],[24.82849,49.37991],[24.83185,49.37306],[24.83092,49.37055],[24.83372,49.36281],[24.83938,49.35714],[24.84368,49.35415],[24.85023,49.35303],[24.8563,49.34957],[24.85941,49.34658],[24.85178,49.34505],[24.84925,49.33558],[24.84429,49.33659],[24.84429,49.33281],[24.84233,49.32772],[24.83981,49.32415],[24.83718,49.32508],[24.8334,49.3197],[24.82872,49.32064],[24.8287,49.31108],[24.8318,49.3056],[24.83043,49.30348],[24.82809,49.28548],[24.84046,49.28308],[24.84393,49.27051],[24.84373,49.26256],[24.86011,49.25779],[24.86829,49.25828],[24.88345,49.25265],[24.89367,49.24776],[24.90141,49.2427],[24.91122,49.23959],[24.91876,49.2386],[24.92626,49.23845],[24.93328,49.23554],[24.93349,49.22962],[24.92247,49.22615],[24.91144,49.22139],[24.89877,49.21478],[24.88697,49.19817],[24.8576,49.1784],[24.85658,49.17073],[24.85764,49.16538],[24.86148,49.15981],[24.86653,49.16183],[24.87333,49.15499],[24.87994,49.14703],[24.88389,49.14408],[24.89302,49.13916],[24.89977,49.13038],[24.89993,49.1289],[24.91915,49.12754],[24.92862,49.12738],[24.95336,49.12558],[24.95643,49.12761],[24.97322,49.12004],[24.9835,49.11704],[24.98368,49.11232],[24.97809,49.10639],[24.97648,49.10196],[24.97697,49.09961],[24.9741,49.09717],[24.97844,49.09404],[24.97987,49.08975],[24.97846,49.08732],[24.97461,49.08591],[24.97368,49.08253],[24.98567,49.07858],[24.99163,49.07859],[24.99113,49.07129],[24.98206,49.07131],[24.97181,49.07222],[24.9658,49.07205],[24.96278,49.07638],[24.95882,49.07579],[24.95184,49.07834],[24.93144,49.08157],[24.91631,49.08301],[24.91214,49.07873],[24.91577,49.07478],[24.91238,49.06759],[24.90653,49.06627],[24.90453,49.06306],[24.90458,49.0573],[24.90279,49.05275],[24.90492,49.04967],[24.9113,49.05095],[24.91577,49.04521],[24.92529,49.03834],[24.93068,49.03652],[24.93625,49.03092],[24.94719,49.02548],[24.9598,49.02011],[24.96148,49.01582],[24.96954,49.01125],[24.97232,49.00684],[24.97218,49.00353],[24.96986,49.00053],[24.96463,48.99648],[24.96562,48.99233],[24.98989,48.99939],[25.00847,49.00644],[25.01763,49.01133],[25.02362,49.00899],[25.03755,49.00039],[25.0433,48.998],[25.04907,48.99694],[25.05288,48.99285],[25.06136,48.99042],[25.06669,48.98988],[25.076,48.98721],[25.07876,48.9841],[25.08754,48.9838],[25.08764,48.97963],[25.09627,48.98221],[25.09726,48.98482],[25.10317,48.98775],[25.10348,48.99234],[25.11095,48.99717],[25.11629,48.99513],[25.11643,48.992],[25.1103,48.98709],[25.10767,48.98341],[25.10696,48.97892],[25.10847,48.97363],[25.11146,48.9683],[25.10849,48.96519],[25.11447,48.961],[25.11988,48.95862],[25.127,48.95696],[25.13136,48.95461],[25.13429,48.95096],[25.14347,48.94727],[25.14725,48.94391],[25.14511,48.93973],[25.13624,48.93363],[25.13172,48.93148],[25.12375,48.92898],[25.11905,48.92617],[25.11817,48.92143],[25.11994,48.91697],[25.12645,48.90978],[25.12911,48.90135],[25.13557,48.89087],[25.13607,48.88471],[25.13803,48.8775],[25.13666,48.87489],[25.14521,48.87283],[25.14762,48.87055],[25.15301,48.86778],[25.16073,48.86542],[25.16362,48.86538],[25.16777,48.8675],[25.17232,48.87265],[25.17365,48.88146],[25.17248,48.88606],[25.16724,48.89013],[25.16665,48.89206],[25.17075,48.8978],[25.17521,48.8991],[25.19531,48.91159],[25.19816,48.91469],[25.19784,48.91677],[25.19207,48.92148],[25.19002,48.9248],[25.194,48.92745],[25.20957,48.92192],[25.21256,48.92241],[25.22469,48.93065],[25.23296,48.93227],[25.23655,48.93001],[25.23825,48.92479],[25.23658,48.91799],[25.23261,48.91396],[25.22972,48.90912],[25.2309,48.89667],[25.23031,48.88921],[25.22867,48.88219],[25.22502,48.87472],[25.21897,48.86515],[25.2115,48.85569],[25.20868,48.84884],[25.21116,48.84597],[25.22045,48.84532],[25.22774,48.84786],[25.22956,48.84989],[25.23234,48.85616],[25.23445,48.8632],[25.23758,48.86557],[25.24523,48.86675],[25.25292,48.86636],[25.26208,48.86675],[25.27172,48.86566],[25.28294,48.86283],[25.28763,48.85568],[25.28892,48.84804],[25.29214,48.84496],[25.298,48.84387],[25.30507,48.8445],[25.31108,48.84639],[25.31795,48.84715],[25.32407,48.84531],[25.32558,48.84301],[25.32549,48.83788],[25.34466,48.83754],[25.3411,48.84716],[25.34067,48.85234],[25.34193,48.85565],[25.34713,48.85837],[25.35474,48.85959],[25.36659,48.85848],[25.38028,48.85467],[25.3875,48.85226],[25.39664,48.85001],[25.4036,48.84757],[25.41728,48.84421],[25.42804,48.84274],[25.43381,48.84378],[25.43905,48.84747],[25.43583,48.85451],[25.42774,48.8631],[25.42667,48.86559],[25.42753,48.86897],[25.434,48.87206],[25.43839,48.87178],[25.45302,48.86668],[25.45946,48.86247],[25.46475,48.8607],[25.46852,48.85773],[25.46932,48.85514],[25.46634,48.85143],[25.46086,48.8469],[25.45065,48.83993],[25.45006,48.83627],[25.455,48.83102],[25.46839,48.82687],[25.47586,48.8238],[25.48453,48.82116],[25.49292,48.81556],[25.498,48.80999],[25.50413,48.8068],[25.51108,48.8051],[25.51533,48.80506],[25.52206,48.80348],[25.53264,48.80283],[25.5442,48.80288],[25.55369,48.79903],[25.56052,48.79561],[25.56732,48.791],[25.57396,48.78516],[25.57809,48.78239],[25.58672,48.77512],[25.59789,48.76688],[25.60462,48.76367],[25.62091,48.75826],[25.63168,48.75381],[25.63855,48.75003],[25.64113,48.74622],[25.64012,48.74264],[25.63733,48.73966],[25.63291,48.73719],[25.62342,48.73413],[25.612,48.72835],[25.61016,48.72556],[25.61136,48.71956],[25.61733,48.71619],[25.63026,48.71467],[25.64607,48.71141],[25.65129,48.70796],[25.65295,48.70547],[25.65205,48.70034],[25.64897,48.69625],[25.64471,48.69317],[25.63748,48.68946],[25.62961,48.68669],[25.62211,48.68185],[25.62083,48.67905],[25.62347,48.67505],[25.62809,48.67283],[25.63797,48.67002],[25.64479,48.6693],[25.65265,48.66694],[25.66418,48.66664],[25.67888,48.66441],[25.68337,48.66411],[25.69791,48.6649],[25.70597,48.66446],[25.71368,48.66205],[25.71978,48.65679],[25.72237,48.65289],[25.72486,48.64171],[25.72646,48.63823],[25.73118,48.6344],[25.73546,48.63324],[25.74405,48.63473],[25.74651,48.63784],[25.74703,48.64753],[25.75089,48.65479],[25.75537,48.6608],[25.76095,48.66639],[25.76958,48.67182],[25.77853,48.6752],[25.78498,48.67526],[25.7983,48.66981],[25.80367,48.66808],[25.81006,48.66296],[25.8207,48.65218],[25.8216,48.6475],[25.83408,48.63842],[25.84029,48.63075],[25.85069,48.62421],[25.85428,48.62123],[25.85656,48.61731],[25.85686,48.61375],[25.84779,48.60393],[25.84783,48.59853],[25.85026,48.59658],[25.85818,48.59681],[25.86531,48.59785],[25.8737,48.59995],[25.87853,48.59886],[25.89905,48.58913],[25.90466,48.58749],[25.91446,48.58683],[25.92278,48.58755],[25.93379,48.59103],[25.94264,48.59687],[25.95165,48.60569],[25.97169,48.61992],[25.97793,48.62105],[25.98545,48.62024],[25.9931,48.61816],[26.00861,48.61086],[26.01415,48.6096],[26.02208,48.6109],[26.02873,48.61865],[26.02996,48.62273],[26.02884,48.63403],[26.02934,48.63838],[26.03181,48.64341],[26.03523,48.64654],[26.04172,48.64889],[26.04665,48.649],[26.0563,48.64574],[26.05965,48.6419],[26.0621,48.63701],[26.06244,48.63288],[26.05912,48.62577],[26.05843,48.62213],[26.06042,48.61717],[26.06472,48.61165],[26.06584,48.60835],[26.06515,48.60518],[26.06121,48.60112],[26.05063,48.59577],[26.04412,48.58861],[26.04378,48.58628],[26.04722,48.58157],[26.05834,48.56996],[26.06908,48.56451],[26.07917,48.55748],[26.08623,48.54878],[26.08948,48.54047],[26.09546,48.53813],[26.10532,48.53897],[26.11665,48.54443],[26.1229,48.548],[26.12708,48.5544],[26.12761,48.55875],[26.12653,48.56315],[26.12163,48.57131],[26.10614,48.58049],[26.10437,48.58451],[26.10378,48.59175],[26.0971,48.59718],[26.09598,48.59956],[26.09745,48.6098],[26.10032,48.61391],[26.10508,48.61739],[26.11467,48.61995],[26.122,48.61893],[26.12645,48.61571],[26.1325,48.60911],[26.14177,48.60114],[26.14452,48.59735],[26.14542,48.59231],[26.1445,48.58295],[26.14259,48.57059],[26.14452,48.56163],[26.14488,48.55634],[26.14661,48.54625],[26.1502,48.54033],[26.15341,48.53667],[26.16141,48.53129],[26.16632,48.52894],[26.17199,48.52782],[26.17838,48.5278],[26.18671,48.52584],[26.19958,48.52576],[26.20436,48.52708],[26.21523,48.5282],[26.2299,48.53095],[26.25073,48.53723],[26.26356,48.53973],[26.26786,48.53998],[26.27787,48.53774],[26.28106,48.53481],[26.29275,48.51649],[26.299,48.51037],[26.30497,48.50833],[26.3097,48.5093],[26.31898,48.51516],[26.32477,48.51706],[26.32875,48.51639],[26.3399,48.51071],[26.35009,48.50804],[26.35422,48.50754],[26.35866,48.50846],[26.36536,48.51124],[26.3701,48.51502],[26.37986,48.52524],[26.38412,48.53128],[26.38786,48.53377],[26.39491,48.53595],[26.40324,48.53713],[26.41256,48.5373],[26.42335,48.53546],[26.43089,48.53489],[26.43783,48.53613],[26.44379,48.53862],[26.4416,48.54423],[26.43566,48.54708],[26.42854,48.54732],[26.42198,48.54231],[26.41486,48.54081],[26.40894,48.54211],[26.40531,48.54426],[26.39768,48.55201],[26.39738,48.55417],[26.38629,48.5631],[26.37981,48.56467],[26.37567,48.56311],[26.37535,48.56068],[26.37781,48.55855],[26.37896,48.55362],[26.37803,48.54926],[26.37501,48.54527],[26.37214,48.54336],[26.36647,48.54166],[26.36139,48.54152],[26.35793,48.54429],[26.35887,48.54625],[26.36647,48.55118],[26.36647,48.55516],[26.36431,48.55872],[26.36113,48.56102],[26.35356,48.56026],[26.34574,48.56195],[26.33826,48.56586],[26.33644,48.56963],[26.33957,48.57356],[26.35089,48.5776],[26.35483,48.57808],[26.35923,48.5808],[26.36097,48.58633],[26.35846,48.5889],[26.34531,48.58502],[26.34107,48.58678],[26.34389,48.5927],[26.34104,48.59766],[26.33753,48.59613],[26.33262,48.59668],[26.32489,48.59935],[26.32676,48.61074],[26.31986,48.61458],[26.31553,48.61571],[26.30658,48.61631],[26.30564,48.6179],[26.29341,48.62238],[26.29271,48.62581],[26.29917,48.62799],[26.30458,48.62545],[26.31435,48.62426],[26.31857,48.62505],[26.32231,48.6272],[26.32371,48.63167],[26.32106,48.63599],[26.31692,48.63783],[26.30253,48.63533],[26.29387,48.63574],[26.28805,48.64],[26.2985,48.64421],[26.30891,48.6498],[26.30976,48.65377],[26.30751,48.6575],[26.30038,48.65797],[26.29695,48.65588],[26.29625,48.65325],[26.29242,48.65054],[26.2867,48.64851],[26.28454,48.64921],[26.28023,48.64691],[26.27729,48.6487],[26.27419,48.64713],[26.26723,48.65019],[26.27314,48.65374],[26.27716,48.65944],[26.2769,48.66347],[26.28134,48.66824],[26.28009,48.67128],[26.27476,48.67495],[26.26834,48.67435],[26.26239,48.66935],[26.25874,48.66776],[26.25226,48.66747],[26.24604,48.66927],[26.24267,48.67214],[26.24155,48.67898],[26.24581,48.6822],[26.24235,48.6831],[26.23496,48.68152],[26.22449,48.68335],[26.21951,48.68885],[26.22163,48.69261],[26.23436,48.69256],[26.23772,48.69704],[26.23755,48.69994],[26.23315,48.69997],[26.22906,48.70934],[26.23196,48.71355],[26.23973,48.71937],[26.23903,48.72228],[26.23536,48.72628],[26.2352,48.72934],[26.24258,48.73356],[26.24394,48.73717],[26.24157,48.74074],[26.23475,48.74271],[26.23105,48.74583],[26.22643,48.74721],[26.22379,48.74929],[26.22375,48.75312],[26.22651,48.75514],[26.23142,48.75133],[26.23607,48.74941],[26.24251,48.75002],[26.24579,48.75473],[26.24499,48.75638],[26.23618,48.75849],[26.23127,48.76046],[26.2301,48.76397],[26.23834,48.76904],[26.23784,48.77562],[26.23194,48.77992],[26.224,48.77987],[26.22055,48.77903],[26.21516,48.78007],[26.21159,48.78294],[26.21083,48.78869],[26.20923,48.79011],[26.20729,48.79727],[26.21066,48.80114],[26.21443,48.80197],[26.21829,48.79962],[26.21695,48.79567],[26.21806,48.7933],[26.22437,48.79227],[26.23265,48.78995],[26.23586,48.79378],[26.22953,48.80431],[26.22441,48.80903],[26.22486,48.81241],[26.22716,48.81435],[26.236,48.81406],[26.23969,48.81191],[26.23926,48.81006],[26.24957,48.80826],[26.25362,48.80882],[26.25846,48.81555],[26.25662,48.81697],[26.25657,48.82045],[26.25252,48.8224],[26.24881,48.82261],[26.24044,48.81802],[26.23569,48.81783],[26.23272,48.82018],[26.23262,48.82693],[26.22905,48.82954],[26.22258,48.83145],[26.21854,48.83602],[26.2223,48.84383],[26.22176,48.84753],[26.2177,48.85062],[26.2058,48.85365],[26.20261,48.85535],[26.19999,48.85862],[26.19995,48.86132],[26.20323,48.86269],[26.20868,48.86302],[26.21146,48.86448],[26.21236,48.8674],[26.2058,48.87497],[26.20994,48.87874],[26.21253,48.87893],[26.21383,48.88204],[26.21122,48.88315],[26.21037,48.88615],[26.20545,48.89044],[26.20387,48.89553],[26.20637,48.89897],[26.21641,48.90044],[26.22061,48.90303],[26.2244,48.90367],[26.22519,48.90608],[26.22316,48.91095],[26.22038,48.91269],[26.21108,48.91335],[26.20619,48.9078],[26.19928,48.90373],[26.19599,48.90356],[26.18602,48.90993],[26.1838,48.91579],[26.18526,48.918],[26.19497,48.91734],[26.19852,48.91824],[26.19925,48.92106],[26.19461,48.92551],[26.19411,48.93379],[26.19736,48.93774],[26.20238,48.94161],[26.20635,48.94639],[26.20821,48.95454],[26.2072,48.9573],[26.19973,48.96084],[26.18771,48.96301],[26.1816,48.96531],[26.177,48.96965],[26.17734,48.97369],[26.17896,48.97606],[26.18438,48.97879],[26.19187,48.97645],[26.19678,48.97418],[26.20442,48.9762],[26.21171,48.98195],[26.21139,48.98494],[26.20834,48.9879],[26.20378,48.98851],[26.19587,48.98783],[26.18717,48.98807],[26.18237,48.98963],[26.17606,48.99541],[26.18093,49.0003],[26.18611,49.00234],[26.19526,49.00356],[26.19682,49.00055],[26.21201,48.99981],[26.21417,49.00104],[26.21552,49.00482],[26.21541,49.01071],[26.21417,49.01291],[26.20537,49.01638],[26.19833,49.02317],[26.19786,49.02599],[26.19951,49.02932],[26.20692,49.03007],[26.2087,49.03127],[26.20786,49.03564],[26.19301,49.04524],[26.18573,49.0512],[26.18381,49.05512],[26.18532,49.06009],[26.18794,49.06225],[26.19774,49.06554],[26.20473,49.06633],[26.21434,49.07066],[26.21391,49.07404],[26.20817,49.07398],[26.20154,49.07289],[26.19509,49.07342],[26.19199,49.07738],[26.19678,49.08119],[26.19796,49.08386],[26.19877,49.09261],[26.20403,49.09758],[26.20465,49.10103],[26.20317,49.11374],[26.20063,49.11441],[26.19896,49.12353],[26.19559,49.12784],[26.1989,49.13035],[26.20369,49.13165],[26.20485,49.13454],[26.19875,49.13545],[26.19455,49.13749],[26.19895,49.14633],[26.19172,49.15222],[26.19008,49.15851],[26.1922,49.16133],[26.19549,49.16275],[26.20229,49.15799],[26.21087,49.16189],[26.20816,49.16547],[26.20925,49.16726],[26.20388,49.16917],[26.1925,49.17053],[26.19012,49.17374],[26.19329,49.17636],[26.19618,49.1817],[26.18464,49.19265],[26.18376,49.19823],[26.19132,49.20869],[26.19496,49.21127],[26.19601,49.21423],[26.1921,49.21648],[26.19056,49.21929],[26.19507,49.22076],[26.20041,49.21975],[26.20317,49.22246],[26.19888,49.22735],[26.20073,49.22954],[26.2047,49.2305],[26.20744,49.23282],[26.20096,49.23779],[26.20078,49.24157],[26.20286,49.24464],[26.20783,49.24601],[26.21642,49.24528],[26.22179,49.24616],[26.23652,49.24522],[26.24335,49.24286],[26.24646,49.24919],[26.24163,49.25372],[26.24739,49.25635],[26.25607,49.26134],[26.25838,49.26407],[26.25117,49.26918],[26.24368,49.27226],[26.24142,49.2747],[26.24195,49.278],[26.24816,49.27904],[26.25421,49.27624],[26.2569,49.27904],[26.25001,49.28418],[26.24897,49.2867],[26.25839,49.28821],[26.25789,49.29198],[26.25083,49.2955],[26.24612,49.3007],[26.25103,49.30661],[26.25071,49.31011],[26.24402,49.31651],[26.23281,49.32149],[26.2278,49.32442],[26.22538,49.32905],[26.22551,49.33791],[26.22736,49.3469],[26.22921,49.35045],[26.23331,49.35055],[26.23979,49.34593],[26.24367,49.34738],[26.24377,49.35353],[26.24207,49.35482],[26.23345,49.35569],[26.23214,49.35734],[26.23933,49.3637],[26.24424,49.36975],[26.23262,49.37263],[26.22277,49.37578],[26.2206,49.37934],[26.22622,49.38044],[26.22962,49.38305],[26.22852,49.38622],[26.2319,49.39226],[26.23057,49.39473],[26.23563,49.39976],[26.23438,49.40114],[26.22477,49.40315],[26.22442,49.40517],[26.22928,49.40775],[26.22077,49.4117],[26.21498,49.41805],[26.21048,49.41606],[26.20589,49.41929],[26.20152,49.42068],[26.19648,49.42555],[26.1928,49.43043],[26.19255,49.43368],[26.20081,49.43873],[26.20148,49.44232],[26.1961,49.44456],[26.19287,49.44994],[26.18963,49.45291],[26.18903,49.46039],[26.18973,49.46442],[26.18965,49.47356],[26.18816,49.4809],[26.18605,49.48183],[26.18005,49.4872],[26.1729,49.49018],[26.16703,49.49122],[26.1634,49.49576],[26.1585,49.49853],[26.15538,49.5022],[26.15196,49.50427],[26.15107,49.50701],[26.14265,49.50872],[26.14463,49.51325],[26.15727,49.52025],[26.15873,49.53208],[26.16511,49.53626],[26.17105,49.54175],[26.17559,49.54926],[26.18589,49.55143],[26.19067,49.55674],[26.19886,49.55571],[26.20205,49.55409],[26.20043,49.55082],[26.20348,49.5462],[26.21015,49.54711],[26.21901,49.5512],[26.21935,49.55397],[26.21631,49.55609],[26.21342,49.56374],[26.21538,49.56714],[26.21185,49.5738],[26.20734,49.57687],[26.20971,49.58271],[26.21284,49.58294],[26.21436,49.59041],[26.20802,49.59473],[26.20417,49.60046],[26.20226,49.60144],[26.19919,49.60695],[26.20002,49.60956],[26.20863,49.60985],[26.20994,49.61296],[26.21475,49.6162],[26.21743,49.62012],[26.22553,49.62352],[26.22886,49.62924],[26.22962,49.63451],[26.2315,49.63665],[26.2393,49.63787],[26.24968,49.63385],[26.25306,49.63313],[26.2626,49.63754],[26.26549,49.64207],[26.25948,49.65179],[26.25995,49.65373],[26.26417,49.65494],[26.26929,49.65496],[26.27238,49.65696],[26.26888,49.66096],[26.26865,49.66878],[26.26556,49.67197],[26.25707,49.67595],[26.24906,49.68202],[26.24409,49.69149],[26.23879,49.69491],[26.22819,49.69775],[26.22295,49.70291],[26.20875,49.70754],[26.19433,49.70969],[26.19084,49.71415],[26.1946,49.71584],[26.2055,49.72633],[26.21256,49.73078],[26.21413,49.73535],[26.22679,49.73803],[26.24329,49.7452],[26.24229,49.74785],[26.24198,49.75705],[26.23917,49.76191],[26.23628,49.77139],[26.23938,49.77251],[26.24079,49.77565],[26.23078,49.77716],[26.22563,49.78],[26.22967,49.78702],[26.22769,49.78736],[26.22676,49.79348],[26.22234,49.7971],[26.21953,49.79766],[26.2199,49.80446],[26.21697,49.81019],[26.21029,49.81113],[26.20631,49.81662],[26.20519,49.8208],[26.1981,49.82147],[26.19644,49.82462],[26.19293,49.82751],[26.18773,49.82933],[26.1893,49.83196],[26.18566,49.83528],[26.18439,49.84262],[26.18545,49.84582],[26.1782,49.8473],[26.18142,49.85027],[26.20087,49.86621],[26.19528,49.8704],[26.18675,49.87409],[26.1754,49.87552],[26.16275,49.88158],[26.16201,49.88846],[26.15822,49.89084],[26.15454,49.89126],[26.14434,49.89555],[26.13841,49.89521],[26.1327,49.8984],[26.1336,49.90619],[26.13797,49.91011],[26.14081,49.914],[26.15011,49.91655],[26.15361,49.91872],[26.15891,49.91976],[26.16292,49.92214],[26.16392,49.92433],[26.15762,49.9326],[26.153,49.94379],[26.14476,49.96083],[26.14774,49.96383],[26.14765,49.9689],[26.14198,49.97176],[26.14544,49.97689],[26.152,49.97582],[26.15428,49.97798],[26.1563,49.9829],[26.16679,49.98539],[26.16957,49.9871],[26.16759,49.98944],[26.17283,49.99395],[26.18737,49.99189],[26.20229,49.99214],[26.20524,50.00551],[26.21054,50.01582],[26.20448,50.01652],[26.20506,50.01848],[26.19793,50.02024],[26.18998,50.0205],[26.18644,50.02211],[26.17963,50.0235],[26.17592,50.02515],[26.19143,50.03142],[26.19582,50.03442],[26.20131,50.03635],[26.20707,50.0371],[26.21646,50.03627],[26.2175,50.04623],[26.22586,50.04582],[26.22663,50.04858],[26.22456,50.0509],[26.22449,50.05452],[26.22144,50.05499],[26.22162,50.05985],[26.21138,50.06504],[26.20567,50.06494],[26.20082,50.06729],[26.20664,50.07577],[26.20042,50.07923],[26.20469,50.08996],[26.20129,50.09819],[26.25393,50.10179],[26.27289,50.10268],[26.27416,50.10699],[26.27367,50.1135],[26.26466,50.1168],[26.24488,50.12744],[26.23481,50.13121],[26.2435,50.14329],[26.2378,50.14479],[26.23434,50.14354],[26.22291,50.14279],[26.22339,50.14594],[26.21133,50.15202],[26.20857,50.15414],[26.21045,50.15686],[26.21717,50.15739],[26.21594,50.16298],[26.2209,50.16464],[26.21166,50.17411],[26.21149,50.17536],[26.21963,50.17848],[26.22045,50.1797],[26.21812,50.18208],[26.21038,50.18525],[26.19893,50.18653],[26.19173,50.19144],[26.19302,50.19374],[26.17927,50.19709],[26.19162,50.21841],[26.18548,50.21691],[26.18617,50.22069],[26.18537,50.22913],[26.18825,50.22993],[26.193,50.22753],[26.20376,50.23063],[26.21812,50.23017],[26.21639,50.24805],[26.21697,50.25581],[26.22165,50.25756],[26.22124,50.26683],[26.21608,50.26599],[26.21631,50.26355],[26.19133,50.26277],[26.1703,50.24452],[26.16811,50.24143],[26.16997,50.23996],[26.16591,50.23656],[26.16444,50.23121],[26.15806,50.23198],[26.13783,50.23633],[26.11259,50.24241],[26.08363,50.24966],[26.07802,50.2505],[26.06796,50.25647],[26.065,50.25739],[26.06042,50.25543],[26.0325,50.23696],[26.01996,50.22947],[26.0087,50.22875],[26.00744,50.23539],[26.00449,50.23822],[25.99738,50.24168],[25.9919,50.243],[25.9844,50.24317],[25.97973,50.24208],[25.97052,50.24557],[25.96897,50.24955],[25.96274,50.25643],[25.95607,50.25739],[25.94967,50.25583],[25.94243,50.25723],[25.93135,50.25614],[25.92214,50.25403],[25.92304,50.2483],[25.89945,50.23507],[25.8839,50.22162],[25.87706,50.21895],[25.87471,50.21387],[25.87191,50.2129],[25.86976,50.20954],[25.87075,50.20486],[25.85724,50.19147],[25.85477,50.18978],[25.85036,50.18946],[25.82062,50.18153],[25.81744,50.18255],[25.80986,50.183],[25.80428,50.18437],[25.79445,50.18486],[25.78616,50.18239],[25.77508,50.18025],[25.75717,50.1791],[25.74546,50.18297],[25.72896,50.18697],[25.72417,50.17733],[25.72171,50.17367],[25.71897,50.17291],[25.70277,50.1714],[25.6925,50.1786],[25.68813,50.17842],[25.66568,50.16911],[25.62538,50.15211],[25.61932,50.15563],[25.60956,50.16284],[25.59609,50.16858],[25.57571,50.17633],[25.55453,50.15069],[25.53937,50.15252],[25.49966,50.15644],[25.50006,50.15994],[25.50344,50.16194],[25.50017,50.16455],[25.47601,50.16616],[25.44938,50.15043],[25.44841,50.12402],[25.45623,50.11677],[25.48408,50.11396],[25.48902,50.10184],[25.46475,50.09829],[25.46606,50.09442],[25.45411,50.09429],[25.45718,50.08206],[25.45126,50.08107],[25.45097,50.07467],[25.43882,50.07224],[25.43195,50.05376],[25.42363,50.05098],[25.40847,50.04919],[25.39267,50.04894],[25.3888,50.04688],[25.38464,50.04895],[25.37822,50.04766],[25.36439,50.04603],[25.36048,50.01705],[25.35287,50.01734],[25.34909,50.00295],[25.36107,49.99604],[25.37319,49.99185],[25.38589,49.98908],[25.40198,49.98613],[25.41205,49.96957],[25.40558,49.9612],[25.40151,49.95444],[25.40388,49.94776],[25.41416,49.94494],[25.41806,49.94614],[25.4269,49.94197],[25.42666,49.93911]]]},"properties":{"oblast":"ternopil_oblast","id":"ternopil_oblast","name":"Тернопільська область"}},{"type":"Feature","geometry":{"type":"MultiPolygon","coordinates":[[[[33.09262,47.57869],[33.08913,47.55193],[33.09466,47.52726],[33.14111,47.54322],[33.14709,47.51434],[33.12294,47.50814],[33.12996,47.48034],[33.12726,47.48003],[33.12614,47.47564],[33.13115,47.45582],[33.13148,47.44534],[33.13773,47.41964],[33.11506,47.41684],[33.07121,47.41191],[33.07092,47.4443],[33.07049,47.4541],[33.0702,47.47519],[33.047,47.4682],[33.05408,47.44364],[33.03349,47.44134],[33.03814,47.42524],[33.02868,47.4237],[33.03555,47.39766],[33.03418,47.39751],[33.0392,47.37921],[33.07838,47.38416],[33.1217,47.38942],[33.13239,47.34513],[33.13453,47.34179],[33.13553,47.33676],[33.1381,47.33269],[33.13358,47.33205],[33.13243,47.32781],[33.1024,47.32147],[33.10989,47.30319],[33.10989,47.2931],[33.10167,47.29028],[33.1052,47.27954],[33.11928,47.28133],[33.12033,47.27735],[33.14003,47.27205],[33.13623,47.26749],[33.18358,47.2381],[33.18156,47.23706],[33.17529,47.23721],[33.17276,47.23367],[33.16627,47.23426],[33.16413,47.23194],[33.15931,47.23248],[33.1614,47.2364],[33.15599,47.23583],[33.1513,47.23425],[33.14834,47.23094],[33.14244,47.23036],[33.13405,47.23306],[33.12694,47.23067],[33.12641,47.22854],[33.12796,47.22076],[33.13448,47.21254],[33.14222,47.21068],[33.14195,47.20875],[33.13765,47.20589],[33.13439,47.20596],[33.13188,47.20348],[33.12424,47.20267],[33.12158,47.20432],[33.11565,47.20434],[33.11067,47.20702],[33.10469,47.21227],[33.10647,47.2164],[33.0987,47.2235],[33.0887,47.2238],[33.08168,47.22045],[33.07779,47.22105],[33.07231,47.22344],[33.07325,47.21744],[33.06802,47.22001],[33.06499,47.21952],[33.06409,47.21479],[33.06585,47.21253],[33.06542,47.20968],[33.06736,47.2064],[33.06566,47.2039],[33.06565,47.2003],[33.06029,47.19581],[33.05189,47.19113],[33.04211,47.19001],[33.03714,47.18861],[33.03513,47.18349],[33.03817,47.17987],[33.03397,47.17821],[33.02556,47.17661],[33.02089,47.17907],[33.01639,47.17991],[33.01224,47.18385],[33.01391,47.18824],[33.01174,47.19174],[33.00618,47.19649],[33.00051,47.19626],[32.9994,47.19319],[32.9915,47.19037],[32.98946,47.19361],[32.98198,47.19165],[32.96061,47.18962],[32.95969,47.18447],[32.95085,47.16701],[32.948,47.16329],[32.93314,47.1509],[32.92943,47.14882],[32.92278,47.14711],[32.91823,47.14429],[32.91745,47.14069],[32.91955,47.13592],[32.91858,47.13145],[32.91171,47.12671],[32.90888,47.12121],[32.90719,47.11996],[32.91128,47.11419],[32.91177,47.11044],[32.91427,47.10384],[32.90992,47.0978],[32.90954,47.09418],[32.91126,47.09077],[32.91672,47.08564],[32.92549,47.08382],[32.92781,47.08154],[32.95127,47.07174],[32.9619,47.06703],[33.02709,47.03949],[33.03718,47.05262],[33.05197,47.0706],[33.07303,47.06303],[33.07919,47.07001],[33.10315,47.09978],[33.08209,47.10775],[33.10492,47.13704],[33.14468,47.1218],[33.15808,47.11686],[33.10529,47.05362],[33.09328,47.03902],[33.08918,47.04078],[33.07184,47.02021],[33.06743,47.02212],[33.02236,46.97244],[32.95016,47.00351],[32.93356,46.98532],[32.94255,46.971],[32.94892,46.94532],[32.97597,46.94881],[32.97986,46.93368],[32.96994,46.93259],[32.92206,46.92665],[32.92661,46.90974],[32.85645,46.90126],[32.8424,46.89944],[32.84007,46.89538],[32.84173,46.89328],[32.84029,46.88891],[32.83629,46.88411],[32.84697,46.87943],[32.85088,46.87945],[32.85542,46.87673],[32.85955,46.87629],[32.8985,46.88118],[32.91613,46.88302],[32.92023,46.86595],[32.94597,46.86858],[32.9491,46.85739],[32.85521,46.84471],[32.83586,46.84242],[32.81361,46.84015],[32.81484,46.83449],[32.77487,46.83003],[32.77893,46.82486],[32.76936,46.81931],[32.76744,46.81916],[32.76415,46.82734],[32.74602,46.82537],[32.74469,46.82693],[32.70767,46.82289],[32.70703,46.82114],[32.70169,46.82068],[32.69797,46.82236],[32.6878,46.86204],[32.64917,46.85771],[32.63124,46.85548],[32.61714,46.85401],[32.61236,46.85441],[32.61134,46.85805],[32.58505,46.85495],[32.58413,46.85954],[32.57824,46.85914],[32.57766,46.86272],[32.57151,46.86279],[32.57247,46.86815],[32.57157,46.87224],[32.54704,46.86954],[32.54485,46.88256],[32.53468,46.88151],[32.54145,46.85012],[32.52485,46.84815],[32.52549,46.84686],[32.53121,46.82319],[32.46909,46.81608],[32.46291,46.84095],[32.42185,46.83609],[32.3942,46.83311],[32.3655,46.82943],[32.37295,46.79908],[32.34204,46.7955],[32.32753,46.80062],[32.30608,46.81011],[32.22906,46.84449],[32.23152,46.83861],[32.24256,46.82781],[32.25236,46.81961],[32.23076,46.80847],[32.20972,46.80589],[32.21374,46.79064],[32.21852,46.77121],[32.16868,46.7633],[32.17144,46.75248],[32.11464,46.7453],[32.11379,46.74876],[32.1105,46.74837],[32.10932,46.75262],[32.05707,46.74434],[32.0609,46.72824],[32.07543,46.73003],[32.08676,46.68356],[32.07166,46.68191],[32.0712,46.68358],[32.02028,46.67738],[32.03177,46.66717],[32.02379,46.6663],[32.00774,46.66652],[31.98687,46.66411],[31.98814,46.65907],[31.9403,46.65116],[31.94042,46.62427],[31.93284,46.58255],[31.92254,46.57227],[31.90139,46.55178],[31.8802,46.53446],[31.86236,46.52143],[31.85879,46.5194],[31.84776,46.49994],[31.84545,46.49756],[31.83189,46.49999],[31.82018,46.49629],[31.81382,46.49211],[31.80695,46.47893],[31.80513,46.43007],[31.80709,46.41609],[31.81005,46.37512],[31.81012,46.36673],[31.80878,46.3625],[31.80327,46.35504],[31.79706,46.34998],[31.78908,46.34727],[31.79725,46.33095],[31.78287,46.32842],[31.76549,46.32103],[31.75935,46.31597],[31.75178,46.30824],[31.73559,46.29301],[31.71671,46.27837],[31.69469,46.26219],[31.67699,46.25276],[31.66711,46.2496],[31.64672,46.24547],[31.63129,46.24485],[31.62125,46.24544],[31.6091,46.24741],[31.59804,46.25055],[31.58009,46.25882],[31.57025,46.26399],[31.56202,46.26945],[31.55301,46.27786],[31.54429,46.28817],[31.53864,46.29692],[31.53487,46.30678],[31.53306,46.31664],[31.53433,46.32748],[31.53692,46.33729],[31.53662,46.35274],[31.53433,46.36226],[31.53504,46.36789],[31.53243,46.36998],[31.52898,46.36999],[31.52296,46.36822],[31.51961,46.36617],[31.5142,46.35796],[31.51178,46.34928],[31.51162,46.3398],[31.51362,46.32463],[31.5162,46.31646],[31.52047,46.30662],[31.52317,46.30197],[31.53634,46.28735],[31.54286,46.28111],[31.55184,46.27384],[31.56274,46.26633],[31.57837,46.25747],[31.59703,46.24898],[31.61665,46.24102],[31.64677,46.23273],[31.66914,46.2278],[31.73998,46.21514],[31.79324,46.20614],[31.82509,46.2013],[31.83709,46.19872],[31.86425,46.19436],[31.89101,46.19097],[31.9258,46.18577],[31.97599,46.17945],[32.02334,46.17436],[32.04677,46.1714],[32.07768,46.16406],[32.11509,46.15686],[32.17913,46.14318],[32.21696,46.13413],[32.25059,46.1271],[32.27326,46.12094],[32.28012,46.11983],[32.31383,46.11235],[32.32949,46.10919],[32.35147,46.10377],[32.3733,46.09874],[32.39839,46.09332],[32.42869,46.08721],[32.4849,46.07684],[32.4983,46.07391],[32.52195,46.06993],[32.53964,46.06656],[32.53843,46.07144],[32.54059,46.07624],[32.54408,46.07848],[32.54693,46.08221],[32.5539,46.0829],[32.56797,46.08658],[32.57526,46.09048],[32.58412,46.09344],[32.59417,46.09573],[32.60316,46.09866],[32.61606,46.09862],[32.62311,46.10286],[32.64706,46.10643],[32.65374,46.10637],[32.66074,46.10444],[32.66954,46.10065],[32.67482,46.09957],[32.70013,46.1066],[32.71006,46.10799],[32.72716,46.1087],[32.73237,46.10807],[32.73716,46.10903],[32.7401,46.11393],[32.744,46.11687],[32.75054,46.11791],[32.75815,46.1205],[32.76595,46.12128],[32.76918,46.12233],[32.77964,46.11962],[32.78747,46.11565],[32.79337,46.11362],[32.79581,46.1163],[32.80166,46.11717],[32.80644,46.11624],[32.81452,46.11628],[32.82306,46.11148],[32.83096,46.11086],[32.8355,46.11304],[32.84582,46.11456],[32.85529,46.11517],[32.86223,46.11414],[32.86429,46.11636],[32.86976,46.11545],[32.88825,46.1108],[32.90508,46.10858],[32.90903,46.1071],[32.91332,46.10869],[32.93397,46.10596],[32.94527,46.10747],[32.9604,46.11123],[32.96816,46.11167],[32.98655,46.10985],[33.01642,46.11021],[33.02609,46.11118],[33.02617,46.11638],[33.02134,46.11541],[33.01655,46.1157],[33.01485,46.12363],[33.01914,46.12655],[33.02472,46.12634],[33.02379,46.12946],[33.02919,46.13857],[33.02893,46.14142],[33.02255,46.14575],[33.02056,46.1521],[33.03159,46.15623],[33.04453,46.15628],[33.05581,46.15472],[33.06627,46.15412],[33.0705,46.15134],[33.07222,46.14571],[33.07901,46.1379],[33.08243,46.13562],[33.09604,46.13249],[33.10461,46.13288],[33.12756,46.12436],[33.13556,46.12497],[33.13787,46.12771],[33.14442,46.12973],[33.14388,46.13135],[33.14624,46.13645],[33.15377,46.13932],[33.15742,46.13995],[33.16643,46.14425],[33.16539,46.14637],[33.1729,46.15108],[33.17711,46.15159],[33.1797,46.15491],[33.18433,46.15595],[33.18607,46.16345],[33.18888,46.16564],[33.19049,46.16982],[33.19458,46.17225],[33.1949,46.18062],[33.19179,46.18352],[33.18544,46.18505],[33.18523,46.18909],[33.18732,46.19393],[33.19189,46.19295],[33.19496,46.19015],[33.19996,46.18833],[33.20475,46.19126],[33.20722,46.19441],[33.2076,46.20036],[33.21206,46.20225],[33.21591,46.20509],[33.21999,46.21319],[33.22482,46.2156],[33.22131,46.20665],[33.22242,46.20222],[33.21875,46.20215],[33.21124,46.19606],[33.20824,46.18769],[33.21198,46.18325],[33.2054,46.17435],[33.21996,46.1633],[33.22542,46.15768],[33.22776,46.15423],[33.22269,46.15086],[33.21484,46.14688],[33.21376,46.14509],[33.2096,46.14429],[33.2066,46.13826],[33.20499,46.13244],[33.20597,46.12583],[33.20364,46.12033],[33.19904,46.11762],[33.19838,46.11306],[33.20024,46.10958],[33.20603,46.10641],[33.21192,46.10583],[33.208,46.1154],[33.20726,46.12345],[33.20893,46.1275],[33.213,46.12989],[33.22017,46.13268],[33.23057,46.13423],[33.23564,46.13423],[33.24324,46.13558],[33.24999,46.13902],[33.25826,46.139],[33.26668,46.13496],[33.27772,46.13318],[33.28189,46.13364],[33.30186,46.12541],[33.30788,46.12055],[33.31124,46.11333],[33.3113,46.10704],[33.31035,46.09915],[33.30911,46.09674],[33.30497,46.09357],[33.29665,46.09137],[33.29148,46.09161],[33.28575,46.09396],[33.28216,46.09667],[33.27964,46.0953],[33.28171,46.08697],[33.28111,46.08103],[33.28582,46.07647],[33.29159,46.07463],[33.3053,46.07504],[33.31446,46.07592],[33.30795,46.07965],[33.3078,46.09],[33.31141,46.09688],[33.31172,46.10094],[33.31342,46.10501],[33.31819,46.10825],[33.32406,46.11102],[33.33047,46.11534],[33.33543,46.11102],[33.33697,46.10496],[33.34058,46.09971],[33.34553,46.09615],[33.35372,46.09336],[33.357,46.09083],[33.36144,46.08974],[33.36619,46.09101],[33.37164,46.08935],[33.37105,46.08433],[33.36642,46.08043],[33.36512,46.07714],[33.36813,46.07363],[33.37545,46.06875],[33.39272,46.05582],[33.40314,46.04658],[33.41635,46.0337],[33.42201,46.03033],[33.42606,46.03177],[33.42265,46.03369],[33.42174,46.03645],[33.42411,46.03972],[33.43542,46.0407],[33.4425,46.04051],[33.44733,46.04129],[33.45371,46.04633],[33.45741,46.04809],[33.46276,46.04837],[33.46418,46.05023],[33.46896,46.04712],[33.47638,46.03944],[33.4861,46.03282],[33.49694,46.02872],[33.50183,46.0281],[33.51387,46.029],[33.5081,46.03499],[33.49954,46.04803],[33.49339,46.05182],[33.49014,46.05834],[33.49048,46.065],[33.49191,46.06896],[33.49545,46.0739],[33.50422,46.07987],[33.51024,46.08126],[33.51835,46.08188],[33.53109,46.07943],[33.54538,46.07518],[33.5568,46.07334],[33.56308,46.07421],[33.54915,46.08468],[33.54714,46.08728],[33.54373,46.08682],[33.53463,46.08945],[33.51834,46.09755],[33.51539,46.09994],[33.51183,46.10621],[33.50973,46.11893],[33.51264,46.12321],[33.51705,46.12125],[33.52229,46.11618],[33.53395,46.11734],[33.53879,46.1185],[33.54461,46.12287],[33.54162,46.12494],[33.54101,46.12811],[33.54261,46.13282],[33.54593,46.13671],[33.549,46.13752],[33.56326,46.13721],[33.56613,46.14508],[33.57326,46.15443],[33.57706,46.15716],[33.58661,46.15938],[33.59293,46.15798],[33.59905,46.15407],[33.61152,46.14179],[33.61585,46.1346],[33.63671,46.14022],[33.63022,46.16652],[33.62672,46.17961],[33.61762,46.21792],[33.61528,46.22639],[33.63278,46.22826],[33.64601,46.2297],[33.65789,46.22377],[33.66565,46.22125],[33.68295,46.2083],[33.68912,46.20585],[33.70178,46.203],[33.71744,46.19579],[33.72324,46.19937],[33.72935,46.19964],[33.73896,46.20096],[33.74268,46.20938],[33.73607,46.21899],[33.7333,46.216],[33.73786,46.21176],[33.73776,46.2099],[33.73421,46.20757],[33.72958,46.20823],[33.72636,46.21425],[33.72777,46.22389],[33.72436,46.228],[33.72146,46.2292],[33.71894,46.2322],[33.72184,46.23924],[33.72532,46.24264],[33.72852,46.24332],[33.7316,46.24122],[33.73509,46.24205],[33.73967,46.24045],[33.74849,46.24119],[33.75574,46.23966],[33.76529,46.24189],[33.76868,46.24381],[33.77054,46.25271],[33.7736,46.25485],[33.7767,46.25495],[33.78146,46.25309],[33.78954,46.24884],[33.79117,46.24649],[33.7964,46.24438],[33.80025,46.24031],[33.80526,46.23761],[33.81398,46.23497],[33.81985,46.23061],[33.82607,46.22981],[33.83172,46.22559],[33.83861,46.22293],[33.8416,46.22564],[33.85567,46.22501],[33.86327,46.22649],[33.86754,46.22616],[33.87053,46.22811],[33.87395,46.23358],[33.88466,46.23306],[33.89294,46.22924],[33.89623,46.22561],[33.89228,46.22238],[33.89539,46.22026],[33.90379,46.22404],[33.91968,46.22697],[33.92608,46.22599],[33.93836,46.22534],[33.94129,46.22393],[33.94683,46.22321],[33.95594,46.21994],[33.95753,46.21823],[33.96388,46.2163],[33.97405,46.20833],[33.98342,46.19684],[33.99481,46.18364],[34.0036,46.171],[34.01299,46.15408],[34.01583,46.15065],[34.02597,46.14119],[34.03154,46.13374],[34.03517,46.12727],[34.04208,46.11985],[34.0435,46.12346],[34.04981,46.12761],[34.05665,46.13034],[34.07145,46.13146],[34.07878,46.1307],[34.08501,46.1269],[34.09793,46.12395],[34.10224,46.12537],[34.107,46.13064],[34.10998,46.12795],[34.12089,46.12494],[34.1313,46.12342],[34.13835,46.12024],[34.146,46.11455],[34.14853,46.1135],[34.15725,46.10631],[34.16002,46.10286],[34.16767,46.08772],[34.17205,46.0828],[34.17671,46.07889],[34.18465,46.07616],[34.20242,46.07349],[34.20819,46.07795],[34.20678,46.08521],[34.20558,46.09557],[34.20696,46.10331],[34.20971,46.10647],[34.21271,46.10307],[34.21989,46.10115],[34.23152,46.09383],[34.23545,46.08954],[34.23493,46.08321],[34.23153,46.07783],[34.22265,46.07141],[34.2236,46.06739],[34.22707,46.06495],[34.2351,46.06475],[34.24908,46.06622],[34.24523,46.0724],[34.24691,46.07721],[34.25461,46.07891],[34.26094,46.07933],[34.26571,46.07858],[34.26495,46.08321],[34.26626,46.08697],[34.27175,46.08724],[34.27653,46.08867],[34.27604,46.09653],[34.27443,46.10102],[34.26992,46.10223],[34.26843,46.1066],[34.26785,46.11653],[34.26568,46.12062],[34.26618,46.12426],[34.27224,46.12693],[34.27486,46.12972],[34.27353,46.13218],[34.27367,46.13854],[34.27949,46.13927],[34.29557,46.13975],[34.29683,46.13746],[34.29673,46.13181],[34.30079,46.12572],[34.30286,46.12081],[34.30267,46.11851],[34.29843,46.11201],[34.29706,46.10865],[34.29963,46.10004],[34.29853,46.09431],[34.30245,46.09244],[34.31396,46.10097],[34.3152,46.10552],[34.31875,46.10731],[34.31805,46.10931],[34.31755,46.12174],[34.32011,46.13425],[34.32173,46.13584],[34.32325,46.14185],[34.32817,46.146],[34.33437,46.15462],[34.33788,46.15715],[34.34125,46.16179],[34.34295,46.16739],[34.33951,46.17097],[34.33537,46.17195],[34.33224,46.17632],[34.32714,46.1719],[34.32331,46.16691],[34.31497,46.1676],[34.31093,46.17775],[34.31075,46.18132],[34.30772,46.18447],[34.30689,46.18797],[34.3036,46.18832],[34.30122,46.19049],[34.30263,46.1951],[34.30437,46.20642],[34.30833,46.21462],[34.31198,46.21858],[34.31523,46.21889],[34.32424,46.22253],[34.32966,46.21875],[34.33223,46.21327],[34.33241,46.21048],[34.33749,46.2015],[34.34993,46.19043],[34.35051,46.18744],[34.35591,46.18799],[34.36376,46.19608],[34.37077,46.19886],[34.37874,46.19834],[34.38314,46.19658],[34.39063,46.19033],[34.39592,46.18719],[34.40194,46.18259],[34.41563,46.16939],[34.41897,46.1681],[34.42481,46.1678],[34.42973,46.16869],[34.43439,46.16545],[34.43975,46.15428],[34.4433,46.15327],[34.45283,46.15463],[34.4586,46.15146],[34.46619,46.14397],[34.47304,46.14014],[34.47873,46.13868],[34.48684,46.13807],[34.50551,46.13441],[34.51151,46.13636],[34.50988,46.14086],[34.50774,46.14249],[34.51115,46.14467],[34.52084,46.14631],[34.52442,46.14757],[34.53587,46.14816],[34.5313,46.15575],[34.52945,46.16458],[34.52628,46.16897],[34.52341,46.17742],[34.52428,46.18532],[34.52805,46.19227],[34.53251,46.19561],[34.53853,46.19698],[34.54358,46.1968],[34.54879,46.19515],[34.55582,46.19098],[34.5632,46.18225],[34.56488,46.17824],[34.5683,46.17473],[34.57358,46.17396],[34.57564,46.17659],[34.57937,46.17804],[34.58661,46.17582],[34.5916,46.17168],[34.59383,46.16741],[34.59199,46.16102],[34.59233,46.15044],[34.5882,46.13733],[34.58798,46.13095],[34.59071,46.12175],[34.59019,46.11448],[34.58457,46.10488],[34.57614,46.09602],[34.5694,46.09107],[34.57119,46.08689],[34.56579,46.08505],[34.55672,46.087],[34.55379,46.09031],[34.55174,46.09539],[34.55149,46.09898],[34.55652,46.10079],[34.56382,46.09946],[34.56624,46.09996],[34.56613,46.10464],[34.56405,46.10782],[34.55228,46.11643],[34.54946,46.12008],[34.54852,46.12692],[34.54469,46.12999],[34.54069,46.13027],[34.53259,46.12733],[34.51146,46.12042],[34.50635,46.1179],[34.50259,46.11385],[34.50321,46.10848],[34.50262,46.10322],[34.50035,46.09933],[34.4947,46.09584],[34.49655,46.09238],[34.49111,46.08836],[34.48895,46.08784],[34.48771,46.09356],[34.48902,46.1026],[34.48716,46.11354],[34.48147,46.12389],[34.4758,46.12573],[34.47064,46.12534],[34.46589,46.12307],[34.45263,46.12314],[34.43475,46.12173],[34.43069,46.11994],[34.42704,46.1165],[34.42516,46.11247],[34.4219,46.10897],[34.41588,46.10469],[34.39749,46.09668],[34.39449,46.09335],[34.40063,46.08296],[34.40332,46.07439],[34.40453,46.06181],[34.40586,46.06036],[34.421,46.05315],[34.42725,46.04894],[34.43042,46.0437],[34.42107,46.03205],[34.42,46.02521],[34.41719,46.01721],[34.42064,46.0148],[34.42406,46.00849],[34.42758,46.00513],[34.43192,45.99645],[34.44279,45.9842],[34.44596,45.9799],[34.44644,45.97338],[34.45254,45.96931],[34.45074,45.97629],[34.45096,45.98332],[34.44784,45.99417],[34.44694,45.99983],[34.44887,46.00451],[34.44509,46.00477],[34.4429,46.0065],[34.44283,46.01127],[34.4505,46.01107],[34.45435,46.01287],[34.45835,46.01303],[34.46801,46.01018],[34.47236,46.00769],[34.4794,46.00226],[34.47802,45.99752],[34.4731,45.99156],[34.4711,45.98788],[34.47124,45.98196],[34.47449,45.97274],[34.47705,45.96734],[34.47662,45.96439],[34.47798,45.96115],[34.47681,45.95631],[34.4777,45.9532],[34.4801,45.95293],[34.48336,45.95527],[34.48496,45.96],[34.48901,45.96175],[34.4941,45.96945],[34.49325,45.97854],[34.49373,45.98253],[34.49817,45.98566],[34.50248,45.98582],[34.51664,45.99621],[34.52225,45.99806],[34.52792,45.99769],[34.53709,45.99287],[34.54174,45.98726],[34.54266,45.98173],[34.55108,45.9861],[34.55241,45.99047],[34.58152,46.00619],[34.58767,46.01113],[34.59634,46.02096],[34.60289,46.02656],[34.60787,46.03254],[34.61429,46.04525],[34.61698,46.05654],[34.62134,46.06626],[34.62622,46.07223],[34.63144,46.07557],[34.63708,46.08275],[34.64333,46.09522],[34.64294,46.09816],[34.63911,46.10219],[34.63161,46.11981],[34.6272,46.13102],[34.6231,46.14454],[34.62189,46.15329],[34.62242,46.16318],[34.62437,46.16926],[34.62804,46.17308],[34.63191,46.17442],[34.64867,46.17799],[34.65731,46.18048],[34.67135,46.18339],[34.68588,46.18436],[34.69621,46.18336],[34.70582,46.17791],[34.71797,46.16451],[34.73611,46.13118],[34.74486,46.11808],[34.79133,46.11841],[34.79271,46.12878],[34.79754,46.13171],[34.80026,46.12445],[34.80292,46.12723],[34.80815,46.12847],[34.80795,46.12441],[34.80398,46.12343],[34.80283,46.12052],[34.80352,46.11034],[34.80458,46.10947],[34.8071,46.10156],[34.80701,46.09448],[34.80438,46.08479],[34.80071,46.07868],[34.79502,46.07459],[34.78608,46.0715],[34.77849,46.07352],[34.76977,46.08256],[34.76454,46.08985],[34.76077,46.0891],[34.75884,46.09422],[34.76237,46.09615],[34.76013,46.10578],[34.7557,46.10459],[34.73745,46.09754],[34.72812,46.09591],[34.71757,46.09535],[34.70197,46.09794],[34.68397,46.10168],[34.67647,46.09991],[34.67879,46.09722],[34.68085,46.09081],[34.67634,46.09151],[34.67491,46.08949],[34.69333,46.08876],[34.69867,46.08784],[34.70744,46.08397],[34.7129,46.07934],[34.71558,46.07547],[34.71769,46.0681],[34.71582,46.06293],[34.70734,46.05467],[34.70712,46.05097],[34.71131,46.04665],[34.71483,46.04835],[34.72213,46.04737],[34.72992,46.04356],[34.73749,46.03821],[34.74756,46.0289],[34.75297,46.01849],[34.75678,46.01339],[34.76179,46.00076],[34.75754,46.00005],[34.75564,46.00144],[34.75203,45.99733],[34.73928,45.99397],[34.7246,45.99408],[34.72156,45.99543],[34.70989,46.00585],[34.70148,46.00999],[34.69273,46.01191],[34.68354,46.01213],[34.68045,46.01131],[34.68219,46.00802],[34.68615,46.00379],[34.69424,46.00109],[34.69697,45.99943],[34.70379,45.99307],[34.70886,45.99025],[34.71388,45.98895],[34.72368,45.98226],[34.73501,45.9717],[34.7379,45.96659],[34.73805,45.96405],[34.74286,45.95868],[34.75118,45.94311],[34.7549,45.9289],[34.7591,45.92179],[34.7646,45.9163],[34.7751,45.90963],[34.78289,45.90645],[34.80283,45.90121],[34.79804,45.83327],[34.80483,45.83323],[34.82807,45.83161],[34.8439,45.82693],[34.85185,45.82277],[34.86432,45.82919],[34.86833,45.83527],[34.86988,45.84744],[34.87217,45.85296],[34.87621,45.85697],[34.88323,45.8602],[34.8922,45.86052],[34.89833,45.85813],[34.90879,45.84967],[34.92063,45.83252],[34.93029,45.83245],[34.91105,45.8665],[34.89521,45.89598],[34.88518,45.91623],[34.87394,45.94053],[34.86352,45.9657],[34.85704,45.9836],[34.85283,45.99763],[34.84552,46.02576],[34.84187,46.04502],[34.83772,46.07466],[34.83609,46.08298],[34.83099,46.11302],[34.82858,46.12546],[34.8231,46.14015],[34.8185,46.14801],[34.81527,46.14801],[34.81272,46.15398],[34.81008,46.15759],[34.80965,46.16104],[34.81245,46.1611],[34.81783,46.16491],[34.821,46.17134],[34.82115,46.17921],[34.82447,46.19162],[34.82747,46.19761],[34.83247,46.20374],[34.84065,46.20985],[34.84637,46.21329],[34.86638,46.22412],[34.89093,46.23639],[34.89545,46.24039],[34.92066,46.2437],[34.93879,46.24721],[34.95699,46.25016],[34.98682,46.2539],[35.01504,46.25683],[35.02361,46.25901],[35.03181,46.26047],[35.04437,46.26449],[35.06013,46.27087],[35.07646,46.27954],[35.08329,46.28412],[35.09383,46.29262],[35.10312,46.30174],[35.09663,46.30182],[35.07353,46.29984],[35.07117,46.31293],[35.06571,46.33663],[35.06291,46.35543],[35.05816,46.37579],[35.06762,46.37653],[35.07075,46.37913],[35.06743,46.39912],[35.06382,46.42517],[35.06161,46.42588],[35.05286,46.48115],[35.05117,46.48162],[35.02296,46.4792],[35.01586,46.48043],[35.0072,46.484],[34.96165,46.5],[34.95338,46.50359],[34.94818,46.50368],[34.94723,46.5125],[34.9149,46.50909],[34.89025,46.50675],[34.88513,46.53693],[34.8947,46.53784],[34.89454,46.54131],[34.89104,46.56261],[34.88715,46.56379],[34.83318,46.55794],[34.75735,46.55014],[34.75472,46.56172],[34.75334,46.56238],[34.74804,46.58413],[34.72304,46.58137],[34.71278,46.62033],[34.75611,46.6271],[34.74953,46.66569],[34.74599,46.68313],[34.69922,46.67887],[34.69842,46.67821],[34.68355,46.67721],[34.68104,46.69142],[34.63234,46.68686],[34.62515,46.72403],[34.66112,46.72717],[34.65852,46.74052],[34.73498,46.74746],[34.73436,46.75732],[34.74945,46.75813],[34.75003,46.78089],[34.76745,46.78106],[34.76156,46.8046],[34.75801,46.8228],[34.80574,46.82748],[34.81706,46.8284],[34.81271,46.83336],[34.80916,46.85281],[34.80457,46.88255],[34.75249,46.87968],[34.74577,46.9172],[34.74191,46.93475],[34.73636,46.96135],[34.72076,46.9597],[34.68638,46.95568],[34.6819,46.97913],[34.65386,46.97668],[34.64143,46.9744],[34.62377,46.97338],[34.61919,46.99353],[34.59965,46.99191],[34.59764,46.99979],[34.59261,47.02539],[34.5901,47.02682],[34.56714,47.0245],[34.55549,47.08645],[34.55306,47.10077],[34.55318,47.10579],[34.51923,47.10472],[34.51676,47.11879],[34.51135,47.14648],[34.50741,47.16788],[34.5049,47.17588],[34.49899,47.20286],[34.4899,47.24683],[34.51863,47.25017],[34.53028,47.25109],[34.52616,47.26761],[34.52263,47.26726],[34.51858,47.28368],[34.48794,47.27989],[34.47878,47.31455],[34.51718,47.31834],[34.51437,47.32055],[34.51414,47.32346],[34.50722,47.32588],[34.50776,47.32823],[34.51205,47.33256],[34.51603,47.33344],[34.51502,47.33592],[34.50356,47.3369],[34.49974,47.33802],[34.49611,47.33364],[34.48988,47.33185],[34.41395,47.32337],[34.41928,47.30064],[34.39897,47.29833],[34.40154,47.2871],[34.37083,47.28362],[34.36946,47.28399],[34.35845,47.29318],[34.35712,47.29354],[34.33001,47.29041],[34.3054,47.26911],[34.29284,47.27491],[34.29245,47.27837],[34.28141,47.32362],[34.28272,47.32555],[34.27237,47.36119],[34.26076,47.35981],[34.25171,47.39161],[34.25632,47.39534],[34.2486,47.42124],[34.24191,47.43481],[34.23154,47.44468],[34.2245,47.44965],[34.21617,47.4536],[34.2074,47.45674],[34.17515,47.46745],[34.1399,47.47709],[34.13948,47.47738],[34.13188,47.47637],[34.10882,47.47401],[34.08525,47.47165],[34.05676,47.46779],[34.02567,47.46189],[34.00301,47.45651],[33.99839,47.45937],[33.993,47.45924],[33.98678,47.45777],[33.97781,47.4592],[33.95544,47.45739],[33.95242,47.45914],[33.95184,47.46158],[33.94753,47.49981],[33.94263,47.50795],[33.94096,47.51422],[33.93901,47.51617],[33.93214,47.51654],[33.92686,47.51454],[33.91711,47.51297],[33.89331,47.51073],[33.83307,47.50476],[33.79942,47.50152],[33.74272,47.49524],[33.71439,47.49227],[33.67492,47.48784],[33.64347,47.48445],[33.63584,47.51401],[33.60371,47.51013],[33.60471,47.50407],[33.5882,47.50213],[33.58029,47.5326],[33.5923,47.54453],[33.58892,47.55817],[33.60847,47.56075],[33.60858,47.56298],[33.60526,47.57498],[33.59243,47.5735],[33.58816,47.58868],[33.58351,47.58812],[33.58033,47.59999],[33.5281,47.59372],[33.50367,47.59064],[33.47367,47.58718],[33.48612,47.54398],[33.46744,47.5415],[33.41686,47.5352],[33.38632,47.53115],[33.35814,47.52771],[33.32519,47.52282],[33.32624,47.51776],[33.32987,47.51004],[33.34886,47.49357],[33.33268,47.48791],[33.32651,47.48644],[33.31365,47.48215],[33.30705,47.48606],[33.31405,47.48903],[33.31484,47.49158],[33.30987,47.50162],[33.30379,47.50307],[33.29799,47.50326],[33.28667,47.50977],[33.27931,47.51656],[33.27954,47.52094],[33.28623,47.52519],[33.28866,47.5344],[33.28794,47.54205],[33.28429,47.54477],[33.27486,47.54628],[33.26459,47.54222],[33.26019,47.53973],[33.25681,47.53641],[33.24864,47.53338],[33.2442,47.53107],[33.23175,47.5293],[33.22832,47.53122],[33.22505,47.53034],[33.21649,47.53222],[33.21592,47.53499],[33.22116,47.53849],[33.22153,47.54501],[33.21821,47.54783],[33.21932,47.54933],[33.22876,47.55389],[33.23208,47.55707],[33.23536,47.56185],[33.23766,47.56849],[33.23731,47.57202],[33.23396,47.57692],[33.2313,47.57782],[33.22589,47.57355],[33.2068,47.56931],[33.19628,47.57002],[33.18682,47.57406],[33.18008,47.57082],[33.17548,47.56765],[33.17098,47.56678],[33.16739,47.56819],[33.09262,47.57869]]],[[[35.27492,46.26503],[35.27132,46.2634],[35.27093,46.26071],[35.26726,46.25991],[35.2678,46.25664],[35.26547,46.25327],[35.25863,46.24726],[35.25424,46.24545],[35.25417,46.24325],[35.2515,46.24089],[35.24804,46.23512],[35.24098,46.23142],[35.23681,46.23089],[35.23166,46.22553],[35.22672,46.22523],[35.22477,46.22175],[35.2224,46.22097],[35.2211,46.21299],[35.22347,46.20682],[35.2235,46.20268],[35.21871,46.1941],[35.2125,46.18716],[35.1984,46.18233],[35.18681,46.17967],[35.16889,46.17349],[35.15995,46.17092],[35.13798,46.162],[35.12261,46.15895],[35.1063,46.15618],[35.09467,46.15499],[35.08156,46.15437],[35.07725,46.15283],[35.06404,46.15238],[35.05459,46.14981],[35.04,46.14826],[35.03394,46.14549],[35.03045,46.14272],[35.02944,46.13864],[35.03178,46.12948],[35.02723,46.12511],[35.0178,46.12184],[35.01298,46.11645],[35.00801,46.11266],[34.99896,46.10946],[34.99083,46.10524],[34.99011,46.10323],[34.99342,46.1012],[34.99393,46.09821],[34.98779,46.09013],[34.98818,46.08488],[34.98268,46.07862],[34.98399,46.07683],[35.0043,46.08105],[35.02642,46.08702],[35.04842,46.09422],[35.06178,46.10008],[35.06894,46.10109],[35.07514,46.10393],[35.09,46.10592],[35.10143,46.10843],[35.11903,46.11377],[35.1392,46.12187],[35.15139,46.12807],[35.16879,46.13839],[35.18148,46.14848],[35.19269,46.15891],[35.19795,46.16453],[35.20981,46.17899],[35.22345,46.19763],[35.23498,46.21558],[35.23912,46.22119],[35.25506,46.23967],[35.25749,46.24196],[35.27766,46.26445],[35.27492,46.26503]]],[[[32.55747,46.06686],[32.55731,46.06571],[32.58172,46.06319],[32.60761,46.05913],[32.64573,46.05271],[32.66192,46.04971],[32.6887,46.04333],[32.71725,46.03795],[32.74076,46.03441],[32.75598,46.03171],[32.78105,46.02784],[32.79352,46.02661],[32.81024,46.0241],[32.82436,46.02243],[32.83916,46.02121],[32.85982,46.01845],[32.87707,46.0153],[32.89127,46.01475],[32.90771,46.01343],[32.92675,46.01135],[32.9384,46.01164],[32.95392,46.0137],[32.96287,46.01334],[32.97655,46.0113],[32.99616,46.00963],[33.01243,46.00877],[33.02257,46.00705],[33.03198,46.00733],[33.04189,46.00901],[33.049,46.0108],[33.062,46.01273],[33.07699,46.01231],[33.08146,46.01501],[33.07923,46.01644],[33.07603,46.0147],[33.0689,46.01388],[33.0651,46.01546],[33.0602,46.01903],[33.0475,46.02229],[33.0342,46.02807],[33.03516,46.02577],[33.03227,46.02431],[33.02632,46.02408],[33.02316,46.02519],[33.01618,46.02559],[33.01092,46.02763],[32.99808,46.03058],[32.99124,46.03115],[32.98628,46.02954],[32.97816,46.02973],[32.96746,46.03285],[32.95422,46.03996],[32.94904,46.04193],[32.94201,46.04686],[32.93548,46.04032],[32.93579,46.03916],[32.92946,46.0366],[32.91983,46.03558],[32.91186,46.03669],[32.90417,46.03878],[32.89089,46.04441],[32.87685,46.05219],[32.87491,46.05519],[32.86511,46.06069],[32.86165,46.06068],[32.86082,46.05553],[32.84959,46.05324],[32.83814,46.04907],[32.83049,46.04507],[32.82203,46.04341],[32.82007,46.04038],[32.81272,46.03827],[32.80528,46.03476],[32.79913,46.03383],[32.79549,46.03155],[32.79034,46.0319],[32.78673,46.03332],[32.77917,46.03137],[32.76421,46.03135],[32.75596,46.03272],[32.74949,46.03535],[32.73471,46.03666],[32.73149,46.03803],[32.72727,46.03725],[32.71725,46.03877],[32.70838,46.04201],[32.69788,46.04339],[32.69247,46.04579],[32.68429,46.04732],[32.67981,46.04657],[32.65777,46.05316],[32.64852,46.05533],[32.64678,46.05414],[32.63645,46.05725],[32.63178,46.05639],[32.6295,46.05804],[32.61066,46.06107],[32.60672,46.06096],[32.59008,46.06407],[32.58815,46.06376],[32.57386,46.06471],[32.56166,46.06678],[32.55747,46.06686]]]]},"properties":{"oblast":"kherson_oblast","id":"kherson_oblast","name":"Херсонська область"}},{"type":"Feature","geometry":{"type":"Polygon","coordinates":[[[27.39464,48.92919],[27.39228,48.93133],[27.39605,48.9346],[27.39164,48.93804],[27.39583,48.942],[27.39938,48.94341],[27.40293,48.94787],[27.40207,48.95167],[27.40349,48.95296],[27.40834,48.95145],[27.41743,48.95417],[27.41127,48.96074],[27.41566,48.96712],[27.41783,48.97158],[27.40891,48.9737],[27.40208,48.98056],[27.39503,48.99153],[27.39484,48.99627],[27.39936,49.00019],[27.38328,49.00774],[27.39714,49.02094],[27.40532,49.02916],[27.40953,49.03962],[27.41657,49.05459],[27.42706,49.05288],[27.42657,49.0586],[27.42816,49.06466],[27.43961,49.06528],[27.43659,49.06924],[27.44252,49.07023],[27.45541,49.06941],[27.46138,49.0707],[27.47164,49.06917],[27.48238,49.06935],[27.50117,49.06616],[27.50407,49.06785],[27.50293,49.0707],[27.4984,49.07565],[27.48291,49.08381],[27.47924,49.08877],[27.49133,49.09376],[27.495,49.09714],[27.50542,49.11033],[27.49272,49.12098],[27.49942,49.12495],[27.50652,49.12731],[27.50601,49.13079],[27.5129,49.13055],[27.51554,49.1271],[27.52126,49.12642],[27.52552,49.12244],[27.53495,49.12159],[27.53892,49.12851],[27.5352,49.13046],[27.53658,49.1337],[27.53448,49.13766],[27.5358,49.13934],[27.54157,49.13622],[27.54858,49.1303],[27.57316,49.12105],[27.57754,49.12171],[27.59622,49.13388],[27.59758,49.13604],[27.59275,49.14102],[27.59593,49.1462],[27.59614,49.14947],[27.59427,49.1551],[27.59653,49.15605],[27.60322,49.16233],[27.608,49.16122],[27.61606,49.16118],[27.62334,49.16329],[27.63363,49.16489],[27.63981,49.16699],[27.64768,49.1653],[27.65274,49.16095],[27.65825,49.15745],[27.67245,49.15152],[27.68133,49.14613],[27.68697,49.14166],[27.69413,49.14475],[27.69736,49.13866],[27.70493,49.14019],[27.70955,49.14263],[27.71262,49.14747],[27.72123,49.14537],[27.723,49.14363],[27.73759,49.14056],[27.744,49.14379],[27.75804,49.15241],[27.75851,49.1536],[27.75166,49.1577],[27.759,49.16212],[27.76488,49.16024],[27.77919,49.17246],[27.7812,49.17546],[27.78064,49.1779],[27.77548,49.18774],[27.77601,49.1899],[27.78262,49.19085],[27.78241,49.18834],[27.79097,49.17874],[27.79606,49.17672],[27.80246,49.17954],[27.80317,49.18558],[27.81045,49.18636],[27.815,49.18947],[27.81954,49.18634],[27.82167,49.1801],[27.84013,49.17983],[27.84936,49.17734],[27.85328,49.17065],[27.8556,49.17062],[27.86444,49.17313],[27.86971,49.17585],[27.875,49.17599],[27.88274,49.17806],[27.8847,49.1814],[27.88786,49.18366],[27.89866,49.186],[27.89426,49.20888],[27.88697,49.21338],[27.88233,49.21583],[27.87905,49.21358],[27.87221,49.21405],[27.86636,49.21306],[27.86621,49.21818],[27.8591,49.23462],[27.85712,49.23823],[27.86033,49.24046],[27.87141,49.24212],[27.87276,49.24538],[27.87233,49.24951],[27.86826,49.24905],[27.85787,49.25428],[27.85718,49.26192],[27.84918,49.26382],[27.85259,49.27458],[27.85873,49.2813],[27.86272,49.29265],[27.8607,49.30003],[27.85366,49.30866],[27.85179,49.31221],[27.85558,49.31609],[27.85723,49.32057],[27.8536,49.32216],[27.85826,49.32765],[27.85809,49.3288],[27.85126,49.33559],[27.8453,49.34315],[27.84353,49.34649],[27.8373,49.35044],[27.82869,49.35076],[27.82531,49.3526],[27.81598,49.35535],[27.81353,49.35809],[27.81178,49.36712],[27.82904,49.36776],[27.82854,49.3747],[27.81675,49.37431],[27.81612,49.37923],[27.81218,49.37914],[27.81193,49.38825],[27.82243,49.38875],[27.82155,49.39084],[27.83354,49.39132],[27.83201,49.40358],[27.83468,49.40843],[27.84102,49.41287],[27.84998,49.42099],[27.8515,49.42695],[27.84616,49.43108],[27.82735,49.42155],[27.81461,49.43192],[27.80916,49.43585],[27.80724,49.43952],[27.80187,49.43757],[27.79056,49.43462],[27.78821,49.43766],[27.78299,49.43819],[27.78205,49.44281],[27.76803,49.43999],[27.76613,49.44323],[27.7504,49.43974],[27.74512,49.45052],[27.75594,49.46314],[27.75829,49.46304],[27.76162,49.47344],[27.76376,49.47835],[27.77693,49.47487],[27.78453,49.48735],[27.79116,49.48791],[27.78708,49.49217],[27.7674,49.49011],[27.76094,49.493],[27.75661,49.492],[27.74677,49.49307],[27.73867,49.49326],[27.73469,49.49626],[27.73779,49.4978],[27.7366,49.50181],[27.73647,49.50791],[27.73474,49.50986],[27.7362,49.51713],[27.74067,49.52167],[27.74062,49.52833],[27.74233,49.53105],[27.74952,49.52966],[27.75101,49.53119],[27.7574,49.53194],[27.764,49.52975],[27.76828,49.52505],[27.77453,49.52051],[27.7807,49.52258],[27.78193,49.5252],[27.79004,49.52993],[27.79412,49.53087],[27.79378,49.53492],[27.79092,49.53964],[27.78543,49.54399],[27.786,49.5467],[27.79266,49.55094],[27.79331,49.55315],[27.78811,49.55957],[27.77637,49.56527],[27.7734,49.5675],[27.76368,49.57181],[27.75831,49.57296],[27.75831,49.57631],[27.76079,49.58312],[27.7663,49.58551],[27.77209,49.58937],[27.77336,49.59663],[27.77687,49.59727],[27.78453,49.59689],[27.79284,49.60425],[27.79131,49.60748],[27.79986,49.62102],[27.81179,49.6154],[27.81218,49.61866],[27.81199,49.64157],[27.81143,49.64455],[27.7832,49.65843],[27.766,49.66644],[27.76664,49.67478],[27.76251,49.69719],[27.7752,49.69892],[27.78782,49.70014],[27.79211,49.69998],[27.81142,49.70194],[27.80685,49.7094],[27.83702,49.72981],[27.82422,49.73184],[27.81759,49.73418],[27.80622,49.72731],[27.80287,49.72849],[27.79305,49.72742],[27.78043,49.72871],[27.77533,49.73415],[27.77334,49.73422],[27.76854,49.73982],[27.76033,49.74436],[27.75659,49.74727],[27.75734,49.75027],[27.74934,49.75653],[27.74401,49.75768],[27.73287,49.76236],[27.73188,49.76358],[27.72393,49.76462],[27.70363,49.76901],[27.7068,49.77894],[27.71006,49.78175],[27.71561,49.78342],[27.72367,49.79047],[27.72267,49.79225],[27.72701,49.79962],[27.71647,49.80618],[27.71002,49.80743],[27.70176,49.80798],[27.69719,49.80903],[27.69188,49.80204],[27.68029,49.80546],[27.66798,49.80708],[27.66325,49.79555],[27.65794,49.79746],[27.66059,49.79936],[27.65838,49.80122],[27.65359,49.80228],[27.65059,49.80631],[27.64637,49.80684],[27.64397,49.81124],[27.6416,49.81226],[27.6438,49.81629],[27.63896,49.81973],[27.63928,49.82458],[27.63582,49.82703],[27.62623,49.83571],[27.62205,49.83797],[27.62262,49.84512],[27.62658,49.84652],[27.62724,49.85058],[27.62157,49.85231],[27.61876,49.8554],[27.62245,49.86058],[27.61492,49.86443],[27.61591,49.87284],[27.61004,49.87579],[27.62529,49.89233],[27.61911,49.89386],[27.60775,49.8905],[27.60048,49.89089],[27.5958,49.89018],[27.59502,49.89575],[27.58793,49.89776],[27.58447,49.90127],[27.57669,49.90428],[27.57429,49.9081],[27.56805,49.90989],[27.5632,49.90958],[27.56195,49.90704],[27.56296,49.90161],[27.54983,49.90054],[27.54676,49.90347],[27.54938,49.90831],[27.5477,49.93484],[27.55718,49.9356],[27.55675,49.94524],[27.56798,49.94653],[27.57556,49.9485],[27.57145,49.95571],[27.5663,49.9591],[27.56355,49.96828],[27.56153,49.98379],[27.55427,49.98767],[27.54879,49.99627],[27.54707,50.00208],[27.54646,50.0116],[27.55385,50.01125],[27.55716,50.012],[27.56179,50.01492],[27.56302,50.01858],[27.56765,50.01833],[27.57106,50.01969],[27.58035,50.01781],[27.59263,50.01385],[27.59913,50.01075],[27.61171,50.00564],[27.61661,50.01176],[27.64133,50.03623],[27.64417,50.03699],[27.65046,50.03424],[27.65871,50.03224],[27.65802,50.02576],[27.67022,50.02527],[27.67466,50.02967],[27.67592,50.03255],[27.68137,50.03458],[27.68026,50.03964],[27.67783,50.04109],[27.67938,50.0451],[27.68217,50.04721],[27.67894,50.05311],[27.67462,50.0557],[27.67844,50.06358],[27.67474,50.06898],[27.6702,50.07076],[27.67186,50.07323],[27.66818,50.07416],[27.66874,50.07753],[27.65958,50.07889],[27.61545,50.08622],[27.63032,50.10332],[27.6237,50.10409],[27.62451,50.11247],[27.63185,50.11221],[27.63225,50.11547],[27.63923,50.11639],[27.62592,50.12333],[27.62765,50.134],[27.63113,50.13391],[27.63076,50.13743],[27.63305,50.14051],[27.63109,50.14424],[27.63521,50.14596],[27.6371,50.14307],[27.64084,50.14397],[27.64863,50.14401],[27.6507,50.14667],[27.65178,50.15311],[27.66056,50.15284],[27.67262,50.15419],[27.67867,50.1608],[27.67164,50.16557],[27.66341,50.1703],[27.66216,50.17182],[27.66409,50.17478],[27.66362,50.18714],[27.66218,50.19406],[27.65707,50.19295],[27.63653,50.18835],[27.64201,50.1723],[27.62127,50.16949],[27.62286,50.19698],[27.62092,50.19838],[27.61173,50.19515],[27.60774,50.21454],[27.60207,50.21595],[27.59296,50.21567],[27.59485,50.23083],[27.59873,50.23019],[27.60218,50.24281],[27.59919,50.24912],[27.59744,50.25855],[27.57693,50.25865],[27.57312,50.2538],[27.56689,50.25311],[27.56672,50.24801],[27.56246,50.24587],[27.54335,50.24595],[27.52707,50.22529],[27.52098,50.22581],[27.51658,50.2275],[27.48939,50.23932],[27.48071,50.25182],[27.48093,50.25722],[27.46112,50.25777],[27.46102,50.25971],[27.44262,50.26118],[27.44471,50.27539],[27.4241,50.27641],[27.42185,50.27224],[27.41461,50.27564],[27.40912,50.28072],[27.40476,50.2823],[27.39657,50.28837],[27.39848,50.29038],[27.40418,50.2894],[27.40979,50.29158],[27.4126,50.29605],[27.41615,50.29495],[27.42007,50.29957],[27.41635,50.30073],[27.41639,50.3072],[27.38564,50.32159],[27.36822,50.32951],[27.36324,50.33254],[27.3545,50.33142],[27.34319,50.33354],[27.33647,50.33226],[27.32906,50.33336],[27.31559,50.33166],[27.31281,50.33984],[27.31442,50.34265],[27.31934,50.34688],[27.31981,50.34963],[27.32315,50.35401],[27.32297,50.36087],[27.32062,50.36468],[27.32116,50.36761],[27.31151,50.37155],[27.3119,50.37227],[27.30019,50.37647],[27.29912,50.37552],[27.27468,50.38422],[27.24843,50.39279],[27.25901,50.42446],[27.28943,50.45466],[27.29134,50.45818],[27.28967,50.4714],[27.29119,50.47697],[27.3,50.48738],[27.30132,50.49314],[27.29531,50.49384],[27.28451,50.49337],[27.27843,50.49087],[27.26778,50.4918],[27.2622,50.49571],[27.26112,50.49944],[27.26293,50.50943],[27.25875,50.51307],[27.24615,50.51721],[27.2362,50.52098],[27.2273,50.52368],[27.22587,50.5271],[27.20739,50.53184],[27.20371,50.54382],[27.19648,50.55229],[27.19633,50.5621],[27.18781,50.56132],[27.17263,50.56122],[27.15354,50.56311],[27.14426,50.56265],[27.13627,50.56051],[27.13069,50.56087],[27.12998,50.56479],[27.12231,50.57595],[27.12723,50.57527],[27.12979,50.58089],[27.13078,50.58785],[27.12023,50.59047],[27.118,50.59469],[27.10846,50.59037],[27.10747,50.58733],[27.10345,50.5836],[27.09031,50.58734],[27.08769,50.57985],[27.07946,50.58368],[27.07627,50.57749],[27.07152,50.57458],[27.07037,50.56928],[27.06786,50.56484],[27.06474,50.56198],[27.07577,50.55485],[27.07144,50.55111],[27.0644,50.55088],[27.05087,50.55193],[27.03408,50.55571],[27.01752,50.559],[27.00753,50.53962],[26.98835,50.53338],[26.98279,50.52274],[26.97448,50.5268],[26.96688,50.52916],[26.94187,50.53008],[26.93597,50.5315],[26.92479,50.53609],[26.91649,50.53735],[26.90866,50.54086],[26.90614,50.54311],[26.89966,50.54635],[26.89009,50.54032],[26.87918,50.53404],[26.87902,50.53167],[26.87229,50.5211],[26.87115,50.52137],[26.86025,50.51525],[26.85655,50.50928],[26.8538,50.50976],[26.83863,50.51599],[26.83475,50.52266],[26.82724,50.52307],[26.82595,50.5203],[26.82279,50.51906],[26.81919,50.51414],[26.8195,50.50839],[26.81792,50.50287],[26.80158,50.50217],[26.79008,50.50356],[26.78384,50.50166],[26.77834,50.50213],[26.77758,50.49945],[26.78143,50.49789],[26.78154,50.49555],[26.77577,50.48997],[26.76774,50.49143],[26.76504,50.48908],[26.76816,50.48784],[26.7669,50.48458],[26.76859,50.47748],[26.76002,50.4767],[26.76156,50.47046],[26.77445,50.47168],[26.77401,50.47372],[26.78918,50.47525],[26.78683,50.47229],[26.78655,50.46771],[26.7797,50.4666],[26.77453,50.46731],[26.76674,50.46718],[26.76589,50.46133],[26.75509,50.4629],[26.74302,50.46153],[26.74312,50.46439],[26.74694,50.47241],[26.74517,50.4796],[26.7397,50.479],[26.73526,50.47739],[26.73618,50.47167],[26.73488,50.46988],[26.73422,50.46355],[26.72847,50.45717],[26.73892,50.45214],[26.73743,50.44967],[26.73695,50.44463],[26.72316,50.44415],[26.7175,50.44564],[26.7155,50.43909],[26.71552,50.42728],[26.71259,50.41696],[26.69202,50.42011],[26.68251,50.38943],[26.67445,50.39078],[26.66847,50.39081],[26.65951,50.39221],[26.65442,50.37883],[26.64796,50.36458],[26.62149,50.37122],[26.60175,50.36818],[26.59374,50.35457],[26.58792,50.34573],[26.58795,50.34295],[26.57635,50.33626],[26.57164,50.33465],[26.55273,50.33025],[26.55933,50.32378],[26.56336,50.3212],[26.56064,50.31699],[26.54752,50.31728],[26.54327,50.31835],[26.54705,50.31012],[26.53262,50.30629],[26.52728,50.31095],[26.52073,50.30456],[26.52821,50.29976],[26.52489,50.29555],[26.51517,50.29637],[26.51398,50.29021],[26.50731,50.28752],[26.51307,50.285],[26.51343,50.28149],[26.50618,50.28516],[26.50302,50.28512],[26.50144,50.28105],[26.49853,50.2795],[26.4962,50.27568],[26.49967,50.27278],[26.49546,50.26706],[26.49916,50.2661],[26.50335,50.26275],[26.49386,50.26291],[26.48905,50.26568],[26.47998,50.26526],[26.47593,50.26399],[26.47399,50.26148],[26.46829,50.25927],[26.46891,50.25788],[26.45952,50.25803],[26.45834,50.26105],[26.45978,50.26447],[26.45686,50.26619],[26.45255,50.26462],[26.44511,50.26375],[26.43872,50.26027],[26.4351,50.26126],[26.43142,50.26035],[26.42441,50.26129],[26.41899,50.26083],[26.41551,50.26267],[26.41291,50.26184],[26.3989,50.26516],[26.39406,50.26325],[26.38978,50.26289],[26.38149,50.25733],[26.38319,50.25522],[26.38133,50.25295],[26.37719,50.25168],[26.36529,50.25243],[26.36185,50.2516],[26.35848,50.24485],[26.35565,50.24404],[26.34903,50.2384],[26.34561,50.23945],[26.34117,50.23574],[26.33267,50.23464],[26.32903,50.23132],[26.3233,50.22985],[26.32474,50.22536],[26.32105,50.22174],[26.31514,50.21791],[26.31213,50.21494],[26.30885,50.21495],[26.3052,50.21215],[26.30502,50.20858],[26.30161,50.20514],[26.30497,50.20227],[26.30492,50.19826],[26.30073,50.19415],[26.29491,50.19089],[26.29408,50.18796],[26.29117,50.18743],[26.2876,50.18442],[26.28027,50.18323],[26.27398,50.18066],[26.27347,50.17875],[26.26403,50.17845],[26.26004,50.18037],[26.25146,50.17888],[26.24333,50.17418],[26.23734,50.1727],[26.22965,50.17207],[26.22045,50.1797],[26.21963,50.17848],[26.21149,50.17536],[26.21166,50.17411],[26.2209,50.16464],[26.21594,50.16298],[26.21717,50.15739],[26.21045,50.15686],[26.20857,50.15414],[26.21133,50.15202],[26.22339,50.14594],[26.22291,50.14279],[26.23434,50.14354],[26.2378,50.14479],[26.2435,50.14329],[26.23481,50.13121],[26.24488,50.12744],[26.26466,50.1168],[26.27367,50.1135],[26.27416,50.10699],[26.27289,50.10268],[26.25393,50.10179],[26.20129,50.09819],[26.20469,50.08996],[26.20042,50.07923],[26.20664,50.07577],[26.20082,50.06729],[26.20567,50.06494],[26.21138,50.06504],[26.22162,50.05985],[26.22144,50.05499],[26.22449,50.05452],[26.22456,50.0509],[26.22663,50.04858],[26.22586,50.04582],[26.2175,50.04623],[26.21646,50.03627],[26.20707,50.0371],[26.20131,50.03635],[26.19582,50.03442],[26.19143,50.03142],[26.17592,50.02515],[26.17963,50.0235],[26.18644,50.02211],[26.18998,50.0205],[26.19793,50.02024],[26.20506,50.01848],[26.20448,50.01652],[26.21054,50.01582],[26.20524,50.00551],[26.20229,49.99214],[26.18737,49.99189],[26.17283,49.99395],[26.16759,49.98944],[26.16957,49.9871],[26.16679,49.98539],[26.1563,49.9829],[26.15428,49.97798],[26.152,49.97582],[26.14544,49.97689],[26.14198,49.97176],[26.14765,49.9689],[26.14774,49.96383],[26.14476,49.96083],[26.153,49.94379],[26.15762,49.9326],[26.16392,49.92433],[26.16292,49.92214],[26.15891,49.91976],[26.15361,49.91872],[26.15011,49.91655],[26.14081,49.914],[26.13797,49.91011],[26.1336,49.90619],[26.1327,49.8984],[26.13841,49.89521],[26.14434,49.89555],[26.15454,49.89126],[26.15822,49.89084],[26.16201,49.88846],[26.16275,49.88158],[26.1754,49.87552],[26.18675,49.87409],[26.19528,49.8704],[26.20087,49.86621],[26.18142,49.85027],[26.1782,49.8473],[26.18545,49.84582],[26.18439,49.84262],[26.18566,49.83528],[26.1893,49.83196],[26.18773,49.82933],[26.19293,49.82751],[26.19644,49.82462],[26.1981,49.82147],[26.20519,49.8208],[26.20631,49.81662],[26.21029,49.81113],[26.21697,49.81019],[26.2199,49.80446],[26.21953,49.79766],[26.22234,49.7971],[26.22676,49.79348],[26.22769,49.78736],[26.22967,49.78702],[26.22563,49.78],[26.23078,49.77716],[26.24079,49.77565],[26.23938,49.77251],[26.23628,49.77139],[26.23917,49.76191],[26.24198,49.75705],[26.24229,49.74785],[26.24329,49.7452],[26.22679,49.73803],[26.21413,49.73535],[26.21256,49.73078],[26.2055,49.72633],[26.1946,49.71584],[26.19084,49.71415],[26.19433,49.70969],[26.20875,49.70754],[26.22295,49.70291],[26.22819,49.69775],[26.23879,49.69491],[26.24409,49.69149],[26.24906,49.68202],[26.25707,49.67595],[26.26556,49.67197],[26.26865,49.66878],[26.26888,49.66096],[26.27238,49.65696],[26.26929,49.65496],[26.26417,49.65494],[26.25995,49.65373],[26.25948,49.65179],[26.26549,49.64207],[26.2626,49.63754],[26.25306,49.63313],[26.24968,49.63385],[26.2393,49.63787],[26.2315,49.63665],[26.22962,49.63451],[26.22886,49.62924],[26.22553,49.62352],[26.21743,49.62012],[26.21475,49.6162],[26.20994,49.61296],[26.20863,49.60985],[26.20002,49.60956],[26.19919,49.60695],[26.20226,49.60144],[26.20417,49.60046],[26.20802,49.59473],[26.21436,49.59041],[26.21284,49.58294],[26.20971,49.58271],[26.20734,49.57687],[26.21185,49.5738],[26.21538,49.56714],[26.21342,49.56374],[26.21631,49.55609],[26.21935,49.55397],[26.21901,49.5512],[26.21015,49.54711],[26.20348,49.5462],[26.20043,49.55082],[26.20205,49.55409],[26.19886,49.55571],[26.19067,49.55674],[26.18589,49.55143],[26.17559,49.54926],[26.17105,49.54175],[26.16511,49.53626],[26.15873,49.53208],[26.15727,49.52025],[26.14463,49.51325],[26.14265,49.50872],[26.15107,49.50701],[26.15196,49.50427],[26.15538,49.5022],[26.1585,49.49853],[26.1634,49.49576],[26.16703,49.49122],[26.1729,49.49018],[26.18005,49.4872],[26.18605,49.48183],[26.18816,49.4809],[26.18965,49.47356],[26.18973,49.46442],[26.18903,49.46039],[26.18963,49.45291],[26.19287,49.44994],[26.1961,49.44456],[26.20148,49.44232],[26.20081,49.43873],[26.19255,49.43368],[26.1928,49.43043],[26.19648,49.42555],[26.20152,49.42068],[26.20589,49.41929],[26.21048,49.41606],[26.21498,49.41805],[26.22077,49.4117],[26.22928,49.40775],[26.22442,49.40517],[26.22477,49.40315],[26.23438,49.40114],[26.23563,49.39976],[26.23057,49.39473],[26.2319,49.39226],[26.22852,49.38622],[26.22962,49.38305],[26.22622,49.38044],[26.2206,49.37934],[26.22277,49.37578],[26.23262,49.37263],[26.24424,49.36975],[26.23933,49.3637],[26.23214,49.35734],[26.23345,49.35569],[26.24207,49.35482],[26.24377,49.35353],[26.24367,49.34738],[26.23979,49.34593],[26.23331,49.35055],[26.22921,49.35045],[26.22736,49.3469],[26.22551,49.33791],[26.22538,49.32905],[26.2278,49.32442],[26.23281,49.32149],[26.24402,49.31651],[26.25071,49.31011],[26.25103,49.30661],[26.24612,49.3007],[26.25083,49.2955],[26.25789,49.29198],[26.25839,49.28821],[26.24897,49.2867],[26.25001,49.28418],[26.2569,49.27904],[26.25421,49.27624],[26.24816,49.27904],[26.24195,49.278],[26.24142,49.2747],[26.24368,49.27226],[26.25117,49.26918],[26.25838,49.26407],[26.25607,49.26134],[26.24739,49.25635],[26.24163,49.25372],[26.24646,49.24919],[26.24335,49.24286],[26.23652,49.24522],[26.22179,49.24616],[26.21642,49.24528],[26.20783,49.24601],[26.20286,49.24464],[26.20078,49.24157],[26.20096,49.23779],[26.20744,49.23282],[26.2047,49.2305],[26.20073,49.22954],[26.19888,49.22735],[26.20317,49.22246],[26.20041,49.21975],[26.19507,49.22076],[26.19056,49.21929],[26.1921,49.21648],[26.19601,49.21423],[26.19496,49.21127],[26.19132,49.20869],[26.18376,49.19823],[26.18464,49.19265],[26.19618,49.1817],[26.19329,49.17636],[26.19012,49.17374],[26.1925,49.17053],[26.20388,49.16917],[26.20925,49.16726],[26.20816,49.16547],[26.21087,49.16189],[26.20229,49.15799],[26.19549,49.16275],[26.1922,49.16133],[26.19008,49.15851],[26.19172,49.15222],[26.19895,49.14633],[26.19455,49.13749],[26.19875,49.13545],[26.20485,49.13454],[26.20369,49.13165],[26.1989,49.13035],[26.19559,49.12784],[26.19896,49.12353],[26.20063,49.11441],[26.20317,49.11374],[26.20465,49.10103],[26.20403,49.09758],[26.19877,49.09261],[26.19796,49.08386],[26.19678,49.08119],[26.19199,49.07738],[26.19509,49.07342],[26.20154,49.07289],[26.20817,49.07398],[26.21391,49.07404],[26.21434,49.07066],[26.20473,49.06633],[26.19774,49.06554],[26.18794,49.06225],[26.18532,49.06009],[26.18381,49.05512],[26.18573,49.0512],[26.19301,49.04524],[26.20786,49.03564],[26.2087,49.03127],[26.20692,49.03007],[26.19951,49.02932],[26.19786,49.02599],[26.19833,49.02317],[26.20537,49.01638],[26.21417,49.01291],[26.21541,49.01071],[26.21552,49.00482],[26.21417,49.00104],[26.21201,48.99981],[26.19682,49.00055],[26.19526,49.00356],[26.18611,49.00234],[26.18093,49.0003],[26.17606,48.99541],[26.18237,48.98963],[26.18717,48.98807],[26.19587,48.98783],[26.20378,48.98851],[26.20834,48.9879],[26.21139,48.98494],[26.21171,48.98195],[26.20442,48.9762],[26.19678,48.97418],[26.19187,48.97645],[26.18438,48.97879],[26.17896,48.97606],[26.17734,48.97369],[26.177,48.96965],[26.1816,48.96531],[26.18771,48.96301],[26.19973,48.96084],[26.2072,48.9573],[26.20821,48.95454],[26.20635,48.94639],[26.20238,48.94161],[26.19736,48.93774],[26.19411,48.93379],[26.19461,48.92551],[26.19925,48.92106],[26.19852,48.91824],[26.19497,48.91734],[26.18526,48.918],[26.1838,48.91579],[26.18602,48.90993],[26.19599,48.90356],[26.19928,48.90373],[26.20619,48.9078],[26.21108,48.91335],[26.22038,48.91269],[26.22316,48.91095],[26.22519,48.90608],[26.2244,48.90367],[26.22061,48.90303],[26.21641,48.90044],[26.20637,48.89897],[26.20387,48.89553],[26.20545,48.89044],[26.21037,48.88615],[26.21122,48.88315],[26.21383,48.88204],[26.21253,48.87893],[26.20994,48.87874],[26.2058,48.87497],[26.21236,48.8674],[26.21146,48.86448],[26.20868,48.86302],[26.20323,48.86269],[26.19995,48.86132],[26.19999,48.85862],[26.20261,48.85535],[26.2058,48.85365],[26.2177,48.85062],[26.22176,48.84753],[26.2223,48.84383],[26.21854,48.83602],[26.22258,48.83145],[26.22905,48.82954],[26.23262,48.82693],[26.23272,48.82018],[26.23569,48.81783],[26.24044,48.81802],[26.24881,48.82261],[26.25252,48.8224],[26.25657,48.82045],[26.25662,48.81697],[26.25846,48.81555],[26.25362,48.80882],[26.24957,48.80826],[26.23926,48.81006],[26.23969,48.81191],[26.236,48.81406],[26.22716,48.81435],[26.22486,48.81241],[26.22441,48.80903],[26.22953,48.80431],[26.23586,48.79378],[26.23265,48.78995],[26.22437,48.79227],[26.21806,48.7933],[26.21695,48.79567],[26.21829,48.79962],[26.21443,48.80197],[26.21066,48.80114],[26.20729,48.79727],[26.20923,48.79011],[26.21083,48.78869],[26.21159,48.78294],[26.21516,48.78007],[26.22055,48.77903],[26.224,48.77987],[26.23194,48.77992],[26.23784,48.77562],[26.23834,48.76904],[26.2301,48.76397],[26.23127,48.76046],[26.23618,48.75849],[26.24499,48.75638],[26.24579,48.75473],[26.24251,48.75002],[26.23607,48.74941],[26.23142,48.75133],[26.22651,48.75514],[26.22375,48.75312],[26.22379,48.74929],[26.22643,48.74721],[26.23105,48.74583],[26.23475,48.74271],[26.24157,48.74074],[26.24394,48.73717],[26.24258,48.73356],[26.2352,48.72934],[26.23536,48.72628],[26.23903,48.72228],[26.23973,48.71937],[26.23196,48.71355],[26.22906,48.70934],[26.23315,48.69997],[26.23755,48.69994],[26.23772,48.69704],[26.23436,48.69256],[26.22163,48.69261],[26.21951,48.68885],[26.22449,48.68335],[26.23496,48.68152],[26.24235,48.6831],[26.24581,48.6822],[26.24155,48.67898],[26.24267,48.67214],[26.24604,48.66927],[26.25226,48.66747],[26.25874,48.66776],[26.26239,48.66935],[26.26834,48.67435],[26.27476,48.67495],[26.28009,48.67128],[26.28134,48.66824],[26.2769,48.66347],[26.27716,48.65944],[26.27314,48.65374],[26.26723,48.65019],[26.27419,48.64713],[26.27729,48.6487],[26.28023,48.64691],[26.28454,48.64921],[26.2867,48.64851],[26.29242,48.65054],[26.29625,48.65325],[26.29695,48.65588],[26.30038,48.65797],[26.30751,48.6575],[26.30976,48.65377],[26.30891,48.6498],[26.2985,48.64421],[26.28805,48.64],[26.29387,48.63574],[26.30253,48.63533],[26.31692,48.63783],[26.32106,48.63599],[26.32371,48.63167],[26.32231,48.6272],[26.31857,48.62505],[26.31435,48.62426],[26.30458,48.62545],[26.29917,48.62799],[26.29271,48.62581],[26.29341,48.62238],[26.30564,48.6179],[26.30658,48.61631],[26.31553,48.61571],[26.31986,48.61458],[26.32676,48.61074],[26.32489,48.59935],[26.33262,48.59668],[26.33753,48.59613],[26.34104,48.59766],[26.34389,48.5927],[26.34107,48.58678],[26.34531,48.58502],[26.35846,48.5889],[26.36097,48.58633],[26.35923,48.5808],[26.35483,48.57808],[26.35089,48.5776],[26.33957,48.57356],[26.33644,48.56963],[26.33826,48.56586],[26.34574,48.56195],[26.35356,48.56026],[26.36113,48.56102],[26.36431,48.55872],[26.36647,48.55516],[26.36647,48.55118],[26.35887,48.54625],[26.35793,48.54429],[26.36139,48.54152],[26.36647,48.54166],[26.37214,48.54336],[26.37501,48.54527],[26.37803,48.54926],[26.37896,48.55362],[26.37781,48.55855],[26.37535,48.56068],[26.37567,48.56311],[26.37981,48.56467],[26.38629,48.5631],[26.39738,48.55417],[26.39768,48.55201],[26.40531,48.54426],[26.40894,48.54211],[26.41486,48.54081],[26.42198,48.54231],[26.42854,48.54732],[26.43566,48.54708],[26.4416,48.54423],[26.44379,48.53862],[26.46792,48.54548],[26.47634,48.54673],[26.4864,48.5451],[26.49016,48.54314],[26.49379,48.53936],[26.50126,48.52574],[26.50653,48.51732],[26.51191,48.51076],[26.53032,48.49225],[26.53417,48.48769],[26.54245,48.47573],[26.54763,48.46907],[26.55369,48.46338],[26.56356,48.45617],[26.57329,48.45291],[26.58631,48.45151],[26.60197,48.45131],[26.61251,48.45319],[26.61977,48.45635],[26.6248,48.46157],[26.62599,48.4661],[26.62467,48.47007],[26.61574,48.48474],[26.61063,48.49129],[26.60758,48.49693],[26.60689,48.50221],[26.61034,48.50573],[26.61624,48.50805],[26.62433,48.5089],[26.63218,48.50681],[26.63711,48.50384],[26.65326,48.49096],[26.66181,48.4871],[26.67348,48.4854],[26.69724,48.48592],[26.70419,48.4878],[26.71043,48.49095],[26.71266,48.49369],[26.71348,48.49734],[26.71173,48.5022],[26.70497,48.50947],[26.69868,48.51325],[26.68638,48.51955],[26.68105,48.52375],[26.67885,48.52799],[26.67794,48.53386],[26.67522,48.53863],[26.67175,48.54051],[26.66484,48.54166],[26.6512,48.54045],[26.63651,48.53626],[26.62854,48.53641],[26.62351,48.53752],[26.6182,48.54281],[26.6178,48.54617],[26.61922,48.55119],[26.62263,48.55488],[26.63098,48.55937],[26.63956,48.56162],[26.64735,48.562],[26.66145,48.56002],[26.66651,48.55786],[26.67522,48.553],[26.68543,48.54464],[26.7024,48.53525],[26.71265,48.53211],[26.71847,48.53106],[26.73021,48.53409],[26.74001,48.54009],[26.74091,48.54182],[26.74273,48.55264],[26.74298,48.55727],[26.74066,48.563],[26.73507,48.56917],[26.72549,48.57301],[26.72168,48.57602],[26.71943,48.58216],[26.72153,48.58633],[26.72545,48.58734],[26.73574,48.58617],[26.74376,48.58291],[26.74868,48.57877],[26.75411,48.56256],[26.75429,48.55951],[26.75643,48.55506],[26.7616,48.54916],[26.7658,48.54726],[26.77121,48.54671],[26.77983,48.5478],[26.78475,48.54962],[26.79373,48.56138],[26.79447,48.56485],[26.79395,48.57054],[26.79068,48.57501],[26.78432,48.58095],[26.77858,48.58994],[26.77999,48.59713],[26.78328,48.60018],[26.793,48.60645],[26.80061,48.60919],[26.80927,48.61045],[26.81565,48.61007],[26.82018,48.60873],[26.82377,48.60585],[26.82555,48.60107],[26.82505,48.59833],[26.82152,48.59225],[26.81957,48.5857],[26.82065,48.58077],[26.83612,48.56273],[26.84094,48.55788],[26.85262,48.55016],[26.86602,48.54476],[26.87928,48.54248],[26.88751,48.54341],[26.89547,48.54628],[26.90293,48.5501],[26.907,48.55466],[26.91856,48.56963],[26.92195,48.57221],[26.93027,48.57545],[26.93754,48.57626],[26.962,48.57437],[26.97038,48.57592],[26.97332,48.5779],[26.97812,48.58322],[26.9835,48.58647],[26.98996,48.58824],[26.99628,48.58678],[26.99381,48.58122],[26.99398,48.57755],[26.9964,48.57369],[27.00068,48.57052],[27.0071,48.56896],[27.01834,48.56773],[27.02773,48.56575],[27.03622,48.56494],[27.04744,48.56563],[27.05899,48.56405],[27.07323,48.56007],[27.08778,48.55741],[27.09941,48.55581],[27.10613,48.5558],[27.11288,48.55704],[27.12049,48.55959],[27.13027,48.56481],[27.13406,48.56786],[27.14223,48.57593],[27.15513,48.58257],[27.16784,48.58522],[27.17664,48.58504],[27.18114,48.58418],[27.18819,48.58133],[27.20119,48.57462],[27.21197,48.56853],[27.21985,48.56516],[27.22832,48.56335],[27.23723,48.56454],[27.248,48.56526],[27.2536,48.56674],[27.25847,48.56932],[27.26355,48.57392],[27.26638,48.58087],[27.26562,48.58449],[27.26316,48.58877],[27.25665,48.59673],[27.24968,48.60118],[27.23616,48.60565],[27.23396,48.60754],[27.23367,48.61078],[27.24549,48.62052],[27.24961,48.62301],[27.25625,48.62523],[27.26392,48.62676],[27.27028,48.62696],[27.27939,48.6257],[27.28823,48.62226],[27.29501,48.61642],[27.30339,48.60557],[27.30794,48.60197],[27.31285,48.59964],[27.31727,48.59872],[27.32362,48.59897],[27.34062,48.60332],[27.34426,48.6049],[27.34735,48.60901],[27.35023,48.61975],[27.35067,48.62587],[27.35518,48.62941],[27.3648,48.63066],[27.37291,48.63015],[27.37577,48.63543],[27.3786,48.64274],[27.37926,48.64949],[27.38187,48.65283],[27.38604,48.65564],[27.389,48.6624],[27.38897,48.66802],[27.38767,48.66956],[27.38996,48.67533],[27.38922,48.67867],[27.39505,48.68628],[27.3988,48.68861],[27.40784,48.68649],[27.40804,48.68869],[27.40464,48.6943],[27.40792,48.69564],[27.41177,48.69472],[27.41473,48.69992],[27.41374,48.70612],[27.41009,48.71083],[27.40627,48.71412],[27.40375,48.71814],[27.3999,48.72674],[27.40015,48.72979],[27.41436,48.73999],[27.41204,48.7438],[27.40541,48.74701],[27.39829,48.75455],[27.39424,48.75363],[27.39056,48.75656],[27.39199,48.75836],[27.38954,48.7641],[27.39205,48.76612],[27.39779,48.76705],[27.40708,48.76625],[27.40967,48.76946],[27.40372,48.77357],[27.41284,48.77753],[27.41893,48.7868],[27.41659,48.78942],[27.42718,48.7944],[27.42762,48.79719],[27.41958,48.79974],[27.41641,48.80686],[27.41099,48.81167],[27.41161,48.81612],[27.41691,48.81977],[27.41809,48.82326],[27.41311,48.83638],[27.41767,48.83747],[27.4157,48.84682],[27.41297,48.84904],[27.41547,48.8509],[27.41634,48.85666],[27.41491,48.882],[27.40544,48.88866],[27.40124,48.89167],[27.39353,48.90048],[27.39672,48.92526],[27.39414,48.92615],[27.39464,48.92919]]]},"properties":{"oblast":"khmelnytskyi_oblast","id":"khmelnytskyi_oblast","name":"Хмельницька область"}},{"type":"Feature","geometry":{"type":"Polygon","coordinates":[[[30.42123,49.30233],[30.39773,49.30348],[30.38778,49.27028],[30.38561,49.25854],[30.38382,49.25544],[30.37571,49.23626],[30.37184,49.23641],[30.37483,49.24347],[30.36573,49.24478],[30.36503,49.2483],[30.36717,49.25453],[30.36192,49.25585],[30.33567,49.25925],[30.32081,49.26147],[30.25817,49.27148],[30.25717,49.26827],[30.25217,49.26931],[30.24565,49.26929],[30.23851,49.27115],[30.23586,49.26963],[30.22997,49.27176],[30.2107,49.27272],[30.18949,49.27491],[30.19419,49.29381],[30.19529,49.30324],[30.20026,49.32817],[30.14893,49.32677],[30.14857,49.33499],[30.13987,49.33159],[30.13683,49.3312],[30.13219,49.31372],[30.12919,49.31307],[30.12684,49.31032],[30.12238,49.31074],[30.11972,49.30848],[30.11298,49.30891],[30.10703,49.30289],[30.11363,49.30003],[30.12116,49.29505],[30.11911,49.29245],[30.12324,49.28892],[30.1233,49.28118],[30.11904,49.28005],[30.11731,49.27582],[30.11305,49.2701],[30.10353,49.27387],[30.09576,49.28108],[30.0886,49.28606],[30.08703,49.29388],[30.08234,49.29946],[30.08515,49.30168],[30.08457,49.30662],[30.08611,49.31252],[30.07933,49.3186],[30.07838,49.32232],[30.06962,49.32539],[30.03474,49.33114],[30.03304,49.33255],[30.02664,49.3343],[30.0211,49.32923],[30.01208,49.32891],[30.00993,49.32659],[30.00716,49.31505],[30.00311,49.31561],[29.98304,49.31551],[29.9678,49.30909],[29.95995,49.30625],[29.95341,49.31192],[29.94839,49.31192],[29.94772,49.30824],[29.94448,49.3017],[29.95564,49.28945],[29.95701,49.28625],[29.95745,49.26381],[29.95558,49.25218],[29.95383,49.25041],[29.93644,49.24814],[29.93208,49.24859],[29.93147,49.24293],[29.92094,49.23012],[29.90432,49.22152],[29.90894,49.21649],[29.89373,49.20839],[29.89774,49.20479],[29.87677,49.20026],[29.88274,49.19365],[29.88407,49.1885],[29.88222,49.18613],[29.85777,49.18846],[29.825,49.17986],[29.8192,49.17857],[29.81814,49.18296],[29.81481,49.18652],[29.76014,49.17978],[29.73702,49.20123],[29.72733,49.2081],[29.74191,49.21137],[29.74047,49.21686],[29.74349,49.21703],[29.7447,49.22088],[29.74939,49.22388],[29.74117,49.22559],[29.73654,49.2284],[29.73069,49.22587],[29.72682,49.22159],[29.71888,49.221],[29.71302,49.22321],[29.70379,49.22541],[29.71053,49.20714],[29.72586,49.20293],[29.72655,49.1854],[29.7261,49.18079],[29.72113,49.18345],[29.71761,49.17944],[29.71626,49.17072],[29.71828,49.17042],[29.71637,49.16116],[29.71774,49.15621],[29.70986,49.15513],[29.71203,49.14191],[29.71955,49.13155],[29.73134,49.1319],[29.7336,49.1228],[29.72803,49.12219],[29.72166,49.12035],[29.71681,49.12024],[29.70857,49.11851],[29.68518,49.11597],[29.68093,49.11236],[29.67818,49.11218],[29.68055,49.1027],[29.68534,49.09301],[29.68627,49.08871],[29.68214,49.08877],[29.67162,49.09093],[29.66604,49.0932],[29.65479,49.0947],[29.65089,49.09705],[29.64092,49.07441],[29.63447,49.06069],[29.64137,49.05687],[29.63801,49.05307],[29.63167,49.05263],[29.62876,49.05138],[29.62935,49.04671],[29.62013,49.05187],[29.6157,49.05605],[29.60602,49.05666],[29.61037,49.05316],[29.61231,49.04739],[29.61659,49.04146],[29.62185,49.03835],[29.62447,49.035],[29.62717,49.02866],[29.6279,49.02379],[29.63933,49.01176],[29.65135,49.01671],[29.65339,49.0144],[29.65866,49.0163],[29.66612,49.02022],[29.67164,49.0244],[29.67622,49.02219],[29.68367,49.02644],[29.68158,49.01838],[29.68344,49.01437],[29.68934,49.01456],[29.69058,49.01216],[29.68349,49.00622],[29.69574,49.00041],[29.65201,48.95977],[29.65867,48.95046],[29.66077,48.9484],[29.65172,48.9368],[29.65792,48.93488],[29.66718,48.93063],[29.66836,48.92827],[29.66568,48.92633],[29.67643,48.92317],[29.68039,48.92144],[29.687,48.91232],[29.70025,48.91683],[29.71252,48.9114],[29.7355,48.90818],[29.73212,48.90571],[29.71656,48.89903],[29.71325,48.90149],[29.70985,48.89826],[29.7199,48.89047],[29.7214,48.89126],[29.72807,48.88636],[29.72775,48.88403],[29.72876,48.87415],[29.7317,48.8546],[29.74285,48.85288],[29.75591,48.84779],[29.76164,48.84706],[29.76614,48.78626],[29.7745,48.78249],[29.78067,48.78551],[29.78489,48.78511],[29.7927,48.78103],[29.80529,48.77879],[29.80014,48.77432],[29.84741,48.76657],[29.85005,48.76577],[29.86653,48.76302],[29.8654,48.7594],[29.85977,48.75854],[29.87089,48.74693],[29.87749,48.74587],[29.87711,48.74369],[29.88218,48.73906],[29.88412,48.73608],[29.88127,48.73132],[29.86774,48.7345],[29.85628,48.71384],[29.86315,48.71218],[29.86149,48.70912],[29.86569,48.70811],[29.86116,48.69975],[29.87239,48.70277],[29.88829,48.69152],[29.91705,48.67159],[29.94685,48.66983],[29.94342,48.66586],[29.94298,48.66196],[29.94468,48.65782],[29.95617,48.65871],[29.95957,48.64991],[29.96635,48.65046],[29.96805,48.64288],[29.96993,48.64177],[29.97619,48.64247],[29.97767,48.63501],[29.98978,48.63637],[29.99277,48.63019],[29.98911,48.6273],[29.98897,48.62128],[29.98711,48.61886],[29.99139,48.61582],[29.98611,48.61125],[29.98254,48.61236],[29.95129,48.60853],[29.94986,48.6056],[29.95176,48.60081],[29.94762,48.59568],[29.94819,48.59339],[29.95641,48.58375],[29.95969,48.58275],[29.97032,48.58381],[29.99314,48.57897],[30.00632,48.57107],[30.00431,48.56898],[30.00376,48.5601],[30.00589,48.55665],[30.00335,48.55163],[30.00751,48.54904],[30.00854,48.54258],[30.01995,48.53942],[30.0187,48.53609],[30.02107,48.53462],[30.01811,48.5213],[30.02042,48.51921],[30.01758,48.51755],[30.01338,48.51986],[30.00704,48.5195],[29.99721,48.52137],[29.99285,48.52011],[29.98901,48.51669],[29.99014,48.5141],[30.00005,48.51387],[30.00344,48.51529],[30.0058,48.51228],[30.00087,48.49202],[29.98058,48.49411],[29.98004,48.49222],[29.97576,48.48984],[29.96674,48.49143],[29.96118,48.47297],[29.96791,48.47167],[29.96804,48.47206],[30.00226,48.47256],[29.99969,48.47808],[30.02954,48.48102],[30.04984,48.48283],[30.05408,48.48],[30.06187,48.47731],[30.07087,48.46915],[30.07349,48.46927],[30.07806,48.46696],[30.0821,48.46641],[30.0842,48.46186],[30.08819,48.45736],[30.09489,48.45485],[30.1114,48.45199],[30.12072,48.45352],[30.11972,48.45959],[30.12269,48.46326],[30.1296,48.46281],[30.13054,48.47037],[30.1373,48.47057],[30.14467,48.47268],[30.15121,48.48221],[30.15645,48.48507],[30.15151,48.49065],[30.1518,48.49783],[30.16286,48.50378],[30.21207,48.48402],[30.22,48.48011],[30.23107,48.48252],[30.25628,48.48926],[30.25487,48.50542],[30.30298,48.51176],[30.30716,48.51212],[30.32541,48.5218],[30.35363,48.52564],[30.36241,48.52629],[30.38659,48.52705],[30.38721,48.54245],[30.40284,48.57383],[30.45283,48.58347],[30.47536,48.56617],[30.48617,48.56412],[30.48704,48.5692],[30.50259,48.56789],[30.50259,48.56435],[30.5077,48.56385],[30.50895,48.56814],[30.53237,48.56568],[30.53479,48.56685],[30.54014,48.56699],[30.54121,48.57062],[30.56643,48.56738],[30.56912,48.5773],[30.56316,48.57897],[30.56728,48.58975],[30.56855,48.59174],[30.55781,48.59577],[30.57085,48.60564],[30.54435,48.62123],[30.54273,48.61996],[30.5294,48.62779],[30.55135,48.65365],[30.55447,48.65415],[30.59865,48.6632],[30.59916,48.67065],[30.60314,48.67965],[30.60488,48.68536],[30.60823,48.68617],[30.61118,48.69796],[30.60135,48.69911],[30.59238,48.70812],[30.57603,48.72087],[30.5881,48.72279],[30.59186,48.72009],[30.60169,48.72092],[30.60897,48.71913],[30.6219,48.73973],[30.63541,48.73912],[30.63703,48.75187],[30.69804,48.76736],[30.7207,48.76109],[30.74235,48.76069],[30.75141,48.76085],[30.75333,48.76989],[30.80395,48.75684],[30.81145,48.76922],[30.81918,48.76638],[30.82578,48.75902],[30.82848,48.75688],[30.83213,48.74967],[30.83621,48.7498],[30.84566,48.74797],[30.8483,48.75147],[30.85999,48.75036],[30.87353,48.74971],[30.87618,48.74898],[30.8792,48.74502],[30.8841,48.74397],[30.88732,48.74537],[30.8959,48.7453],[30.89783,48.74825],[30.89449,48.75525],[30.89696,48.75972],[30.90222,48.7626],[30.91608,48.76056],[30.92717,48.76094],[30.93209,48.76202],[30.94193,48.75978],[30.94605,48.75949],[30.9468,48.76429],[30.94216,48.76769],[30.94259,48.77209],[30.95047,48.77149],[30.95432,48.7695],[30.96092,48.76354],[30.96675,48.76107],[30.97647,48.76164],[30.98908,48.76439],[30.99571,48.76499],[30.99658,48.76108],[31.00219,48.75709],[31.00639,48.75746],[31.00997,48.75944],[31.01569,48.75939],[31.01969,48.76175],[31.02498,48.7615],[31.03201,48.76007],[31.03763,48.76067],[31.04021,48.75934],[31.04273,48.75413],[31.04837,48.75178],[31.05226,48.75511],[31.05871,48.75432],[31.06071,48.74943],[31.06388,48.74674],[31.06797,48.74676],[31.07032,48.74309],[31.0681,48.74229],[31.06727,48.73836],[31.06918,48.73678],[31.07394,48.73644],[31.08209,48.73418],[31.0848,48.73217],[31.08912,48.73232],[31.08671,48.73642],[31.0887,48.73896],[31.09371,48.74086],[31.10188,48.73888],[31.10452,48.73428],[31.10519,48.73029],[31.11158,48.72872],[31.11704,48.72892],[31.11834,48.732],[31.11854,48.73727],[31.12291,48.74145],[31.12612,48.74126],[31.1291,48.73675],[31.13404,48.74007],[31.136,48.74431],[31.14049,48.74489],[31.14196,48.74668],[31.14934,48.74345],[31.15147,48.74016],[31.15669,48.74523],[31.15976,48.74972],[31.17158,48.76139],[31.17407,48.76248],[31.17935,48.76189],[31.18352,48.76028],[31.18998,48.76104],[31.19715,48.7604],[31.20537,48.75652],[31.21053,48.75853],[31.21075,48.76389],[31.21219,48.76724],[31.21642,48.76906],[31.22485,48.76772],[31.23131,48.76588],[31.24402,48.76826],[31.25054,48.76728],[31.2535,48.76436],[31.25198,48.75935],[31.25578,48.7551],[31.25567,48.75269],[31.26058,48.74891],[31.26362,48.74891],[31.26929,48.75341],[31.28168,48.75542],[31.28569,48.75846],[31.29333,48.75703],[31.29815,48.75885],[31.31035,48.75867],[31.31316,48.75463],[31.31153,48.7504],[31.31314,48.7462],[31.31774,48.74344],[31.32214,48.73946],[31.32462,48.73468],[31.31916,48.73144],[31.32585,48.73038],[31.32638,48.72713],[31.33033,48.72577],[31.3421,48.72846],[31.35248,48.72722],[31.35486,48.73114],[31.35302,48.73302],[31.35199,48.74009],[31.35758,48.74177],[31.36341,48.73961],[31.3648,48.73707],[31.36948,48.73555],[31.37111,48.73008],[31.38215,48.72767],[31.38481,48.72856],[31.38423,48.7351],[31.3871,48.74288],[31.39184,48.74418],[31.39343,48.74821],[31.39907,48.74683],[31.39722,48.74225],[31.39194,48.73692],[31.39351,48.73541],[31.40437,48.73985],[31.40869,48.74276],[31.41412,48.74932],[31.41023,48.75495],[31.41203,48.75648],[31.41934,48.75554],[31.41918,48.75255],[31.42441,48.7484],[31.42495,48.74369],[31.43614,48.75386],[31.42262,48.76364],[31.4482,48.77779],[31.46799,48.78851],[31.48315,48.79324],[31.49833,48.79735],[31.52822,48.80421],[31.52716,48.8162],[31.5589,48.82852],[31.56218,48.83473],[31.55461,48.8369],[31.56716,48.85722],[31.55937,48.86299],[31.576,48.87279],[31.5788,48.87223],[31.58186,48.8749],[31.58057,48.87762],[31.57441,48.88065],[31.57948,48.8846],[31.57206,48.88803],[31.56857,48.8915],[31.57772,48.89536],[31.57225,48.90011],[31.56695,48.89986],[31.58167,48.91257],[31.59479,48.90613],[31.57937,48.89268],[31.58068,48.88774],[31.58616,48.89053],[31.58902,48.89037],[31.59897,48.89272],[31.60113,48.89552],[31.59681,48.89769],[31.60217,48.90246],[31.60817,48.89954],[31.61854,48.90303],[31.61982,48.90575],[31.62991,48.90633],[31.63993,48.90791],[31.63879,48.9048],[31.63999,48.901],[31.64501,48.90043],[31.65394,48.90234],[31.66243,48.90069],[31.66571,48.90106],[31.67876,48.90078],[31.68345,48.89794],[31.68945,48.89631],[31.69549,48.90701],[31.69872,48.9189],[31.6986,48.92407],[31.69585,48.92728],[31.69853,48.93103],[31.72479,48.93387],[31.75099,48.92608],[31.75849,48.93097],[31.76754,48.93384],[31.76958,48.93542],[31.77063,48.93517],[31.79473,48.93898],[31.79836,48.94114],[31.80534,48.94961],[31.81045,48.94786],[31.80771,48.94462],[31.81703,48.94001],[31.82143,48.93699],[31.82573,48.93551],[31.83422,48.93643],[31.83915,48.93561],[31.8585,48.92727],[31.87807,48.91798],[31.91823,48.90619],[31.91852,48.89708],[31.91234,48.8867],[31.92108,48.88011],[31.92982,48.88812],[31.93109,48.89335],[31.93853,48.89649],[31.94399,48.90215],[31.94535,48.90607],[31.95256,48.90665],[31.95912,48.90814],[31.96112,48.906],[31.96532,48.90749],[31.9888,48.91261],[31.99863,48.91654],[32.00594,48.91353],[32.00796,48.91643],[32.01239,48.91806],[32.01578,48.92359],[32.02642,48.93072],[32.04087,48.92208],[32.04396,48.9225],[32.0489,48.91631],[32.07968,48.92117],[32.08359,48.91731],[32.09331,48.91887],[32.09354,48.91235],[32.09191,48.90906],[32.08935,48.9085],[32.08693,48.90509],[32.09645,48.90581],[32.09875,48.90294],[32.10523,48.90245],[32.10547,48.91106],[32.11343,48.91211],[32.1458,48.91218],[32.15151,48.91662],[32.1512,48.92236],[32.15226,48.92466],[32.15199,48.93995],[32.15396,48.94465],[32.14728,48.9496],[32.14357,48.95107],[32.13123,48.95119],[32.13493,48.9542],[32.13339,48.96254],[32.13475,48.96613],[32.14337,48.96811],[32.15779,48.96902],[32.16386,48.97239],[32.17146,48.9719],[32.17775,48.97267],[32.17958,48.97504],[32.18016,48.98092],[32.18261,48.98577],[32.18241,48.98882],[32.17894,48.99035],[32.18327,48.99433],[32.18349,48.99624],[32.19182,48.99598],[32.19498,48.99434],[32.19556,48.99189],[32.20831,48.99116],[32.21749,48.98773],[32.21896,48.98957],[32.22921,49.02858],[32.23575,49.05128],[32.23365,49.05944],[32.23796,49.06204],[32.24248,49.06181],[32.24516,49.05994],[32.25355,49.05813],[32.25764,49.05979],[32.26197,49.05867],[32.26225,49.06211],[32.26488,49.06474],[32.26383,49.06796],[32.25735,49.06694],[32.25703,49.07086],[32.25987,49.07823],[32.26435,49.08129],[32.2695,49.08151],[32.27487,49.08004],[32.28324,49.07922],[32.28583,49.08205],[32.29181,49.07874],[32.2973,49.07944],[32.29805,49.07328],[32.30438,49.07441],[32.31269,49.0747],[32.31443,49.08095],[32.3483,49.07906],[32.34735,49.07415],[32.35044,49.0745],[32.35291,49.06925],[32.36534,49.07177],[32.37533,49.05034],[32.37094,49.04379],[32.36991,49.03992],[32.37337,49.03624],[32.37741,49.03657],[32.3826,49.03184],[32.39115,49.03095],[32.40239,49.02628],[32.41315,49.02673],[32.41765,49.02798],[32.42167,49.03205],[32.42438,49.0377],[32.42731,49.04133],[32.43457,49.03933],[32.44271,49.0525],[32.4438,49.0487],[32.44654,49.0456],[32.45116,49.04399],[32.45177,49.03893],[32.45535,49.03855],[32.45892,49.04062],[32.46148,49.03739],[32.46919,49.03559],[32.47286,49.03307],[32.4654,49.03176],[32.47318,49.01547],[32.47389,49.01323],[32.47193,49.0103],[32.47572,49.00548],[32.48824,49.01235],[32.49586,49.0149],[32.49974,49.01314],[32.4968,49.0097],[32.49913,49.00412],[32.49603,49.00042],[32.50396,48.9928],[32.50181,48.98792],[32.50458,48.98502],[32.51184,48.98374],[32.51561,48.97531],[32.51031,48.97124],[32.51393,48.96828],[32.50965,48.96045],[32.51231,48.95642],[32.51694,48.95398],[32.52275,48.94458],[32.51893,48.94029],[32.52189,48.9389],[32.54278,48.93982],[32.55056,48.94044],[32.5517,48.94176],[32.54892,48.94511],[32.54592,48.94591],[32.54032,48.95269],[32.54309,48.95711],[32.54666,48.9597],[32.54012,48.96159],[32.53887,48.96693],[32.55535,48.96553],[32.55502,48.96262],[32.56845,48.95733],[32.57802,48.95911],[32.57662,48.95168],[32.58186,48.95074],[32.5865,48.9512],[32.58865,48.95394],[32.59422,48.95692],[32.59205,48.96036],[32.59821,48.96069],[32.60301,48.96201],[32.60759,48.96449],[32.61005,48.95908],[32.6066,48.95615],[32.61143,48.95369],[32.62038,48.95448],[32.62424,48.95569],[32.62926,48.95318],[32.63965,48.95587],[32.64197,48.95376],[32.65433,48.95331],[32.66152,48.95518],[32.6766,48.95638],[32.67972,48.9573],[32.67326,48.9669],[32.67531,48.96941],[32.67289,48.9736],[32.67279,48.97655],[32.67009,48.98108],[32.67214,48.98529],[32.67611,48.98565],[32.68368,48.98304],[32.68444,48.98188],[32.69571,48.98297],[32.69792,48.97445],[32.73026,48.97749],[32.73329,48.96475],[32.78154,48.96931],[32.79637,48.97099],[32.79488,48.97578],[32.81266,48.97723],[32.84523,48.98046],[32.84342,48.99032],[32.85795,48.99149],[32.87375,48.99228],[32.87225,49.00011],[32.86783,48.99907],[32.8587,48.99832],[32.85325,49.00006],[32.84837,49.00318],[32.84383,49.01094],[32.83575,49.00799],[32.82868,49.00921],[32.82546,49.01547],[32.82942,49.01615],[32.83435,49.01441],[32.83876,49.01586],[32.83797,49.02299],[32.84192,49.02381],[32.8426,49.02818],[32.83697,49.02785],[32.83176,49.05673],[32.82919,49.0672],[32.8157,49.07208],[32.81431,49.07465],[32.8166,49.07608],[32.84826,49.08732],[32.86104,49.09098],[32.87356,49.09309],[32.88852,49.09506],[32.8915,49.09686],[32.89262,49.10067],[32.89195,49.10961],[32.88915,49.12116],[32.85078,49.12878],[32.82094,49.13487],[32.78833,49.14121],[32.77498,49.1444],[32.76674,49.14938],[32.76275,49.15248],[32.75804,49.15889],[32.75896,49.16714],[32.76664,49.1699],[32.76932,49.17226],[32.76999,49.17676],[32.77211,49.18076],[32.7767,49.18581],[32.78303,49.19135],[32.79954,49.20366],[32.805,49.20878],[32.81631,49.21604],[32.82251,49.2189],[32.83612,49.22402],[32.84686,49.23053],[32.85026,49.2341],[32.8561,49.24619],[32.84888,49.24894],[32.84302,49.24938],[32.83559,49.24701],[32.82666,49.24732],[32.81972,49.24906],[32.81532,49.24915],[32.81013,49.24762],[32.80302,49.24151],[32.79954,49.23984],[32.78973,49.23791],[32.77564,49.23746],[32.7657,49.23345],[32.7613,49.2332],[32.75705,49.23651],[32.75744,49.24169],[32.75376,49.24354],[32.74609,49.24492],[32.73532,49.25306],[32.73175,49.25372],[32.72168,49.25386],[32.71391,49.25758],[32.70613,49.25738],[32.68786,49.25516],[32.67942,49.25585],[32.67571,49.2546],[32.67152,49.2512],[32.65882,49.24787],[32.65223,49.24852],[32.64427,49.25294],[32.63912,49.25769],[32.63529,49.25979],[32.62887,49.26064],[32.62149,49.25896],[32.611,49.25354],[32.6075,49.25428],[32.60402,49.25845],[32.59983,49.2706],[32.59566,49.27624],[32.58787,49.27873],[32.56814,49.28275],[32.54547,49.29515],[32.52921,49.30247],[32.52562,49.30368],[32.51253,49.30551],[32.50485,49.30761],[32.49851,49.31049],[32.47518,49.32297],[32.46648,49.3281],[32.47295,49.33572],[32.47756,49.33833],[32.47725,49.3414],[32.47276,49.34039],[32.46519,49.34046],[32.46067,49.34337],[32.46106,49.34739],[32.46459,49.35042],[32.47503,49.35473],[32.47834,49.35869],[32.47804,49.36531],[32.47962,49.36743],[32.48878,49.37549],[32.49033,49.38022],[32.49485,49.38643],[32.49655,49.39392],[32.49888,49.3969],[32.50374,49.39829],[32.50731,49.40618],[32.50987,49.40784],[32.52033,49.40388],[32.52305,49.40178],[32.52543,49.3973],[32.52608,49.3932],[32.52814,49.39019],[32.53191,49.38866],[32.54039,49.3834],[32.54481,49.38182],[32.55241,49.38065],[32.56245,49.38251],[32.56962,49.38096],[32.57373,49.37903],[32.58414,49.37819],[32.59356,49.37801],[32.60537,49.37473],[32.61318,49.37078],[32.62646,49.36685],[32.63565,49.36368],[32.64396,49.35925],[32.6509,49.35679],[32.66711,49.35605],[32.67242,49.35334],[32.67818,49.35235],[32.68795,49.35208],[32.69427,49.35372],[32.71013,49.35429],[32.72222,49.3534],[32.72841,49.35234],[32.73566,49.35255],[32.7382,49.35375],[32.73708,49.35983],[32.73529,49.36311],[32.73586,49.36989],[32.73714,49.37184],[32.73081,49.37333],[32.72104,49.37827],[32.71317,49.38418],[32.70843,49.38459],[32.70536,49.38331],[32.69609,49.38255],[32.68992,49.38519],[32.68439,49.39259],[32.67742,49.40063],[32.68058,49.40883],[32.68127,49.41656],[32.68058,49.42244],[32.67856,49.42573],[32.66813,49.42612],[32.6586,49.42897],[32.65649,49.43261],[32.65231,49.43359],[32.65123,49.43816],[32.65471,49.4414],[32.67036,49.4458],[32.67286,49.44899],[32.66984,49.4547],[32.66577,49.45958],[32.6674,49.46868],[32.66683,49.47106],[32.66979,49.47374],[32.66967,49.48665],[32.67064,49.48997],[32.67972,49.5006],[32.69363,49.49993],[32.70376,49.49836],[32.70998,49.49902],[32.7347,49.51613],[32.73822,49.51697],[32.74452,49.5209],[32.74749,49.52399],[32.75017,49.52383],[32.75036,49.54194],[32.74824,49.54463],[32.75021,49.5484],[32.75091,49.55592],[32.74953,49.56055],[32.75063,49.56353],[32.75353,49.56542],[32.74932,49.56906],[32.75182,49.57302],[32.75678,49.57471],[32.7537,49.57634],[32.7478,49.57457],[32.74322,49.58052],[32.73691,49.58643],[32.72154,49.59581],[32.71165,49.59417],[32.70377,49.59986],[32.69698,49.60233],[32.69678,49.60362],[32.70324,49.60502],[32.7094,49.60811],[32.71456,49.6147],[32.7071,49.6157],[32.71217,49.61887],[32.71443,49.62171],[32.71182,49.62825],[32.71377,49.63165],[32.70384,49.63572],[32.70653,49.63867],[32.7042,49.64288],[32.70245,49.64371],[32.70355,49.64867],[32.70906,49.6541],[32.70069,49.65608],[32.70078,49.6588],[32.69683,49.65941],[32.69271,49.65772],[32.68492,49.66214],[32.6813,49.66514],[32.68075,49.66843],[32.67243,49.67104],[32.67748,49.67213],[32.67557,49.67484],[32.67044,49.67647],[32.66331,49.67622],[32.66021,49.67694],[32.66384,49.68044],[32.57404,49.70254],[32.56796,49.74817],[32.57139,49.75038],[32.57245,49.75319],[32.55573,49.77354],[32.54379,49.77356],[32.51428,49.77439],[32.50401,49.80228],[32.50409,49.80441],[32.44932,49.79621],[32.43724,49.82156],[32.42139,49.83364],[32.42246,49.83481],[32.41494,49.83986],[32.41006,49.84791],[32.39369,49.85984],[32.39346,49.86049],[32.37386,49.87441],[32.3928,49.88476],[32.4029,49.87523],[32.43457,49.88821],[32.42314,49.8953],[32.41405,49.90345],[32.41878,49.91816],[32.41953,49.92811],[32.4284,49.92728],[32.43008,49.93125],[32.42542,49.93347],[32.41807,49.93446],[32.42848,49.96024],[32.40496,49.97061],[32.37887,49.98098],[32.37718,50.0006],[32.36849,50.00208],[32.36448,50.03355],[32.34517,50.0358],[32.34732,50.04239],[32.351,50.04734],[32.34769,50.04793],[32.34297,50.05247],[32.33376,50.05829],[32.32664,50.05258],[32.32357,50.04623],[32.32172,50.03972],[32.31304,50.03904],[32.28648,50.05782],[32.27718,50.06466],[32.26153,50.08236],[32.26543,50.08809],[32.27434,50.09601],[32.27369,50.0989],[32.26658,50.10153],[32.26397,50.1037],[32.2578,50.10521],[32.25488,50.10882],[32.2509,50.11144],[32.25042,50.1147],[32.2855,50.12069],[32.30394,50.11989],[32.29859,50.14274],[32.24067,50.15339],[32.21789,50.15738],[32.17682,50.165],[32.17283,50.17088],[32.1636,50.18024],[32.16276,50.18742],[32.15482,50.18856],[32.1117,50.21259],[32.12556,50.22478],[32.1182,50.22842],[32.10991,50.22861],[32.1084,50.22007],[32.08645,50.22143],[32.07694,50.21103],[32.05624,50.18766],[32.04004,50.18868],[32.03111,50.19351],[32.01546,50.20576],[31.99328,50.20125],[31.99087,50.19672],[32.00007,50.1942],[31.98861,50.18372],[31.98089,50.1745],[31.96538,50.15145],[31.93396,50.15836],[31.9465,50.13652],[31.95795,50.14107],[31.97522,50.12516],[31.91142,50.10069],[31.90767,50.06078],[31.90411,50.05578],[31.90904,50.0536],[31.91657,50.05436],[31.91706,50.05829],[31.92692,50.06005],[31.98291,50.05274],[31.98648,50.05241],[31.97977,50.03872],[31.97158,50.04212],[31.96852,50.04447],[31.92773,50.03052],[31.91447,50.02809],[31.90547,50.02359],[31.90685,50.02024],[31.89994,50.01927],[31.90411,50.01545],[31.9085,50.01296],[31.90994,50.00933],[31.91236,49.99367],[31.91752,49.99425],[31.91861,49.99093],[31.91351,49.98881],[31.9154,49.98531],[31.91824,49.96227],[31.91789,49.96085],[31.90136,49.94381],[31.89669,49.95074],[31.89148,49.95115],[31.89011,49.95304],[31.88969,49.96245],[31.87061,49.96349],[31.81356,49.96618],[31.814,49.9601],[31.81224,49.95697],[31.7954,49.93387],[31.78726,49.92845],[31.78098,49.92585],[31.7702,49.92009],[31.77087,49.91346],[31.77369,49.89855],[31.77372,49.89356],[31.75238,49.89342],[31.72516,49.86211],[31.71788,49.85245],[31.71157,49.85079],[31.68092,49.85545],[31.66756,49.85776],[31.64719,49.85664],[31.64341,49.85775],[31.61448,49.85597],[31.61718,49.87527],[31.61689,49.88201],[31.61273,49.88747],[31.60909,49.88989],[31.61364,49.89206],[31.61205,49.90046],[31.61241,49.90651],[31.59197,49.90652],[31.58004,49.90686],[31.57922,49.89552],[31.5697,49.8956],[31.56987,49.89162],[31.56785,49.88634],[31.56177,49.88665],[31.56123,49.883],[31.55511,49.87569],[31.55099,49.87273],[31.5458,49.87339],[31.5444,49.8764],[31.53901,49.87351],[31.53451,49.87403],[31.53362,49.87129],[31.52869,49.86872],[31.52406,49.87102],[31.51983,49.86855],[31.52159,49.86503],[31.51972,49.86144],[31.5127,49.85621],[31.51226,49.85318],[31.51721,49.84641],[31.51426,49.8437],[31.50444,49.84141],[31.49478,49.85398],[31.49679,49.86134],[31.49264,49.86212],[31.48613,49.85733],[31.47421,49.86102],[31.46842,49.87362],[31.46263,49.87353],[31.45948,49.87715],[31.44899,49.87633],[31.43644,49.89386],[31.43563,49.90177],[31.42493,49.9165],[31.42487,49.93232],[31.42892,49.93839],[31.43321,49.94231],[31.43089,49.94585],[31.43312,49.95367],[31.43981,49.96626],[31.44607,49.97259],[31.4437,49.97771],[31.43656,49.98466],[31.43067,49.98821],[31.42396,49.98741],[31.41779,49.98961],[31.41509,49.98747],[31.40986,49.98717],[31.39767,49.98945],[31.39341,49.99108],[31.38266,49.99248],[31.36197,49.98988],[31.35194,49.9874],[31.33209,49.987],[31.32806,49.98628],[31.32231,49.98272],[31.31637,49.98052],[31.2983,49.98018],[31.29216,49.97859],[31.2888,49.97533],[31.28957,49.97039],[31.29305,49.97113],[31.29505,49.97509],[31.30543,49.97242],[31.30068,49.96638],[31.29318,49.96134],[31.28784,49.95469],[31.2929,49.95562],[31.30046,49.96028],[31.31529,49.96401],[31.33198,49.95769],[31.35013,49.95021],[31.33561,49.9449],[31.3349,49.93828],[31.3474,49.93756],[31.38009,49.9078],[31.37362,49.89866],[31.36958,49.89908],[31.3645,49.89595],[31.34604,49.89604],[31.31774,49.89267],[31.31321,49.8886],[31.29178,49.88306],[31.26128,49.85837],[31.25907,49.85821],[31.25413,49.86387],[31.24737,49.86766],[31.20774,49.85231],[31.20796,49.84888],[31.21522,49.84111],[31.2208,49.83207],[31.21587,49.82598],[31.2048,49.81109],[31.20239,49.80723],[31.18979,49.79023],[31.21623,49.77689],[31.20793,49.76108],[31.21194,49.75716],[31.20767,49.7555],[31.21517,49.74451],[31.21868,49.73577],[31.22103,49.73312],[31.2117,49.72965],[31.20431,49.71485],[31.19623,49.70154],[31.21049,49.69838],[31.21286,49.69619],[31.21747,49.6946],[31.2115,49.68618],[31.2061,49.68764],[31.20829,49.68999],[31.20414,49.69212],[31.20067,49.68943],[31.20218,49.6882],[31.19574,49.6841],[31.2022,49.67523],[31.17582,49.64919],[31.15453,49.62841],[31.14249,49.61308],[31.13562,49.60344],[31.13601,49.60096],[31.13295,49.59637],[31.1287,49.58377],[31.15261,49.58047],[31.13859,49.57129],[31.14654,49.57009],[31.15006,49.56666],[31.14989,49.56098],[31.15087,49.55546],[31.14301,49.55768],[31.13992,49.55238],[31.13362,49.55381],[31.12065,49.56125],[31.11871,49.55669],[31.10988,49.55771],[31.10642,49.55206],[31.10582,49.54933],[31.1006,49.54892],[31.09746,49.54268],[31.09942,49.54076],[31.09944,49.53727],[31.10378,49.53143],[31.09943,49.52933],[31.09924,49.5257],[31.10112,49.5236],[31.09679,49.52106],[31.09335,49.51665],[31.09597,49.51346],[31.09165,49.51006],[31.09402,49.50872],[31.09354,49.5054],[31.09732,49.50539],[31.09695,49.5024],[31.09269,49.50221],[31.0939,49.49621],[31.08775,49.49612],[31.08598,49.49391],[31.08735,49.49048],[31.08026,49.48895],[31.07493,49.48608],[31.0625,49.48336],[31.0611,49.48155],[31.06005,49.47774],[31.04772,49.47803],[31.0476,49.4765],[31.04013,49.47378],[31.03978,49.46896],[31.04522,49.46132],[31.04403,49.45649],[31.03897,49.45767],[31.03595,49.46092],[31.03149,49.4712],[31.02931,49.47176],[31.00516,49.45089],[31.00633,49.43095],[30.9945,49.42277],[30.9878,49.42212],[30.97474,49.42353],[30.95681,49.42396],[30.95184,49.42328],[30.92955,49.41855],[30.92079,49.41553],[30.92988,49.40908],[30.93661,49.40598],[30.93356,49.4002],[30.93478,49.39557],[30.92812,49.39351],[30.92758,49.39058],[30.93037,49.38134],[30.9255,49.37908],[30.92187,49.38168],[30.91852,49.37739],[30.90906,49.3585],[30.89706,49.3624],[30.88565,49.36316],[30.8796,49.3611],[30.87856,49.35807],[30.87162,49.35559],[30.86826,49.35176],[30.86281,49.35167],[30.85844,49.35342],[30.83812,49.35235],[30.83374,49.35013],[30.82386,49.35406],[30.8182,49.35521],[30.81502,49.35361],[30.80045,49.35407],[30.79706,49.35307],[30.77841,49.34365],[30.74953,49.34493],[30.72858,49.33173],[30.7152,49.33934],[30.70894,49.33646],[30.70345,49.3393],[30.69503,49.34468],[30.67749,49.35517],[30.6713,49.35478],[30.66841,49.356],[30.66424,49.354],[30.6608,49.35576],[30.66018,49.36034],[30.63906,49.35606],[30.60719,49.37025],[30.58363,49.34991],[30.57895,49.35052],[30.57714,49.35299],[30.57049,49.3548],[30.567,49.35132],[30.56208,49.34833],[30.557,49.34302],[30.55512,49.33892],[30.54564,49.33602],[30.54608,49.33152],[30.53729,49.33146],[30.53681,49.32812],[30.5283,49.32998],[30.51582,49.32782],[30.49778,49.34204],[30.47327,49.36509],[30.45883,49.35873],[30.44784,49.35718],[30.44463,49.35311],[30.4376,49.35162],[30.44184,49.33593],[30.439,49.33378],[30.43438,49.33281],[30.41385,49.33047],[30.42123,49.30233]]]},"properties":{"oblast":"cherkasy_oblast","id":"cherkasy_oblast","name":"Черкаська область"}},{"type":"Feature","geometry":{"type":"Polygon","coordinates":[[[24.92233,47.72681],[24.94719,47.72903],[24.98344,47.7295],[24.98929,47.72833],[24.99311,47.72537],[24.99638,47.72515],[25.00133,47.72723],[25.00203,47.72987],[25.00838,47.73396],[25.01615,47.73113],[25.02614,47.7309],[25.0292,47.72802],[25.04014,47.72522],[25.04297,47.73174],[25.04564,47.73525],[25.05383,47.74344],[25.05456,47.74606],[25.06271,47.74055],[25.06529,47.74067],[25.07664,47.74536],[25.08247,47.74505],[25.08847,47.7486],[25.09794,47.74912],[25.1034,47.75287],[25.11483,47.75449],[25.11639,47.75685],[25.11555,47.76394],[25.11732,47.76917],[25.12301,47.77276],[25.13747,47.78418],[25.14174,47.78559],[25.14882,47.79209],[25.15319,47.78919],[25.16039,47.78942],[25.16679,47.7914],[25.1708,47.7965],[25.16996,47.80488],[25.16686,47.80882],[25.1774,47.81394],[25.1807,47.82077],[25.18017,47.82574],[25.18344,47.82846],[25.1891,47.82926],[25.19458,47.83367],[25.19948,47.83912],[25.20242,47.83972],[25.20036,47.84554],[25.20108,47.84978],[25.20477,47.85084],[25.20625,47.85376],[25.22183,47.8589],[25.22212,47.86912],[25.22475,47.87302],[25.22131,47.8811],[25.22446,47.88261],[25.23003,47.89312],[25.23885,47.89595],[25.24487,47.89319],[25.24761,47.8949],[25.25181,47.89496],[25.25498,47.89248],[25.25811,47.8919],[25.26238,47.89368],[25.2697,47.89238],[25.30418,47.91043],[25.31093,47.91421],[25.32662,47.91342],[25.34061,47.91393],[25.34783,47.91613],[25.35236,47.91633],[25.38097,47.91917],[25.44239,47.9262],[25.48692,47.93099],[25.49908,47.93252],[25.51571,47.93374],[25.57543,47.93715],[25.59253,47.93823],[25.62083,47.94728],[25.62618,47.94868],[25.64197,47.94919],[25.65397,47.94861],[25.65632,47.94946],[25.66422,47.94835],[25.67073,47.94653],[25.67906,47.94599],[25.68581,47.94392],[25.68727,47.94614],[25.69816,47.94518],[25.70479,47.9437],[25.70835,47.9416],[25.71803,47.94108],[25.72062,47.94436],[25.72502,47.94393],[25.73331,47.94567],[25.738,47.94157],[25.77471,47.93944],[25.79498,47.9453],[25.81857,47.954],[25.82573,47.96375],[25.83745,47.96701],[25.86121,47.97004],[25.87414,47.96587],[25.87978,47.96297],[25.89194,47.96115],[25.90779,47.96502],[25.91012,47.97027],[25.91444,47.97731],[25.92382,47.97732],[25.94041,47.97575],[25.94432,47.97299],[25.95167,47.97074],[25.9762,47.97553],[26.03947,47.98469],[26.06123,47.98805],[26.07269,47.9858],[26.10101,47.97826],[26.11782,47.9822],[26.12666,47.98781],[26.13103,47.98692],[26.1376,47.98423],[26.14402,47.98605],[26.16534,47.98927],[26.18463,47.99477],[26.19412,48.00191],[26.19918,48.00784],[26.20796,48.02872],[26.20803,48.03149],[26.21204,48.05061],[26.21396,48.05235],[26.23794,48.06439],[26.24989,48.06921],[26.2588,48.07347],[26.2667,48.07629],[26.27264,48.08163],[26.27543,48.08607],[26.27779,48.09505],[26.28245,48.10057],[26.2845,48.10697],[26.28485,48.11315],[26.28724,48.11827],[26.29786,48.13349],[26.30223,48.13683],[26.30963,48.14375],[26.31646,48.14851],[26.32804,48.1528],[26.33432,48.159],[26.33507,48.16148],[26.33408,48.16598],[26.32784,48.17611],[26.32915,48.18001],[26.33492,48.18338],[26.34472,48.18256],[26.34936,48.18454],[26.34744,48.19004],[26.35287,48.19056],[26.35576,48.18542],[26.36124,48.186],[26.3696,48.19101],[26.37142,48.19638],[26.37474,48.19778],[26.38211,48.19672],[26.38327,48.19402],[26.38009,48.1925],[26.37991,48.19012],[26.38643,48.18637],[26.39257,48.1891],[26.40048,48.18862],[26.40554,48.19011],[26.4152,48.19597],[26.41984,48.20109],[26.42404,48.20088],[26.43015,48.1974],[26.43236,48.1932],[26.43896,48.19416],[26.43907,48.1969],[26.43334,48.20011],[26.43424,48.20385],[26.43796,48.20467],[26.4466,48.20428],[26.4548,48.20561],[26.45839,48.20933],[26.45584,48.21171],[26.45864,48.21491],[26.46324,48.2152],[26.46607,48.21979],[26.47121,48.22043],[26.47633,48.21654],[26.48468,48.21558],[26.49044,48.21766],[26.49461,48.21798],[26.50557,48.21553],[26.51094,48.2113],[26.5141,48.21044],[26.52036,48.21327],[26.52355,48.21289],[26.52255,48.20936],[26.52714,48.20926],[26.5384,48.21445],[26.54711,48.21546],[26.54971,48.21878],[26.54738,48.22225],[26.54935,48.22469],[26.5547,48.2247],[26.55816,48.22269],[26.5694,48.21973],[26.57193,48.21956],[26.57294,48.223],[26.57179,48.22648],[26.56859,48.23049],[26.57071,48.23416],[26.5711,48.23876],[26.57609,48.24293],[26.57955,48.24241],[26.58416,48.24541],[26.58923,48.24594],[26.59582,48.23935],[26.6125,48.24018],[26.61761,48.23902],[26.62078,48.24119],[26.61706,48.24692],[26.61433,48.2495],[26.61921,48.25061],[26.62637,48.24631],[26.62827,48.24687],[26.63075,48.25253],[26.62907,48.25639],[26.63001,48.25965],[26.61642,48.27405],[26.64187,48.28998],[26.64966,48.29792],[26.65008,48.30085],[26.64774,48.30534],[26.65225,48.30684],[26.67109,48.31505],[26.67596,48.31771],[26.67582,48.3249],[26.69593,48.32718],[26.68989,48.34449],[26.68722,48.3488],[26.68181,48.35532],[26.69471,48.35986],[26.70279,48.35021],[26.7084,48.34615],[26.72138,48.33257],[26.73926,48.31288],[26.74532,48.31618],[26.7573,48.32181],[26.75989,48.32122],[26.7615,48.31741],[26.761,48.31293],[26.76687,48.30231],[26.77868,48.29883],[26.78496,48.29647],[26.79481,48.29117],[26.81321,48.29382],[26.81734,48.29524],[26.8222,48.30189],[26.82563,48.30403],[26.82245,48.31056],[26.82345,48.31217],[26.8313,48.31327],[26.82277,48.31964],[26.8224,48.32426],[26.82709,48.32472],[26.826,48.33759],[26.82418,48.34434],[26.8078,48.35163],[26.79421,48.34298],[26.77999,48.35001],[26.77479,48.35191],[26.76509,48.35361],[26.76208,48.35698],[26.76064,48.36077],[26.75342,48.36557],[26.74606,48.37349],[26.73711,48.38189],[26.70903,48.40533],[26.71596,48.40894],[26.72505,48.41163],[26.73777,48.40521],[26.75361,48.3989],[26.7615,48.40462],[26.76468,48.40818],[26.76816,48.40715],[26.7748,48.41816],[26.78802,48.41923],[26.8277,48.41594],[26.85111,48.41312],[26.86781,48.41753],[26.87062,48.42015],[26.87317,48.41997],[26.88099,48.41612],[26.88988,48.40958],[26.89172,48.40581],[26.90126,48.39695],[26.89801,48.39437],[26.89455,48.3835],[26.91707,48.3715],[26.93237,48.36289],[26.93324,48.36724],[26.93139,48.37018],[26.93417,48.37118],[26.94944,48.36847],[26.96975,48.36411],[26.99536,48.35948],[27.00051,48.36498],[27.00103,48.37739],[27.00457,48.38024],[27.01517,48.38201],[27.02135,48.38161],[27.02351,48.38288],[27.02818,48.38263],[27.03448,48.3791],[27.04593,48.37422],[27.04978,48.38792],[27.04616,48.39131],[27.045,48.40225],[27.03692,48.40711],[27.03967,48.41095],[27.02638,48.41797],[27.02279,48.41766],[27.01335,48.42052],[27.01211,48.42303],[27.01431,48.42503],[27.03008,48.42714],[27.03261,48.42467],[27.03645,48.42343],[27.05175,48.42599],[27.06076,48.4213],[27.06423,48.42198],[27.06552,48.42922],[27.0694,48.43237],[27.08452,48.43457],[27.08568,48.42769],[27.0873,48.41288],[27.10451,48.39886],[27.1229,48.38005],[27.12437,48.37897],[27.13903,48.37444],[27.14473,48.37602],[27.15033,48.37651],[27.15736,48.37868],[27.16119,48.37879],[27.16861,48.38097],[27.18757,48.3927],[27.19225,48.39482],[27.20023,48.38898],[27.20688,48.38952],[27.21316,48.39088],[27.23577,48.37283],[27.24097,48.37476],[27.24958,48.37543],[27.26356,48.38029],[27.28515,48.37169],[27.28694,48.37199],[27.29386,48.39584],[27.2976,48.41002],[27.31406,48.42258],[27.3115,48.4282],[27.31539,48.43326],[27.3196,48.44356],[27.33741,48.44087],[27.33527,48.44385],[27.3387,48.44787],[27.34896,48.44272],[27.34983,48.44673],[27.35323,48.44905],[27.36305,48.44267],[27.36751,48.44135],[27.37352,48.44169],[27.37552,48.43328],[27.37572,48.42905],[27.37795,48.41493],[27.38181,48.41123],[27.38804,48.40961],[27.39845,48.41197],[27.40493,48.41033],[27.41016,48.41068],[27.41478,48.41247],[27.41944,48.41255],[27.42538,48.41104],[27.4315,48.41109],[27.44175,48.40903],[27.44716,48.40886],[27.45965,48.42889],[27.46221,48.43364],[27.46486,48.44702],[27.4723,48.45197],[27.49096,48.45836],[27.50334,48.45515],[27.50525,48.45556],[27.5322,48.46803],[27.53444,48.47014],[27.53294,48.46948],[27.52063,48.4704],[27.51496,48.47273],[27.51022,48.4761],[27.49907,48.48213],[27.49478,48.48557],[27.48458,48.50008],[27.4797,48.50517],[27.47825,48.50961],[27.47994,48.51278],[27.4826,48.52303],[27.48312,48.52967],[27.48242,48.53518],[27.47935,48.54692],[27.47333,48.55911],[27.47051,48.56357],[27.46613,48.57509],[27.46114,48.58356],[27.4579,48.58726],[27.45682,48.59022],[27.45297,48.59328],[27.44804,48.59864],[27.43872,48.60574],[27.41943,48.61552],[27.41127,48.61876],[27.38988,48.62568],[27.37291,48.63015],[27.3648,48.63066],[27.35518,48.62941],[27.35067,48.62587],[27.35023,48.61975],[27.34735,48.60901],[27.34426,48.6049],[27.34062,48.60332],[27.32362,48.59897],[27.31727,48.59872],[27.31285,48.59964],[27.30794,48.60197],[27.30339,48.60557],[27.29501,48.61642],[27.28823,48.62226],[27.27939,48.6257],[27.27028,48.62696],[27.26392,48.62676],[27.25625,48.62523],[27.24961,48.62301],[27.24549,48.62052],[27.23367,48.61078],[27.23396,48.60754],[27.23616,48.60565],[27.24968,48.60118],[27.25665,48.59673],[27.26316,48.58877],[27.26562,48.58449],[27.26638,48.58087],[27.26355,48.57392],[27.25847,48.56932],[27.2536,48.56674],[27.248,48.56526],[27.23723,48.56454],[27.22832,48.56335],[27.21985,48.56516],[27.21197,48.56853],[27.20119,48.57462],[27.18819,48.58133],[27.18114,48.58418],[27.17664,48.58504],[27.16784,48.58522],[27.15513,48.58257],[27.14223,48.57593],[27.13406,48.56786],[27.13027,48.56481],[27.12049,48.55959],[27.11288,48.55704],[27.10613,48.5558],[27.09941,48.55581],[27.08778,48.55741],[27.07323,48.56007],[27.05899,48.56405],[27.04744,48.56563],[27.03622,48.56494],[27.02773,48.56575],[27.01834,48.56773],[27.0071,48.56896],[27.00068,48.57052],[26.9964,48.57369],[26.99398,48.57755],[26.99381,48.58122],[26.99628,48.58678],[26.98996,48.58824],[26.9835,48.58647],[26.97812,48.58322],[26.97332,48.5779],[26.97038,48.57592],[26.962,48.57437],[26.93754,48.57626],[26.93027,48.57545],[26.92195,48.57221],[26.91856,48.56963],[26.907,48.55466],[26.90293,48.5501],[26.89547,48.54628],[26.88751,48.54341],[26.87928,48.54248],[26.86602,48.54476],[26.85262,48.55016],[26.84094,48.55788],[26.83612,48.56273],[26.82065,48.58077],[26.81957,48.5857],[26.82152,48.59225],[26.82505,48.59833],[26.82555,48.60107],[26.82377,48.60585],[26.82018,48.60873],[26.81565,48.61007],[26.80927,48.61045],[26.80061,48.60919],[26.793,48.60645],[26.78328,48.60018],[26.77999,48.59713],[26.77858,48.58994],[26.78432,48.58095],[26.79068,48.57501],[26.79395,48.57054],[26.79447,48.56485],[26.79373,48.56138],[26.78475,48.54962],[26.77983,48.5478],[26.77121,48.54671],[26.7658,48.54726],[26.7616,48.54916],[26.75643,48.55506],[26.75429,48.55951],[26.75411,48.56256],[26.74868,48.57877],[26.74376,48.58291],[26.73574,48.58617],[26.72545,48.58734],[26.72153,48.58633],[26.71943,48.58216],[26.72168,48.57602],[26.72549,48.57301],[26.73507,48.56917],[26.74066,48.563],[26.74298,48.55727],[26.74273,48.55264],[26.74091,48.54182],[26.74001,48.54009],[26.73021,48.53409],[26.71847,48.53106],[26.71265,48.53211],[26.7024,48.53525],[26.68543,48.54464],[26.67522,48.553],[26.66651,48.55786],[26.66145,48.56002],[26.64735,48.562],[26.63956,48.56162],[26.63098,48.55937],[26.62263,48.55488],[26.61922,48.55119],[26.6178,48.54617],[26.6182,48.54281],[26.62351,48.53752],[26.62854,48.53641],[26.63651,48.53626],[26.6512,48.54045],[26.66484,48.54166],[26.67175,48.54051],[26.67522,48.53863],[26.67794,48.53386],[26.67885,48.52799],[26.68105,48.52375],[26.68638,48.51955],[26.69868,48.51325],[26.70497,48.50947],[26.71173,48.5022],[26.71348,48.49734],[26.71266,48.49369],[26.71043,48.49095],[26.70419,48.4878],[26.69724,48.48592],[26.67348,48.4854],[26.66181,48.4871],[26.65326,48.49096],[26.63711,48.50384],[26.63218,48.50681],[26.62433,48.5089],[26.61624,48.50805],[26.61034,48.50573],[26.60689,48.50221],[26.60758,48.49693],[26.61063,48.49129],[26.61574,48.48474],[26.62467,48.47007],[26.62599,48.4661],[26.6248,48.46157],[26.61977,48.45635],[26.61251,48.45319],[26.60197,48.45131],[26.58631,48.45151],[26.57329,48.45291],[26.56356,48.45617],[26.55369,48.46338],[26.54763,48.46907],[26.54245,48.47573],[26.53417,48.48769],[26.53032,48.49225],[26.51191,48.51076],[26.50653,48.51732],[26.50126,48.52574],[26.49379,48.53936],[26.49016,48.54314],[26.4864,48.5451],[26.47634,48.54673],[26.46792,48.54548],[26.44379,48.53862],[26.43783,48.53613],[26.43089,48.53489],[26.42335,48.53546],[26.41256,48.5373],[26.40324,48.53713],[26.39491,48.53595],[26.38786,48.53377],[26.38412,48.53128],[26.37986,48.52524],[26.3701,48.51502],[26.36536,48.51124],[26.35866,48.50846],[26.35422,48.50754],[26.35009,48.50804],[26.3399,48.51071],[26.32875,48.51639],[26.32477,48.51706],[26.31898,48.51516],[26.3097,48.5093],[26.30497,48.50833],[26.299,48.51037],[26.29275,48.51649],[26.28106,48.53481],[26.27787,48.53774],[26.26786,48.53998],[26.26356,48.53973],[26.25073,48.53723],[26.2299,48.53095],[26.21523,48.5282],[26.20436,48.52708],[26.19958,48.52576],[26.18671,48.52584],[26.17838,48.5278],[26.17199,48.52782],[26.16632,48.52894],[26.16141,48.53129],[26.15341,48.53667],[26.1502,48.54033],[26.14661,48.54625],[26.14488,48.55634],[26.14452,48.56163],[26.14259,48.57059],[26.1445,48.58295],[26.14542,48.59231],[26.14452,48.59735],[26.14177,48.60114],[26.1325,48.60911],[26.12645,48.61571],[26.122,48.61893],[26.11467,48.61995],[26.10508,48.61739],[26.10032,48.61391],[26.09745,48.6098],[26.09598,48.59956],[26.0971,48.59718],[26.10378,48.59175],[26.10437,48.58451],[26.10614,48.58049],[26.12163,48.57131],[26.12653,48.56315],[26.12761,48.55875],[26.12708,48.5544],[26.1229,48.548],[26.11665,48.54443],[26.10532,48.53897],[26.09546,48.53813],[26.08948,48.54047],[26.08623,48.54878],[26.07917,48.55748],[26.06908,48.56451],[26.05834,48.56996],[26.04722,48.58157],[26.04378,48.58628],[26.04412,48.58861],[26.05063,48.59577],[26.06121,48.60112],[26.06515,48.60518],[26.06584,48.60835],[26.06472,48.61165],[26.06042,48.61717],[26.05843,48.62213],[26.05912,48.62577],[26.06244,48.63288],[26.0621,48.63701],[26.05965,48.6419],[26.0563,48.64574],[26.04665,48.649],[26.04172,48.64889],[26.03523,48.64654],[26.03181,48.64341],[26.02934,48.63838],[26.02884,48.63403],[26.02996,48.62273],[26.02873,48.61865],[26.02208,48.6109],[26.01415,48.6096],[26.00861,48.61086],[25.9931,48.61816],[25.98545,48.62024],[25.97793,48.62105],[25.97169,48.61992],[25.95165,48.60569],[25.94264,48.59687],[25.93379,48.59103],[25.92278,48.58755],[25.91446,48.58683],[25.90466,48.58749],[25.89905,48.58913],[25.87853,48.59886],[25.8737,48.59995],[25.86531,48.59785],[25.85818,48.59681],[25.85026,48.59658],[25.84783,48.59853],[25.84779,48.60393],[25.85686,48.61375],[25.85656,48.61731],[25.85428,48.62123],[25.85069,48.62421],[25.84029,48.63075],[25.83408,48.63842],[25.8216,48.6475],[25.8207,48.65218],[25.81006,48.66296],[25.80367,48.66808],[25.7983,48.66981],[25.78498,48.67526],[25.77853,48.6752],[25.76958,48.67182],[25.76095,48.66639],[25.75537,48.6608],[25.75089,48.65479],[25.74703,48.64753],[25.74651,48.63784],[25.74405,48.63473],[25.73546,48.63324],[25.73118,48.6344],[25.72646,48.63823],[25.72486,48.64171],[25.72237,48.65289],[25.71978,48.65679],[25.71368,48.66205],[25.70597,48.66446],[25.69791,48.6649],[25.68337,48.66411],[25.67888,48.66441],[25.66418,48.66664],[25.65265,48.66694],[25.64479,48.6693],[25.63797,48.67002],[25.62809,48.67283],[25.62205,48.66651],[25.62212,48.66101],[25.60759,48.65349],[25.59613,48.64393],[25.59136,48.63884],[25.58518,48.63459],[25.58596,48.62753],[25.58934,48.6235],[25.58818,48.62036],[25.59066,48.60661],[25.58977,48.59686],[25.58733,48.58991],[25.59328,48.58364],[25.59587,48.57697],[25.60325,48.56965],[25.59818,48.56513],[25.60068,48.56068],[25.59806,48.55789],[25.60394,48.55097],[25.5997,48.54273],[25.60178,48.53889],[25.60586,48.53821],[25.60805,48.53564],[25.60761,48.53334],[25.60918,48.52659],[25.60605,48.51438],[25.59948,48.50054],[25.60208,48.49197],[25.60116,48.48627],[25.60101,48.4789],[25.59788,48.47335],[25.60344,48.46653],[25.60587,48.46538],[25.60723,48.46037],[25.60538,48.45814],[25.60707,48.45435],[25.60674,48.4512],[25.60279,48.44723],[25.60472,48.44369],[25.60752,48.43411],[25.61061,48.42986],[25.61009,48.42614],[25.60596,48.42097],[25.60527,48.41796],[25.60018,48.41471],[25.60254,48.41084],[25.60662,48.41012],[25.61253,48.41291],[25.61527,48.41273],[25.61959,48.40968],[25.62037,48.40755],[25.61804,48.40402],[25.62056,48.39806],[25.61719,48.39453],[25.61653,48.3914],[25.62056,48.3876],[25.62098,48.38036],[25.61259,48.38043],[25.60813,48.37863],[25.60067,48.37688],[25.59689,48.37795],[25.58867,48.37779],[25.57938,48.38042],[25.57241,48.37909],[25.56811,48.37959],[25.56159,48.38164],[25.55273,48.3825],[25.54787,48.38133],[25.54646,48.38491],[25.54248,48.38505],[25.53551,48.38808],[25.53383,48.39208],[25.52929,48.39328],[25.52175,48.39898],[25.5105,48.39857],[25.50612,48.40051],[25.49261,48.40014],[25.48815,48.39932],[25.48325,48.40099],[25.47475,48.39883],[25.4707,48.40152],[25.46187,48.40001],[25.45788,48.40052],[25.4539,48.40258],[25.44118,48.39979],[25.43458,48.39488],[25.43251,48.39426],[25.42089,48.39492],[25.41474,48.39228],[25.41036,48.39519],[25.40199,48.39246],[25.39841,48.39011],[25.38962,48.38859],[25.38149,48.3906],[25.37839,48.39035],[25.37329,48.386],[25.36129,48.38339],[25.34993,48.37758],[25.34784,48.3772],[25.33294,48.37178],[25.32921,48.36938],[25.32088,48.3677],[25.31475,48.36534],[25.31247,48.36185],[25.30914,48.35961],[25.30678,48.3568],[25.3005,48.35427],[25.29631,48.3501],[25.29542,48.34643],[25.2837,48.3439],[25.28037,48.34133],[25.27965,48.33553],[25.2716,48.33265],[25.27599,48.32923],[25.27161,48.32736],[25.26643,48.32916],[25.2606,48.3249],[25.2583,48.3175],[25.25639,48.3157],[25.25215,48.31491],[25.24638,48.31528],[25.2356,48.30068],[25.23215,48.29335],[25.22043,48.2862],[25.21676,48.2799],[25.20947,48.27441],[25.20612,48.27091],[25.20331,48.266],[25.19699,48.26154],[25.19481,48.25646],[25.17631,48.24514],[25.15782,48.24786],[25.15159,48.24816],[25.14752,48.24607],[25.1423,48.24482],[25.13785,48.24093],[25.12965,48.23719],[25.12579,48.23437],[25.12545,48.23157],[25.12198,48.2314],[25.11087,48.22608],[25.10646,48.22524],[25.10686,48.2231],[25.11522,48.22147],[25.1182,48.21948],[25.11929,48.21502],[25.11493,48.21309],[25.11433,48.20966],[25.11644,48.20711],[25.12477,48.20507],[25.12904,48.20229],[25.13124,48.19903],[25.1374,48.19622],[25.13879,48.18779],[25.13802,48.18244],[25.13528,48.17978],[25.12859,48.17753],[25.12408,48.17865],[25.1167,48.18348],[25.1106,48.18541],[25.10716,48.185],[25.09864,48.18599],[25.09074,48.18265],[25.0842,48.17825],[25.08221,48.17383],[25.08498,48.16896],[25.09336,48.16433],[25.09243,48.16162],[25.0881,48.15967],[25.08261,48.16033],[25.07246,48.15959],[25.06665,48.15759],[25.06531,48.15564],[25.0671,48.15015],[25.07129,48.14773],[25.07202,48.1446],[25.06785,48.13888],[25.06749,48.13284],[25.06377,48.13016],[25.06031,48.12947],[25.04731,48.13017],[25.04137,48.12894],[25.03718,48.12615],[25.03602,48.12291],[25.0391,48.11844],[25.03921,48.11353],[25.03659,48.11171],[25.03095,48.10999],[25.02149,48.11097],[25.00901,48.11513],[25.00771,48.11763],[25.00212,48.11993],[24.99176,48.1195],[24.98212,48.11342],[24.97936,48.11024],[24.98167,48.10598],[24.9866,48.103],[24.98571,48.10051],[24.98833,48.09782],[24.98889,48.09468],[24.99546,48.09264],[24.99457,48.08701],[24.98806,48.08166],[24.9856,48.0778],[24.97512,48.07442],[24.97577,48.07072],[24.97029,48.07171],[24.96297,48.06643],[24.95898,48.06059],[24.95668,48.05947],[24.94907,48.05325],[24.93907,48.04826],[24.94174,48.04506],[24.93766,48.0434],[24.93682,48.04132],[24.93054,48.03878],[24.92504,48.03485],[24.92114,48.03414],[24.92132,48.03071],[24.91598,48.02936],[24.91147,48.02709],[24.91121,48.01795],[24.91267,48.01345],[24.91877,48.01219],[24.92014,48.00907],[24.91297,48.00289],[24.91387,48.00022],[24.90928,47.99801],[24.9104,47.99417],[24.91021,47.98929],[24.91205,47.98706],[24.91392,47.97813],[24.91658,47.97555],[24.91511,47.96805],[24.9185,47.96582],[24.92228,47.96587],[24.92313,47.96346],[24.91601,47.96326],[24.91957,47.95532],[24.9231,47.95584],[24.9284,47.9544],[24.92656,47.9526],[24.92101,47.95309],[24.91875,47.94958],[24.9192,47.94652],[24.92189,47.94221],[24.92702,47.93708],[24.93256,47.93692],[24.93686,47.93451],[24.9387,47.93114],[24.94492,47.92931],[24.94596,47.92291],[24.94857,47.92092],[24.95206,47.92224],[24.95704,47.92001],[24.95641,47.91286],[24.9601,47.91164],[24.96071,47.90491],[24.95973,47.90274],[24.95504,47.90234],[24.94886,47.90299],[24.94473,47.89704],[24.94864,47.89496],[24.94902,47.88955],[24.95316,47.88898],[24.9565,47.88631],[24.95637,47.87937],[24.96249,47.8765],[24.96924,47.87573],[24.9752,47.87069],[24.97998,47.86843],[24.98484,47.8679],[24.98688,47.86535],[24.98112,47.85999],[24.98562,47.85977],[24.99033,47.85704],[24.99599,47.85765],[24.99683,47.85356],[24.99428,47.85197],[24.99411,47.84914],[24.98971,47.8441],[24.98918,47.84083],[24.98608,47.8372],[24.98623,47.83321],[24.98147,47.82557],[24.97562,47.82578],[24.97346,47.82233],[24.97386,47.81927],[24.96694,47.81604],[24.96433,47.81373],[24.96502,47.81113],[24.96008,47.80826],[24.9576,47.80563],[24.95665,47.80065],[24.95026,47.79867],[24.94667,47.79425],[24.94124,47.78052],[24.94205,47.77913],[24.93846,47.77313],[24.93966,47.76904],[24.93952,47.76441],[24.93621,47.76134],[24.9369,47.75831],[24.92861,47.75241],[24.92787,47.74635],[24.92311,47.74104],[24.92339,47.73462],[24.92074,47.7308],[24.92233,47.72681]]]},"properties":{"oblast":"chernivtsi_oblast","id":"chernivtsi_oblast","name":"Чернівецька область"}},{"type":"Feature","geometry":{"type":"Polygon","coordinates":[[[31.82168,52.09862],[31.82782,52.10009],[31.82948,52.10239],[31.8394,52.10686],[31.84151,52.10677],[31.8465,52.11002],[31.85856,52.11093],[31.86273,52.10973],[31.86909,52.11012],[31.87616,52.10793],[31.89325,52.1053],[31.90215,52.1028],[31.90461,52.10032],[31.91168,52.09778],[31.91683,52.09725],[31.92432,52.09275],[31.93117,52.09053],[31.93904,52.08277],[31.94396,52.08139],[31.95426,52.08184],[31.95999,52.07511],[31.95738,52.06754],[31.94302,52.06059],[31.94356,52.05663],[31.92943,52.05901],[31.92762,52.05673],[31.92136,52.05693],[31.91776,52.05242],[31.92176,52.05235],[31.92796,52.05069],[31.92778,52.04676],[31.91715,52.04769],[31.91376,52.04382],[31.9171,52.043],[31.92083,52.04485],[31.92447,52.04324],[31.93208,52.04489],[31.93917,52.04796],[31.94919,52.04574],[31.95322,52.04666],[31.96469,52.05387],[31.98188,52.05281],[31.99984,52.05091],[32.009,52.05064],[32.02404,52.0487],[32.03566,52.04572],[32.04044,52.04127],[32.04545,52.03924],[32.05174,52.03832],[32.06428,52.0351],[32.08514,52.03455],[32.09552,52.0336],[32.09597,52.04416],[32.10575,52.04603],[32.12448,52.04646],[32.13201,52.04385],[32.13137,52.04784],[32.13511,52.05265],[32.1378,52.05239],[32.14289,52.05449],[32.14712,52.05776],[32.14391,52.06035],[32.14804,52.06212],[32.14662,52.06685],[32.15,52.06888],[32.16634,52.0717],[32.1705,52.07155],[32.17596,52.06898],[32.18026,52.07169],[32.1867,52.07164],[32.19632,52.06706],[32.20261,52.06892],[32.20067,52.07231],[32.20199,52.07437],[32.2073,52.07535],[32.21068,52.07971],[32.21801,52.08205],[32.22435,52.08712],[32.23113,52.08657],[32.23855,52.08718],[32.24248,52.08942],[32.24826,52.08854],[32.25484,52.09102],[32.26166,52.09171],[32.27055,52.09755],[32.27896,52.09806],[32.27925,52.09994],[32.28534,52.1009],[32.28656,52.10319],[32.29077,52.10336],[32.29213,52.10643],[32.29818,52.11126],[32.29531,52.1137],[32.29335,52.11799],[32.30123,52.12154],[32.31602,52.12153],[32.31849,52.12342],[32.31796,52.12672],[32.32028,52.13639],[32.32941,52.13307],[32.33459,52.14098],[32.36038,52.14041],[32.36753,52.14603],[32.3689,52.14814],[32.36539,52.156],[32.33874,52.15658],[32.33323,52.15617],[32.32935,52.15428],[32.32599,52.15455],[32.32643,52.16322],[32.32987,52.16465],[32.33356,52.16812],[32.33215,52.16927],[32.33527,52.17288],[32.33834,52.1729],[32.33972,52.18034],[32.34716,52.18322],[32.34564,52.19341],[32.34263,52.19664],[32.33149,52.2028],[32.33037,52.20618],[32.32417,52.21519],[32.32448,52.2244],[32.34693,52.24506],[32.36101,52.2395],[32.36921,52.24086],[32.3799,52.24013],[32.38678,52.24182],[32.3962,52.24672],[32.39812,52.25002],[32.39066,52.25345],[32.38536,52.26206],[32.38366,52.26302],[32.38305,52.26993],[32.39314,52.27835],[32.38201,52.27926],[32.37328,52.27398],[32.36961,52.2767],[32.36614,52.28553],[32.36538,52.29431],[32.36231,52.30312],[32.35509,52.31339],[32.35178,52.31699],[32.35466,52.32785],[32.37649,52.33759],[32.39826,52.33818],[32.40687,52.33639],[32.42645,52.32655],[32.43083,52.32253],[32.43491,52.32147],[32.44016,52.32323],[32.46022,52.32688],[32.46658,52.32399],[32.47264,52.32384],[32.48958,52.31443],[32.49185,52.31478],[32.49992,52.32118],[32.50181,52.32689],[32.50328,52.3275],[32.52074,52.32749],[32.53101,52.3261],[32.5387,52.32591],[32.55011,52.32652],[32.56644,52.31322],[32.571,52.30996],[32.57613,52.30205],[32.57915,52.30059],[32.58429,52.30091],[32.59463,52.30373],[32.59733,52.30338],[32.60821,52.3048],[32.61287,52.30057],[32.62056,52.29765],[32.62578,52.29408],[32.63166,52.29127],[32.63912,52.28639],[32.65137,52.28302],[32.66977,52.27513],[32.67228,52.27225],[32.67655,52.27123],[32.68522,52.2661],[32.68841,52.26058],[32.68999,52.25595],[32.6997,52.25496],[32.70064,52.24787],[32.71215,52.25523],[32.71713,52.25912],[32.72702,52.25725],[32.7542,52.26694],[32.76063,52.26361],[32.76242,52.25738],[32.7648,52.25694],[32.77147,52.25997],[32.7783,52.25958],[32.77887,52.26184],[32.79996,52.26576],[32.81695,52.25922],[32.83306,52.27915],[32.85406,52.27515],[32.88434,52.27366],[32.88554,52.26942],[32.88106,52.26256],[32.88068,52.25759],[32.88755,52.24551],[32.8926,52.24611],[32.90068,52.24548],[32.90786,52.2462],[32.91055,52.25018],[32.92434,52.25665],[32.92541,52.25871],[32.94218,52.26339],[32.95279,52.26831],[32.96066,52.27356],[32.98249,52.27382],[32.98802,52.27232],[32.99614,52.2722],[32.9963,52.27692],[32.99911,52.2771],[32.99967,52.2812],[32.99674,52.28799],[33.00725,52.2896],[33.01582,52.29211],[33.02191,52.29597],[33.02423,52.2997],[33.04468,52.30764],[33.0434,52.31419],[33.05784,52.31864],[33.0559,52.32667],[33.06097,52.32891],[33.0721,52.32641],[33.07222,52.32291],[33.0703,52.31811],[33.07184,52.31516],[33.06744,52.31397],[33.06246,52.31579],[33.05977,52.3116],[33.06207,52.30635],[33.0671,52.30337],[33.07284,52.3046],[33.07283,52.30724],[33.07987,52.30788],[33.09706,52.32096],[33.10796,52.3271],[33.11149,52.32579],[33.1169,52.32871],[33.12524,52.336],[33.12908,52.33859],[33.12899,52.3414],[33.13415,52.34506],[33.13857,52.34703],[33.14172,52.34589],[33.14803,52.34156],[33.15594,52.33857],[33.16437,52.3401],[33.17023,52.34219],[33.17035,52.35128],[33.17162,52.36099],[33.17328,52.36611],[33.17009,52.36861],[33.16988,52.37267],[33.1721,52.3732],[33.18855,52.37345],[33.18917,52.37929],[33.19584,52.37917],[33.19596,52.37401],[33.2059,52.37325],[33.20865,52.37585],[33.21722,52.37335],[33.22211,52.37268],[33.28909,52.35777],[33.30459,52.35136],[33.30838,52.35214],[33.31138,52.35493],[33.32044,52.35538],[33.33189,52.3527],[33.34429,52.35276],[33.3514,52.35429],[33.35994,52.36475],[33.36386,52.36072],[33.36946,52.36241],[33.37304,52.37054],[33.38039,52.37225],[33.39266,52.37144],[33.40773,52.36719],[33.40353,52.36609],[33.40144,52.36392],[33.40289,52.36136],[33.41641,52.36078],[33.41604,52.35295],[33.41165,52.34936],[33.42889,52.34526],[33.41894,52.33173],[33.41492,52.3273],[33.4143,52.32498],[33.41025,52.32243],[33.40393,52.32177],[33.40396,52.31868],[33.40052,52.31372],[33.39615,52.31353],[33.38871,52.31673],[33.38802,52.31091],[33.39749,52.30875],[33.3998,52.30651],[33.40182,52.3003],[33.39973,52.29917],[33.39364,52.30213],[33.38678,52.29707],[33.39331,52.29342],[33.39285,52.29012],[33.38787,52.29118],[33.38383,52.28432],[33.38733,52.27902],[33.38066,52.27757],[33.37765,52.27476],[33.38431,52.27442],[33.38723,52.27134],[33.37206,52.25807],[33.36829,52.25921],[33.36318,52.25537],[33.35996,52.25842],[33.35746,52.25412],[33.36046,52.25071],[33.36135,52.2452],[33.36766,52.24405],[33.36185,52.23791],[33.36238,52.23567],[33.36609,52.23249],[33.3561,52.22805],[33.35369,52.22166],[33.35128,52.22035],[33.34453,52.22153],[33.34082,52.2209],[33.33605,52.21643],[33.33147,52.21488],[33.32714,52.21676],[33.32533,52.22152],[33.323,52.22175],[33.31464,52.2155],[33.31579,52.2133],[33.32592,52.21129],[33.32432,52.20847],[33.32991,52.20574],[33.3312,52.20191],[33.32427,52.19447],[33.32099,52.19467],[33.32204,52.19062],[33.31618,52.19195],[33.31166,52.19108],[33.31163,52.18848],[33.31857,52.18003],[33.31543,52.17593],[33.31962,52.17466],[33.32374,52.16907],[33.32871,52.17002],[33.33263,52.16667],[33.33115,52.16438],[33.33693,52.16116],[33.33756,52.15541],[33.32772,52.15522],[33.32443,52.1477],[33.32259,52.1362],[33.34252,52.13531],[33.34235,52.13797],[33.33425,52.13841],[33.32843,52.14015],[33.32964,52.14209],[33.34139,52.14549],[33.34582,52.14527],[33.41719,52.1231],[33.40971,52.11539],[33.43336,52.10878],[33.44502,52.09759],[33.44403,52.09473],[33.43879,52.08945],[33.43939,52.08784],[33.45172,52.0901],[33.45903,52.08982],[33.45981,52.08753],[33.49014,52.08275],[33.49238,52.08682],[33.50002,52.08927],[33.50026,52.0685],[33.50067,52.0591],[33.50062,52.03853],[33.46912,52.03886],[33.46261,52.03803],[33.4579,52.03631],[33.4396,52.03256],[33.43039,52.0257],[33.41199,52.03333],[33.40323,52.05119],[33.39062,52.04965],[33.36541,52.03977],[33.36199,52.03749],[33.35599,52.03131],[33.34484,52.02968],[33.33137,52.03097],[33.31638,52.03175],[33.31338,52.02942],[33.3126,52.02656],[33.31729,52.01971],[33.31677,52.01693],[33.30941,52.01525],[33.3057,52.01753],[33.30332,52.01476],[33.30713,52.01239],[33.31506,52.01199],[33.31991,52.00934],[33.32677,52.00776],[33.33716,52.00689],[33.34198,52.00169],[33.34862,51.99879],[33.34762,51.99367],[33.34983,51.99],[33.34904,51.98695],[33.35051,51.98322],[33.35903,51.98134],[33.36565,51.97893],[33.3711,51.97962],[33.37407,51.97673],[33.37196,51.97313],[33.37354,51.97083],[33.38144,51.97311],[33.38473,51.97218],[33.39344,51.9649],[33.39619,51.96142],[33.39693,51.95753],[33.39549,51.9549],[33.38964,51.95303],[33.38301,51.9533],[33.37678,51.95519],[33.37086,51.95354],[33.3689,51.95038],[33.37113,51.94718],[33.36906,51.94547],[33.36136,51.9465],[33.36001,51.94078],[33.35726,51.93918],[33.35858,51.93516],[33.35508,51.93027],[33.33083,51.92955],[33.32809,51.93295],[33.31725,51.93383],[33.31759,51.9366],[33.30312,51.93343],[33.29709,51.93456],[33.29553,51.92995],[33.29244,51.92765],[33.29209,51.92446],[33.2874,51.92268],[33.27637,51.92322],[33.26911,51.92276],[33.26464,51.9196],[33.26196,51.92005],[33.25836,51.92418],[33.254,51.92621],[33.25221,51.92205],[33.24649,51.92067],[33.24766,51.91637],[33.23809,51.91532],[33.23627,51.91003],[33.23225,51.90872],[33.22648,51.91008],[33.22346,51.91263],[33.21932,51.91187],[33.22347,51.90702],[33.22015,51.9047],[33.21651,51.90577],[33.21619,51.91145],[33.20964,51.91281],[33.20398,51.91055],[33.19669,51.90965],[33.19056,51.91244],[33.18662,51.91185],[33.18645,51.90724],[33.18284,51.90286],[33.17553,51.90537],[33.17067,51.90066],[33.17689,51.89835],[33.17915,51.89539],[33.18115,51.88781],[33.17847,51.88443],[33.17152,51.88161],[33.16683,51.8807],[33.15808,51.8803],[33.15327,51.87858],[33.14523,51.87719],[33.1458,51.87351],[33.14201,51.87167],[33.13686,51.87336],[33.13366,51.87184],[33.1351,51.86343],[33.13087,51.86175],[33.12939,51.8641],[33.12557,51.86497],[33.12262,51.86272],[33.12495,51.85982],[33.13066,51.85735],[33.13091,51.85474],[33.12495,51.85475],[33.12299,51.8454],[33.12887,51.8463],[33.13098,51.84377],[33.12828,51.84116],[33.12833,51.8343],[33.13633,51.8333],[33.14099,51.82856],[33.14645,51.82069],[33.14697,51.81649],[33.14188,51.81372],[33.13381,51.81589],[33.13073,51.81518],[33.12207,51.81059],[33.12129,51.80651],[33.11279,51.7977],[33.10608,51.79403],[33.10096,51.78922],[33.0997,51.78151],[33.09372,51.78386],[33.08988,51.78108],[33.08461,51.78128],[33.08322,51.77818],[33.07811,51.77654],[33.07872,51.775],[33.08546,51.7691],[33.08907,51.77476],[33.09194,51.77472],[33.09377,51.76488],[33.09731,51.76188],[33.09439,51.75963],[33.09617,51.7556],[33.09842,51.75439],[33.09922,51.75083],[33.10366,51.74574],[33.11052,51.74121],[33.12377,51.73502],[33.13788,51.72592],[33.1323,51.72178],[33.14022,51.7171],[33.14546,51.71538],[33.15245,51.70777],[33.15398,51.70325],[33.15889,51.70078],[33.16824,51.70137],[33.17168,51.69857],[33.16929,51.69421],[33.16582,51.6916],[33.15506,51.68891],[33.14432,51.69087],[33.14564,51.6849],[33.14722,51.68288],[33.15414,51.6815],[33.16436,51.68196],[33.16425,51.67945],[33.15515,51.67817],[33.14344,51.67954],[33.1405,51.67895],[33.13939,51.67358],[33.14455,51.6721],[33.14742,51.66951],[33.13829,51.6615],[33.13316,51.66006],[33.12771,51.65456],[33.12542,51.65046],[33.12584,51.64572],[33.12767,51.64292],[33.13251,51.64397],[33.14021,51.64072],[33.1545,51.64188],[33.15431,51.63083],[33.15446,51.60755],[33.1567,51.60758],[33.17702,51.59744],[33.19183,51.58359],[33.21606,51.58186],[33.22231,51.58031],[33.21394,51.57755],[33.20732,51.57021],[33.18939,51.57282],[33.17181,51.57066],[33.16543,51.5705],[33.15918,51.57142],[33.16124,51.56596],[33.1574,51.56465],[33.15715,51.55587],[33.16464,51.55427],[33.16687,51.54375],[33.18258,51.53978],[33.18583,51.53718],[33.18624,51.52992],[33.19233,51.52416],[33.19348,51.52133],[33.19294,51.51262],[33.19174,51.50639],[33.17741,51.50732],[33.17384,51.50051],[33.16685,51.49833],[33.15975,51.49512],[33.15013,51.49289],[33.14771,51.49452],[33.14938,51.4968],[33.1429,51.49702],[33.13748,51.49602],[33.13418,51.49197],[33.1308,51.48241],[33.13144,51.47692],[33.13556,51.46688],[33.12449,51.46058],[33.11309,51.42837],[33.13455,51.41659],[33.12376,51.40362],[33.11965,51.4037],[33.11956,51.40048],[33.12981,51.40039],[33.13538,51.39948],[33.13744,51.39524],[33.13226,51.39371],[33.13307,51.38256],[33.12898,51.38147],[33.12185,51.38174],[33.11734,51.38357],[33.1109,51.3889],[33.10646,51.38983],[33.09656,51.38924],[33.09084,51.38968],[33.08936,51.3874],[33.10412,51.38343],[33.10676,51.37954],[33.10489,51.37718],[33.10907,51.3752],[33.10645,51.3724],[33.11163,51.36979],[33.10653,51.36538],[33.09894,51.36773],[33.09579,51.36728],[33.09274,51.36962],[33.08956,51.36774],[33.0707,51.36956],[33.06477,51.37059],[33.06076,51.36988],[33.05904,51.37245],[33.05927,51.37682],[33.06244,51.37956],[33.05966,51.38275],[33.0462,51.38617],[33.03958,51.39139],[33.0446,51.39451],[33.05232,51.39589],[33.05235,51.39788],[33.05774,51.40403],[33.04575,51.41114],[33.04411,51.40906],[33.04347,51.40427],[33.04008,51.40412],[33.03898,51.40129],[33.01657,51.39574],[33.02354,51.38333],[33.03185,51.37414],[33.03373,51.37022],[33.04093,51.36772],[33.03569,51.35977],[33.03605,51.3526],[33.03757,51.34568],[33.04428,51.34454],[33.04778,51.34623],[33.04999,51.34431],[33.05828,51.34672],[33.06405,51.34626],[33.07462,51.34067],[33.06852,51.33367],[33.06956,51.33263],[33.07086,51.32882],[33.0789,51.32209],[33.07416,51.31871],[33.07391,51.31377],[33.06994,51.31134],[33.06966,51.30746],[33.0656,51.30531],[33.06314,51.30759],[33.05453,51.30333],[33.04626,51.3038],[33.04483,51.30177],[33.05089,51.30007],[33.05325,51.29749],[33.05743,51.29961],[33.06145,51.29673],[33.04744,51.2949],[33.0442,51.29522],[33.04092,51.29119],[33.04301,51.28824],[33.04906,51.28833],[33.06516,51.29169],[33.06062,51.28698],[33.06332,51.2863],[33.07202,51.28814],[33.0732,51.2833],[33.07283,51.27493],[33.06567,51.27482],[33.06649,51.26864],[33.05821,51.26609],[33.0605,51.25688],[33.06908,51.25532],[33.04815,51.24081],[33.02953,51.22729],[33.03896,51.21992],[33.04141,51.20564],[33.0294,51.20482],[33.03018,51.2004],[32.99697,51.19776],[32.9895,51.19759],[32.9771,51.18836],[32.98637,51.18396],[32.97537,51.17518],[32.96039,51.16264],[32.97467,51.15271],[32.99285,51.14344],[32.96748,51.11531],[32.95127,51.09923],[32.94248,51.08967],[32.95526,51.08448],[32.96232,51.08855],[32.98378,51.08644],[33.04097,51.08186],[33.03785,51.07179],[33.06915,51.06921],[33.07089,51.06331],[33.0671,51.05732],[33.06016,51.04921],[33.07086,51.04391],[33.08384,51.04005],[33.08473,51.03838],[33.07701,51.03009],[33.07295,51.03186],[33.06387,51.02266],[33.05893,51.02242],[33.05717,51.01472],[33.05145,51.01224],[33.0468,51.0042],[33.0416,50.99719],[33.03798,50.99401],[33.04786,50.9907],[33.05055,50.98801],[33.06004,50.98666],[33.06176,50.98509],[33.07589,50.98276],[33.07927,50.98131],[33.07816,50.99173],[33.10795,51.00358],[33.11786,51.00676],[33.12623,51.00105],[33.12162,50.99776],[33.12368,50.99334],[33.13944,50.96765],[33.13696,50.96144],[33.1479,50.96178],[33.18174,50.95856],[33.18687,50.95911],[33.18993,50.96225],[33.20024,50.96155],[33.19999,50.93438],[33.197,50.93124],[33.19709,50.91997],[33.21051,50.90185],[33.2024,50.89849],[33.20768,50.89424],[33.20137,50.89337],[33.19678,50.89177],[33.18796,50.89157],[33.18381,50.89213],[33.18065,50.89492],[33.17042,50.88795],[33.16875,50.8815],[33.17003,50.87557],[33.17552,50.87292],[33.17856,50.86686],[33.17403,50.86607],[33.17247,50.85566],[33.16916,50.85069],[33.185,50.84927],[33.18372,50.84582],[33.17999,50.844],[33.17396,50.8434],[33.16772,50.83599],[33.16663,50.83247],[33.16112,50.8289],[33.15513,50.82793],[33.15412,50.82453],[33.15634,50.82144],[33.16075,50.81931],[33.16202,50.81519],[33.16585,50.81473],[33.16538,50.8053],[33.16403,50.80242],[33.16904,50.79961],[33.16424,50.79204],[33.15834,50.79346],[33.15338,50.79303],[33.16505,50.77649],[33.1878,50.75028],[33.1896,50.74653],[33.20766,50.74767],[33.21257,50.73608],[33.2308,50.73792],[33.23269,50.73484],[33.23668,50.73567],[33.23936,50.73214],[33.227,50.73009],[33.22205,50.72828],[33.21412,50.72742],[33.21386,50.72161],[33.20899,50.7212],[33.20436,50.72252],[33.1951,50.72215],[33.1894,50.71974],[33.18225,50.71893],[33.17803,50.71732],[33.1625,50.71487],[33.15926,50.71535],[33.15381,50.70883],[33.13583,50.71084],[33.15108,50.69412],[33.15042,50.68606],[33.14716,50.66738],[33.14678,50.65498],[33.13906,50.6504],[33.13766,50.64854],[33.12693,50.65027],[33.11756,50.64763],[33.11823,50.64096],[33.12159,50.63946],[33.11072,50.61158],[33.10681,50.60789],[33.10271,50.60215],[33.12109,50.59972],[33.12353,50.59831],[33.12198,50.59449],[33.11907,50.59176],[33.10396,50.59341],[33.09237,50.58431],[33.0969,50.58006],[33.08598,50.57211],[33.08047,50.5687],[33.07732,50.56438],[33.07441,50.5576],[33.07157,50.55527],[33.05836,50.5478],[33.04872,50.54093],[33.05063,50.53995],[33.06178,50.5254],[33.06105,50.52189],[33.06528,50.51983],[33.06067,50.51847],[33.04561,50.50436],[33.04252,50.50222],[33.03272,50.50181],[33.02734,50.50317],[33.02301,50.50157],[33.02221,50.49535],[33.02523,50.4932],[33.01307,50.48036],[33.01618,50.47086],[33.00257,50.47408],[32.99003,50.47753],[32.98749,50.474],[32.97813,50.47474],[32.97278,50.4758],[32.97048,50.47414],[32.97456,50.46871],[32.97343,50.46805],[32.97827,50.46236],[32.97633,50.45965],[32.96969,50.45924],[32.96638,50.45377],[32.96976,50.45131],[32.96996,50.44931],[32.96537,50.44507],[32.95911,50.44262],[32.94899,50.44629],[32.93201,50.43673],[32.93532,50.43545],[32.9378,50.43066],[32.9405,50.42921],[32.937,50.42986],[32.93147,50.42884],[32.92979,50.43015],[32.91999,50.42927],[32.92101,50.42467],[32.91206,50.42362],[32.91467,50.4108],[32.91724,50.40872],[32.91208,50.40539],[32.89956,50.40634],[32.83657,50.37429],[32.81055,50.3747],[32.79468,50.37093],[32.78984,50.37089],[32.79171,50.3646],[32.78638,50.36168],[32.80126,50.35613],[32.79697,50.35234],[32.7932,50.34605],[32.76983,50.35303],[32.76618,50.3503],[32.76097,50.34861],[32.75573,50.35243],[32.75327,50.3583],[32.74674,50.35812],[32.74278,50.35337],[32.73868,50.35455],[32.73581,50.35692],[32.73099,50.35585],[32.67075,50.35803],[32.67165,50.36896],[32.63238,50.36621],[32.63427,50.35668],[32.58867,50.35576],[32.58468,50.35524],[32.5786,50.35848],[32.57038,50.35942],[32.56195,50.35859],[32.55762,50.35538],[32.55126,50.35333],[32.54368,50.35412],[32.5354,50.34796],[32.52878,50.34588],[32.52507,50.34567],[32.52106,50.34763],[32.50812,50.36033],[32.49377,50.3646],[32.49512,50.36618],[32.48704,50.36809],[32.48525,50.3739],[32.48753,50.37571],[32.49252,50.37698],[32.49173,50.39263],[32.49363,50.39417],[32.49002,50.39753],[32.48457,50.40066],[32.47581,50.3976],[32.46846,50.39728],[32.4462,50.39887],[32.40143,50.41264],[32.39718,50.40691],[32.3672,50.41599],[32.36408,50.42645],[32.33705,50.42796],[32.32861,50.42668],[32.32002,50.42222],[32.31619,50.41804],[32.31642,50.41659],[32.32566,50.40351],[32.30775,50.4021],[32.30185,50.39737],[32.2984,50.39798],[32.29469,50.39532],[32.29018,50.37948],[32.27817,50.3803],[32.27846,50.37383],[32.2516,50.37382],[32.2553,50.36831],[32.25994,50.36684],[32.25952,50.36362],[32.26399,50.3625],[32.26358,50.36064],[32.25614,50.35733],[32.25511,50.35207],[32.26428,50.35461],[32.26887,50.35195],[32.2545,50.34685],[32.25332,50.34793],[32.23798,50.3501],[32.23965,50.35282],[32.2362,50.35405],[32.23113,50.35059],[32.22668,50.35098],[32.21804,50.35764],[32.21438,50.3578],[32.16687,50.35247],[32.14816,50.34965],[32.14331,50.34825],[32.1413,50.35411],[32.16101,50.36803],[32.15467,50.37653],[32.13732,50.37732],[32.11885,50.38065],[32.10618,50.37832],[32.10115,50.37148],[32.09204,50.37027],[32.08943,50.36909],[32.07438,50.37279],[32.07453,50.37388],[32.08304,50.37853],[32.082,50.38389],[32.08461,50.38639],[32.08057,50.38753],[32.07678,50.39243],[32.08333,50.39683],[32.10238,50.41267],[32.09669,50.41672],[32.06762,50.40214],[32.05569,50.39772],[32.04451,50.40165],[32.04449,50.40677],[32.03944,50.4282],[32.03852,50.42933],[32.02775,50.43591],[32.02376,50.4582],[32.02299,50.45887],[32.00987,50.46107],[31.97336,50.46646],[31.97011,50.47405],[31.97896,50.47981],[31.97125,50.48247],[31.96714,50.48244],[31.963,50.48513],[31.96563,50.4876],[31.9764,50.48904],[31.97775,50.48405],[31.98482,50.48407],[31.98659,50.48676],[31.98406,50.49454],[31.98735,50.49599],[31.99223,50.49435],[31.99626,50.49661],[32.00208,50.49599],[32.00702,50.48672],[32.04692,50.49605],[32.06405,50.51173],[32.05144,50.5235],[32.06197,50.52943],[32.06344,50.54071],[32.04569,50.54206],[31.97481,50.53983],[31.97142,50.54116],[31.95213,50.54408],[31.94837,50.55337],[31.94122,50.56611],[31.93676,50.56828],[31.93028,50.57405],[31.92037,50.57746],[31.91924,50.58587],[31.91646,50.58973],[31.91253,50.59193],[31.91284,50.59624],[31.90572,50.59836],[31.90059,50.59905],[31.89718,50.60085],[31.89774,50.60399],[31.89135,50.60921],[31.88345,50.60734],[31.87233,50.61949],[31.86877,50.61857],[31.85899,50.63204],[31.8464,50.62847],[31.81069,50.62376],[31.81201,50.60598],[31.80382,50.60585],[31.79538,50.60645],[31.78205,50.60567],[31.78735,50.5905],[31.78807,50.579],[31.77719,50.57767],[31.78217,50.55947],[31.75792,50.5596],[31.72783,50.56005],[31.68647,50.56275],[31.68024,50.56194],[31.67648,50.55586],[31.66731,50.55164],[31.66312,50.55382],[31.64678,50.55274],[31.64596,50.53348],[31.64548,50.53136],[31.63914,50.52444],[31.63006,50.52033],[31.57076,50.52767],[31.57009,50.52368],[31.56373,50.5185],[31.55064,50.52057],[31.54487,50.52278],[31.53973,50.52319],[31.53292,50.52911],[31.52553,50.5311],[31.52226,50.53612],[31.52121,50.52188],[31.5112,50.52095],[31.51058,50.52272],[31.49968,50.52185],[31.49267,50.52311],[31.49318,50.52025],[31.48004,50.51517],[31.45509,50.51088],[31.45243,50.50554],[31.44505,50.50593],[31.44481,50.50035],[31.42598,50.50269],[31.41989,50.50394],[31.42133,50.50829],[31.41392,50.51517],[31.41446,50.51696],[31.40857,50.51868],[31.39775,50.52316],[31.38974,50.52448],[31.38017,50.52738],[31.37555,50.52695],[31.36509,50.52983],[31.35817,50.52915],[31.34811,50.51498],[31.3461,50.51525],[31.33041,50.50103],[31.3224,50.51359],[31.32041,50.52739],[31.30751,50.53052],[31.30036,50.53133],[31.29379,50.53359],[31.2882,50.5339],[31.26253,50.53902],[31.2555,50.54231],[31.25461,50.54379],[31.25892,50.5489],[31.25957,50.55648],[31.25642,50.55718],[31.25097,50.55594],[31.24671,50.56138],[31.24658,50.56706],[31.23724,50.56692],[31.23743,50.5691],[31.21357,50.56977],[31.21381,50.57342],[31.18655,50.57415],[31.18748,50.58886],[31.16586,50.58944],[31.16552,50.59387],[31.16604,50.60744],[31.19773,50.60728],[31.20545,50.60641],[31.22278,50.60673],[31.2278,50.61316],[31.21778,50.62045],[31.22718,50.62707],[31.20627,50.63681],[31.19909,50.64467],[31.20225,50.6545],[31.2131,50.66331],[31.2237,50.6673],[31.2219,50.66979],[31.22174,50.67575],[31.22049,50.6844],[31.21655,50.69161],[31.21834,50.69691],[31.20654,50.6967],[31.20599,50.70593],[31.19574,50.70331],[31.19087,50.70268],[31.19082,50.72447],[31.17,50.72474],[31.16488,50.72509],[31.16551,50.73012],[31.1674,50.73228],[31.15682,50.73762],[31.14886,50.73783],[31.14654,50.74236],[31.14156,50.74692],[31.13004,50.74819],[31.12176,50.74977],[31.12302,50.76261],[31.12641,50.77484],[31.09944,50.77931],[31.07559,50.78136],[31.06949,50.76472],[31.04037,50.76356],[31.03113,50.76132],[31.02514,50.76358],[31.01652,50.76351],[31.01376,50.76537],[30.98739,50.76258],[30.97476,50.76148],[30.95489,50.76357],[30.94988,50.75725],[30.93525,50.75879],[30.93325,50.76368],[30.89819,50.76506],[30.89235,50.76609],[30.89281,50.7694],[30.8891,50.77353],[30.87753,50.76862],[30.87485,50.75585],[30.87553,50.74652],[30.86494,50.74449],[30.8376,50.74388],[30.83417,50.74726],[30.83163,50.75421],[30.84515,50.75391],[30.8413,50.7577],[30.83895,50.75815],[30.84155,50.76279],[30.84666,50.76644],[30.84473,50.77366],[30.84632,50.77664],[30.85363,50.77608],[30.86226,50.77936],[30.87376,50.78171],[30.87059,50.78605],[30.86365,50.78455],[30.85906,50.78199],[30.85333,50.78118],[30.84835,50.7823],[30.84278,50.7771],[30.8421,50.77328],[30.84444,50.77038],[30.84355,50.76759],[30.83835,50.76714],[30.83688,50.76396],[30.81929,50.76604],[30.80406,50.7663],[30.80162,50.76822],[30.79077,50.77252],[30.77084,50.77587],[30.76885,50.77459],[30.75545,50.77565],[30.75096,50.77441],[30.74178,50.77243],[30.73858,50.77441],[30.73783,50.77707],[30.74008,50.77926],[30.7367,50.78247],[30.73848,50.78432],[30.74613,50.78627],[30.7491,50.79007],[30.74462,50.79576],[30.7508,50.79845],[30.74941,50.80047],[30.74535,50.80181],[30.74636,50.80453],[30.74457,50.808],[30.73301,50.81034],[30.73233,50.8125],[30.73779,50.81702],[30.743,50.81945],[30.74604,50.81796],[30.75398,50.81216],[30.76132,50.81091],[30.76647,50.81373],[30.76984,50.82121],[30.7674,50.82386],[30.76909,50.83116],[30.77745,50.83321],[30.77341,50.8403],[30.77456,50.84386],[30.77134,50.84627],[30.77067,50.84948],[30.7735,50.85346],[30.77822,50.85627],[30.77497,50.8653],[30.77071,50.86662],[30.77013,50.86974],[30.76745,50.87174],[30.77002,50.87549],[30.76515,50.87543],[30.76197,50.87781],[30.7561,50.87979],[30.73983,50.88738],[30.7355,50.89353],[30.73456,50.89822],[30.71615,50.89687],[30.71578,50.89903],[30.69706,50.90095],[30.69538,50.90324],[30.67779,50.90201],[30.67288,50.90619],[30.67403,50.90857],[30.6713,50.92353],[30.6668,50.92993],[30.66791,50.93768],[30.65473,50.95987],[30.64705,50.97072],[30.64903,50.98557],[30.6422,50.99745],[30.64097,51.00315],[30.62765,51.00751],[30.62727,51.00987],[30.60284,51.00929],[30.60134,51.02684],[30.58237,51.02657],[30.5701,51.02592],[30.51565,51.01949],[30.49937,51.01905],[30.49945,51.02331],[30.50145,51.02528],[30.50121,51.03232],[30.49916,51.0379],[30.49348,51.04902],[30.49404,51.05091],[30.50255,51.05772],[30.50626,51.06161],[30.51004,51.07124],[30.50898,51.07555],[30.4996,51.08098],[30.48466,51.09078],[30.48599,51.09405],[30.49508,51.09897],[30.49994,51.10034],[30.50972,51.10117],[30.51381,51.10249],[30.51572,51.10482],[30.51721,51.11099],[30.51434,51.11679],[30.51137,51.11966],[30.50166,51.12584],[30.49417,51.13434],[30.49165,51.14022],[30.4904,51.14607],[30.49041,51.16335],[30.49103,51.1658],[30.49885,51.1747],[30.50446,51.17661],[30.50905,51.17654],[30.52207,51.17311],[30.53056,51.17286],[30.53721,51.17551],[30.53845,51.18109],[30.53455,51.18398],[30.52003,51.18295],[30.51637,51.18579],[30.5162,51.18819],[30.5204,51.192],[30.52881,51.19618],[30.52999,51.20187],[30.52747,51.20445],[30.52375,51.21097],[30.51818,51.21511],[30.50874,51.2189],[30.50528,51.22309],[30.50573,51.22721],[30.5081,51.2305],[30.51163,51.23258],[30.52536,51.23668],[30.53281,51.23525],[30.541,51.23122],[30.54764,51.22965],[30.55448,51.23008],[30.55841,51.23256],[30.56024,51.23658],[30.55651,51.24621],[30.55116,51.25247],[30.54033,51.25647],[30.53904,51.25791],[30.53983,51.26258],[30.54808,51.2659],[30.55461,51.26756],[30.56553,51.26878],[30.56877,51.27003],[30.56979,51.27588],[30.57588,51.28088],[30.57762,51.2846],[30.57798,51.29189],[30.57594,51.29831],[30.57363,51.30165],[30.57429,51.30533],[30.57894,51.30839],[30.58837,51.31139],[30.59487,51.31486],[30.61636,51.33043],[30.6245,51.33319],[30.6452,51.33489],[30.651,51.33739],[30.65379,51.34373],[30.65218,51.34621],[30.64483,51.35168],[30.63516,51.35718],[30.63356,51.35981],[30.63463,51.36495],[30.64174,51.36924],[30.6503,51.3715],[30.65364,51.37515],[30.65198,51.38024],[30.6438,51.39016],[30.63706,51.39693],[30.63349,51.40158],[30.62494,51.41652],[30.62189,51.42002],[30.62136,51.42674],[30.61871,51.42893],[30.61422,51.42968],[30.60796,51.42807],[30.60232,51.4236],[30.59467,51.42274],[30.58933,51.42447],[30.58615,51.42713],[30.58425,51.4306],[30.58099,51.44117],[30.57777,51.44657],[30.581,51.4525],[30.58527,51.45483],[30.59758,51.45838],[30.60204,51.4605],[30.60682,51.46494],[30.60734,51.46806],[30.60502,51.47094],[30.59705,51.4735],[30.59009,51.479],[30.58812,51.48323],[30.58767,51.49461],[30.58607,51.49819],[30.5821,51.50265],[30.57059,51.50944],[30.5689,51.51096],[30.5673,51.51634],[30.56868,51.51964],[30.58061,51.53423],[30.58618,51.54006],[30.5849,51.54477],[30.57799,51.552],[30.57251,51.55249],[30.56507,51.5498],[30.55268,51.54184],[30.54927,51.5415],[30.54517,51.5433],[30.54201,51.55155],[30.5382,51.55528],[30.5321,51.55915],[30.52725,51.56525],[30.52791,51.57166],[30.53359,51.57397],[30.55267,51.57317],[30.55473,51.57618],[30.5525,51.57966],[30.54246,51.58342],[30.5309,51.58246],[30.52736,51.58356],[30.52173,51.58874],[30.51022,51.59405],[30.50695,51.59678],[30.5069,51.60116],[30.51088,51.60374],[30.51611,51.60434],[30.52394,51.60249],[30.5321,51.60312],[30.53516,51.60539],[30.53539,51.61069],[30.53137,51.61485],[30.53029,51.61795],[30.53159,51.62036],[30.53669,51.62273],[30.54965,51.62176],[30.55607,51.62292],[30.55832,51.62784],[30.55557,51.6306],[30.54776,51.63469],[30.54592,51.63758],[30.54747,51.64184],[30.5538,51.64412],[30.56531,51.64295],[30.57533,51.64371],[30.57928,51.64547],[30.58043,51.65135],[30.57341,51.65968],[30.57394,51.66455],[30.57691,51.66862],[30.5787,51.67767],[30.5766,51.68219],[30.56756,51.69051],[30.56042,51.69857],[30.56081,51.7042],[30.56814,51.70959],[30.5791,51.71191],[30.59095,51.71063],[30.60389,51.70789],[30.60846,51.70772],[30.61652,51.70884],[30.6233,51.71189],[30.62644,51.71524],[30.62599,51.72252],[30.62454,51.72673],[30.62484,51.73163],[30.63009,51.73689],[30.64455,51.74685],[30.64994,51.75309],[30.65116,51.75884],[30.6491,51.76301],[30.64467,51.76501],[30.63907,51.76524],[30.63413,51.76418],[30.62835,51.7613],[30.62278,51.75962],[30.61787,51.75923],[30.61308,51.76117],[30.61171,51.7636],[30.61323,51.76703],[30.61873,51.77054],[30.62854,51.77341],[30.63243,51.77703],[30.63449,51.78294],[30.64223,51.78501],[30.65611,51.78414],[30.66307,51.78534],[30.66867,51.7896],[30.67065,51.79585],[30.66689,51.8009],[30.66577,51.80697],[30.66125,51.8133],[30.6603,51.81616],[30.6632,51.81961],[30.67251,51.82252],[30.68161,51.8232],[30.6892,51.8257],[30.69391,51.83211],[30.69589,51.8395],[30.6981,51.8447],[30.69941,51.85328],[30.7011,51.85866],[30.70477,51.86426],[30.70871,51.86813],[30.7191,51.87202],[30.72309,51.87524],[30.72699,51.88402],[30.73095,51.88825],[30.74174,51.89614],[30.74782,51.90299],[30.75379,51.90431],[30.76357,51.90221],[30.79127,51.89749],[30.79708,51.89729],[30.8022,51.89886],[30.80377,51.90504],[30.809,51.90992],[30.82133,51.91693],[30.82454,51.91933],[30.82362,51.92488],[30.81174,51.93653],[30.80568,51.94574],[30.80632,51.94786],[30.81404,51.951],[30.81813,51.95548],[30.82104,51.95626],[30.82751,51.95305],[30.83163,51.9522],[30.83648,51.95427],[30.83617,51.9603],[30.83767,51.96209],[30.84702,51.96147],[30.85037,51.96262],[30.8537,51.96817],[30.85929,51.97219],[30.86304,51.9724],[30.87205,51.9669],[30.88108,51.96717],[30.88635,51.96799],[30.89104,51.97045],[30.891,51.97375],[30.88609,51.97843],[30.88383,51.98193],[30.88645,51.98563],[30.89231,51.98596],[30.89825,51.9845],[30.90568,51.98463],[30.9109,51.98766],[30.91068,51.99046],[30.90701,51.99292],[30.89435,51.99437],[30.89228,51.99709],[30.89505,52.00242],[30.9044,52.00484],[30.9089,52.00832],[30.91638,52.00961],[30.92395,52.01548],[30.92973,52.0147],[30.93341,52.01312],[30.93901,52.01298],[30.9403,52.01498],[30.93868,52.0186],[30.94523,52.02617],[30.94357,52.02822],[30.93864,52.03041],[30.93536,52.03382],[30.93333,52.0386],[30.93607,52.04333],[30.9421,52.04523],[30.94513,52.04741],[30.94871,52.05428],[30.94803,52.05684],[30.94391,52.06091],[30.93779,52.06309],[30.93485,52.06533],[30.93207,52.07175],[30.93367,52.07444],[30.93871,52.07559],[30.9451,52.07345],[30.94951,52.07384],[30.95307,52.07633],[30.94974,52.08944],[30.95663,52.08852],[30.95953,52.09048],[30.96491,52.08962],[30.9626,52.08317],[30.96652,52.08109],[30.97681,52.07872],[30.99313,52.07779],[30.99641,52.07928],[31.00862,52.08066],[31.01787,52.08316],[31.02179,52.08246],[31.03617,52.0856],[31.04988,52.08576],[31.05869,52.08852],[31.06998,52.0911],[31.08237,52.0909],[31.09235,52.08933],[31.09825,52.08958],[31.11853,52.09672],[31.1256,52.09746],[31.12635,52.09965],[31.13425,52.10234],[31.13975,52.10311],[31.14455,52.09859],[31.14398,52.09679],[31.14744,52.09028],[31.15252,52.08818],[31.15806,52.07994],[31.1615,52.07841],[31.16824,52.07737],[31.16982,52.07602],[31.1785,52.07502],[31.19137,52.07548],[31.19894,52.0745],[31.21285,52.07137],[31.21507,52.06955],[31.21213,52.06346],[31.21335,52.05985],[31.21902,52.05474],[31.2271,52.04999],[31.23264,52.04921],[31.23774,52.04691],[31.25324,52.04221],[31.25578,52.04289],[31.29776,52.05177],[31.3211,52.08301],[31.31113,52.08689],[31.31733,52.08902],[31.32286,52.09513],[31.32228,52.09974],[31.32458,52.1047],[31.33031,52.10668],[31.341,52.10842],[31.37171,52.11478],[31.37678,52.11888],[31.38682,52.12086],[31.38816,52.12233],[31.3798,52.13075],[31.37739,52.13412],[31.38068,52.13462],[31.38963,52.13387],[31.39684,52.13967],[31.4024,52.14039],[31.4025,52.14223],[31.41378,52.14206],[31.4192,52.13969],[31.42858,52.14148],[31.43231,52.14329],[31.43423,52.14104],[31.45034,52.14063],[31.4548,52.13843],[31.45657,52.1312],[31.45581,52.13017],[31.46088,52.12577],[31.46354,52.1218],[31.48886,52.11587],[31.49068,52.11729],[31.49841,52.11777],[31.50251,52.11984],[31.50639,52.12029],[31.51816,52.12515],[31.52552,52.12398],[31.53488,52.12434],[31.54656,52.1204],[31.56167,52.12052],[31.57345,52.11902],[31.59549,52.11396],[31.59685,52.11556],[31.60782,52.11149],[31.61649,52.11438],[31.62124,52.11491],[31.64205,52.11439],[31.65437,52.11438],[31.66118,52.11656],[31.66666,52.11496],[31.67219,52.11461],[31.68606,52.11134],[31.69169,52.1111],[31.6996,52.10771],[31.71471,52.10683],[31.71747,52.10141],[31.72197,52.09582],[31.72683,52.09624],[31.73751,52.09974],[31.74603,52.10316],[31.75711,52.10454],[31.76231,52.10604],[31.76877,52.1103],[31.77274,52.11158],[31.78656,52.11185],[31.79316,52.10778],[31.79768,52.10307],[31.8095,52.09879],[31.81699,52.09869],[31.82168,52.09862]]]},"properties":{"oblast":"chernihiv_oblast","id":"chernihiv_oblast","name":"Чернігівська область"}},{"type":"Feature","geometry":{"type":"Polygon","coordinates":[[[30.82251,50.40064],[30.81848,50.3941],[30.81324,50.39176],[30.79755,50.3939],[30.79045,50.39782],[30.77629,50.39477],[30.77616,50.38911],[30.78076,50.3854],[30.77748,50.38241],[30.76428,50.38047],[30.76227,50.37496],[30.75315,50.37547],[30.74231,50.37188],[30.73861,50.37219],[30.72679,50.3754],[30.72894,50.37662],[30.72339,50.38097],[30.71781,50.38262],[30.71176,50.37839],[30.71441,50.3703],[30.71322,50.36753],[30.70958,50.36794],[30.70704,50.36538],[30.71393,50.35677],[30.71099,50.35238],[30.69678,50.34729],[30.69662,50.34887],[30.68664,50.3523],[30.67786,50.35294],[30.67388,50.35475],[30.67592,50.35714],[30.67408,50.36028],[30.66866,50.35965],[30.67227,50.36635],[30.67746,50.36845],[30.67667,50.36984],[30.67105,50.36975],[30.66855,50.36677],[30.66252,50.36625],[30.65408,50.36306],[30.63628,50.36104],[30.63911,50.35887],[30.63761,50.34506],[30.6335,50.34048],[30.63057,50.3418],[30.62753,50.34522],[30.62701,50.34828],[30.62262,50.3486],[30.61167,50.34612],[30.62053,50.33444],[30.62534,50.3293],[30.63073,50.31929],[30.63546,50.31497],[30.63886,50.31004],[30.6488,50.29258],[30.64189,50.29061],[30.64145,50.286],[30.6377,50.28347],[30.6402,50.28004],[30.61081,50.2806],[30.60976,50.27687],[30.61151,50.27429],[30.61605,50.27165],[30.61675,50.26534],[30.62668,50.26266],[30.62531,50.25738],[30.63297,50.25104],[30.63359,50.24763],[30.63594,50.24526],[30.64671,50.23972],[30.64575,50.23657],[30.63742,50.23468],[30.64367,50.22596],[30.59347,50.2133],[30.59,50.2162],[30.59157,50.2273],[30.59062,50.23263],[30.58494,50.24847],[30.57473,50.25945],[30.56984,50.25919],[30.5698,50.26227],[30.56765,50.2659],[30.56397,50.2694],[30.56378,50.27715],[30.5538,50.27715],[30.5538,50.26965],[30.54259,50.27586],[30.54803,50.28292],[30.54623,50.29101],[30.53197,50.29068],[30.52829,50.29151],[30.53706,50.30043],[30.53174,50.30228],[30.53363,50.31711],[30.52526,50.31939],[30.51654,50.32092],[30.50852,50.32609],[30.4963,50.32193],[30.48855,50.32693],[30.49567,50.33004],[30.49135,50.33527],[30.48491,50.33572],[30.48509,50.33378],[30.47526,50.33318],[30.4746,50.33971],[30.47275,50.35055],[30.46805,50.35201],[30.47028,50.35546],[30.46835,50.36005],[30.4577,50.36098],[30.45504,50.35992],[30.45208,50.35456],[30.43763,50.35693],[30.43592,50.3609],[30.43748,50.36755],[30.43056,50.37179],[30.44217,50.38146],[30.42848,50.39181],[30.42196,50.39392],[30.41998,50.39726],[30.39422,50.40545],[30.38314,50.41203],[30.36923,50.4209],[30.36604,50.42431],[30.35935,50.43437],[30.3578,50.44462],[30.35073,50.44502],[30.35106,50.44901],[30.34869,50.45119],[30.34208,50.45349],[30.34434,50.44848],[30.34401,50.44561],[30.33227,50.44442],[30.32187,50.44236],[30.31085,50.44269],[30.28126,50.44732],[30.28205,50.4428],[30.27479,50.43165],[30.27625,50.43068],[30.26931,50.42621],[30.26022,50.43113],[30.25524,50.43114],[30.2508,50.42629],[30.24439,50.42292],[30.24102,50.42789],[30.23684,50.43111],[30.24206,50.43569],[30.24231,50.4386],[30.24643,50.43962],[30.24557,50.44361],[30.23941,50.44907],[30.24087,50.45532],[30.25774,50.46972],[30.25599,50.47206],[30.24916,50.47424],[30.25133,50.47958],[30.25308,50.48651],[30.25804,50.48642],[30.26307,50.48867],[30.26635,50.49238],[30.26526,50.49364],[30.27032,50.49812],[30.26956,50.50282],[30.25952,50.50968],[30.26347,50.5147],[30.26837,50.5185],[30.27366,50.52135],[30.28202,50.52221],[30.28584,50.52525],[30.29083,50.52724],[30.29035,50.52902],[30.29278,50.53273],[30.30258,50.53307],[30.30432,50.54345],[30.30303,50.54783],[30.29725,50.55172],[30.30169,50.55351],[30.31115,50.55502],[30.32651,50.54606],[30.32587,50.55016],[30.32948,50.54957],[30.33258,50.55149],[30.32925,50.55376],[30.33264,50.55677],[30.33171,50.55926],[30.32549,50.56307],[30.32724,50.56453],[30.30739,50.57043],[30.33919,50.57376],[30.37075,50.5734],[30.371,50.58644],[30.44737,50.58572],[30.46168,50.58396],[30.46297,50.58306],[30.46455,50.57172],[30.48152,50.57223],[30.48509,50.5692],[30.4938,50.56677],[30.49522,50.55694],[30.49806,50.55264],[30.50737,50.54744],[30.53232,50.54021],[30.53446,50.53818],[30.54155,50.53431],[30.54377,50.53195],[30.5445,50.52697],[30.54105,50.52302],[30.54229,50.52214],[30.555,50.52182],[30.56068,50.51639],[30.56716,50.51563],[30.56797,50.52065],[30.56497,50.52469],[30.55375,50.53216],[30.55446,50.53649],[30.55634,50.53911],[30.57142,50.53848],[30.57184,50.53732],[30.62248,50.53516],[30.65401,50.53394],[30.65581,50.53856],[30.66227,50.54654],[30.66496,50.55179],[30.67114,50.55398],[30.68016,50.55529],[30.69748,50.56179],[30.6988,50.55452],[30.71415,50.55552],[30.7104,50.57559],[30.7215,50.58591],[30.71725,50.58975],[30.7228,50.59044],[30.75192,50.58356],[30.75586,50.58321],[30.76645,50.58379],[30.77114,50.57553],[30.78335,50.57738],[30.78867,50.57712],[30.79062,50.57371],[30.79719,50.57028],[30.81741,50.5646],[30.81453,50.56271],[30.81507,50.55983],[30.81759,50.55769],[30.8215,50.53858],[30.82329,50.53704],[30.81671,50.53479],[30.80924,50.53365],[30.8022,50.53079],[30.78384,50.52695],[30.77106,50.52245],[30.76025,50.51962],[30.75261,50.51856],[30.75508,50.51574],[30.76106,50.51212],[30.76185,50.50898],[30.74919,50.50442],[30.74664,50.50207],[30.74152,50.50029],[30.739,50.49791],[30.74299,50.49101],[30.74673,50.49202],[30.74912,50.48752],[30.75432,50.4902],[30.75984,50.4835],[30.75375,50.48292],[30.74851,50.48374],[30.74635,50.47756],[30.75011,50.47444],[30.74145,50.469],[30.75231,50.46993],[30.75354,50.46624],[30.75077,50.46412],[30.7548,50.46152],[30.7523,50.46037],[30.74285,50.45841],[30.76006,50.4482],[30.77679,50.44314],[30.77628,50.43887],[30.78799,50.43361],[30.79185,50.43387],[30.7969,50.42934],[30.80231,50.42636],[30.80136,50.42087],[30.79576,50.41763],[30.80361,50.41198],[30.80842,50.40955],[30.81382,50.4092],[30.82262,50.40729],[30.82654,50.40395],[30.82251,50.40064]],[[30.74473,50.51718],[30.75199,50.51851],[30.75088,50.52432],[30.72155,50.52193],[30.72347,50.511],[30.7314,50.51195],[30.74473,50.51718]]]},"properties":{"oblast":"kyiv","id":"kyiv","name":"м. Київ"}}]}