{"type": "FeatureCollection", "features": [{"type": "Feature", "geometry": {"type": "Polygon", "coordinates": [[[31.1179904, 49.5564384], [31.1104633, 49.5557107], [31.1082767, 49.5488879], [31.1016663, 49.5489481], [31.0974331, 49.5429237], [31.1023241, 49.5352019], [31.1005627, 49.5227119], [31.0950121, 49.5203179], [31.0954287, 49.5137869], [31.0913458, 49.5098631], [31.0953131, 49.4977947], [31.0878512, 49.4916501], [31.0688652, 49.4845116], [31.0583469, 49.4776666], [31.0477012, 49.4780343], [31.0401186, 49.4737679], [31.0396305, 49.4693094], [31.0449761, 49.4616568], [31.0444263, 49.4574883], [31.0342164, 49.457746], [31.034643, 49.4618654], [31.0292932, 49.4717513], [31.0051973, 49.4510044], [31.0066611, 49.4311072], [30.9936963, 49.4224733], [30.9567824, 49.4238121], [30.9368429, 49.4200208], [30.9210956, 49.4155958], [30.9300488, 49.4092176], [30.9370145, 49.4068039], [30.9337127, 49.4002849], [30.9349572, 49.3956172], [30.9275812, 49.3905528], [30.9305772, 49.3804799], [30.9181452, 49.3771132], [30.9090149, 49.3586178], [30.8955261, 49.3629571], [30.8855912, 49.3631095], [30.8790573, 49.3582038], [30.8639914, 49.3511541], [30.8582568, 49.3535146], [30.8409297, 49.352648], [30.8346641, 49.3501669], [30.8181471, 49.3552757], [30.8148426, 49.3535758], [30.7999469, 49.3539619], [30.778555, 49.3436579], [30.749575, 49.3450585], [30.7287195, 49.3318835], [30.7167891, 49.3386283], [30.7059556, 49.3376094], [30.6774625, 49.3551028], [30.6691624, 49.356241], [30.6625541, 49.3541567], [30.6604318, 49.360501], [30.6391177, 49.356096], [30.6071149, 49.3703037], [30.5835476, 49.3496934], [30.5692119, 49.3534443], [30.5620444, 49.3483392], [30.5550706, 49.3390966], [30.5455247, 49.3362077], [30.5473941, 49.3266149], [30.5280876, 49.3299746], [30.5155778, 49.3277695], [30.5005467, 49.339794], [30.4734081, 49.3650516], [30.4603565, 49.359162], [30.4494345, 49.3577443], [30.4445448, 49.3530114], [30.4376223, 49.3516794], [30.4416823, 49.3354489], [30.4345086, 49.3328728], [30.4139106, 49.3304444], [30.4210726, 49.3024479], [30.3978314, 49.3034262], [30.388005, 49.2704919], [30.3857681, 49.2587001], [30.3749312, 49.2435346], [30.3656796, 49.2448803], [30.3665146, 49.2552051], [30.3328031, 49.2596192], [30.2583822, 49.2714613], [30.2574839, 49.2683134], [30.2384701, 49.2710245], [30.2105052, 49.2726798], [30.1897437, 49.2750853], [30.1944963, 49.2939545], [30.2004215, 49.328162], [30.1489006, 49.3267419], [30.1485362, 49.3349767], [30.1366196, 49.3313415], [30.1322713, 49.3138051], [30.1192189, 49.3084456], [30.1128478, 49.308879], [30.1071414, 49.3029173], [30.1207102, 49.2953736], [30.1233349, 49.289004], [30.114473, 49.2715501], [30.1037259, 49.2737959], [30.0883565, 49.2862883], [30.0867702, 49.2942444], [30.0820576, 49.2987398], [30.0862313, 49.3125307], [30.0802724, 49.316934], [30.0783754, 49.3224588], [30.0685175, 49.3255931], [30.0542141, 49.3264489], [30.0348551, 49.3310827], [30.0264808, 49.3343837], [30.0200172, 49.3286683], [30.0104183, 49.3278677], [30.0074222, 49.315131], [29.9832719, 49.3154699], [29.9600052, 49.306448], [29.9532606, 49.3119629], [29.9474765, 49.3077565], [29.9444634, 49.3016651], [29.9552936, 49.2898444], [29.9570596, 49.2855928], [29.9576151, 49.265857], [29.9561903, 49.2540292], [29.9537949, 49.2503921], [29.9357981, 49.248161], [29.9210032, 49.230321], [29.9042327, 49.2216661], [29.9089161, 49.2164891], [29.8938117, 49.2084652], [29.89762, 49.204817], [29.876751, 49.2002311], [29.8831182, 49.1937411], [29.8830054, 49.186027], [29.8577201, 49.1884443], [29.820685, 49.178744], [29.812683, 49.1863575], [29.7600152, 49.1798318], [29.7369882, 49.2012035], [29.7273058, 49.2080781], [29.7418104, 49.2114752], [29.7470939, 49.2244257], [29.7365532, 49.2283612], [29.7267931, 49.2216215], [29.7186616, 49.2210948], [29.7041256, 49.2247346], [29.7106308, 49.2071472], [29.7259418, 49.2029019], [29.7268207, 49.1820864], [29.7176366, 49.1795152], [29.7175017, 49.1562658], [29.7098137, 49.1552112], [29.7120053, 49.1423313], [29.7195224, 49.1316403], [29.7311035, 49.1319824], [29.7334917, 49.1228213], [29.7256158, 49.1203667], [29.6850433, 49.1160395], [29.6803384, 49.1118243], [29.6804178, 49.1030661], [29.687158, 49.088799], [29.6505051, 49.0966755], [29.6343302, 49.0608127], [29.6414653, 49.0568504], [29.6376447, 49.0531147], [29.6201256, 49.0519756], [29.6158262, 49.0560516], [29.6060693, 49.0575683], [29.6148142, 49.042605], [29.6202777, 49.0394073], [29.6287052, 49.0226949], [29.6391955, 49.0118698], [29.6526729, 49.0138909], [29.6674575, 49.0208198], [29.6701653, 49.0240636], [29.6906716, 49.0122108], [29.6835297, 49.0062313], [29.6957559, 49.0004085], [29.6520187, 48.9598555], [29.6607474, 48.9483976], [29.6515968, 48.936848], [29.6581985, 48.9349841], [29.6687036, 48.9285653], [29.6660547, 48.9263737], [29.6801384, 48.9214824], [29.6870676, 48.9121743], [29.6999445, 48.9169274], [29.7123374, 48.9114412], [29.7356332, 48.9081989], [29.7166889, 48.8989916], [29.7093612, 48.8976252], [29.7271519, 48.8870233], [29.7317092, 48.8545668], [29.7425115, 48.8530485], [29.7615052, 48.8471323], [29.7658627, 48.7862224], [29.7759, 48.7837761], [29.7860853, 48.7842068], [29.7936254, 48.780272], [29.8050063, 48.778302], [29.8002876, 48.7741558], [29.8665526, 48.7632659], [29.8596275, 48.7585472], [29.8707137, 48.7469295], [29.8844077, 48.7371126], [29.8814101, 48.7313162], [29.867617, 48.7345967], [29.8560775, 48.7138548], [29.8655972, 48.708095], [29.8609142, 48.6995937], [29.8726742, 48.7027786], [29.917144, 48.671643], [29.9468584, 48.6699179], [29.9433817, 48.665864], [29.9447613, 48.6576782], [29.9562911, 48.6586231], [29.9595979, 48.650004], [29.9665489, 48.6505295], [29.9681406, 48.6427549], [29.9756432, 48.6424607], [29.9776984, 48.6351719], [29.9897693, 48.6365968], [29.9922426, 48.6297446], [29.9888576, 48.6272782], [29.987339, 48.6186911], [29.9830563, 48.6124304], [29.951217, 48.6087592], [29.9516908, 48.6011602], [29.9482704, 48.5932647], [29.9564815, 48.5838601], [29.9707314, 48.5838533], [29.9929167, 48.5791914], [30.0063277, 48.5710723], [30.0033295, 48.5604143], [30.0033598, 48.5517267], [30.0074409, 48.5491245], [30.0079932, 48.5418582], [30.0201127, 48.5394929], [30.0206699, 48.5347606], [30.0172477, 48.5177704], [29.9931176, 48.5199507], [29.9907057, 48.5142782], [30.0052955, 48.5112432], [30.0006166, 48.4921663], [29.9808022, 48.4941889], [29.975914, 48.4899106], [29.9666088, 48.4915601], [29.961448, 48.4727422], [29.96786, 48.4718036], [30.0024475, 48.4723689], [29.9998151, 48.4779929], [30.0498295, 48.4827495], [30.0622471, 48.4771854], [30.0707795, 48.4692013], [30.0837316, 48.4657184], [30.0871951, 48.4578148], [30.0933354, 48.4550827], [30.1090178, 48.452186], [30.1207332, 48.4535575], [30.1199518, 48.4607818], [30.1296759, 48.4628561], [30.130523, 48.4705235], [30.1446295, 48.4727048], [30.1503652, 48.4815213], [30.1558122, 48.4859421], [30.1513896, 48.4907617], [30.152924, 48.4982044], [30.1626455, 48.5035196], [30.2130178, 48.483229], [30.2201213, 48.4798102], [30.2561097, 48.4890708], [30.2547893, 48.5054099], [30.3072402, 48.5121446], [30.3254141, 48.521852], [30.3530604, 48.5256872], [30.3864863, 48.5270213], [30.3872494, 48.5424693], [30.4029125, 48.573874], [30.4528743, 48.5832993], [30.473798, 48.5669988], [30.4868748, 48.5642424], [30.487176, 48.5692372], [30.5089992, 48.5682088], [30.5323335, 48.5658038], [30.5411243, 48.5707777], [30.5665508, 48.5672257], [30.5692524, 48.5774453], [30.563279, 48.5789507], [30.5678629, 48.5913782], [30.557694, 48.5955285], [30.5708909, 48.6057062], [30.5444418, 48.6213172], [30.5294597, 48.6277714], [30.5516312, 48.6540717], [30.5546522, 48.6541614], [30.5986247, 48.6630861], [30.5989899, 48.6707918], [30.6048315, 48.6854304], [30.6083035, 48.6860994], [30.6110338, 48.6977707], [30.6011046, 48.6990312], [30.5932907, 48.707406], [30.5759081, 48.7207106], [30.5882554, 48.7227645], [30.5918071, 48.7202192], [30.6010212, 48.7209997], [30.6091075, 48.7191185], [30.6219367, 48.7397752], [30.6353503, 48.7390394], [30.6369926, 48.7518962], [30.6981482, 48.7673974], [30.7206403, 48.7610883], [30.7511208, 48.7608508], [30.7530995, 48.7701335], [30.8038131, 48.7568991], [30.8114254, 48.7694825], [30.8199341, 48.7664709], [30.8286526, 48.7565087], [30.830236, 48.7510438], [30.8455253, 48.7480695], [30.8482548, 48.7515755], [30.8749986, 48.7494542], [30.8792147, 48.7449553], [30.8960038, 48.7454208], [30.8954334, 48.7545585], [30.902697, 48.7617904], [30.9185764, 48.7601696], [30.9322239, 48.7619975], [30.94076, 48.7611195], [30.9468472, 48.7643243], [30.9441218, 48.772183], [30.9572617, 48.7696171], [30.9605872, 48.7639137], [30.9715493, 48.7609419], [30.9888313, 48.7644912], [30.9952536, 48.7631834], [31.0016275, 48.7571808], [31.0158609, 48.7594662], [31.0200212, 48.7618786], [31.0405069, 48.7592971], [31.0429318, 48.7540169], [31.0487934, 48.7518218], [31.0588005, 48.7543762], [31.0633125, 48.7467137], [31.0704038, 48.7431691], [31.068901, 48.7368916], [31.0816262, 48.7344139], [31.0940786, 48.7409402], [31.1025992, 48.7380493], [31.1075786, 48.7293505], [31.1176526, 48.7288224], [31.1186835, 48.7370283], [31.128044, 48.7373526], [31.1357582, 48.7440979], [31.1428834, 48.746765], [31.1515619, 48.7395604], [31.1569454, 48.7424532], [31.1632457, 48.7518654], [31.1748318, 48.7618039], [31.1847608, 48.7591015], [31.1962588, 48.75995], [31.2053049, 48.7556941], [31.2150907, 48.7583196], [31.2161016, 48.7684628], [31.2299841, 48.7651952], [31.2443532, 48.7669413], [31.2533106, 48.7640675], [31.2517331, 48.7596714], [31.2566767, 48.751065], [31.2633924, 48.7485654], [31.2684665, 48.7520261], [31.27735, 48.753356], [31.2860833, 48.7584204], [31.2912117, 48.7570482], [31.300689, 48.7592016], [31.3099693, 48.7585535], [31.3128915, 48.7548658], [31.3131002, 48.7462584], [31.3188306, 48.7414938], [31.3194658, 48.7304345], [31.3295574, 48.7258778], [31.3549839, 48.7309987], [31.3520566, 48.7401147], [31.3580189, 48.741727], [31.3696154, 48.7353775], [31.3711136, 48.7299407], [31.3845141, 48.7282351], [31.3842236, 48.7349355], [31.3935764, 48.7349282], [31.4108069, 48.743564], [31.418655, 48.7548774], [31.4233225, 48.7492171], [31.4240101, 48.7428239], [31.4360105, 48.7538411], [31.4227572, 48.7637019], [31.4679877, 48.7886051], [31.4962337, 48.7969514], [31.5281476, 48.8042489], [31.5270627, 48.8162548], [31.5588747, 48.8286888], [31.5621269, 48.8347181], [31.5544264, 48.8370091], [31.5670291, 48.8570054], [31.5591544, 48.8630892], [31.57594, 48.8727991], [31.5806991, 48.8776018], [31.5742744, 48.8808237], [31.5797923, 48.8846063], [31.5686242, 48.891579], [31.5777666, 48.8954553], [31.5723598, 48.9001845], [31.5817229, 48.9126803], [31.5948138, 48.9061767], [31.5793812, 48.8926508], [31.5803434, 48.8883818], [31.5988664, 48.8925613], [31.5969524, 48.8977432], [31.6022122, 48.9025304], [31.6082162, 48.8995343], [31.6185436, 48.9028844], [31.6199456, 48.9058844], [31.6389044, 48.9080341], [31.6402658, 48.9003338], [31.6529318, 48.9020354], [31.664166, 48.9003019], [31.6796256, 48.9005401], [31.6895238, 48.896414], [31.6959171, 48.9072862], [31.6992593, 48.9189281], [31.6957723, 48.9273248], [31.6984618, 48.9309838], [31.7251877, 48.9338845], [31.7510646, 48.9260483], [31.7596606, 48.9314599], [31.7707521, 48.9352864], [31.7958818, 48.9393149], [31.8052944, 48.9496396], [31.8078948, 48.9446567], [31.8218939, 48.9366646], [31.8323864, 48.934309], [31.8392966, 48.9355639], [31.878049, 48.9180477], [31.9182295, 48.9062642], [31.918645, 48.8973037], [31.9121811, 48.8870183], [31.9212745, 48.8801156], [31.9300424, 48.8885583], [31.9312611, 48.8931598], [31.9381623, 48.8963514], [31.945313, 48.905438], [31.9589405, 48.9085523], [31.965816, 48.9076354], [31.9888689, 48.9126403], [31.9979578, 48.9161811], [32.0057878, 48.9130445], [32.0125958, 48.9181582], [32.0172981, 48.9255904], [32.0265394, 48.9308372], [32.0489901, 48.9163586], [32.079774, 48.9212843], [32.0837373, 48.9173826], [32.0924879, 48.9182435], [32.0946279, 48.9142241], [32.0913988, 48.9086013], [32.0988207, 48.9029606], [32.1054241, 48.9025065], [32.1055281, 48.9109348], [32.112612, 48.912085], [32.1460206, 48.9122758], [32.1516678, 48.9165855], [32.1522058, 48.9398327], [32.1536109, 48.9445635], [32.1436906, 48.9510995], [32.1350768, 48.9542252], [32.1346735, 48.966203], [32.1592981, 48.9697268], [32.1792731, 48.9743301], [32.1826776, 48.9857004], [32.1805495, 48.9931511], [32.1890087, 48.9957696], [32.197425, 48.9921655], [32.2140067, 48.990731], [32.2181005, 48.9868267], [32.235882, 49.0516007], [32.233714, 49.0594719], [32.2379421, 49.0620604], [32.2534479, 49.0580839], [32.2623452, 49.0620719], [32.2572893, 49.0676166], [32.2599789, 49.078198], [32.2694725, 49.0815681], [32.2831572, 49.0790065], [32.2973378, 49.0795247], [32.2984852, 49.0734023], [32.3130183, 49.07469], [32.3148796, 49.0812031], [32.3485796, 49.0792993], [32.3534533, 49.0695324], [32.3654377, 49.0719301], [32.3757518, 49.0500926], [32.3694203, 49.0467497], [32.3698767, 49.0401621], [32.3796881, 49.0364937], [32.3828773, 49.0318095], [32.3919054, 49.0307879], [32.3970497, 49.0262164], [32.4169951, 49.0277626], [32.427319, 49.0412413], [32.4347425, 49.0392904], [32.4428274, 49.0525972], [32.4459259, 49.0453161], [32.4590622, 49.0408723], [32.4668438, 49.0350143], [32.4654874, 49.0317183], [32.4739351, 49.0145795], [32.4711945, 49.0096828], [32.4759411, 49.0055736], [32.493251, 49.0149602], [32.4992546, 49.0034197], [32.4961722, 49.0006666], [32.5039844, 48.9923573], [32.5047431, 48.9850112], [32.5120143, 48.9836695], [32.5156051, 48.974281], [32.509527, 48.9602144], [32.5215887, 48.9494705], [32.5215471, 48.9388939], [32.54798, 48.9402699], [32.5405952, 48.9521479], [32.5466602, 48.959681], [32.5404677, 48.9615091], [32.5390454, 48.9670191], [32.5551392, 48.9656363], [32.5546458, 48.9625913], [32.5687973, 48.9572144], [32.5781205, 48.9589937], [32.5767292, 48.9517915], [32.5825457, 48.9508087], [32.5910134, 48.9553979], [32.592177, 48.9604434], [32.6031697, 48.9620233], [32.6100559, 48.9593399], [32.6116197, 48.9536051], [32.6229946, 48.9559003], [32.6554033, 48.9535988], [32.6668764, 48.9558403], [32.6750051, 48.9600377], [32.6680283, 48.977219], [32.6758347, 48.9858251], [32.6849889, 48.9818152], [32.6963171, 48.9817066], [32.6980543, 48.9743141], [32.7271912, 48.9772146], [32.7310854, 48.9745054], [32.7333299, 48.9648233], [32.7974636, 48.9710984], [32.7949118, 48.975896], [32.8454602, 48.980692], [32.8434431, 48.9898432], [32.8739558, 48.9923909], [32.8722072, 49.0000624], [32.8579824, 48.9983425], [32.8488881, 49.0027026], [32.8444692, 49.0100067], [32.8352867, 49.0080125], [32.8290554, 49.0093337], [32.8388611, 49.0176052], [32.829989, 49.0652532], [32.8278817, 49.0796452], [32.8425803, 49.0876244], [32.8570355, 49.0897445], [32.8809033, 49.0956857], [32.8961836, 49.0948475], [32.8956318, 49.1104373], [32.8904096, 49.1265557], [32.8754543, 49.1286823], [32.8565806, 49.1292505], [32.8280484, 49.1336571], [32.823734, 49.1351167], [32.795322, 49.1382286], [32.7888399, 49.142607], [32.7818737, 49.1409273], [32.7697445, 49.1452142], [32.7619643, 49.1509082], [32.7576927, 49.1632383], [32.7578955, 49.1692705], [32.7661667, 49.1715636], [32.7749537, 49.1861553], [32.7838982, 49.1913937], [32.8068341, 49.2120443], [32.8406322, 49.2269997], [32.8591216, 49.2447143], [32.8474433, 49.2493069], [32.8318006, 49.2466007], [32.8191799, 49.2489138], [32.8117735, 49.2481425], [32.7987831, 49.2394278], [32.775244, 49.237281], [32.7659394, 49.2331584], [32.7575377, 49.2359595], [32.7577069, 49.2418856], [32.7456548, 49.2452057], [32.7328467, 49.2535791], [32.7210007, 49.2539035], [32.7123049, 49.2575547], [32.6859094, 49.2551455], [32.6775739, 49.2552842], [32.6709334, 49.2508448], [32.6582553, 49.2474528], [32.6507881, 49.2489327], [32.6379123, 49.2586979], [32.6261654, 49.2603625], [32.6121964, 49.253839], [32.6065337, 49.2550962], [32.597917, 49.2747692], [32.5949167, 49.2766498], [32.5668347, 49.2828328], [32.5420412, 49.296695], [32.5257087, 49.3037892], [32.505234, 49.3075041], [32.4776304, 49.3217336], [32.4679855, 49.3279285], [32.471626, 49.3352508], [32.4794412, 49.3408833], [32.4630588, 49.3425519], [32.4643698, 49.3506931], [32.4773001, 49.3558805], [32.4779947, 49.3656715], [32.4850753, 49.3722403], [32.4917665, 49.383406], [32.4919263, 49.3924252], [32.495932, 49.3968046], [32.5050354, 49.3991306], [32.5100121, 49.4080116], [32.5238979, 49.4009831], [32.5282431, 49.3900727], [32.5416166, 49.3829211], [32.5544965, 49.3809479], [32.5625217, 49.3841311], [32.5728938, 49.3794462], [32.5927019, 49.3781609], [32.628606, 49.3654777], [32.651335, 49.3565686], [32.6668704, 49.3559885], [32.6743054, 49.3526166], [32.7111965, 49.354168], [32.72825, 49.3521658], [32.7382225, 49.3550835], [32.7358192, 49.361212], [32.7349985, 49.3730126], [32.7292532, 49.374057], [32.7119288, 49.3848715], [32.7024472, 49.3828687], [32.6897657, 49.3854948], [32.6775348, 49.4013252], [32.681188, 49.411207], [32.678951, 49.4256161], [32.6658565, 49.4269001], [32.651165, 49.436147], [32.6558244, 49.4413508], [32.6698225, 49.4449635], [32.6730386, 49.4479656], [32.6660445, 49.4604986], [32.6677716, 49.4719971], [32.6711619, 49.4759604], [32.6708347, 49.4900263], [32.6807635, 49.5000149], [32.7115687, 49.5001699], [32.7209554, 49.507748], [32.7348404, 49.5162395], [32.7505219, 49.5238192], [32.748883, 49.5385104], [32.7558946, 49.5490805], [32.7493451, 49.5603752], [32.7535599, 49.5654695], [32.7477266, 49.5762075], [32.7534007, 49.5789121], [32.7386731, 49.5881001], [32.739821, 49.592447], [32.7270918, 49.5950455], [32.7111844, 49.6057816], [32.7152122, 49.6100756], [32.7147381, 49.621595], [32.7070615, 49.635127], [32.7029848, 49.648731], [32.704696, 49.6551811], [32.696627, 49.6594643], [32.6925674, 49.6577709], [32.6777043, 49.6687928], [32.67648, 49.6732432], [32.6639933, 49.6805973], [32.5741913, 49.7025437], [32.5683152, 49.746099], [32.572487, 49.7533334], [32.5558342, 49.7736363], [32.5143536, 49.7742997], [32.5039357, 49.8046272], [32.4495754, 49.7963182], [32.4376877, 49.8212496], [32.4214164, 49.8336975], [32.4100619, 49.8479322], [32.3739945, 49.8744485], [32.3930354, 49.8849018], [32.4031279, 49.8753559], [32.43475, 49.8882384], [32.4255723, 49.8938783], [32.4142421, 49.9034617], [32.4189686, 49.918344], [32.4193455, 49.9283116], [32.4283318, 49.9273345], [32.4302329, 49.9314772], [32.4179754, 49.9343815], [32.4282925, 49.9603795], [32.4050822, 49.9705837], [32.3788769, 49.9809869], [32.3772145, 50.000583], [32.3688047, 50.001995], [32.3646387, 50.0337198], [32.3446047, 50.0361014], [32.3479881, 50.0476101], [32.3337357, 50.0583815], [32.3266975, 50.052986], [32.3212542, 50.0395424], [32.3135873, 50.0388273], [32.2769952, 50.0649641], [32.2616785, 50.0825023], [32.2749681, 50.0982893], [32.2581238, 50.1053499], [32.249494, 50.1132652], [32.2534741, 50.1151595], [32.2855715, 50.1207185], [32.3039186, 50.1199374], [32.2988625, 50.1415637], [32.2935958, 50.1432886], [32.2671091, 50.1472364], [32.2316709, 50.1550348], [32.1770576, 50.164899], [32.1637258, 50.1800875], [32.1628629, 50.1869281], [32.1547694, 50.1884701], [32.1116221, 50.2126044], [32.1254432, 50.2247961], [32.118106, 50.2284028], [32.1099348, 50.2286322], [32.1081928, 50.219946], [32.0864231, 50.2215584], [32.0562062, 50.1877346], [32.0437587, 50.1886917], [32.0321899, 50.1940094], [32.0173552, 50.2062288], [31.9933348, 50.2013518], [31.9909918, 50.1966942], [32.0001985, 50.1943896], [31.9888718, 50.1840748], [31.980766, 50.1744831], [31.9653221, 50.1516286], [31.9341184, 50.1584553], [31.9464897, 50.1366091], [31.9579735, 50.1411538], [31.9752853, 50.1252744], [31.9114146, 50.1007745], [31.9076702, 50.0607479], [31.9040163, 50.0560697], [31.9163809, 50.0544405], [31.9170144, 50.0585575], [31.9250789, 50.0604502], [31.9865417, 50.0524735], [31.9797333, 50.038701], [31.9684397, 50.0445241], [31.9278827, 50.0305772], [31.9144536, 50.0281321], [31.8999608, 50.0192503], [31.9085485, 50.0128864], [31.9153062, 49.985293], [31.917853, 49.9610248], [31.9013949, 49.9437454], [31.8963743, 49.9507295], [31.8899954, 49.9533437], [31.8897905, 49.9624116], [31.8133873, 49.9662075], [31.8136283, 49.9591355], [31.7952774, 49.9340011], [31.7843954, 49.9268933], [31.7706049, 49.9203736], [31.7739912, 49.89373], [31.7522795, 49.8933895], [31.7211605, 49.8573115], [31.7114761, 49.8507097], [31.696762, 49.8525312], [31.6688039, 49.8575716], [31.6147053, 49.8569405], [31.6172277, 49.8803047], [31.6137117, 49.8864284], [31.6126244, 49.9061663], [31.580868, 49.9067395], [31.5787114, 49.89542], [31.5684147, 49.8954917], [31.5671594, 49.8869988], [31.5598659, 49.8808565], [31.5566061, 49.8747815], [31.5459884, 49.8728384], [31.5404906, 49.875501], [31.5147904, 49.8688902], [31.5175923, 49.8610747], [31.510207, 49.8541936], [31.5123701, 49.8453489], [31.4993926, 49.8455268], [31.4920485, 49.8609686], [31.4863212, 49.8570157], [31.4749812, 49.8612314], [31.470182, 49.8736072], [31.4600957, 49.8769893], [31.445496, 49.8767706], [31.4340793, 49.891807], [31.432972, 49.8985074], [31.4244683, 49.9172704], [31.4249519, 49.9360291], [31.4326614, 49.9435736], [31.4310918, 49.9491179], [31.4336539, 49.9613868], [31.4446255, 49.9756962], [31.4367112, 49.9841657], [31.4220717, 49.9896468], [31.4137705, 49.9874183], [31.3829725, 49.9928543], [31.3504489, 49.9879476], [31.332501, 49.9894735], [31.3210657, 49.9832368], [31.2961905, 49.9811702], [31.2894858, 49.9773801], [31.3053076, 49.9725584], [31.3005516, 49.966554], [31.2903962, 49.9591726], [31.3124433, 49.9635546], [31.3342496, 49.9558173], [31.345076, 49.9492227], [31.3340726, 49.9440969], [31.3335871, 49.9376252], [31.3455198, 49.9342727], [31.3602108, 49.9253772], [31.3801579, 49.907259], [31.3743978, 49.8984644], [31.3657765, 49.8960217], [31.345853, 49.8960667], [31.3104236, 49.8918663], [31.3119685, 49.8882858], [31.2918386, 49.8831514], [31.2606901, 49.8580382], [31.2471344, 49.8680329], [31.2108144, 49.8541145], [31.2080235, 49.8491404], [31.2210363, 49.8323358], [31.1897813, 49.7902733], [31.2165089, 49.7767907], [31.2049242, 49.7571895], [31.2220092, 49.7331515], [31.2118079, 49.7299676], [31.1963758, 49.7015808], [31.2104121, 49.6985089], [31.2172779, 49.6946845], [31.2118962, 49.6894359], [31.2014254, 49.6910887], [31.19585, 49.6839798], [31.2021129, 49.6752013], [31.1547211, 49.6288529], [31.1358054, 49.603897], [31.128754, 49.5838776], [31.1526976, 49.5806129], [31.1400119, 49.5723929], [31.1471862, 49.5704761], [31.1511468, 49.565345], [31.151751, 49.5553042], [31.1429797, 49.557692], [31.1398592, 49.552435], [31.1333081, 49.554053], [31.1214255, 49.5608027], [31.1179904, 49.5564384]]]}, "properties": {"name:ua": "Черкаська область", "name:en": "Cherkasy Oblast", "type": "oblast", "id": "cherkasy_oblast"}}, {"type": "Feature", "geometry": {"type": "Polygon", "coordinates": [[[32.9374245, 50.4306551], [32.9327239, 50.4367188], [32.9496407, 50.4458681], [32.9593994, 50.4422898], [32.9689711, 50.4487981], [32.9664791, 50.4539065], [32.9697927, 50.4596254], [32.9786666, 50.4627671], [32.9704259, 50.4743457], [32.9727357, 50.4759815], [32.9869836, 50.4742574], [32.9901325, 50.4776867], [33.016009, 50.4708326], [33.013045, 50.4801249], [33.0272398, 50.492988], [33.0219846, 50.4976035], [33.0231615, 50.5023365], [33.0298044, 50.5038359], [33.0423563, 50.5020338], [33.0590407, 50.5172359], [33.0649554, 50.5198231], [33.0496645, 50.5419562], [33.0738316, 50.5566582], [33.0806104, 50.5687582], [33.0971309, 50.5799355], [33.0923338, 50.5843338], [33.1040621, 50.5934287], [33.1191162, 50.5917265], [33.1215977, 50.5998669], [33.1030341, 50.6024316], [33.1106905, 50.6114497], [33.1215673, 50.639281], [33.1180053, 50.640936], [33.1173518, 50.6477802], [33.1252279, 50.6504814], [33.1378922, 50.6488531], [33.1467737, 50.6548165], [33.1472772, 50.6686973], [33.1512099, 50.6936423], [33.1360216, 50.7105702], [33.1523394, 50.7101475], [33.1567936, 50.7143391], [33.1783512, 50.7172819], [33.1931418, 50.7217767], [33.2014719, 50.72273], [33.2138919, 50.7216717], [33.2140921, 50.7273402], [33.2343721, 50.7309548], [33.2306768, 50.7378677], [33.2122063, 50.7370119], [33.2076632, 50.7476276], [33.1898927, 50.746551], [33.1882996, 50.7502324], [33.1653025, 50.7768093], [33.1582395, 50.7867833], [33.1643793, 50.7917967], [33.1692106, 50.7995041], [33.1641646, 50.8025438], [33.1663943, 50.8139557], [33.1542255, 50.824274], [33.156014, 50.8283245], [33.1660231, 50.831868], [33.1670237, 50.8363072], [33.174913, 50.8428119], [33.1807663, 50.8432881], [33.1850769, 50.8493302], [33.1695442, 50.8508669], [33.1729349, 50.8556597], [33.1744147, 50.8660684], [33.1797376, 50.8689454], [33.1742477, 50.8796708], [33.1690916, 50.8834156], [33.1745481, 50.8910149], [33.1842806, 50.8937375], [33.1880366, 50.8914887], [33.1992137, 50.8911976], [33.2035889, 50.8978655], [33.210932, 50.9014404], [33.1970994, 50.9202295], [33.1973088, 50.931236], [33.2003036, 50.9343447], [33.2003096, 50.9616213], [33.1878677, 50.9622743], [33.1798708, 50.9587874], [33.1478026, 50.9618621], [33.1369976, 50.9614883], [33.1395296, 50.9676104], [33.1215351, 50.9977277], [33.1262427, 51.0009986], [33.1179099, 51.0067092], [33.1076073, 51.0034826], [33.0780923, 50.9917859], [33.0761796, 50.9829239], [33.0618095, 50.9848157], [33.0403278, 50.9921875], [33.0415417, 50.9972273], [33.0498635, 51.0112772], [33.0592474, 51.0154655], [33.0589137, 51.0225246], [33.0638707, 51.0226914], [33.0727757, 51.0318612], [33.0766711, 51.0300734], [33.0850758, 51.0374699], [33.0842375, 51.0397973], [33.0709724, 51.0438237], [33.0601376, 51.0492012], [33.0712765, 51.0622105], [33.0693178, 51.0691977], [33.037859, 51.0717793], [33.0408851, 51.0818332], [32.9966819, 51.0851884], [32.9625103, 51.0884799], [32.9552968, 51.0843101], [32.9426042, 51.0896908], [32.9660534, 51.1136273], [32.9928151, 51.1434354], [32.9749284, 51.1528158], [32.9604635, 51.1626837], [32.9863371, 51.183946], [32.9770689, 51.1882644], [32.9885295, 51.1968653], [33.0303303, 51.200389], [33.029469, 51.2048739], [33.0418314, 51.205688], [33.0390061, 51.2201966], [33.029696, 51.2273253], [33.0688213, 51.2550329], [33.0606457, 51.256939], [33.0582476, 51.2665186], [33.066272, 51.2689995], [33.0655576, 51.2752583], [33.0728776, 51.2754614], [33.0719467, 51.2882121], [33.0649383, 51.2915563], [33.0424027, 51.2897554], [33.0495343, 51.2947228], [33.0622346, 51.2968977], [33.0558312, 51.302678], [33.0657867, 51.3062113], [33.0789893, 51.3222096], [33.0697829, 51.3285358], [33.075242, 51.3377438], [33.0809647, 51.3391678], [33.0641806, 51.3470461], [33.0579738, 51.3450007], [33.0426268, 51.3445523], [33.0363992, 51.3499088], [33.0355045, 51.3594812], [33.0404979, 51.368368], [33.0346108, 51.3706886], [33.0231719, 51.3847226], [33.0169524, 51.3960496], [33.0381502, 51.4009198], [33.0450442, 51.4038901], [33.0457636, 51.4104297], [33.0565465, 51.4043013], [33.0519295, 51.3983878], [33.0386172, 51.3909909], [33.0435544, 51.3864707], [33.0585169, 51.3840563], [33.0601155, 51.3713026], [33.1077792, 51.3659937], [33.1118806, 51.3698676], [33.1059128, 51.3769184], [33.1091083, 51.382415], [33.0905437, 51.3875735], [33.0945891, 51.3896681], [33.1086498, 51.389431], [33.1180879, 51.3828225], [33.1291522, 51.3811759], [33.133434, 51.3834006], [33.1324662, 51.3937467], [33.1353731, 51.3996059], [33.1239574, 51.4039635], [33.1346645, 51.4166821], [33.1129916, 51.4283593], [33.124464, 51.460589], [33.1359269, 51.4668886], [33.1308303, 51.4787595], [33.1373251, 51.4954541], [33.1427799, 51.4968855], [33.1600991, 51.4949815], [33.1740608, 51.5004387], [33.1778474, 51.5072894], [33.1918497, 51.5063814], [33.193549, 51.5229908], [33.1898636, 51.5234484], [33.1822365, 51.5398383], [33.1669059, 51.5437831], [33.1664722, 51.5515144], [33.1572309, 51.5558874], [33.1585447, 51.5693732], [33.1920169, 51.5727537], [33.2073499, 51.5701864], [33.2162993, 51.5820257], [33.1919963, 51.5835373], [33.1770889, 51.5974705], [33.154365, 51.608943], [33.1545054, 51.6417354], [33.1384305, 51.639864], [33.1261238, 51.6448517], [33.1249921, 51.6503224], [33.1340528, 51.6602705], [33.1470825, 51.669351], [33.1401198, 51.6732684], [33.142025, 51.678781], [33.1568717, 51.6777507], [33.1652135, 51.6823787], [33.1472717, 51.6835001], [33.1437054, 51.6898955], [33.1561374, 51.6890176], [33.1649469, 51.6916511], [33.1707122, 51.6985392], [33.1674218, 51.7013381], [33.1570514, 51.7021693], [33.1471715, 51.7149909], [33.1345994, 51.7221564], [33.1403376, 51.7254659], [33.1246269, 51.734723], [33.109746, 51.7413404], [33.1031161, 51.7464158], [33.0943544, 51.7599029], [33.0972936, 51.763078], [33.0856572, 51.7694252], [33.0785363, 51.775798], [33.0917021, 51.7855038], [33.1087967, 51.7925829], [33.1213214, 51.8062469], [33.1221755, 51.8105333], [33.1310878, 51.8150018], [33.1403841, 51.8138934], [33.1467742, 51.8198018], [33.1402656, 51.8316087], [33.1304465, 51.8337939], [33.1276344, 51.8411684], [33.1229039, 51.8450528], [33.1242374, 51.8608982], [33.1273527, 51.8651942], [33.1348441, 51.8630933], [33.1338548, 51.8714268], [33.1437545, 51.8726517], [33.1443238, 51.8777113], [33.161334, 51.8813227], [33.1719724, 51.8820306], [33.1799187, 51.8859376], [33.1814705, 51.8895877], [33.1766483, 51.8986313], [33.1829397, 51.9031303], [33.1876839, 51.9124824], [33.2012077, 51.9100822], [33.2107258, 51.9129952], [33.2159751, 51.9107599], [33.2180701, 51.905087], [33.2362101, 51.9099031], [33.2388568, 51.9159853], [33.2544796, 51.9260541], [33.2647164, 51.9192021], [33.2728927, 51.9231023], [33.2916044, 51.9238755], [33.2965051, 51.9345355], [33.3024061, 51.93336], [33.3157863, 51.9367872], [33.3287853, 51.9290127], [33.3552, 51.9309872], [33.3556529, 51.9387042], [33.3613566, 51.9462299], [33.3695595, 51.9452861], [33.3713797, 51.9529473], [33.3793371, 51.954615], [33.3931246, 51.953923], [33.3962562, 51.959905], [33.3840714, 51.9717969], [33.3716542, 51.971266], [33.3725102, 51.9779215], [33.3501609, 51.9838302], [33.3477122, 51.9938628], [33.3368049, 52.0064118], [33.3044998, 52.0127676], [33.3180037, 52.0174714], [33.3131907, 52.0256658], [33.3172152, 52.0318981], [33.3456432, 52.0293473], [33.3550288, 52.030613], [33.3638541, 52.0388042], [33.3908518, 52.0501698], [33.4020634, 52.0514256], [33.4105706, 52.0336096], [33.4287238, 52.0257264], [33.4385659, 52.0325196], [33.4647216, 52.0385829], [33.5000385, 52.0383243], [33.5004441, 52.0884678], [33.4919337, 52.0868296], [33.4906554, 52.0828971], [33.4601306, 52.0871672], [33.4526495, 52.0894218], [33.4383976, 52.0878587], [33.4449467, 52.0974218], [33.4342482, 52.1089706], [33.4101193, 52.1157531], [33.4172931, 52.1229878], [33.365457, 52.1392106], [33.3393969, 52.1469302], [33.328574, 52.1457405], [33.3291915, 52.1394281], [33.3423715, 52.1379584], [33.3419808, 52.1352333], [33.3236877, 52.1361603], [33.328795, 52.1543965], [33.3374055, 52.154372], [33.3371168, 52.1616458], [33.3313005, 52.1644101], [33.3287715, 52.169727], [33.3215225, 52.1711517], [33.3176172, 52.1754779], [33.319249, 52.1805149], [33.3117431, 52.1889472], [33.3151656, 52.1920648], [33.330455, 52.1977873], [33.3278468, 52.2114678], [33.319979, 52.214603], [33.3235021, 52.2215736], [33.3309632, 52.2145269], [33.3399296, 52.21971], [33.3553183, 52.2222099], [33.3570886, 52.227714], [33.3661178, 52.2320852], [33.3624261, 52.2371563], [33.3683792, 52.2439111], [33.3619491, 52.2453672], [33.3612025, 52.2503116], [33.3741994, 52.2577027], [33.3863535, 52.2694618], [33.3829072, 52.2763], [33.387993, 52.2910756], [33.3861829, 52.2963342], [33.395183, 52.3025963], [33.4050312, 52.3216621], [33.4148011, 52.3249041], [33.4227136, 52.3312476], [33.4287445, 52.3456787], [33.4132287, 52.3495012], [33.4166802, 52.3522459], [33.4167146, 52.3605566], [33.4064184, 52.3611064], [33.4069963, 52.3668716], [33.3955403, 52.3700909], [33.3805628, 52.3716412], [33.3732917, 52.3702031], [33.3699599, 52.3615305], [33.3607487, 52.363616], [33.3512096, 52.3530933], [33.3368794, 52.3515714], [33.3136371, 52.3549188], [33.306382, 52.3501427], [33.2893262, 52.3576289], [33.2081944, 52.3761106], [33.1963266, 52.3740112], [33.1960078, 52.3794349], [33.1886614, 52.3795277], [33.1888622, 52.3735326], [33.1699082, 52.3730916], [33.1746625, 52.3660843], [33.1716114, 52.3620285], [33.1695627, 52.3408457], [33.1537202, 52.3390588], [33.1441799, 52.3442863], [33.1369559, 52.345905], [33.1172726, 52.3287846], [33.1065139, 52.3264672], [33.0841315, 52.3110397], [33.0668917, 52.3029755], [33.0596799, 52.3109876], [33.0726725, 52.3154806], [33.0729943, 52.3252191], [33.0595726, 52.3307695], [33.0543637, 52.3256617], [33.0584729, 52.3192418], [33.0431896, 52.3143426], [33.0447582, 52.307877], [33.0240607, 52.2998559], [33.0184966, 52.2935737], [33.006658, 52.2892742], [32.9965007, 52.2880058], [32.999474, 52.2814547], [32.9959836, 52.2724638], [32.9825429, 52.2739166], [32.9615271, 52.2736295], [32.9436356, 52.2637216], [32.9265028, 52.2578021], [32.9120028, 52.2509191], [32.9069495, 52.2456182], [32.8873384, 52.245358], [32.8798172, 52.2591646], [32.8856049, 52.2692851], [32.884535, 52.2740333], [32.8569312, 52.2745692], [32.8332764, 52.2792441], [32.8170525, 52.258938], [32.7992416, 52.2653942], [32.7789835, 52.2618353], [32.7629371, 52.2565771], [32.7598874, 52.2639911], [32.7548093, 52.2672431], [32.7265116, 52.2571112], [32.7169961, 52.2591453], [32.700678, 52.2479477], [32.7002042, 52.2548683], [32.6900955, 52.255866], [32.685125, 52.2663072], [32.6681981, 52.2760074], [32.6521309, 52.2829667], [32.6390721, 52.2866413], [32.6275911, 52.295], [32.6122663, 52.3005064], [32.6091525, 52.3036646], [32.5953284, 52.3038425], [32.577458, 52.300135], [32.5713825, 52.3100539], [32.5500342, 52.3268659], [32.5369048, 52.3261684], [32.5205486, 52.3279852], [32.5017113, 52.327295], [32.499542, 52.3212455], [32.4896792, 52.3143807], [32.472062, 52.3243479], [32.4598896, 52.3268259], [32.4346877, 52.321779], [32.4057203, 52.3370404], [32.4005577, 52.3379597], [32.3943065, 52.3336897], [32.387615, 52.3374895], [32.3764245, 52.3375417], [32.3567566, 52.3285483], [32.3514906, 52.316436], [32.3624906, 52.3026837], [32.3669614, 52.2841211], [32.3703011, 52.2749543], [32.3817355, 52.2782553], [32.3933012, 52.2782538], [32.3829439, 52.2697471], [32.3830099, 52.2639213], [32.395355, 52.2466221], [32.3811658, 52.240024], [32.3592723, 52.239674], [32.3466679, 52.2446728], [32.324542, 52.2234133], [32.3246713, 52.214551], [32.3305547, 52.2028008], [32.341986, 52.1953591], [32.3443991, 52.1826286], [32.3267367, 52.1633208], [32.3323348, 52.1560435], [32.3652219, 52.1553217], [32.3683866, 52.1476607], [32.360139, 52.139895], [32.3348568, 52.1404317], [32.3297811, 52.1324784], [32.3202686, 52.1361988], [32.3164805, 52.1210404], [32.3073345, 52.1209131], [32.2934405, 52.117928], [32.298287, 52.1113019], [32.2928685, 52.1093848], [32.2905185, 52.1031247], [32.267122, 52.0959869], [32.261692, 52.0917395], [32.2385777, 52.0871855], [32.2248088, 52.0872371], [32.2210658, 52.0816126], [32.2147652, 52.0810851], [32.2020328, 52.0744649], [32.2026524, 52.06896], [32.1961346, 52.0670836], [32.190637, 52.0711791], [32.1705617, 52.0715459], [32.1477663, 52.0692848], [32.1464316, 52.0571071], [32.1373004, 52.0522991], [32.1340622, 52.0542882], [32.1257147, 52.0457551], [32.1016921, 52.0452425], [32.0964731, 52.043507], [32.0963239, 52.0336273], [32.065939, 52.0346992], [32.0406726, 52.0410743], [32.0266567, 52.0488443], [32.0162252, 52.048284], [31.9720661, 52.0519506], [31.960493, 52.0520932], [31.949205, 52.0457523], [31.9174672, 52.0529234], [31.9235527, 52.0581637], [31.9428868, 52.0569427], [31.9439713, 52.0612952], [31.9577626, 52.0685439], [31.9609904, 52.0747176], [31.9541615, 52.0815901], [31.94453, 52.0813654], [31.9370413, 52.0840356], [31.9312142, 52.0906354], [31.9078025, 52.0989067], [31.9019714, 52.1027967], [31.8581179, 52.1110837], [31.8461178, 52.1098006], [31.8287498, 52.1013947], [31.8198985, 52.0985113], [31.8036336, 52.1010882], [31.7882156, 52.1124453], [31.7725391, 52.1118081], [31.7569541, 52.104903], [31.7483901, 52.1040286], [31.7274043, 52.0967514], [31.7219383, 52.0959632], [31.7141427, 52.1071313], [31.6982731, 52.1070493], [31.6941757, 52.1105647], [31.6607324, 52.1168551], [31.6539023, 52.1141759], [31.6233291, 52.1148504], [31.6059329, 52.1121723], [31.58218, 52.11785], [31.5632272, 52.1204816], [31.5466388, 52.1204096], [31.5355087, 52.1244469], [31.5184959, 52.1252098], [31.4984121, 52.1178194], [31.4889981, 52.1159115], [31.4763714, 52.1197041], [31.4658142, 52.1206527], [31.4556862, 52.1308753], [31.4529546, 52.139961], [31.4395015, 52.1420834], [31.4192377, 52.1397088], [31.4143622, 52.1420304], [31.4026686, 52.142274], [31.3908395, 52.1352001], [31.3796965, 52.1307175], [31.3885276, 52.1219365], [31.3770948, 52.1191039], [31.3726552, 52.1150165], [31.3417992, 52.1085741], [31.3251412, 52.1064126], [31.3229613, 52.095638], [31.3196466, 52.0906745], [31.3112394, 52.0868154], [31.3214756, 52.0827017], [31.2975208, 52.051623], [31.2529956, 52.0422288], [31.2326374, 52.0491837], [31.2193365, 52.0509257], [31.2121236, 52.06196], [31.2157497, 52.0710624], [31.1922032, 52.0754916], [31.1713842, 52.0758724], [31.1590932, 52.0792139], [31.1491943, 52.087371], [31.1422688, 52.1015307], [31.1364852, 52.1033055], [31.0983373, 52.0895364], [31.0759711, 52.0911308], [31.0590312, 52.0886887], [31.050256, 52.0857946], [31.0374032, 52.0858508], [31.021097, 52.0821603], [31.0155463, 52.0827632], [30.9929779, 52.0781807], [30.977099, 52.0788919], [30.9637781, 52.0813393], [30.9654041, 52.0901834], [30.9497126, 52.0896803], [30.9531727, 52.0768212], [30.9496971, 52.0738142], [30.9349629, 52.075341], [30.9321549, 52.0715442], [30.9373523, 52.0633941], [30.9448507, 52.0605269], [30.9486499, 52.053181], [30.9433443, 52.0456461], [30.9346757, 52.0422285], [30.9362709, 52.0332125], [30.9450783, 52.0249841], [30.9391007, 52.0203033], [30.9372935, 52.012546], [30.9249681, 52.0156541], [30.9186202, 52.0108063], [30.9094608, 52.0086702], [30.9042964, 52.0047596], [30.89478, 52.0021619], [30.8944552, 51.9944676], [30.9102749, 51.9913151], [30.9100899, 51.9864887], [30.9013905, 51.984223], [30.8904146, 51.9863652], [30.8842784, 51.9809908], [30.8903751, 51.9749862], [30.8878571, 51.9683615], [30.8704066, 51.9675643], [30.8617967, 51.9725665], [30.856707, 51.9710318], [30.8509885, 51.9630989], [30.8354971, 51.9601114], [30.8363651, 51.9538674], [30.8317659, 51.9520293], [30.8187987, 51.9558767], [30.8145942, 51.9511504], [30.8051378, 51.9468528], [30.8117051, 51.9368055], [30.8236977, 51.9255147], [30.8243039, 51.9191343], [30.8044958, 51.9061241], [30.7996567, 51.8975882], [30.7935121, 51.8971606], [30.7562676, 51.9040871], [30.7496733, 51.9035841], [30.7413605, 51.8950794], [30.7304435, 51.8877242], [30.7224869, 51.874457], [30.7068876, 51.8684611], [30.7006592, 51.857677], [30.6983125, 51.8440223], [30.6929546, 51.8279513], [30.6884343, 51.8246827], [30.6684999, 51.8219693], [30.6600678, 51.8154363], [30.6692207, 51.8051832], [30.672299, 51.7993218], [30.6697608, 51.7911117], [30.6655952, 51.7870492], [30.6572352, 51.784471], [30.6422509, 51.785348], [30.6351296, 51.7831217], [30.6307512, 51.775031], [30.615971, 51.7696093], [30.6124871, 51.7638582], [30.6164303, 51.7594095], [30.6223898, 51.759499], [30.6352513, 51.764531], [30.6440516, 51.7650645], [30.6512089, 51.7600271], [30.6500456, 51.7534263], [30.641979, 51.7447706], [30.6247539, 51.7319445], [30.6255189, 51.7143322], [30.6150984, 51.7085065], [30.6024245, 51.7083169], [30.5825059, 51.7117423], [30.5657152, 51.7084325], [30.5597327, 51.70099], [30.5645797, 51.6933618], [30.5780655, 51.6805379], [30.577186, 51.6678712], [30.573693, 51.660891], [30.5794828, 51.6532072], [30.5797621, 51.646103], [30.5739375, 51.6429095], [30.556135, 51.6441752], [30.5493434, 51.6431167], [30.5473461, 51.6348783], [30.5553096, 51.6307462], [30.5573406, 51.62336], [30.5497216, 51.6215761], [30.5354607, 51.6221635], [30.5303946, 51.6178053], [30.5351667, 51.611584], [30.5340687, 51.6042973], [30.5289552, 51.6021885], [30.5156835, 51.6045269], [30.5072975, 51.6018949], [30.5094212, 51.5947703], [30.5211059, 51.5901651], [30.5327908, 51.5883083], [30.5496354, 51.5817398], [30.5545232, 51.5773825], [30.5503935, 51.5729173], [30.5357529, 51.5750722], [30.5267627, 51.5695835], [30.52843, 51.5630757], [30.5419323, 51.55189], [30.5457168, 51.5416335], [30.5529463, 51.540223], [30.5642009, 51.549771], [30.5728268, 51.5530066], [30.57832, 51.5521928], [30.5859804, 51.5417912], [30.5854772, 51.5384891], [30.5717325, 51.5257004], [30.5685138, 51.5204401], [30.5683495, 51.5114437], [30.5830424, 51.5018631], [30.5873298, 51.4959807], [30.589315, 51.4801184], [30.6011187, 51.4755822], [30.6190954, 51.4716136], [30.6230827, 51.4676466], [30.6223146, 51.4609871], [30.6124132, 51.457439], [30.6026295, 51.4590144], [30.5828047, 51.4518274], [30.5790818, 51.4464516], [30.5873483, 51.4285879], [30.5961674, 51.4231525], [30.6041229, 51.4257749], [30.609895, 51.4305445], [30.6183654, 51.4308522], [30.6217664, 51.4234368], [30.6274782, 51.4199369], [30.6317389, 51.4082261], [30.6556975, 51.376181], [30.6515562, 51.3702582], [30.6408736, 51.3676711], [30.6347644, 51.3608217], [30.636642, 51.357338], [30.649109, 51.3517672], [30.656544, 51.3426347], [30.648028, 51.3329646], [30.6255668, 51.3336008], [30.6198138, 51.3313243], [30.6123682, 51.3228341], [30.6019628, 51.3180463], [30.5936021, 51.3118422], [30.5957185, 51.3091655], [30.6138676, 51.3078666], [30.6052266, 51.3003544], [30.6165152, 51.2981222], [30.6187997, 51.2894169], [30.6151313, 51.2848867], [30.6050314, 51.2799466], [30.594298, 51.2809568], [30.5786293, 51.2750724], [30.569996, 51.2675485], [30.5386247, 51.2626864], [30.54268, 51.25568], [30.55521, 51.25036], [30.561318, 51.2391781], [30.5584102, 51.2325523], [30.5489072, 51.2295705], [30.5321169, 51.236068], [30.5214314, 51.2353664], [30.5059775, 51.2282586], [30.5062094, 51.2246717], [30.5231475, 51.2104739], [30.5307169, 51.2020707], [30.5270504, 51.1955945], [30.5171294, 51.1882507], [30.5244645, 51.1842299], [30.5364413, 51.1840963], [30.5406312, 51.1782675], [30.5305967, 51.1739527], [30.5225823, 51.173456], [30.5078874, 51.1763443], [30.498171, 51.1746382], [30.4904982, 51.1651396], [30.4900275, 51.1452432], [30.4949523, 51.1322373], [30.500204, 51.1269833], [30.5121005, 51.1191732], [30.5171738, 51.11126], [30.5112545, 51.1015858], [30.4998093, 51.1006992], [30.4858814, 51.095562], [30.4820663, 51.0916468], [30.4846841, 51.0862826], [30.5085182, 51.0773151], [30.5098191, 51.0682885], [30.5071449, 51.0633936], [30.4944178, 51.0502605], [30.4928407, 51.0453164], [30.4980066, 51.0398862], [30.5017751, 51.0295112], [30.4993132, 51.0191359], [30.5155637, 51.019608], [30.5750799, 51.0259154], [30.6008304, 51.0274558], [30.6031996, 51.0096116], [30.6241818, 51.0098549], [30.624496, 51.0081343], [30.6418688, 51.0025142], [30.6406191, 50.999801], [30.6482843, 50.9855405], [30.6445419, 50.9638852], [30.6571942, 50.9531928], [30.6660934, 50.938385], [30.6661187, 50.9351742], [30.6793093, 50.908944], [30.6842175, 50.9018553], [30.6944227, 50.9028566], [30.6995325, 50.9006977], [30.71488, 50.8991677], [30.7238079, 50.8942755], [30.7341061, 50.8944283], [30.735858, 50.8877781], [30.7498985, 50.8836015], [30.7565343, 50.8788529], [30.7716823, 50.8743762], [30.7670907, 50.871805], [30.7750261, 50.8643209], [30.7763127, 50.8572687], [30.7699087, 50.8497105], [30.7768871, 50.8330261], [30.7749018, 50.8292774], [30.7666215, 50.8264929], [30.7703025, 50.8174222], [30.7609418, 50.8104277], [30.754885, 50.8103684], [30.7447446, 50.8193214], [30.7369515, 50.8161654], [30.7343716, 50.8106614], [30.7431087, 50.8064075], [30.7473934, 50.7917896], [30.7447765, 50.7872146], [30.7370456, 50.7850524], [30.7358638, 50.776894], [30.7405722, 50.7719406], [30.7556833, 50.7757453], [30.7643271, 50.7754499], [30.7676767, 50.7797781], [30.7746935, 50.7755451], [30.7916465, 50.7723543], [30.8015644, 50.7682454], [30.8082287, 50.7698158], [30.8188688, 50.7660898], [30.8367936, 50.764028], [30.8435818, 50.7676865], [30.8433509, 50.7781017], [30.8705477, 50.7861293], [30.8736303, 50.7817447], [30.8622486, 50.7794541], [30.8447119, 50.7738525], [30.8465994, 50.766634], [30.8415451, 50.7628185], [30.8410759, 50.7577758], [30.83146, 50.7543015], [30.8375287, 50.7439509], [30.864333, 50.7445464], [30.8753499, 50.7465891], [30.8747197, 50.7545794], [30.8771783, 50.7684085], [30.8893744, 50.7736991], [30.892164, 50.7658879], [30.9342432, 50.7636543], [30.9333551, 50.7585446], [30.9507331, 50.7570055], [30.9561262, 50.763361], [30.9764419, 50.7619076], [31.0136643, 50.7654516], [31.0310093, 50.7613933], [31.0400263, 50.7635185], [31.0695375, 50.7647947], [31.0752729, 50.7810384], [31.1008764, 50.7788037], [31.1268068, 50.7744043], [31.1223631, 50.7602832], [31.1215943, 50.7499831], [31.1278663, 50.7473723], [31.1406238, 50.746829], [31.1490123, 50.7377571], [31.1564228, 50.7377604], [31.1672482, 50.7324776], [31.1647196, 50.7251762], [31.1907635, 50.7245577], [31.1907391, 50.7028024], [31.2059673, 50.7060585], [31.2065612, 50.6965545], [31.2182611, 50.69702], [31.2164283, 50.6917546], [31.2204794, 50.6842831], [31.2218782, 50.6699687], [31.2236645, 50.6674334], [31.2130812, 50.663495], [31.2020304, 50.6545593], [31.1989431, 50.6448016], [31.2061318, 50.6369155], [31.2271074, 50.6271843], [31.2175814, 50.6205615], [31.2277496, 50.6132696], [31.2225806, 50.6067836], [31.16594, 50.6074628], [31.1658194, 50.5894873], [31.1874522, 50.5889294], [31.1879767, 50.5745527], [31.2138105, 50.5734868], [31.2135923, 50.5697584], [31.2373829, 50.5690722], [31.2464955, 50.5670413], [31.2459845, 50.5617683], [31.2504867, 50.5561604], [31.2595796, 50.5564565], [31.2589144, 50.5484672], [31.2544942, 50.543613], [31.262058, 50.5391401], [31.3203478, 50.527465], [31.3220572, 50.5148042], [31.3304253, 50.5010433], [31.3460433, 50.5152413], [31.3480067, 50.5150775], [31.3580382, 50.5292451], [31.3650441, 50.5298794], [31.3800645, 50.5275264], [31.3993227, 50.5227996], [31.4139998, 50.5153368], [31.4211559, 50.5083913], [31.4197281, 50.5040283], [31.4450923, 50.5003676], [31.4453027, 50.5060045], [31.4522929, 50.5057107], [31.4553501, 50.5108382], [31.4799083, 50.5151319], [31.4932672, 50.5204142], [31.5107991, 50.5227397], [31.5217936, 50.5220871], [31.5251354, 50.5315945], [31.5314616, 50.5298239], [31.5396363, 50.5230179], [31.552948, 50.5196866], [31.5629656, 50.5190733], [31.5737118, 50.5276973], [31.6010867, 50.524414], [31.6293874, 50.5218844], [31.6396808, 50.5249618], [31.6457383, 50.5314502], [31.6466746, 50.5526703], [31.6628146, 50.553937], [31.6692924, 50.5521962], [31.6767318, 50.555802], [31.6802871, 50.5618994], [31.6860786, 50.5628841], [31.7297169, 50.5601207], [31.7818557, 50.5594459], [31.7771522, 50.5776059], [31.7880813, 50.5789199], [31.7878886, 50.5905517], [31.7822875, 50.6056462], [31.7895885, 50.6064508], [31.812125, 50.6059129], [31.8108232, 50.6236981], [31.8464254, 50.6285662], [31.8587741, 50.6320519], [31.8686204, 50.6184057], [31.8724329, 50.6195644], [31.8836089, 50.6071685], [31.8911833, 50.6094727], [31.8976232, 50.6040869], [31.8969969, 50.6010129], [31.9128049, 50.5962843], [31.9124085, 50.5919388], [31.9192158, 50.5859471], [31.920258, 50.5775334], [31.9303318, 50.5739557], [31.9412, 50.5660385], [31.9447805, 50.5590048], [31.9534865, 50.547445], [31.9520024, 50.5442145], [31.9748534, 50.5402113], [32.0387758, 50.5419637], [32.0633663, 50.5408114], [32.0619178, 50.5293189], [32.0493811, 50.5260444], [32.063743, 50.511763], [32.0470794, 50.4961864], [32.0069613, 50.4868856], [32.0041812, 50.4941044], [31.9964134, 50.4968591], [31.9839461, 50.4946528], [31.9857511, 50.4876693], [31.9688099, 50.4886062], [31.9634825, 50.4855274], [31.9760745, 50.4794544], [31.9700055, 50.4741197], [31.9732876, 50.4665586], [32.0206344, 50.458831], [32.0231112, 50.4571635], [32.0277536, 50.4359128], [32.0387442, 50.4287184], [32.045447, 50.4024137], [32.0565637, 50.3973381], [32.0967766, 50.4160536], [32.1018673, 50.4126107], [32.0768794, 50.3925868], [32.0841451, 50.3808258], [32.0746793, 50.3748581], [32.09587, 50.37214], [32.10668, 50.37729], [32.12007, 50.37969], [32.13707, 50.37695], [32.15475, 50.37609], [32.1610264, 50.3685532], [32.1411382, 50.3541282], [32.1426551, 50.3488124], [32.163179, 50.3517688], [32.2087151, 50.3570708], [32.2183995, 50.3575883], [32.2270802, 50.3507909], [32.2366722, 50.354371], [32.2390977, 50.3486576], [32.2545921, 50.346965], [32.2666723, 50.3512958], [32.264621, 50.3543219], [32.2549298, 50.35211], [32.2567115, 50.3580013], [32.2614083, 50.3591444], [32.2597143, 50.3666976], [32.2548297, 50.3679985], [32.2516088, 50.3738143], [32.2785921, 50.3738076], [32.2779715, 50.3803733], [32.2904362, 50.3793453], [32.2951604, 50.3977451], [32.3013388, 50.396716], [32.3062217, 50.4012467], [32.325197, 50.4035782], [32.3158212, 50.4169501], [32.3212501, 50.4238917], [32.3298332, 50.4264627], [32.3650665, 50.4257494], [32.367726, 50.4161735], [32.3977, 50.4065466], [32.4016291, 50.4122517], [32.4469211, 50.3981349], [32.4769925, 50.3971014], [32.4839446, 50.4004292], [32.4938015, 50.3949506], [32.4913383, 50.3900844], [32.4924046, 50.3769164], [32.4873665, 50.3763996], [32.4853746, 50.3707393], [32.4928224, 50.3645972], [32.5105884, 50.3600351], [32.523514, 50.3473086], [32.5277783, 50.3455646], [32.552458, 50.3540788], [32.5616526, 50.3585726], [32.5786847, 50.3585538], [32.5843441, 50.3555471], [32.6343755, 50.3571872], [32.6331177, 50.3660031], [32.672089, 50.370401], [32.6709225, 50.3583949], [32.7298762, 50.3559441], [32.7499987, 50.35964], [32.7588695, 50.3504976], [32.763798, 50.3491853], [32.7696513, 50.3533239], [32.7932802, 50.3466702], [32.8012575, 50.356274], [32.7873397, 50.3616321], [32.7904397, 50.3711401], [32.796092, 50.3713048], [32.8109882, 50.375659], [32.8377476, 50.3751358], [32.9001481, 50.4067579], [32.9104659, 50.4063572], [32.9147994, 50.4119512], [32.9129786, 50.4243314], [32.9210796, 50.4247844], [32.9201042, 50.4291317], [32.9374245, 50.4306551]], [[30.6584793, 51.5186366], [30.6520078, 51.5235221], [30.6303706, 51.5155217], [30.6081953, 51.5159073], [30.599775, 51.5104245], [30.5949612, 51.5154651], [30.5857462, 51.5159406], [30.585815, 51.5218601], [30.6009364, 51.5250787], [30.6071485, 51.516069], [30.6309346, 51.5158476], [30.6556444, 51.5249807], [30.6693764, 51.5281014], [30.6714796, 51.5309273], [30.6897926, 51.530653], [30.6941022, 51.5288764], [30.7101451, 51.5308866], [30.7088899, 51.5531668], [30.7356586, 51.5486559], [30.7360616, 51.540854], [30.7853608, 51.5388484], [30.7822358, 51.5120119], [30.755356, 51.5160691], [30.7458452, 51.5164129], [30.6987973, 51.5220772], [30.673802, 51.5222409], [30.6584793, 51.5186366]]]}, "properties": {"name:ua": "Чернігівська область", "name:en": "Чернігівська область", "type": "oblast", "id": "chernihiv_oblast"}}, {"type": "Feature", "geometry": {"type": "Polygon", "coordinates": [[[25.7047894, 48.6643787], [25.6805954, 48.6645349], [25.6519685, 48.6674093], [25.6447566, 48.6692806], [25.6336167, 48.6669952], [25.6072721, 48.6533428], [25.5851224, 48.6339863], [25.5906799, 48.6058104], [25.5872869, 48.5898741], [25.5932617, 48.5836349], [25.6016922, 48.5706538], [25.5981553, 48.5655449], [25.5984052, 48.5574196], [25.6038791, 48.5508831], [25.5998424, 48.5429815], [25.6055903, 48.5381867], [25.6092221, 48.5266542], [25.6051887, 48.5125621], [25.5995312, 48.5004515], [25.6030038, 48.4900789], [25.6020123, 48.4788087], [25.5980855, 48.4730973], [25.6061884, 48.4654147], [25.6068447, 48.4514777], [25.6027503, 48.4470219], [25.6117567, 48.4191243], [25.6039435, 48.4109476], [25.6188244, 48.4135878], [25.6184167, 48.3921234], [25.6153911, 48.3877952], [25.6192723, 48.379421], [25.6103057, 48.3796099], [25.5903908, 48.3751438], [25.5730364, 48.377456], [25.5359172, 48.3858288], [25.5294497, 48.3911204], [25.5293061, 48.3955487], [25.5122399, 48.3998482], [25.4956705, 48.4012924], [25.4816635, 48.3993562], [25.4765596, 48.4014938], [25.4631549, 48.3990672], [25.436587, 48.4013877], [25.4186136, 48.3920949], [25.4072759, 48.3956836], [25.4023781, 48.3923817], [25.3893768, 48.3932268], [25.3790577, 48.391485], [25.3658831, 48.3837794], [25.3536193, 48.3828398], [25.3365714, 48.3747915], [25.314749, 48.3671382], [25.313114, 48.3639749], [25.29701, 48.3503883], [25.2875464, 48.3453513], [25.2797322, 48.3381015], [25.2773336, 48.3299084], [25.2662267, 48.3263273], [25.2661042, 48.3213351], [25.2556457, 48.3142396], [25.2437872, 48.3151571], [25.2384871, 48.3081322], [25.2324344, 48.2911998], [25.2048842, 48.272574], [25.2042204, 48.2662701], [25.1909615, 48.2546811], [25.1718879, 48.2454539], [25.1617196, 48.2478491], [25.1491883, 48.2478509], [25.1430327, 48.2453128], [25.1221383, 48.2313749], [25.1099905, 48.225693], [25.1197691, 48.2170242], [25.1141065, 48.2102513], [25.1373533, 48.1962598], [25.1376566, 48.1815336], [25.1295216, 48.1775481], [25.122827, 48.1787869], [25.1157142, 48.1840625], [25.0976454, 48.1861616], [25.0845167, 48.1783319], [25.0821807, 48.1721221], [25.0936256, 48.1636754], [25.0896069, 48.1599072], [25.0785541, 48.1606038], [25.0646852, 48.1566085], [25.0718565, 48.1441171], [25.0672243, 48.1325996], [25.0581822, 48.1285837], [25.0486131, 48.1302354], [25.0399935, 48.1283596], [25.0363028, 48.1218481], [25.0394746, 48.1139219], [25.0350843, 48.1110517], [25.0237232, 48.1104846], [25.0101107, 48.1148514], [24.9995564, 48.120345], [24.9916433, 48.119478], [24.9799409, 48.1117885], [24.988861, 48.0946775], [24.9954327, 48.0925694], [24.994826, 48.0873482], [24.9859787, 48.0779829], [24.9749686, 48.0743579], [24.9641267, 48.0676714], [24.9587764, 48.060335], [24.948557, 48.0528798], [24.9364542, 48.0411131], [24.9199737, 48.0330875], [24.9122422, 48.0277111], [24.911212, 48.0177651], [24.9135308, 48.0126712], [24.9203278, 48.0095689], [24.9094197, 47.9981274], [24.9128247, 47.9812593], [24.916559, 47.9755979], [24.9145288, 47.9689251], [24.9195652, 47.9553005], [24.9192573, 47.9465101], [24.9267989, 47.9372967], [24.9322803, 47.9370351], [24.9424026, 47.9307122], [24.9487799, 47.9208446], [24.9572175, 47.9182024], [24.9571663, 47.9074105], [24.9447791, 47.8989886], [24.9481557, 47.8909228], [24.9566984, 47.8858956], [24.9562925, 47.8795681], [24.9720547, 47.8761437], [24.9749023, 47.8708144], [24.984903, 47.8678506], [24.9856169, 47.8597123], [24.9968444, 47.8534137], [24.986204, 47.8377181], [24.9866063, 47.8334035], [24.9746286, 47.8197749], [24.9643634, 47.8136632], [24.9505305, 47.79878], [24.9448325, 47.7907298], [24.9383774, 47.7729011], [24.9397105, 47.7644298], [24.9285954, 47.752383], [24.9278766, 47.7461828], [24.9228072, 47.741055], [24.9223094, 47.7267319], [24.9461878, 47.7291358], [24.9834318, 47.7294866], [24.9965534, 47.7251958], [25.006953, 47.7343687], [25.0172668, 47.7308003], [25.040109, 47.7254186], [25.0425517, 47.7314243], [25.0549768, 47.7458643], [25.0650882, 47.740526], [25.0767867, 47.7454842], [25.0976395, 47.7492258], [25.1032979, 47.7529104], [25.1155779, 47.7548305], [25.1161945, 47.7678877], [25.1346275, 47.7824481], [25.14874, 47.7921348], [25.1530579, 47.7893914], [25.1655094, 47.7906802], [25.1708247, 47.7963828], [25.17032, 47.804177], [25.1664487, 47.8086451], [25.1773287, 47.8139223], [25.1794622, 47.8247065], [25.1841178, 47.8288652], [25.1970125, 47.8345341], [25.2019799, 47.8396422], [25.1999728, 47.8463082], [25.2049465, 47.8526656], [25.2213236, 47.8588261], [25.2248301, 47.8726815], [25.2216321, 47.8807434], [25.2289808, 47.891948], [25.2369363, 47.8957287], [25.2521786, 47.8950047], [25.2697633, 47.8923706], [25.3111278, 47.9142923], [25.3406902, 47.9141158], [25.3468037, 47.9158049], [25.5063191, 47.9332457], [25.5923164, 47.938443], [25.6255351, 47.9487906], [25.6567565, 47.9493133], [25.6861023, 47.9440155], [25.6979743, 47.9454424], [25.70901, 47.9412758], [25.7205997, 47.9443867], [25.7333353, 47.9456741], [25.7384528, 47.9416444], [25.7749863, 47.9394492], [25.8010458, 47.9472994], [25.8184159, 47.9539606], [25.826363, 47.9637807], [25.8377542, 47.967152], [25.861192, 47.9703719], [25.8800297, 47.9632089], [25.8920419, 47.9612138], [25.90698, 47.9645428], [25.9149992, 47.9775177], [25.9406218, 47.9758261], [25.9521796, 47.970923], [25.979644, 47.9758009], [26.0609965, 47.9880046], [26.0726702, 47.9858718], [26.1009704, 47.978256], [26.1178139, 47.9822324], [26.1266156, 47.9877398], [26.1370842, 47.9841889], [26.1606639, 47.9886021], [26.1843731, 47.9946644], [26.1990289, 48.0077205], [26.2080281, 48.0289846], [26.212258, 48.0508927], [26.214072, 48.0525992], [26.2550874, 48.0720955], [26.2667366, 48.0766675], [26.2727453, 48.0821174], [26.2777507, 48.0951666], [26.2825052, 48.1007659], [26.2874695, 48.1184984], [26.2981526, 48.1337288], [26.3166563, 48.1488656], [26.3279849, 48.1529487], [26.3341734, 48.1594944], [26.3335615, 48.1664616], [26.3277673, 48.1759714], [26.3351405, 48.1837466], [26.345243, 48.1825131], [26.3505793, 48.1855671], [26.3643497, 48.1865721], [26.3740003, 48.1922334], [26.3765108, 48.1987915], [26.3861883, 48.194472], [26.3783347, 48.1893867], [26.3827139, 48.1866538], [26.4045598, 48.1894439], [26.4242327, 48.2023528], [26.4330823, 48.1997875], [26.4391941, 48.2045802], [26.4477127, 48.203723], [26.4613438, 48.2083376], [26.4601421, 48.2146363], [26.4762676, 48.2176961], [26.4800119, 48.2135139], [26.4922595, 48.21847], [26.505142, 48.2160395], [26.5178355, 48.2097806], [26.5290606, 48.2099363], [26.5459351, 48.2149943], [26.5590758, 48.2217992], [26.572595, 48.220185], [26.5690857, 48.2300815], [26.5734765, 48.2406558], [26.5896513, 48.2459508], [26.6003094, 48.2378599], [26.6110302, 48.241172], [26.6220555, 48.2409112], [26.6145379, 48.250472], [26.6309588, 48.2517852], [26.630225, 48.2596252], [26.6164083, 48.2740912], [26.6416394, 48.2899307], [26.649585, 48.2981343], [26.6483195, 48.3048884], [26.6758011, 48.3171577], [26.6756376, 48.3248599], [26.695942, 48.3272072], [26.6899063, 48.3447167], [26.6826272, 48.355569], [26.6945316, 48.3599444], [26.7348128, 48.3186721], [26.7445706, 48.3155172], [26.7577348, 48.3236883], [26.7669404, 48.3023602], [26.7822016, 48.2977197], [26.7945023, 48.2911714], [26.8173635, 48.2952364], [26.8257178, 48.3040343], [26.8224006, 48.3118488], [26.8295635, 48.3147578], [26.823269, 48.3195063], [26.8270105, 48.3247055], [26.8241215, 48.3444234], [26.8078551, 48.3516862], [26.7934957, 48.3435062], [26.779799, 48.3502473], [26.7649204, 48.3536858], [26.7608224, 48.360665], [26.7535339, 48.3654516], [26.7394425, 48.3799184], [26.7092074, 48.4053958], [26.725152, 48.4116791], [26.7536604, 48.3989351], [26.7646104, 48.4082399], [26.7682192, 48.4071899], [26.7748654, 48.4182422], [26.787809, 48.4192811], [26.8276442, 48.4159837], [26.8515012, 48.4131988], [26.8675563, 48.41747], [26.8705953, 48.4201932], [26.8811066, 48.4159014], [26.8899534, 48.4095449], [26.9013109, 48.3969812], [26.8946036, 48.383582], [26.9317618, 48.3633256], [26.9336476, 48.3713036], [26.9952994, 48.3594554], [27.0003895, 48.3650292], [27.0009966, 48.37766], [27.0048539, 48.3803362], [27.0280993, 48.3826655], [27.0458317, 48.3742817], [27.0499267, 48.387646], [27.0460329, 48.3910121], [27.0448363, 48.4023441], [27.0368774, 48.4068179], [27.0400388, 48.4108484], [27.0265024, 48.4179733], [27.0135284, 48.4204708], [27.0144051, 48.4250712], [27.0301473, 48.4271285], [27.0364683, 48.4234941], [27.0509679, 48.4252802], [27.0641208, 48.4219675], [27.0691701, 48.4324399], [27.0848691, 48.4345836], [27.0874478, 48.4129101], [27.1024258, 48.400788], [27.1241493, 48.3790862], [27.1391399, 48.3744874], [27.168524, 48.3809623], [27.1923271, 48.3948669], [27.2003346, 48.3890498], [27.2131473, 48.3911], [27.2356588, 48.3729901], [27.2498225, 48.3754557], [27.2637695, 48.3803636], [27.2867255, 48.3717275], [27.2975081, 48.4098422], [27.314065, 48.4228181], [27.3115443, 48.4286802], [27.3197236, 48.443607], [27.3352236, 48.4438698], [27.3387103, 48.4478858], [27.3496315, 48.4425651], [27.353253, 48.4491006], [27.3631873, 48.4427275], [27.3735195, 48.4417261], [27.3790759, 48.4138974], [27.3894043, 48.4102753], [27.3962994, 48.4127145], [27.4047767, 48.4107578], [27.4191743, 48.4135378], [27.4471672, 48.4091986], [27.4620992, 48.4335391], [27.4652475, 48.4472777], [27.4726948, 48.4519845], [27.4915491, 48.4583332], [27.5050049, 48.4554971], [27.5265497, 48.4655881], [27.4979052, 48.48392], [27.4786202, 48.5068476], [27.4830622, 48.5260733], [27.4823824, 48.5367469], [27.4738386, 48.5595672], [27.4650049, 48.5775725], [27.4572321, 48.5895453], [27.4460118, 48.6009738], [27.4349854, 48.6086671], [27.4187422, 48.6142714], [27.3859441, 48.6272713], [27.3729334, 48.63014], [27.3613261, 48.6304936], [27.3495977, 48.6257685], [27.3394952, 48.6085791], [27.3342914, 48.6040298], [27.3230314, 48.6011554], [27.3032557, 48.604802], [27.2880082, 48.6190223], [27.280829, 48.6227941], [27.2605024, 48.6237574], [27.2465174, 48.6147484], [27.2448621, 48.6040039], [27.2527259, 48.5959278], [27.2600127, 48.5828082], [27.2572412, 48.5725676], [27.2513782, 48.5685842], [27.2316662, 48.5668338], [27.2099041, 48.572221], [27.1868329, 48.5808547], [27.1704037, 48.5831026], [27.1594931, 48.5815109], [27.1411417, 48.5764851], [27.1302921, 48.5669205], [27.1071392, 48.5575941], [27.0886159, 48.5572887], [27.0676893, 48.5600403], [27.0484042, 48.5645597], [27.0095068, 48.5706086], [26.997056, 48.5733134], [26.9913, 48.5773028], [26.9865674, 48.5906998], [26.9770896, 48.5907394], [26.9711644, 48.5794019], [26.9627356, 48.5757407], [26.9449468, 48.575535], [26.9304503, 48.5780261], [26.9169809, 48.5708408], [26.9029463, 48.5500923], [26.8875356, 48.5433999], [26.8792962, 48.5424713], [26.8660411, 48.544751], [26.8526404, 48.5501524], [26.8409613, 48.557873], [26.8206689, 48.5807634], [26.8195916, 48.5856908], [26.8255707, 48.6010628], [26.8201709, 48.6087297], [26.8092919, 48.610441], [26.7930222, 48.6064389], [26.780013, 48.597116], [26.7786, 48.5899289], [26.7843406, 48.5809424], [26.7939735, 48.5705299], [26.7937467, 48.5613675], [26.7847744, 48.5496134], [26.7712332, 48.5466943], [26.7616222, 48.5491535], [26.756446, 48.5550484], [26.748697, 48.5787635], [26.7357644, 48.586163], [26.7254734, 48.5873295], [26.7194529, 48.5821505], [26.7216982, 48.5760057], [26.7350945, 48.5691583], [26.743002, 48.5572585], [26.7400357, 48.5400816], [26.7302077, 48.5340714], [26.7185125, 48.5310422], [26.7024188, 48.5352358], [26.6854555, 48.5446315], [26.6752395, 48.552985], [26.6614707, 48.5600098], [26.6473695, 48.5619866], [26.6310019, 48.5593583], [26.6192394, 48.5511806], [26.618223, 48.5427981], [26.6235261, 48.5375068], [26.6365345, 48.5362522], [26.6512195, 48.5404338], [26.6648635, 48.5416531], [26.6752387, 48.5386145], [26.6810659, 48.523739], [26.7049952, 48.5094567], [26.7135034, 48.4973316], [26.7104525, 48.4909392], [26.6972604, 48.4859118], [26.6735027, 48.485393], [26.6618289, 48.4870906], [26.6532853, 48.4909508], [26.6371345, 48.5038281], [26.6243466, 48.5088923], [26.6162653, 48.5080428], [26.606915, 48.5021935], [26.6076046, 48.49692], [26.6246876, 48.4700653], [26.6248137, 48.4615535], [26.619806, 48.456349], [26.6019478, 48.4512969], [26.5861523, 48.4515068], [26.5671676, 48.4537661], [26.5573025, 48.4591345], [26.5479577, 48.468664], [26.5303434, 48.4922334], [26.5119284, 48.5107485], [26.501697, 48.5237957], [26.4921897, 48.5414314], [26.482233, 48.5464473], [26.4697151, 48.5458954], [26.4312147, 48.5350858], [26.410241, 48.5372646], [26.3920833, 48.5349216], [26.3840402, 48.5304454], [26.3678565, 48.5128082], [26.3548899, 48.5074845], [26.3425358, 48.509784], [26.3278957, 48.5165223], [26.3227316, 48.5168051], [26.307746, 48.5089415], [26.299579, 48.5098725], [26.2941812, 48.5140841], [26.2810294, 48.534794], [26.267827, 48.5399626], [26.2524154, 48.5376872], [26.2311332, 48.5315263], [26.1995994, 48.5257937], [26.1864205, 48.5258277], [26.1686714, 48.5283177], [26.1533751, 48.5366596], [26.1473288, 48.5451266], [26.142486, 48.5712236], [26.1453826, 48.5923018], [26.1445912, 48.5982311], [26.1244368, 48.6174679], [26.1182618, 48.6200287], [26.1050502, 48.6173773], [26.0977884, 48.6106687], [26.0959491, 48.599541], [26.1037476, 48.5917379], [26.1061084, 48.5804793], [26.1215962, 48.5712956], [26.1264391, 48.5632902], [26.1270502, 48.5543855], [26.1228667, 48.5479823], [26.1052894, 48.5389576], [26.0954254, 48.5381206], [26.0894594, 48.5404298], [26.0861947, 48.5487626], [26.0791424, 48.5574655], [26.0583058, 48.5699408], [26.0443174, 48.5852662], [26.0454955, 48.5896464], [26.055929, 48.5949707], [26.0651155, 48.6051626], [26.064684, 48.6116384], [26.0583999, 48.6221176], [26.0624056, 48.6328696], [26.0580085, 48.644232], [26.0456356, 48.6490923], [26.0342825, 48.6462191], [26.0292832, 48.6383482], [26.0299306, 48.6227068], [26.0220476, 48.6108776], [26.0085819, 48.6108434], [25.98539, 48.620226], [25.9752205, 48.6208758], [25.968721, 48.6183948], [25.9529329, 48.607385], [25.9419493, 48.5965092], [25.9337812, 48.5910202], [25.9144252, 48.5868106], [25.8990176, 48.5891058], [25.8736719, 48.5999308], [25.8502244, 48.5965604], [25.8474457, 48.6024949], [25.856378, 48.615515], [25.8521955, 48.6226341], [25.8406373, 48.6301019], [25.8268319, 48.6439054], [25.8198506, 48.6531821], [25.8019876, 48.6695534], [25.7845841, 48.6750904], [25.7775545, 48.6752002], [25.760913, 48.6663714], [25.75225, 48.6570782], [25.7465611, 48.6472862], [25.7470194, 48.6403139], [25.7413802, 48.63348], [25.7311489, 48.6343835], [25.7264328, 48.6382074], [25.723412, 48.6500985], [25.7175264, 48.6587426], [25.7047894, 48.6643787]]]}, "properties": {"name:ua": "Чернівецька область", "name:en": "Chernivtsi Oblast", "type": "oblast", "id": "chernivtsi_oblast"}}, {"type": "Feature", "geometry": {"type": "Polygon", "coordinates": [[[33.971714, 46.1411991], [33.8973358, 46.1706248], [33.8486859, 46.1996667], [33.811324, 46.203796], [33.7358354, 46.1861025], [33.670864, 46.2117939], [33.6467708, 46.22958], [33.6152408, 46.2262179], [33.6355706, 46.1463365], [33.5870932, 46.1191796], [33.5721329, 46.1025643], [33.5911874, 46.0612472], [33.5407189, 46.0120312], [33.1866939, 45.926666], [32.7727018, 45.8266419], [32.7259238, 45.7972779], [32.7026395, 45.7764183], [32.6495094, 45.7546486], [32.5890615, 45.7123247], [32.5336146, 45.6930389], [32.4779329, 45.660501], [32.4171408, 45.6463668], [32.3502547, 45.6164136], [32.2974057, 45.5749258], [32.2643049, 45.5283722], [32.23115, 45.4915401], [32.2062983, 45.4386318], [32.2027213, 45.3829294], [32.229222, 45.2890568], [32.2625503, 45.2383126], [32.314094, 45.195744], [32.3800301, 45.1645297], [32.4168995, 45.1539484], [32.4878048, 45.1442331], [32.5532795, 45.1222016], [32.6313994, 45.1120768], [32.6711947, 45.1127297], [32.7485634, 45.125405], [32.8314558, 45.1507864], [32.8643823, 45.1104247], [32.8902144, 45.0890467], [32.9451894, 45.0580954], [32.9949388, 45.0231295], [33.0279839, 45.0074406], [33.0879643, 44.989073], [33.1166309, 44.9756123], [33.192902, 44.9506562], [33.2314713, 44.9436877], [33.2951871, 44.9405202], [33.5542562, 44.8402319], [33.5671526, 44.838601], [33.5866523, 44.807848], [33.6044231, 44.8103433], [33.6642612, 44.7947092], [33.6827993, 44.7703386], [33.6136625, 44.7497551], [33.6161203, 44.711976], [33.6730571, 44.7099093], [33.7265921, 44.716636], [33.7769711, 44.690265], [33.7168675, 44.6332156], [33.7162703, 44.6204383], [33.7419126, 44.6053835], [33.7795796, 44.6131096], [33.7872108, 44.5856602], [33.8272108, 44.5712636], [33.8456566, 44.519124], [33.8885197, 44.4813882], [33.9244377, 44.423187], [33.8469623, 44.4171293], [33.8140922, 44.4100258], [33.7617836, 44.3893566], [33.696591, 44.1910397], [33.7755079, 44.184598], [33.8567133, 44.1943491], [33.9514382, 44.184598], [34.0298524, 44.1936623], [34.0927335, 44.2136353], [34.1615527, 44.2155606], [34.2375152, 44.2321868], [34.3044012, 44.2628709], [34.3551268, 44.3032135], [34.4006205, 44.3200944], [34.4579166, 44.3546118], [34.4947227, 44.3688605], [34.5551531, 44.405695], [34.5994363, 44.452781], [34.6220858, 44.4994412], [34.6661359, 44.547163], [34.735755, 44.5848013], [34.8085382, 44.6038903], [34.8524015, 44.6021805], [34.9291911, 44.6108698], [35.0206921, 44.5870892], [35.0602428, 44.5838827], [35.1197957, 44.5863196], [35.1585704, 44.5927308], [35.2306662, 44.6164595], [35.3016121, 44.6497386], [35.3583842, 44.6892424], [35.3975542, 44.7373268], [35.4626979, 44.7517865], [35.5347937, 44.7754503], [35.5952241, 44.8120281], [35.6322493, 44.8491155], [35.6873096, 44.819807], [35.7230689, 44.8074017], [35.7803291, 44.7955387], [35.8596751, 44.7930003], [35.9241291, 44.8026019], [35.9939919, 44.8044491], [36.0327666, 44.8108361], [36.1028199, 44.8336163], [36.1764365, 44.8205545], [36.2162022, 44.8192829], [36.2946163, 44.8282491], [36.3630225, 44.8503296], [36.4349474, 44.8555322], [36.5091495, 44.8756119], [36.5729565, 44.9091205], [36.6097225, 44.9406672], [36.5679872, 45.0506562], [36.5428648, 45.1340402], [36.530486, 45.1992024], [36.5941742, 45.252542], [36.5937019, 45.2823897], [36.6030245, 45.3093876], [36.6635019, 45.3599397], [36.6815681, 45.4566115], [36.6684499, 45.6266206], [36.583205, 45.635158], [36.3387005, 45.6715002], [36.1353542, 45.6476547], [36.0723795, 45.6256431], [35.9817734, 45.6167329], [35.9377344, 45.6330209], [35.8711492, 45.6454011], [35.8022501, 45.6453103], [35.7357321, 45.6327546], [35.6761286, 45.6085816], [35.6275014, 45.5744253], [35.5931643, 45.5325973], [35.5764936, 45.4903874], [35.5109074, 45.5389823], [35.459695, 45.5603381], [35.4290297, 45.6175579], [35.3869834, 45.6557223], [35.3373014, 45.6827713], [35.3165721, 45.7237303], [35.2781858, 45.7636592], [35.2334204, 45.7917299], [34.9750748, 45.7619919], [34.9453932, 45.7640151], [34.8642572, 45.7941246], [34.7990874, 45.8104643], [34.8021689, 45.9006479], [34.7545153, 45.9086024], [34.6699108, 45.9676437], [34.6061468, 45.9931356], [34.5611691, 45.9943843], [34.5269998, 45.9590021], [34.4985264, 45.9425606], [34.4762212, 45.9441393], [34.4430184, 45.9618096], [34.4131796, 45.9897359], [34.4049875, 46.0092864], [34.3471695, 46.0549489], [34.320021, 46.0682092], [34.2477875, 46.0532232], [34.1884103, 46.0661306], [34.1450093, 46.0866862], [34.1174996, 46.1072692], [34.0809285, 46.117556], [34.0526389, 46.1091293], [33.9982336, 46.1264504], [33.971714, 46.1411991]]]}, "properties": {"name:ua": "Крим", "name:en": "Crimea", "type": "oblast", "id": "crimea"}}, {"type": "Feature", "properties": {"name:ua": "Дніпропетровська область", "name:en": "Dnipropetrovsk Oblast", "type": "oblast", "id": "dnipropetrovsk_oblast"}, "geometry": {"type": "Polygon", "coordinates": [[[36.9247216, 48.2523453], [36.9135287, 48.3047354], [36.9120401, 48.3091419], [36.873706, 48.3055685], [36.8712451, 48.3168802], [36.8169129, 48.3126134], [36.8087751, 48.3478964], [36.816473, 48.3485025], [36.8119454, 48.3685669], [36.8222934, 48.3657176], [36.8278724, 48.3694222], [36.8205392, 48.4051217], [36.8350902, 48.4053906], [36.8263596, 48.4150352], [36.8339851, 48.4164932], [36.8417984, 48.4207958], [36.8482089, 48.4166766], [36.8514356, 48.4240853], [36.8484205, 48.4280894], [36.8453738, 48.4437071], [36.8370957, 48.4430971], [36.8298418, 48.4846492], [36.8571514, 48.4872014], [36.8503227, 48.517818], [36.8887398, 48.5211418], [36.8919557, 48.5195038], [36.9065916, 48.5208455], [36.9015433, 48.5433428], [36.8847755, 48.5417438], [36.8829355, 48.551042], [36.871807, 48.5501942], [36.8666008, 48.5593551], [36.860551, 48.5648994], [36.8590236, 48.5691675], [36.8247932, 48.5666578], [36.82401, 48.5700371], [36.7880228, 48.5669533], [36.7788749, 48.6004272], [36.7453516, 48.5964344], [36.7389079, 48.6259487], [36.7040133, 48.6224885], [36.7028788, 48.6278141], [36.6724736, 48.6248878], [36.6741338, 48.6183891], [36.6540156, 48.6163016], [36.6549596, 48.6095004], [36.5906985, 48.6027629], [36.5895591, 48.6080368], [36.5807287, 48.6071896], [36.5786536, 48.6158281], [36.5630512, 48.6166205], [36.5581317, 48.6233694], [36.482913, 48.6636476], [36.4468109, 48.6324184], [36.4284831, 48.6346559], [36.426302, 48.6318591], [36.442644, 48.6285027], [36.4200842, 48.6082735], [36.3813127, 48.5702682], [36.3918926, 48.5647534], [36.355173, 48.5322871], [36.349731, 48.5349605], [36.3550092, 48.5396494], [36.3238878, 48.5555752], [36.2962497, 48.531178], [36.271346, 48.5437229], [36.319428, 48.5872395], [36.2649304, 48.6131762], [36.2514788, 48.6205546], [36.2588312, 48.6240566], [36.2621008, 48.6313212], [36.2688068, 48.6374741], [36.2660709, 48.6476268], [36.2819586, 48.6564658], [36.2813726, 48.6607664], [36.26923, 48.6665502], [36.2673745, 48.6631746], [36.2580208, 48.667061], [36.2090755, 48.6911134], [36.1872807, 48.7023296], [36.1430402, 48.7243035], [36.1618074, 48.748951], [36.1558501, 48.752514], [36.1401103, 48.7658944], [36.1594635, 48.7680938], [36.1531969, 48.7811162], [36.1592194, 48.7842264], [36.1291012, 48.8063583], [36.1235371, 48.8085277], [36.1065148, 48.8090696], [36.1030478, 48.8060788], [36.0914241, 48.8087444], [36.0739285, 48.8075903], [36.0656909, 48.8112952], [36.070536, 48.8190334], [36.0704121, 48.8267164], [36.0756049, 48.8332397], [36.0529842, 48.8441594], [36.0414057, 48.8436746], [36.0192844, 48.8546717], [36.04008, 48.8735334], [36.0119874, 48.8876485], [36.0235446, 48.8983186], [36.0436846, 48.9153848], [35.9955519, 48.9393712], [36.0035164, 48.9463562], [35.9773899, 48.9596734], [35.9895209, 48.9686957], [35.9499973, 48.9933966], [35.9399698, 48.9990133], [35.9347854, 48.9938467], [35.9379505, 48.9911279], [35.934058, 48.9788351], [35.9402442, 48.9794034], [35.9364898, 48.9711915], [35.9303974, 48.974984], [35.9240914, 48.9742019], [35.9172105, 48.968799], [35.904558, 48.973104], [35.8972443, 48.9719548], [35.8838604, 48.9752096], [35.8790576, 48.9627019], [35.8556177, 48.9579272], [35.8568727, 48.9452706], [35.8483073, 48.9459202], [35.8442607, 48.9482678], [35.8346388, 48.9470571], [35.8307902, 48.9504378], [35.8199432, 48.9401716], [35.8144701, 48.9423163], [35.8089203, 48.938803], [35.8150653, 48.9297207], [35.8101278, 48.9276216], [35.8014116, 48.9274458], [35.7917896, 48.9345203], [35.8000212, 48.9437567], [35.7901061, 48.9459001], [35.7916349, 48.9527465], [35.7883304, 48.9546163], [35.7790203, 48.9486517], [35.7619571, 48.9552951], [35.7572135, 48.9522688], [35.7587198, 48.9480906], [35.7522901, 48.9466732], [35.740465, 48.9492865], [35.7389591, 48.9618897], [35.7362611, 48.9657309], [35.7297548, 48.9640062], [35.7226834, 48.966217], [35.711779, 48.9575684], [35.7160116, 48.9536229], [35.7093344, 48.9473344], [35.6976271, 48.9437866], [35.6922316, 48.9447316], [35.6903038, 48.949645], [35.6951308, 48.9524607], [35.6928776, 48.9577271], [35.6965, 48.9649044], [35.6951155, 48.9671557], [35.6820749, 48.9719856], [35.6730109, 48.972292], [35.6630937, 48.968889], [35.6619463, 48.9732173], [35.6500111, 48.9740202], [35.6439892, 48.9697163], [35.6436747, 48.9665578], [35.6277472, 48.9675074], [35.6247127, 48.9718425], [35.6275101, 48.9828836], [35.6044613, 48.9811822], [35.5978567, 48.9829045], [35.596098, 48.9867333], [35.581306, 48.9804033], [35.5780067, 48.9748714], [35.5703433, 48.978548], [35.5638041, 48.9744975], [35.5593561, 48.9768879], [35.5532379, 48.9758994], [35.542683, 48.9776258], [35.5392096, 48.9816613], [35.5300373, 48.9821556], [35.5305431, 48.9776996], [35.508253, 48.9817056], [35.5020482, 48.9780759], [35.4958546, 48.9780759], [35.4860191, 48.9725349], [35.4848613, 48.9812777], [35.4788589, 48.9789759], [35.4688355, 48.9881492], [35.4598158, 48.9878123], [35.4560515, 48.9904095], [35.4586024, 48.9977888], [35.4431133, 49.0007433], [35.4361454, 49.0044346], [35.4387405, 49.0111778], [35.4303162, 49.0138726], [35.4113475, 49.0123576], [35.4002536, 49.0187348], [35.4058791, 49.0278154], [35.3985278, 49.0301783], [35.3881003, 49.0268326], [35.3778585, 49.0334768], [35.3749747, 49.0323391], [35.3660028, 49.0373589], [35.365431, 49.0406166], [35.3533278, 49.040934], [35.3384642, 49.0486757], [35.3443157, 49.0540647], [35.3355983, 49.0584469], [35.3350819, 49.0611279], [35.3226863, 49.0624893], [35.3161926, 49.0683884], [35.3109199, 49.0677269], [35.3019318, 49.0703707], [35.3129689, 49.081014], [35.3105358, 49.0878423], [35.305673, 49.0922982], [35.3003917, 49.0892296], [35.2916188, 49.0938728], [35.2796322, 49.0961388], [35.2759232, 49.0907467], [35.2696341, 49.0954577], [35.2685177, 49.1043197], [35.2587963, 49.1063673], [35.2559186, 49.113401], [35.2379795, 49.11173], [35.2300179, 49.1012778], [35.2228207, 49.1016846], [35.2182077, 49.1070771], [35.2064761, 49.1087127], [35.1946535, 49.1083738], [35.1898381, 49.1107577], [35.195551, 49.1170445], [35.2082406, 49.1177735], [35.2109234, 49.1242995], [35.228075, 49.1264663], [35.1924558, 49.1390216], [35.1885575, 49.1451897], [35.1964222, 49.1499042], [35.2086839, 49.1495039], [35.2068087, 49.154827], [35.1991193, 49.1562043], [35.1879473, 49.1625484], [35.1814533, 49.1601893], [35.173124, 49.1617701], [35.1588148, 49.1599028], [35.1545433, 49.1531053], [35.1443029, 49.1502041], [35.1331972, 49.1530551], [35.12173, 49.1618818], [35.1104695, 49.1573135], [35.0979699, 49.1556624], [35.0923319, 49.1508201], [35.0868953, 49.1496753], [35.0822331, 49.1444473], [35.0758206, 49.1490877], [35.0758826, 49.155632], [35.0798787, 49.1562499], [35.0798478, 49.1622059], [35.0718864, 49.1592888], [35.0693772, 49.1653254], [35.075325, 49.1692346], [35.0611037, 49.1741095], [35.0479171, 49.1741607], [35.0501948, 49.1660259], [35.0445576, 49.1568446], [35.0332622, 49.1534616], [35.0141141, 49.1493447], [35.006383, 49.1539267], [35.0083933, 49.1583232], [34.994943, 49.1685911], [34.9893981, 49.167166], [34.9767377, 49.1793154], [34.9564478, 49.1875205], [34.952121, 49.1924909], [34.9450627, 49.1906555], [34.9359036, 49.1807894], [34.9307295, 49.1857022], [34.922308, 49.1755863], [34.9208188, 49.1578548], [34.9195826, 49.1557119], [34.9064663, 49.1531647], [34.8993484, 49.1490508], [34.8890496, 49.1526983], [34.8872748, 49.1561595], [34.8691373, 49.1606303], [34.8689357, 49.1683849], [34.8794307, 49.1717499], [34.8826707, 49.1679287], [34.8964366, 49.1692667], [34.9011802, 49.1749221], [34.8935377, 49.1772834], [34.8809496, 49.1784377], [34.8792691, 49.1804369], [34.8594838, 49.1837745], [34.8568988, 49.1906201], [34.8407853, 49.1907098], [34.8193052, 49.1861153], [34.8228545, 49.1786517], [34.8220885, 49.173409], [34.8173062, 49.1731003], [34.8132067, 49.1672839], [34.8069932, 49.1669675], [34.8039367, 49.178183], [34.7974819, 49.1788236], [34.7925761, 49.1758378], [34.7832554, 49.1766892], [34.7756392, 49.1752671], [34.7643594, 49.1669177], [34.7575816, 49.1668162], [34.7605792, 49.1588187], [34.7648958, 49.1563251], [34.7653563, 49.1511942], [34.7601416, 49.1476685], [34.7520655, 49.1462165], [34.7501544, 49.1414524], [34.7434055, 49.1443365], [34.7279746, 49.1359831], [34.7214461, 49.1367376], [34.7061678, 49.1298697], [34.6961462, 49.131523], [34.6948744, 49.135384], [34.6820396, 49.1315814], [34.6795658, 49.1284312], [34.682685, 49.1217485], [34.662316, 49.1194644], [34.6482465, 49.131604], [34.6420159, 49.1282009], [34.6251136, 49.1249074], [34.6211965, 49.1206733], [34.6067986, 49.1148675], [34.6002312, 49.1090229], [34.5957266, 49.1130953], [34.5907383, 49.1088451], [34.5876379, 49.0943741], [34.5773367, 49.095841], [34.5689, 49.0877602], [34.572006, 49.0859052], [34.5661821, 49.0810845], [34.5686596, 49.0776084], [34.5639323, 49.072922], [34.5711184, 49.0678406], [34.5739065, 49.0632597], [34.5582025, 49.0554068], [34.5438676, 49.0541637], [34.5155039, 49.0719859], [34.4995586, 49.0614719], [34.4751297, 49.0736255], [34.4662747, 49.065427], [34.4617567, 49.0658629], [34.4113097, 49.0910689], [34.4019662, 49.0936058], [34.4075748, 49.0782458], [34.404545, 49.0747454], [34.4098877, 49.0697069], [34.4157888, 49.0548183], [34.3903357, 49.0503936], [34.3950149, 49.0429744], [34.3603802, 49.0333022], [34.3639148, 49.0283756], [34.3522014, 49.0213275], [34.3531911, 49.0163913], [34.3440116, 49.0161339], [34.3318698, 49.0086265], [34.3256542, 48.9987287], [34.3458994, 48.992631], [34.3435324, 48.9885237], [34.3531174, 48.9838003], [34.312597, 48.9412708], [34.3065029, 48.9206882], [34.3006355, 48.8954448], [34.3116945, 48.8894427], [34.3061292, 48.8847763], [34.3375137, 48.8714737], [34.336182, 48.8561195], [34.3500413, 48.8563311], [34.3493326, 48.8460961], [34.3438358, 48.8422291], [34.3253467, 48.8442983], [34.3230932, 48.8288293], [34.3285082, 48.8293386], [34.3384806, 48.8269756], [34.3385376, 48.8204191], [34.3169878, 48.8211035], [34.2971606, 48.8207337], [34.2980022, 48.7845292], [34.3139903, 48.784928], [34.3232486, 48.7923971], [34.3423131, 48.7832051], [34.3262165, 48.7748666], [34.3198214, 48.767646], [34.308789, 48.7650261], [34.3141966, 48.7471043], [34.3085202, 48.7442048], [34.3144425, 48.7395117], [34.3041158, 48.7357043], [34.3026477, 48.7327994], [34.3057333, 48.7269726], [34.293199, 48.7266884], [34.2963003, 48.7387623], [34.2864463, 48.7438899], [34.277396, 48.7450756], [34.2599917, 48.7430024], [34.246885, 48.745562], [34.2332897, 48.7562194], [34.2192957, 48.7595605], [34.2022284, 48.7599793], [34.1912322, 48.7694827], [34.1767087, 48.777459], [34.1713381, 48.7780571], [34.1563607, 48.7752158], [34.1498554, 48.7751161], [34.1410809, 48.7778079], [34.1267843, 48.7843873], [34.121565, 48.7931585], [34.1221701, 48.8000349], [34.1268744, 48.8122665], [34.1220188, 48.8212061], [34.1061338, 48.8257879], [34.0813985, 48.8228994], [34.072397, 48.8248915], [34.0641519, 48.8295227], [34.0570415, 48.8355477], [34.0465902, 48.8382624], [34.0346511, 48.8439117], [34.0321549, 48.8478443], [34.0310203, 48.8578984], [34.0220188, 48.8644673], [34.010521, 48.867005], [33.9894622, 48.8650242], [33.9818598, 48.8657363], [33.9481912, 48.8781497], [33.9259521, 48.8803386], [33.9019733, 48.8949118], [33.8934875, 48.9011075], [33.8891947, 48.8845147], [33.873674, 48.8403933], [33.8655755, 48.8387422], [33.8614994, 48.8354696], [33.8508811, 48.8028265], [33.8477445, 48.8025881], [33.8532261, 48.7787096], [33.8509542, 48.7708127], [33.8301183, 48.7689827], [33.8285012, 48.7743005], [33.8190656, 48.7760891], [33.8152614, 48.792393], [33.811374, 48.8028204], [33.79217, 48.8005922], [33.7931213, 48.7942603], [33.7723395, 48.792007], [33.770084, 48.7991257], [33.7609112, 48.7965584], [33.748757, 48.795113], [33.7437095, 48.7902023], [33.7252513, 48.7892112], [33.7204005, 48.8097371], [33.7152649, 48.8137289], [33.7058717, 48.813882], [33.6894192, 48.8081192], [33.6857848, 48.8137396], [33.6731363, 48.81423], [33.6630093, 48.8024591], [33.6590409, 48.7931066], [33.6179856, 48.7879805], [33.6163119, 48.7933745], [33.6042089, 48.7919299], [33.6024315, 48.7988323], [33.5831319, 48.7969551], [33.5874381, 48.7815818], [33.577983, 48.7801615], [33.5815978, 48.7664703], [33.5861202, 48.7576171], [33.5930139, 48.7481758], [33.607564, 48.7513511], [33.6187843, 48.7275595], [33.6345232, 48.7241803], [33.6498162, 48.7254992], [33.6508546, 48.7210489], [33.6819104, 48.7231043], [33.7303588, 48.692132], [33.7462728, 48.6933358], [33.7496314, 48.6815567], [33.756148, 48.6815173], [33.8053568, 48.6875783], [33.8018692, 48.6627786], [33.7566241, 48.6574445], [33.7637525, 48.6263661], [33.7624908, 48.6246124], [33.7421685, 48.6173334], [33.7365408, 48.6171883], [33.7211781, 48.612271], [33.714335, 48.6113599], [33.7004899, 48.6057833], [33.6613741, 48.58621], [33.6562832, 48.5920748], [33.6516531, 48.591886], [33.6500646, 48.5997633], [33.6265164, 48.5977453], [33.6259126, 48.602217], [33.6092517, 48.5994683], [33.6232085, 48.5665173], [33.5902581, 48.5596473], [33.5844532, 48.5764061], [33.509479, 48.5681438], [33.5116011, 48.5588819], [33.5033232, 48.5604373], [33.4819095, 48.5578953], [33.4841544, 48.5476099], [33.4724917, 48.5449163], [33.4798456, 48.5362426], [33.4694623, 48.5337008], [33.4866771, 48.4496089], [33.4890422, 48.4403393], [33.4864272, 48.4045052], [33.4949439, 48.4049355], [33.497137, 48.3956042], [33.4848566, 48.3931301], [33.4845028, 48.3881021], [33.4684699, 48.388193], [33.4679097, 48.3703549], [33.47321, 48.3675931], [33.4597453, 48.3576043], [33.4617697, 48.3494942], [33.4781858, 48.3492877], [33.4732864, 48.3302377], [33.4776353, 48.3286442], [33.4965313, 48.3303641], [33.5064074, 48.3327114], [33.5175368, 48.329029], [33.5097403, 48.2917898], [33.5179081, 48.284622], [33.5138233, 48.2772612], [33.5296946, 48.2757412], [33.5350658, 48.2522303], [33.5395673, 48.2527794], [33.5459884, 48.2348788], [33.5364093, 48.2299064], [33.5359307, 48.227511], [33.5266144, 48.2228465], [33.5244556, 48.2248478], [33.5106742, 48.2189224], [33.51289, 48.2305032], [33.5006559, 48.2318993], [33.4982747, 48.2169031], [33.4872268, 48.2141236], [33.49133, 48.2080417], [33.4974762, 48.2111362], [33.4961675, 48.202146], [33.4774524, 48.199902], [33.4788075, 48.1944817], [33.4301453, 48.1887345], [33.4284058, 48.1843179], [33.4312859, 48.1723582], [33.429922, 48.1698585], [33.3802696, 48.1652605], [33.375108, 48.1622253], [33.3598683, 48.1632884], [33.3564418, 48.1588555], [33.3155455, 48.157809], [33.3165377, 48.152249], [33.2924867, 48.1500118], [33.3070939, 48.1278381], [33.3142842, 48.1289904], [33.3165281, 48.124455], [33.3160284, 48.1179491], [33.3016898, 48.1186339], [33.3015505, 48.1107151], [33.2901577, 48.1018877], [33.2769907, 48.1032988], [33.2719945, 48.1380563], [33.2756596, 48.1385554], [33.271753, 48.153682], [33.2472448, 48.1516151], [33.2428521, 48.1725158], [33.2127238, 48.1698789], [33.2171509, 48.1483913], [33.2271568, 48.1493483], [33.2321509, 48.1271566], [33.2181615, 48.1220166], [33.1818377, 48.1183299], [33.1848342, 48.1046506], [33.187099, 48.1041387], [33.2216283, 48.1077218], [33.2247468, 48.1124794], [33.2354261, 48.1133402], [33.2367327, 48.1073612], [33.2219594, 48.1059259], [33.225023, 48.0921816], [33.1724804, 48.086871], [33.1709295, 48.0854085], [33.1537641, 48.0836106], [33.1543617, 48.0780275], [33.1416496, 48.0765247], [33.1440696, 48.0670639], [33.1485537, 48.0675331], [33.1537029, 48.0420649], [33.1479747, 48.0416119], [33.1432566, 48.0637874], [33.1156891, 48.0608628], [33.1147405, 48.0645346], [33.1060311, 48.0649175], [33.1066989, 48.0603252], [33.1032496, 48.0568836], [33.1039887, 48.0476362], [33.107475, 48.0420853], [33.0648296, 48.0366965], [33.036952, 48.0337805], [33.0317161, 48.030905], [33.0356715, 48.0172127], [33.02194, 48.0133114], [33.0264888, 48.0046072], [33.0245482, 47.9971171], [33.0201296, 47.9900798], [33.0193469, 47.9849098], [33.0071671, 47.988865], [32.9945705, 47.9843104], [32.9952192, 47.9673936], [33.0018177, 47.9664194], [33.0075534, 47.9366885], [32.9927889, 47.9349038], [33.0041257, 47.9132389], [33.0140056, 47.9103976], [33.0496277, 47.9157065], [33.0783706, 47.9204573], [33.0861701, 47.884908], [33.0699184, 47.8825448], [33.0751918, 47.8604936], [33.0608264, 47.858987], [33.0592128, 47.8500667], [33.0605959, 47.8325827], [33.0549096, 47.8318089], [33.0617966, 47.8043715], [33.0599524, 47.8006037], [33.0661808, 47.7835752], [33.0499017, 47.7818048], [33.0550801, 47.7599978], [33.0669229, 47.7617944], [33.0720927, 47.7389395], [33.0075471, 47.7320264], [33.0085319, 47.7264649], [32.9722994, 47.7226695], [32.9809277, 47.68415], [32.9941502, 47.6302284], [32.9968841, 47.6151206], [32.9893811, 47.6160439], [32.9869149, 47.61311], [32.9906578, 47.6071732], [32.9858558, 47.6041312], [32.9702202, 47.6021559], [32.9616743, 47.5980958], [32.9614475, 47.5899268], [33.0719018, 47.5960876], [33.0950145, 47.5971097], [33.0926838, 47.5788322], [33.1568252, 47.5698545], [33.1761432, 47.5676762], [33.184227, 47.5726345], [33.1997824, 47.5693599], [33.206563, 47.5692948], [33.2261753, 47.5735871], [33.233943, 47.5769962], [33.2377195, 47.5691572], [33.2362068, 47.5634745], [33.2295227, 47.554417], [33.2195556, 47.5494351], [33.2218945, 47.5395532], [33.216522, 47.5323008], [33.2314807, 47.5293942], [33.2443869, 47.531178], [33.254446, 47.5352185], [33.2609689, 47.5402666], [33.2745947, 47.5463142], [33.283065, 47.5453562], [33.2880056, 47.5421787], [33.2887235, 47.5341174], [33.2869758, 47.5263662], [33.2787575, 47.5199906], [33.2799162, 47.5159474], [33.2865697, 47.5099547], [33.2984117, 47.5031637], [33.3099756, 47.5015974], [33.3137166, 47.4949903], [33.3136944, 47.4885922], [33.3072207, 47.4861517], [33.3142543, 47.4825445], [33.3488161, 47.4936669], [33.3300843, 47.5101208], [33.3264545, 47.5178994], [33.3264657, 47.5230895], [33.3575446, 47.527414], [33.4861004, 47.5439264], [33.473719, 47.5873296], [33.50994, 47.5914812], [33.5803214, 47.600194], [33.5838111, 47.5882285], [33.5881313, 47.5887344], [33.5922908, 47.573653], [33.605488, 47.575002], [33.6085247, 47.560662], [33.5886516, 47.5582341], [33.5925373, 47.544415], [33.5829081, 47.5366605], [33.5802269, 47.5324439], [33.588445, 47.5023016], [33.6050084, 47.5041566], [33.603722, 47.5102844], [33.6359662, 47.5140686], [33.6436096, 47.4845268], [33.6777824, 47.488403], [33.8444657, 47.5060065], [33.9177639, 47.5130865], [33.9308665, 47.516055], [33.9395849, 47.5159546], [33.9420865, 47.5082768], [33.9471007, 47.5000015], [33.951341, 47.4615802], [33.9570924, 47.4575105], [33.9784425, 47.4593175], [33.9859958, 47.4579201], [33.9970431, 47.4594667], [34.0033403, 47.4566155], [34.0372821, 47.4646168], [34.0744075, 47.4706243], [34.1394646, 47.4772499], [34.2073873, 47.4882571], [34.2341536, 47.4943982], [34.2519668, 47.5009472], [34.2681162, 47.508853], [34.299975, 47.5191405], [34.3457294, 47.5218916], [34.4240417, 47.5301679], [34.4688614, 47.532118], [34.4856213, 47.5370889], [34.4984592, 47.5435748], [34.5280762, 47.5536807], [34.5577255, 47.5594056], [34.572379, 47.5616158], [34.5883534, 47.5623516], [34.6291523, 47.5610366], [34.6478197, 47.5594151], [34.6696871, 47.5556503], [34.7078844, 47.5456395], [34.7355014, 47.5389117], [34.7859654, 47.5378243], [34.7963243, 47.5370197], [34.8171027, 47.5307827], [34.8404749, 47.5210181], [34.8622727, 47.5150718], [34.8762616, 47.5150053], [34.8996211, 47.5182247], [34.9383309, 47.5271275], [34.9529607, 47.5339938], [34.9580347, 47.538279], [34.965296, 47.5478479], [34.9651948, 47.5512876], [34.9569205, 47.5685842], [34.9458807, 47.5742459], [34.9359785, 47.5824982], [34.9349677, 47.5907823], [34.9387011, 47.5946354], [34.9372093, 47.5979805], [34.9420904, 47.6010127], [34.9330849, 47.6356515], [34.9163019, 47.6336869], [34.9100782, 47.6557513], [34.9057129, 47.6738848], [34.93824, 47.6774], [34.9298855, 47.7115927], [34.9560414, 47.7123379], [34.9518559, 47.7270494], [34.9575224, 47.7275431], [34.9544831, 47.7390806], [34.9649274, 47.7402064], [34.9574977, 47.7695877], [34.8935727, 47.7601605], [34.8788837, 47.8184011], [34.9033773, 47.8295927], [34.8972316, 47.8528148], [34.8789109, 47.8506352], [34.8708044, 47.8506261], [34.864016, 47.8794002], [34.8579538, 47.8805503], [34.8376164, 47.8698855], [34.828275, 47.8686746], [34.8171129, 47.8643294], [34.8134814, 47.8752223], [34.8019738, 47.915638], [34.8516809, 47.9209705], [34.8492, 47.9377732], [34.8764227, 47.9419506], [34.8810268, 47.9289083], [34.9190894, 47.9334607], [34.9137254, 47.9407079], [34.9092776, 47.9573995], [34.9124961, 47.9577887], [34.9048844, 47.9857185], [34.8695389, 47.9823938], [34.8644652, 48.0016255], [34.8583305, 48.0151785], [34.8465192, 48.0136198], [34.8430007, 48.0352188], [34.8392142, 48.0505126], [34.8756638, 48.0544638], [34.868918, 48.0760218], [34.8551126, 48.133049], [34.8783006, 48.1338285], [34.881325, 48.1271159], [34.9158128, 48.1306035], [34.9200639, 48.1145847], [34.9116864, 48.1136994], [34.911089, 48.1016762], [34.9147229, 48.0909369], [34.930067, 48.0926344], [34.9297378, 48.0903267], [34.9855916, 48.0966064], [34.9902585, 48.0891896], [35.0060873, 48.0941491], [35.0146508, 48.0947498], [35.0258146, 48.0980012], [35.0360399, 48.0980534], [35.0550664, 48.1184153], [35.0653275, 48.1225163], [35.0827399, 48.1229596], [35.1026633, 48.1317639], [35.1545445, 48.1285755], [35.1636852, 48.1287625], [35.1790221, 48.1311071], [35.1945477, 48.1403684], [35.2096784, 48.140133], [35.218085, 48.1426864], [35.2418637, 48.1346782], [35.2539868, 48.1360893], [35.2653943, 48.1420287], [35.278903, 48.1446981], [35.2950206, 48.1443499], [35.3033693, 48.1416419], [35.3214002, 48.1320851], [35.3325656, 48.1281313], [35.3376179, 48.1238301], [35.365691, 48.1210151], [35.3687642, 48.1192433], [35.3807259, 48.1184547], [35.3830034, 48.1200412], [35.3943568, 48.1141477], [35.4017105, 48.1146833], [35.4046762, 48.111658], [35.4162676, 48.1096858], [35.4212624, 48.1001881], [35.44499, 48.1021667], [35.4620026, 48.1017175], [35.477787, 48.0981731], [35.4856094, 48.0949666], [35.4914431, 48.0964549], [35.5086556, 48.0971823], [35.5194175, 48.0944868], [35.5241386, 48.0746014], [35.5535398, 48.0839004], [35.6805811, 48.1305586], [35.7034121, 48.1402147], [35.7428249, 48.0957479], [35.7560005, 48.098353], [35.7761836, 48.0967181], [35.7831565, 48.0941682], [35.7947346, 48.0963351], [35.8059059, 48.1004255], [35.8071672, 48.0980801], [35.8168631, 48.0661227], [35.920633, 48.0820667], [35.9598436, 48.0925883], [35.9665982, 48.0947947], [35.9749963, 48.0925132], [35.9747998, 48.0873935], [35.9854313, 48.0847805], [35.9839606, 48.0781564], [35.9770196, 48.0779751], [35.9693989, 48.0725478], [35.9737741, 48.0673955], [35.9716403, 48.0615117], [35.9797561, 48.0633918], [35.9878161, 48.0592888], [35.9783484, 48.0519237], [35.9752911, 48.043179], [35.9898987, 48.0459274], [36.0524844, 48.0590719], [36.0582208, 48.0465397], [36.0560879, 48.0460971], [36.0655311, 48.0251985], [36.0344335, 48.0187162], [36.0416478, 48.0039192], [36.0619976, 48.0010325], [36.0661957, 47.9820963], [36.0707449, 47.9715179], [36.0479461, 47.9655214], [36.051624, 47.9585709], [36.0735698, 47.9652124], [36.0850119, 47.9303057], [36.1087035, 47.9417691], [36.1197291, 47.9278626], [36.1103646, 47.924578], [36.1277127, 47.9019169], [36.1224771, 47.90019], [36.1301856, 47.8903331], [36.1169226, 47.8709357], [36.1192273, 47.8647615], [36.0872019, 47.8612274], [36.0807874, 47.8832195], [36.0540611, 47.8800013], [36.0575194, 47.8682955], [36.0685622, 47.8674888], [36.0736508, 47.8488326], [36.0958889, 47.8500811], [36.1002183, 47.848513], [36.1016634, 47.8425887], [36.1787749, 47.8506565], [36.1771939, 47.8571957], [36.1932668, 47.8593823], [36.1974, 47.8569064], [36.194395, 47.8489805], [36.1882444, 47.8415243], [36.1975738, 47.8325454], [36.2661856, 47.833203], [36.2738145, 47.8233586], [36.2754525, 47.8153599], [36.2981948, 47.8177401], [36.2985963, 47.8159282], [36.3326449, 47.820649], [36.3296946, 47.8236929], [36.3305252, 47.8306801], [36.3231212, 47.8355965], [36.324133, 47.8394667], [36.3744194, 47.837979], [36.3767052, 47.8299891], [36.3977879, 47.8308742], [36.4118732, 47.8276503], [36.421847, 47.8289118], [36.4490522, 47.8240875], [36.4759563, 47.824198], [36.5228575, 47.828813], [36.5209169, 47.8364524], [36.5847724, 47.8473971], [36.5765553, 47.8801693], [36.5493443, 47.8773685], [36.5419522, 47.9060131], [36.5924844, 47.9108214], [36.5898139, 47.9211707], [36.5955035, 47.9213787], [36.6179516, 47.9174732], [36.6402445, 47.9203042], [36.6288135, 47.9618257], [36.5851415, 47.9566416], [36.5776416, 47.9908767], [36.5767993, 47.997004], [36.5859725, 48.0021222], [36.5771253, 48.0100831], [36.5694615, 48.0127949], [36.5863826, 48.0174798], [36.5908364, 48.0209166], [36.5868691, 48.0290286], [36.5780154, 48.0378161], [36.5741166, 48.0397329], [36.5815703, 48.0485493], [36.5872874, 48.0523601], [36.5793915, 48.0632327], [36.58714, 48.0647544], [36.5830118, 48.0763467], [36.590274, 48.0822471], [36.5951342, 48.0824647], [36.6105083, 48.0892798], [36.624228, 48.0829024], [36.6286755, 48.0886723], [36.6440284, 48.0873572], [36.6362768, 48.094563], [36.648227, 48.0956066], [36.6552711, 48.0945563], [36.6645595, 48.0878926], [36.6691955, 48.0910002], [36.6763051, 48.0905407], [36.6823755, 48.0863112], [36.6919168, 48.0865138], [36.7081346, 48.0803525], [36.713819, 48.0802321], [36.7155551, 48.0849155], [36.7257113, 48.0791925], [36.7261648, 48.0716433], [36.729534, 48.0694323], [36.7467148, 48.0638509], [36.7411225, 48.0537081], [36.7440155, 48.0503498], [36.7548514, 48.0495468], [36.7613865, 48.0548995], [36.7728553, 48.0495641], [36.7845297, 48.0477629], [36.7930031, 48.0484504], [36.800699, 48.0526848], [36.8117819, 48.0409988], [36.8204739, 48.0396603], [36.8273965, 48.0358606], [36.833415, 48.0351352], [36.8402214, 48.0383045], [36.8545286, 48.0346107], [36.8582177, 48.052094], [36.8670939, 48.0515063], [36.8690363, 48.0626419], [36.8814924, 48.0633804], [36.8963411, 48.0778227], [36.8818062, 48.1439333], [36.8727082, 48.1841687], [36.888898, 48.1774333], [36.8985432, 48.187527], [36.9064772, 48.189258], [36.9156772, 48.1945077], [36.9204837, 48.1937925], [36.9311374, 48.1959274], [36.9368344, 48.1940214], [36.9270793, 48.2396216], [36.9247216, 48.2523453]]]}}, {"type": "Feature", "geometry": {"type": "Polygon", "coordinates": [[[37.0624638, 46.8839559], [37.1687215, 46.710379], [37.1959368, 46.7013262], [37.2121123, 46.6971747], [37.2286491, 46.6937574], [37.2454763, 46.6910891], [37.262522, 46.6891813], [37.279713, 46.6880423], [37.2969758, 46.687677], [37.3142365, 46.688087], [37.3314211, 46.6892704], [37.3484562, 46.6912223], [37.3652686, 46.6939341], [37.3817865, 46.6973941], [37.3979391, 46.7015874], [37.4136571, 46.7064957], [37.4375896, 46.7158298], [37.620074, 46.8298909], [37.870342, 46.8447314], [38.0057729, 46.8528763], [38.1408636, 46.8609996], [38.2384557, 46.9202795], [38.3381215, 46.9807515], [38.2297758, 47.119382], [38.2290997, 47.1271667], [38.2318183, 47.1297538], [38.2362181, 47.1395533], [38.2363266, 47.1591186], [38.2358904, 47.1986006], [38.2341398, 47.2039875], [38.2410077, 47.209975], [38.2426698, 47.2182314], [38.2329087, 47.228951], [38.2380303, 47.2323179], [38.2455019, 47.2338365], [38.2524549, 47.2334151], [38.2603084, 47.2382552], [38.2881957, 47.2385353], [38.2879737, 47.2567529], [38.3244901, 47.25695], [38.3315717, 47.2636483], [38.33353, 47.26919], [38.3307651, 47.2758756], [38.3265053, 47.2770976], [38.3228295, 47.2814922], [38.3280737, 47.2853766], [38.332829, 47.2922157], [38.333216, 47.2968617], [38.3288142, 47.3007315], [38.3345902, 47.3026939], [38.3360399, 47.3062541], [38.220892, 47.3053966], [38.2211335, 47.3270782], [38.226221, 47.3292733], [38.222493, 47.3328934], [38.2306766, 47.3390577], [38.2319092, 47.3443148], [38.2392781, 47.346081], [38.2462386, 47.3507274], [38.249324, 47.3564357], [38.2448259, 47.3631444], [38.2572543, 47.3732126], [38.2865486, 47.3734193], [38.2864717, 47.3913579], [38.3006472, 47.3914516], [38.3023895, 47.392848], [38.3028361, 47.407243], [38.3020282, 47.4749623], [38.288368, 47.4760923], [38.2859552, 47.4834921], [38.2919199, 47.4904991], [38.2900394, 47.4989951], [38.2935679, 47.5013912], [38.2927508, 47.5084789], [38.284896, 47.509034], [38.2847269, 47.5443096], [38.3039984, 47.5447459], [38.3073554, 47.5467018], [38.3112639, 47.5535748], [38.3107926, 47.5761448], [38.3507161, 47.5761965], [38.3504612, 47.616646], [38.4567501, 47.6171106], [38.4564852, 47.6440438], [38.5265767, 47.6444631], [38.6164721, 47.6445958], [38.6260943, 47.6534246], [38.629749, 47.6534345], [38.6292721, 47.669396], [38.6660265, 47.6693143], [38.6655825, 47.6963158], [38.6687774, 47.6988273], [38.7273535, 47.6987831], [38.7347864, 47.6996328], [38.7354588, 47.6945835], [38.7299855, 47.6919478], [38.7340557, 47.6873977], [38.7446163, 47.6819311], [38.7464886, 47.6862208], [38.7551269, 47.6853113], [38.7726084, 47.6855249], [38.7726359, 47.7137092], [38.7734556, 47.727085], [38.7780046, 47.7302892], [38.7780904, 47.7349075], [38.7890234, 47.7375434], [38.7891099, 47.7685824], [38.7964462, 47.7733616], [38.7889403, 47.7788647], [38.7926959, 47.7845926], [38.7859175, 47.7849066], [38.7836382, 47.7911841], [38.7904681, 47.796407], [38.7890517, 47.8041943], [38.7889225, 47.8159167], [38.8288189, 47.8159186], [38.8287987, 47.8232682], [38.8324104, 47.8266805], [38.8279583, 47.8299237], [38.8252904, 47.8353662], [38.8260464, 47.8451456], [38.8298434, 47.8499461], [38.8383936, 47.8514366], [38.8349962, 47.8606279], [38.837614, 47.8644573], [38.842721, 47.865177], [38.8643262, 47.8656038], [38.8748202, 47.8666138], [38.8788128, 47.8726406], [38.8840806, 47.8749147], [38.8991564, 47.8729333], [38.908165, 47.8726377], [38.9145987, 47.8743224], [38.9274449, 47.8731005], [38.9328432, 47.8744181], [38.9464902, 47.8712804], [38.9564895, 47.8713092], [38.9650726, 47.8700137], [39.0744646, 47.8695196], [39.0651605, 47.8960073], [39.0906231, 47.9388961], [39.0844995, 47.9406379], [39.0755624, 47.9514236], [39.0613623, 47.948824], [39.0507101, 47.9509422], [39.0460108, 47.9562364], [39.0385008, 47.9563534], [39.0402708, 47.9627636], [39.0434811, 47.9887473], [39.0398439, 48.0069404], [38.9965262, 48.0093172], [38.9831005, 48.0092303], [38.9376714, 48.0118772], [38.9043157, 48.0133533], [38.8612538, 48.0147577], [38.8540755, 48.0204487], [38.8253525, 48.0297743], [38.8213775, 48.0358527], [38.825587, 48.0380445], [38.8213309, 48.0430268], [38.8126713, 48.0479449], [38.8151558, 48.0509123], [38.8213193, 48.0516809], [38.8219061, 48.057328], [38.8304809, 48.0633834], [38.826754, 48.0656663], [38.8289379, 48.071992], [38.8241029, 48.0742751], [38.8179226, 48.0659146], [38.8031906, 48.0703088], [38.7995269, 48.0747152], [38.8042126, 48.0784256], [38.8087415, 48.0780326], [38.8174818, 48.0843192], [38.806696, 48.0882836], [38.8175557, 48.1094934], [38.8203959, 48.1162414], [38.7980197, 48.1189312], [38.7882522, 48.1245958], [38.775127, 48.1270551], [38.7676437, 48.1313518], [38.7555274, 48.1318692], [38.7454473, 48.1346027], [38.7373214, 48.1345559], [38.7216423, 48.1389356], [38.7168429, 48.1415499], [38.6897986, 48.1460426], [38.6821991, 48.1455938], [38.6740668, 48.148535], [38.6627308, 48.1507506], [38.6717457, 48.162151], [38.6689874, 48.1648024], [38.6410942, 48.1640778], [38.6350638, 48.1632445], [38.6143334, 48.1695768], [38.6016265, 48.1725099], [38.6026313, 48.1753621], [38.5981484, 48.1800388], [38.604978, 48.189167], [38.6099946, 48.1896214], [38.6117621, 48.2027844], [38.6034741, 48.2122939], [38.5969456, 48.2163546], [38.589035, 48.2273477], [38.5875453, 48.2382653], [38.5891175, 48.2481963], [38.5911911, 48.2517491], [38.5877545, 48.258197], [38.582357, 48.2624605], [38.5669617, 48.2700742], [38.5210936, 48.2729752], [38.4270415, 48.2782877], [38.4281824, 48.2848301], [38.4249672, 48.2881049], [38.4329075, 48.2999328], [38.4279828, 48.3031279], [38.4283513, 48.3086695], [38.4362402, 48.3155446], [38.4411454, 48.3164583], [38.437043, 48.3232138], [38.4334453, 48.3392632], [38.4563502, 48.3425761], [38.45571, 48.3468162], [38.4608739, 48.3475664], [38.4635549, 48.3520133], [38.4697679, 48.3490855], [38.4735142, 48.35605], [38.4710095, 48.3600359], [38.4868568, 48.361872], [38.4774386, 48.3675526], [38.4728536, 48.367546], [38.4685977, 48.3791475], [38.4534124, 48.3811448], [38.4500969, 48.3759133], [38.4366438, 48.3960769], [38.4392129, 48.4121924], [38.4391082, 48.4198981], [38.4322942, 48.4351155], [38.4345859, 48.4377446], [38.4316617, 48.4475787], [38.4128755, 48.4421129], [38.4006768, 48.4397713], [38.4029084, 48.4344542], [38.3824003, 48.4294141], [38.3797181, 48.4304998], [38.3751315, 48.4414118], [38.3624044, 48.4433388], [38.3533332, 48.4414688], [38.3407992, 48.4373299], [38.3373767, 48.4402446], [38.3108872, 48.4557299], [38.3188212, 48.4646625], [38.2889092, 48.4760722], [38.3036238, 48.4774271], [38.3019501, 48.4883718], [38.3165574, 48.4987844], [38.3117831, 48.5022537], [38.3119628, 48.5061989], [38.31873, 48.5092589], [38.3134836, 48.5138824], [38.2845533, 48.5366594], [38.276276, 48.5407049], [38.27387, 48.5452935], [38.2790977, 48.5459789], [38.2723546, 48.5839783], [38.2698469, 48.6011494], [38.2632941, 48.6370457], [38.22888, 48.6340971], [38.2257673, 48.6522761], [38.2385775, 48.6548435], [38.238599, 48.6566845], [38.2525706, 48.6579814], [38.2531553, 48.6548772], [38.2659066, 48.6563833], [38.2670492, 48.6637463], [38.2868224, 48.6647738], [38.2835314, 48.6810991], [38.3153021, 48.6843592], [38.3072501, 48.6877644], [38.314181, 48.6962506], [38.314653, 48.7045779], [38.307336, 48.7083162], [38.3046055, 48.7124259], [38.3251351, 48.7140328], [38.3231449, 48.7284226], [38.3167881, 48.7349118], [38.2964677, 48.7370912], [38.2831088, 48.7373719], [38.2765174, 48.743314], [38.2644916, 48.7505522], [38.2657281, 48.7546333], [38.2754016, 48.7728008], [38.2831317, 48.7734726], [38.2779658, 48.8012598], [38.2819515, 48.8026979], [38.3167452, 48.8057329], [38.3171582, 48.8105094], [38.3137518, 48.8284843], [38.2724243, 48.8246666], [38.2709491, 48.8324006], [38.2598126, 48.8427742], [38.221752, 48.839233], [38.223651, 48.8433355], [38.2268214, 48.8574411], [38.229112, 48.8586976], [38.2279914, 48.9367431], [38.2114738, 48.9307573], [38.1956434, 48.9277686], [38.1811429, 48.9291437], [38.1673086, 48.931441], [38.1527488, 48.9309257], [38.1425706, 48.9328947], [38.1379246, 48.9261712], [38.1333625, 48.92374], [38.126952, 48.9265456], [38.1203538, 48.9264822], [38.1122911, 48.9326005], [38.0957687, 48.934655], [38.0911499, 48.9395425], [38.080067, 48.9394086], [38.0627673, 48.9369513], [38.0561512, 48.9394709], [38.0502528, 48.9382109], [38.0434388, 48.933707], [38.0422854, 48.9292172], [38.037377, 48.9248644], [38.0314761, 48.9268769], [38.0354165, 48.9339472], [38.0217987, 48.9329705], [38.0160803, 48.9401274], [38.0058503, 48.9465823], [38.0286759, 48.973432], [38.0309236, 48.9739179], [38.0537116, 48.9648958], [38.052274, 48.9715446], [38.0576545, 48.975837], [38.051767, 48.979409], [38.0504742, 48.9832096], [38.0578691, 48.9875291], [38.0802226, 48.9920207], [38.0983114, 48.9923446], [38.0974048, 48.9993382], [38.0846107, 49.0191063], [38.0729162, 49.0394966], [38.0526388, 49.0595841], [38.0622572, 49.0632345], [38.0676538, 49.095958], [38.0756079, 49.11356], [38.0839616, 49.1353431], [38.0815852, 49.148068], [38.0668384, 49.1466223], [38.0509114, 49.1501206], [38.043648, 49.1504996], [38.0415988, 49.1422288], [38.0401745, 49.1265537], [37.9807073, 49.130659], [37.9761744, 49.1342954], [37.9587722, 49.1359853], [37.9557708, 49.1428307], [37.9448006, 49.1390247], [37.9268901, 49.1435746], [37.9155296, 49.1497031], [37.9040095, 49.154231], [37.8928462, 49.1606054], [37.9025383, 49.1668335], [37.893514, 49.1748564], [37.905187, 49.1805795], [37.913813, 49.1865895], [37.9349032, 49.1916819], [37.9220903, 49.2068755], [37.9378831, 49.2140159], [37.9334722, 49.2207777], [37.9176351, 49.2153615], [37.8896007, 49.2118835], [37.889835, 49.2191761], [37.8732017, 49.223261], [37.8745133, 49.2339965], [37.8608662, 49.2325078], [37.8504914, 49.222061], [37.8465942, 49.2048638], [37.8435096, 49.201336], [37.8246054, 49.2026627], [37.8246027, 49.2064602], [37.8121251, 49.2066197], [37.7983037, 49.2088276], [37.7975285, 49.2022964], [37.7118835, 49.2199773], [37.6142746, 49.2331348], [37.5971299, 49.2300347], [37.5684732, 49.2314008], [37.5610059, 49.2280431], [37.5484505, 49.2128875], [37.5287014, 49.2068528], [37.5129729, 49.1992925], [37.5076407, 49.1914751], [37.5024426, 49.187026], [37.5161996, 49.1786947], [37.5223231, 49.1763206], [37.5304717, 49.1758717], [37.5393122, 49.1710459], [37.5528198, 49.1673491], [37.5565642, 49.1630347], [37.5595415, 49.1542608], [37.5643802, 49.1475223], [37.5627413, 49.1436606], [37.557562, 49.141262], [37.5502825, 49.1479838], [37.5480509, 49.1427833], [37.5596327, 49.1370242], [37.5713378, 49.1358871], [37.5848991, 49.1260061], [37.5464791, 49.1122221], [37.4890637, 49.1026104], [37.4855983, 49.0999973], [37.5004309, 49.0913738], [37.4981028, 49.0889112], [37.5057578, 49.0814489], [37.5058865, 49.0701829], [37.4966866, 49.068148], [37.489804, 49.0627845], [37.4793273, 49.0574626], [37.4701273, 49.0552444], [37.4605036, 49.0576138], [37.4515772, 49.053216], [37.4505258, 49.0604295], [37.442978, 49.0574908], [37.4386221, 49.0618144], [37.4319863, 49.0592554], [37.4174488, 49.0613153], [37.4137795, 49.0560389], [37.4070525, 49.051655], [37.3940277, 49.0505651], [37.385273, 49.0483431], [37.384243, 49.0445563], [37.3886955, 49.0386486], [37.3852193, 49.0360955], [37.3864317, 49.0312632], [37.3915118, 49.0281257], [37.3865068, 49.0245731], [37.3753542, 49.026272], [37.3721194, 49.0168477], [37.3706979, 49.0035331], [37.373203, 48.9961917], [37.3678601, 48.995178], [37.3669159, 48.9916652], [37.3582417, 48.9917321], [37.3598456, 48.998629], [37.3443961, 49.0034979], [37.3394823, 48.9962938], [37.3242688, 48.9914118], [37.3113835, 48.9900319], [37.3124027, 48.9857267], [37.3175579, 48.9830828], [37.3141462, 48.9800233], [37.3080683, 48.9810162], [37.3032403, 48.9788368], [37.2992492, 48.9727665], [37.294625, 48.9696536], [37.3025161, 48.9667024], [37.3043239, 48.9628037], [37.3125851, 48.956587], [37.3208249, 48.9565342], [37.318781, 48.9524022], [37.3112816, 48.9520534], [37.3072636, 48.9474842], [37.3110133, 48.941854], [37.3192155, 48.9380837], [37.3280051, 48.9374453], [37.3322457, 48.9347819], [37.3283404, 48.9221538], [37.3137599, 48.9228976], [37.3021352, 48.9195242], [37.2991633, 48.9229152], [37.2694057, 48.9226048], [37.2665745, 48.9064057], [37.2451007, 48.9087328], [37.2444785, 48.9064692], [37.2237182, 48.9088774], [37.2240776, 48.9042513], [37.2149473, 48.8923492], [37.2156554, 48.8896369], [37.2002166, 48.8825397], [37.1939993, 48.8823633], [37.1904185, 48.8689775], [37.1950065, 48.8468667], [37.1921366, 48.8146259], [37.1646291, 48.8229396], [37.1572316, 48.8245042], [37.1511322, 48.8324165], [37.1407092, 48.8326071], [37.1405375, 48.8351054], [37.145682, 48.8420787], [37.1381181, 48.8439886], [37.1354037, 48.8421599], [37.0988131, 48.8507912], [37.0783612, 48.8176962], [37.0673936, 48.8174414], [37.0660311, 48.8139184], [37.0435381, 48.8149922], [37.0237648, 48.8178852], [37.0187545, 48.80172], [37.0073765, 48.8033321], [37.0054132, 48.7973235], [36.994919, 48.7873734], [37.023038, 48.7748372], [37.022936, 48.7674745], [37.0431197, 48.7661786], [37.0358614, 48.746253], [37.0181441, 48.7578653], [37.0173083, 48.7601918], [37.0084569, 48.7650275], [37.0015401, 48.7656623], [36.9996259, 48.7693685], [36.9888319, 48.7747006], [36.9848827, 48.7811325], [36.9754911, 48.7901319], [36.9660115, 48.793779], [36.945785, 48.7956803], [36.931419, 48.7925059], [36.9213509, 48.7947413], [36.9207212, 48.7977457], [36.8542182, 48.800445], [36.8412091, 48.7788579], [36.8392986, 48.7727018], [36.8212339, 48.7713601], [36.8166853, 48.7775693], [36.7886624, 48.7808424], [36.7919962, 48.7857782], [36.7838238, 48.7899009], [36.7905575, 48.8019771], [36.7675871, 48.7971644], [36.7337258, 48.804903], [36.7207933, 48.8060797], [36.7024648, 48.7839382], [36.6893666, 48.7760794], [36.6913211, 48.7704374], [36.7091205, 48.767446], [36.7177317, 48.7446715], [36.7126562, 48.7436487], [36.7260701, 48.7143356], [36.7356495, 48.7038903], [36.7298189, 48.695608], [36.7199072, 48.6936404], [36.7163476, 48.6909305], [36.7212179, 48.6834693], [36.7179285, 48.6828651], [36.7175042, 48.6733202], [36.7215859, 48.6730528], [36.7270677, 48.6667789], [36.7246043, 48.6634491], [36.7308247, 48.6577812], [36.7267216, 48.6529496], [36.7293673, 48.6472397], [36.7341548, 48.6465524], [36.7453516, 48.5964344], [36.7788749, 48.6004272], [36.7880228, 48.5669533], [36.82401, 48.5700371], [36.8247932, 48.5666578], [36.8590236, 48.5691675], [36.860551, 48.5648994], [36.8666008, 48.5593551], [36.8675101, 48.5548352], [36.871807, 48.5501942], [36.8829355, 48.551042], [36.8847755, 48.5417438], [36.9015433, 48.5433428], [36.9065916, 48.5208455], [36.8919557, 48.5195038], [36.8887398, 48.5211418], [36.8503227, 48.517818], [36.8571514, 48.4872014], [36.8298418, 48.4846492], [36.8370957, 48.4430971], [36.8453738, 48.4437071], [36.8484205, 48.4280894], [36.8514356, 48.4240853], [36.8482089, 48.4166766], [36.8417984, 48.4207958], [36.8339851, 48.4164932], [36.8263596, 48.4150352], [36.8350902, 48.4053906], [36.8205392, 48.4051217], [36.8278724, 48.3694222], [36.8222934, 48.3657176], [36.8119454, 48.3685669], [36.816473, 48.3485025], [36.8087751, 48.3478964], [36.8169129, 48.3126134], [36.8712451, 48.3168802], [36.873706, 48.3055685], [36.9120401, 48.3091419], [36.9135287, 48.3047354], [36.9243729, 48.2544341], [36.9270793, 48.2396216], [36.9368344, 48.1940214], [36.9311374, 48.1959274], [36.9204837, 48.1937925], [36.9156772, 48.1945077], [36.9064772, 48.189258], [36.8985432, 48.187527], [36.8919611, 48.1822766], [36.888898, 48.1774333], [36.8727082, 48.1841687], [36.8818062, 48.1439333], [36.8963411, 48.0778227], [36.8814924, 48.0633804], [36.8690363, 48.0626419], [36.8670939, 48.0515063], [36.8582177, 48.052094], [36.8545286, 48.0346107], [36.8402214, 48.0383045], [36.833415, 48.0351352], [36.8273965, 48.0358606], [36.8204739, 48.0396603], [36.8117819, 48.0409988], [36.800699, 48.0526848], [36.7930031, 48.0484504], [36.7858481, 48.0513254], [36.7845297, 48.0477629], [36.7728553, 48.0495641], [36.7613865, 48.0548995], [36.7606633, 48.0519901], [36.7548514, 48.0495468], [36.7440155, 48.0503498], [36.7411225, 48.0537081], [36.7467148, 48.0638509], [36.729534, 48.0694323], [36.7261648, 48.0716433], [36.7257113, 48.0791925], [36.7213041, 48.0830701], [36.7155551, 48.0849155], [36.713819, 48.0802321], [36.7081346, 48.0803525], [36.6919168, 48.0865138], [36.6823755, 48.0863112], [36.6763051, 48.0905407], [36.6691955, 48.0910002], [36.6645595, 48.0878926], [36.6552711, 48.0945563], [36.6579741, 48.0974885], [36.6526009, 48.1001908], [36.648227, 48.0956066], [36.6362768, 48.094563], [36.6396993, 48.0916536], [36.649248, 48.0930581], [36.6440284, 48.0873572], [36.6286755, 48.0886723], [36.624228, 48.0829024], [36.6105083, 48.0892798], [36.6025551, 48.0909674], [36.6046519, 48.0860104], [36.5951342, 48.0824647], [36.590274, 48.0822471], [36.5830118, 48.0763467], [36.58714, 48.0647544], [36.5793915, 48.0632327], [36.5872874, 48.0523601], [36.5815703, 48.0485493], [36.5741166, 48.0397329], [36.5780154, 48.0378161], [36.5868691, 48.0290286], [36.5908364, 48.0209166], [36.5863826, 48.0174798], [36.5694615, 48.0127949], [36.5771253, 48.0100831], [36.5859725, 48.0021222], [36.5767993, 47.997004], [36.5776416, 47.9908767], [36.5851415, 47.9566416], [36.6288135, 47.9618257], [36.6402445, 47.9203042], [36.6179516, 47.9174732], [36.5955035, 47.9213787], [36.5898139, 47.9211707], [36.5924844, 47.9108214], [36.5419522, 47.9060131], [36.5493443, 47.8773685], [36.5765553, 47.8801693], [36.5847724, 47.8473971], [36.6047014, 47.8508377], [36.608341, 47.8397404], [36.5993301, 47.8178481], [36.5885271, 47.8165077], [36.58765, 47.7956371], [36.5878379, 47.7845698], [36.5960956, 47.7842005], [36.6713057, 47.7935819], [36.6801758, 47.7594003], [36.6786025, 47.7581159], [36.685659, 47.7308949], [36.699959, 47.7324982], [36.7133797, 47.6788709], [36.7894833, 47.6846898], [36.7919789, 47.6810063], [36.7842412, 47.6799813], [36.7807309, 47.6770004], [36.7840331, 47.6742465], [36.7814599, 47.6711125], [36.7689401, 47.6679185], [36.7534448, 47.6668305], [36.7548069, 47.6619953], [36.7182719, 47.6588466], [36.725195, 47.6310934], [36.765849, 47.6341133], [36.7662122, 47.623444], [36.7452576, 47.6217404], [36.7481032, 47.6065962], [36.7649174, 47.6077703], [36.7621163, 47.6031478], [36.7646269, 47.600787], [36.8303171, 47.6242291], [36.8934106, 47.5449148], [36.9443387, 47.5761317], [36.9667558, 47.553407], [36.9800607, 47.5607131], [37.0015961, 47.5388645], [37.0210271, 47.5527976], [37.0267938, 47.5479658], [37.0742173, 47.4936995], [37.0782201, 47.4917437], [37.0843387, 47.4961072], [37.1289017, 47.46966], [37.129411, 47.4679979], [37.1577018, 47.4548597], [37.1797983, 47.4836571], [37.1959706, 47.4789319], [37.189947, 47.4691507], [37.2067405, 47.4687179], [37.2136118, 47.4694975], [37.2243228, 47.4686657], [37.2451667, 47.4691811], [37.2395517, 47.4597266], [37.2470878, 47.4558253], [37.2367532, 47.4368406], [37.2320059, 47.437834], [37.2183576, 47.4133052], [37.1945741, 47.3733558], [37.2034197, 47.3557556], [37.1619798, 47.341438], [37.146039, 47.3811051], [37.106553, 47.3759571], [37.1221769, 47.3403728], [37.0922697, 47.3300747], [37.0951442, 47.3259678], [37.0831999, 47.3217873], [37.0837011, 47.3147193], [37.062753, 47.3090178], [37.0364201, 47.3000354], [37.0336411, 47.3091486], [37.0289124, 47.3108184], [37.0264564, 47.3147836], [36.9466004, 47.3109951], [36.9442269, 47.3206358], [36.9260221, 47.3194161], [36.9288206, 47.3079159], [36.934741, 47.293757], [36.9418844, 47.2572616], [36.9491667, 47.2283417], [36.9556994, 47.2290267], [36.9625814, 47.2016615], [36.9313312, 47.2005647], [36.9308514, 47.2069799], [36.894083, 47.2059071], [36.8917618, 47.2000037], [36.8547708, 47.1991557], [36.8590567, 47.189587], [36.8639935, 47.1857474], [36.8719469, 47.1836497], [36.8769382, 47.1802502], [36.8775763, 47.176965], [36.8868956, 47.176089], [36.8906064, 47.1707192], [36.9001958, 47.1735257], [36.9083458, 47.1655183], [36.9179385, 47.17065], [36.9242413, 47.1702909], [36.9245434, 47.160299], [36.9366667, 47.1655313], [36.9384284, 47.158791], [36.946181, 47.1601047], [36.9540581, 47.150135], [36.9613669, 47.1490494], [36.9636052, 47.1452817], [36.97378, 47.1396525], [36.9703034, 47.1357347], [36.9796694, 47.1309274], [36.9789635, 47.1275126], [36.9835274, 47.1244045], [36.9925723, 47.1240194], [36.9979832, 47.1296303], [37.0022217, 47.1271634], [37.0025796, 47.1201727], [37.0001981, 47.1139313], [37.0100706, 47.1136477], [37.0093366, 47.1064994], [37.0020061, 47.1009728], [37.0061178, 47.0975477], [37.0117288, 47.0973035], [37.0086432, 47.0922028], [37.0122027, 47.0907526], [37.0092541, 47.0849283], [36.9985306, 47.0835921], [36.9854531, 47.0797697], [37.0226889, 47.0673865], [37.081212, 47.0474791], [37.0865397, 47.0524616], [37.0986952, 47.0592489], [37.1249171, 47.0391072], [37.0893372, 47.0074623], [37.1411334, 46.9819937], [37.1026884, 46.9599756], [37.092348, 46.9683681], [37.03181, 46.9341935], [37.0214221, 46.9278993], [37.031117, 46.920123], [37.0624638, 46.8839559]], [[38.3031946, 48.4972524], [38.3071107, 48.492862], [38.2989943, 48.4897228], [38.2930559, 48.490313], [38.2933938, 48.4963032], [38.3014244, 48.502243], [38.3031946, 48.4972524]]]}, "properties": {"name:ua": "Донецька область", "name:en": "Donetsk Oblast", "type": "oblast", "id": "donetsk_oblast"}}, {"type": "Feature", "geometry": {"type": "Polygon", "coordinates": [[[25.6519326, 48.7005661], [25.6530103, 48.7052137], [25.6496394, 48.7093289], [25.6420998, 48.7122933], [25.6290352, 48.714751], [25.6182587, 48.7159935], [25.6113849, 48.7194631], [25.6096657, 48.7236571], [25.6110939, 48.7274534], [25.615453, 48.7303258], [25.6369963, 48.7392248], [25.6402283, 48.742896], [25.6405498, 48.7481111], [25.635903, 48.751443], [25.616005, 48.7602197], [25.6030284, 48.7645488], [25.5961358, 48.7683346], [25.5753375, 48.7844314], [25.5663707, 48.7920315], [25.5607914, 48.7955679], [25.5429075, 48.8030319], [25.5231605, 48.8032886], [25.5103202, 48.8054479], [25.5021884, 48.8078784], [25.4970518, 48.810968], [25.4877198, 48.8195149], [25.480204, 48.8232964], [25.4637677, 48.8279165], [25.4534465, 48.8322478], [25.4497593, 48.8378457], [25.4511798, 48.8403782], [25.4589524, 48.8454689], [25.469323, 48.8551512], [25.4683842, 48.8581577], [25.4517561, 48.8673881], [25.4375239, 48.8720549], [25.4328016, 48.8715771], [25.427389, 48.8685538], [25.427961, 48.8635662], [25.4352947, 48.8552399], [25.4387588, 48.8496754], [25.4350169, 48.8442605], [25.4268331, 48.8430251], [25.4156426, 48.8449086], [25.4027173, 48.8479591], [25.3937441, 48.8510074], [25.3735828, 48.8562701], [25.3670714, 48.8586863], [25.3551094, 48.8595999], [25.3446111, 48.85766], [25.3412742, 48.8544892], [25.3364965, 48.8548128], [25.3350855, 48.8517018], [25.3357865, 48.8454162], [25.3405244, 48.8388982], [25.3369252, 48.8375524], [25.3254245, 48.8377674], [25.3242643, 48.8454056], [25.3177825, 48.8473256], [25.3001152, 48.8437525], [25.2934093, 48.8446291], [25.2888495, 48.8480957], [25.2886428, 48.8528759], [25.2833012, 48.8625954], [25.2736477, 48.8651407], [25.2604539, 48.866679], [25.2431523, 48.8668595], [25.2356882, 48.8645647], [25.2300552, 48.8505665], [25.2258046, 48.8468815], [25.2178848, 48.8452485], [25.2109485, 48.8462336], [25.208989, 48.8499802], [25.2132272, 48.8583914], [25.2190412, 48.8652619], [25.2288644, 48.8821803], [25.2305265, 48.8887885], [25.2311052, 48.8986669], [25.2294363, 48.9086457], [25.2318941, 48.9132701], [25.2373087, 48.9188966], [25.2382931, 48.9233], [25.2371091, 48.9289079], [25.2342541, 48.9319971], [25.2297637, 48.9323824], [25.2243217, 48.9305661], [25.215253, 48.923937], [25.2098749, 48.9219068], [25.1924613, 48.9275407], [25.1897674, 48.9255533], [25.1923993, 48.9205707], [25.1981439, 48.9147253], [25.1921611, 48.909444], [25.1788128, 48.9013925], [25.1707289, 48.8978269], [25.1667102, 48.8908112], [25.1723281, 48.8866643], [25.173579, 48.880862], [25.1719559, 48.872326], [25.1657393, 48.8665783], [25.1592666, 48.8655248], [25.1514377, 48.8680805], [25.1426264, 48.8678698], [25.1366355, 48.8711497], [25.1380281, 48.8774788], [25.1357432, 48.8901373], [25.1260496, 48.9064], [25.1233436, 48.9127607], [25.1194608, 48.9178876], [25.1182455, 48.9236093], [25.1210564, 48.9278848], [25.1340198, 48.9324821], [25.1454202, 48.9400415], [25.1462336, 48.9453182], [25.1376428, 48.9498868], [25.1341432, 48.9534949], [25.1253422, 48.9575746], [25.1201669, 48.9585292], [25.1097598, 48.9637789], [25.1124741, 48.9656493], [25.1086274, 48.9731853], [25.1066244, 48.9803208], [25.1104572, 48.9878952], [25.1148462, 48.9894575], [25.1194282, 48.9948119], [25.1116282, 48.996556], [25.1038805, 48.9948832], [25.0875404, 48.9932813], [25.0872766, 48.9840181], [25.0764552, 48.9845929], [25.076886, 48.9866835], [25.0664826, 48.989866], [25.0536597, 48.9918963], [25.048141, 48.9966356], [25.0425911, 48.997071], [25.0236338, 49.0089861], [25.0174572, 49.0113635], [25.0081985, 49.0062916], [24.996221, 49.0015111], [24.9681796, 48.9928981], [24.9656994, 48.9976347], [24.9716582, 49.002057], [24.9723058, 49.0068011], [24.9695627, 49.0113149], [24.962382, 49.0153394], [24.9603778, 49.019209], [24.9497462, 49.0242959], [24.9371099, 49.0317689], [24.9325292, 49.036111], [24.9237554, 49.0393988], [24.9159804, 49.0449649], [24.9115196, 49.0508972], [24.9049871, 49.0496944], [24.9028067, 49.0527513], [24.9044665, 49.0630138], [24.9060617, 49.0652965], [24.9068601, 49.0735733], [24.9162995, 49.0830878], [24.9300224, 49.081051], [24.9405924, 49.0809443], [24.9515651, 49.0784901], [24.9568173, 49.0753937], [24.9623864, 49.0759594], [24.9656778, 49.0721276], [24.9912198, 49.0712032], [24.9919268, 49.076001], [24.9877867, 49.0773801], [24.9906452, 49.0860419], [24.9804859, 49.0892623], [24.9794532, 49.0924862], [24.9727155, 49.0958752], [24.9769233, 49.1000363], [24.9766393, 49.1030516], [24.9853843, 49.1164498], [24.9715408, 49.1204557], [24.9564535, 49.1275642], [24.9534302, 49.1255521], [24.918749, 49.1275875], [24.8997975, 49.1290557], [24.8931511, 49.1390653], [24.8837707, 49.1441658], [24.8665209, 49.1619302], [24.8615025, 49.1597271], [24.857595, 49.1653266], [24.8564072, 49.1778128], [24.8854005, 49.1970552], [24.8882454, 49.1996214], [24.8987174, 49.2146367], [24.9135104, 49.2224064], [24.9225588, 49.2261903], [24.9335531, 49.2296783], [24.9331085, 49.2356489], [24.9262534, 49.2384649], [24.9109185, 49.2396443], [24.9000254, 49.2434537], [24.8938369, 49.2477443], [24.8697347, 49.258173], [24.8641727, 49.2568226], [24.8434205, 49.2625646], [24.8439948, 49.2699678], [24.8406365, 49.2830725], [24.8280908, 49.2853678], [24.8303997, 49.3037232], [24.8319796, 49.3054196], [24.8285517, 49.3115333], [24.8287889, 49.3218129], [24.8311213, 49.325552], [24.8328477, 49.33507], [24.8359683, 49.340807], [24.841632, 49.3409764], [24.8447061, 49.3440944], [24.8592875, 49.3470144], [24.8504738, 49.3528333], [24.8433267, 49.3542135], [24.8332612, 49.3632], [24.8307403, 49.3715201], [24.8316163, 49.3736468], [24.8284954, 49.3793824], [24.8290892, 49.385184], [24.8201417, 49.3855097], [24.8113238, 49.3885144], [24.7981431, 49.3820391], [24.7904608, 49.3814519], [24.7755831, 49.3775254], [24.7784341, 49.3831958], [24.7726716, 49.3940387], [24.7745854, 49.40155], [24.77293, 49.407924], [24.7743666, 49.4103181], [24.7701357, 49.4210067], [24.7669253, 49.424899], [24.771195, 49.4311427], [24.7663543, 49.4350586], [24.7606108, 49.4427595], [24.7505119, 49.4495748], [24.7446244, 49.4611652], [24.7459274, 49.4638599], [24.7400884, 49.4687423], [24.7295275, 49.4801071], [24.7239868, 49.4815538], [24.7291167, 49.4854372], [24.7285056, 49.49205], [24.7208316, 49.4967507], [24.7102488, 49.4950875], [24.7037643, 49.4952202], [24.7007141, 49.4918596], [24.6846673, 49.4982496], [24.6778413, 49.4962503], [24.6725041, 49.4989288], [24.6544515, 49.5042511], [24.6516519, 49.4999928], [24.6469775, 49.4974654], [24.6400256, 49.4971454], [24.6314449, 49.5007469], [24.6218037, 49.5101701], [24.6160738, 49.508964], [24.6097984, 49.5098646], [24.6006258, 49.515284], [24.5896416, 49.5190301], [24.5804651, 49.5257776], [24.5767349, 49.5270754], [24.5747692, 49.531997], [24.5695913, 49.5341219], [24.5420655, 49.5246357], [24.5440771, 49.5233701], [24.5358271, 49.5187935], [24.5325837, 49.5192105], [24.5169814, 49.5166446], [24.505327, 49.5128466], [24.5017105, 49.5190218], [24.4944052, 49.5214165], [24.4941882, 49.5262056], [24.4903547, 49.532872], [24.4909367, 49.5351144], [24.498227, 49.5386508], [24.4962502, 49.5412774], [24.4864415, 49.5434994], [24.4827526, 49.5463857], [24.4794254, 49.5440861], [24.4519072, 49.540135], [24.4493485, 49.545233], [24.4342847, 49.5361756], [24.4389077, 49.5260665], [24.4420674, 49.5163342], [24.437257, 49.5145078], [24.4398154, 49.5116119], [24.4305486, 49.5085019], [24.4126149, 49.5044933], [24.4092978, 49.4985424], [24.4042121, 49.4977205], [24.4013917, 49.4950409], [24.4073541, 49.4822068], [24.4128406, 49.4745813], [24.4180938, 49.473818], [24.4129854, 49.4585003], [24.410474, 49.4448809], [24.3838372, 49.442458], [24.3662147, 49.4330451], [24.3734926, 49.4299124], [24.3758476, 49.4133982], [24.3805269, 49.4128302], [24.3897592, 49.4090804], [24.3881609, 49.4075107], [24.3890704, 49.4007946], [24.3870089, 49.395005], [24.4017921, 49.3930734], [24.40602, 49.393311], [24.4110455, 49.3894474], [24.4204472, 49.384891], [24.4300812, 49.3770181], [24.4293638, 49.3732931], [24.4198855, 49.3717672], [24.4153568, 49.3680671], [24.4064136, 49.3660294], [24.4004994, 49.3619071], [24.3961235, 49.3527203], [24.3961309, 49.3476414], [24.3941767, 49.3410432], [24.4020191, 49.3397632], [24.4010421, 49.3362501], [24.3935068, 49.3329453], [24.3935195, 49.3307387], [24.3890068, 49.3231935], [24.3859062, 49.3204317], [24.3809649, 49.3106038], [24.3778366, 49.3099949], [24.3586958, 49.3223664], [24.3459715, 49.3112583], [24.3414682, 49.3103827], [24.3025678, 49.3158611], [24.301211, 49.3128503], [24.2987871, 49.2958336], [24.2994207, 49.2878664], [24.3048509, 49.2775344], [24.3119745, 49.2796373], [24.3244702, 49.2860372], [24.3314833, 49.2875556], [24.3389757, 49.2919665], [24.3582102, 49.2859863], [24.358722, 49.281267], [24.3639187, 49.2807444], [24.3639601, 49.2779225], [24.358872, 49.269877], [24.3584781, 49.2620699], [24.3503902, 49.2599753], [24.3526093, 49.2574365], [24.3478316, 49.2548035], [24.3457947, 49.2405461], [24.350031, 49.2372495], [24.3590756, 49.2329882], [24.3785143, 49.2302892], [24.3883263, 49.2275757], [24.4070194, 49.2283334], [24.4272758, 49.2319327], [24.4334072, 49.2318857], [24.4386099, 49.2301111], [24.4469699, 49.2302986], [24.4344967, 49.2208417], [24.4366889, 49.2140666], [24.4347734, 49.2117295], [24.4347493, 49.2061424], [24.4379747, 49.1972083], [24.4316965, 49.1907273], [24.4355822, 49.1841261], [24.4341339, 49.1781352], [24.4349728, 49.17381], [24.4164067, 49.16814], [24.4099545, 49.1722945], [24.4017993, 49.1750582], [24.390491, 49.181757], [24.3841408, 49.1883633], [24.3750654, 49.1886781], [24.3566622, 49.1858145], [24.3533257, 49.1812994], [24.3359906, 49.1803543], [24.3089035, 49.1712008], [24.2930545, 49.1684378], [24.2818333, 49.1683911], [24.2747221, 49.1651984], [24.24636, 49.149991], [24.2345285, 49.1445661], [24.2188326, 49.1453718], [24.2113402, 49.1483871], [24.1979369, 49.1388471], [24.2123597, 49.1337325], [24.1975323, 49.1333428], [24.1916066, 49.1394351], [24.1820778, 49.1430263], [24.1718168, 49.144128], [24.1634137, 49.1340278], [24.1646304, 49.127658], [24.1552802, 49.128122], [24.1493547, 49.1303122], [24.1429715, 49.139472], [24.1394889, 49.1425506], [24.1353142, 49.1427559], [24.1235706, 49.1400283], [24.1173354, 49.1420342], [24.1074413, 49.1408198], [24.1010806, 49.1450723], [24.0893322, 49.1471486], [24.0850005, 49.148761], [24.0813258, 49.1452976], [24.0762538, 49.1466889], [24.0704951, 49.146138], [24.0584572, 49.1470785], [24.0565961, 49.1436233], [24.050944, 49.1404945], [24.0459169, 49.1337855], [24.0364717, 49.125076], [24.0317185, 49.1235502], [24.0235666, 49.1181944], [24.0137935, 49.1178336], [24.0126708, 49.1258259], [24.0042312, 49.1297216], [23.9802426, 49.1345018], [23.9695063, 49.137934], [23.9615982, 49.128162], [23.9555677, 49.1297357], [23.9460499, 49.1270833], [23.9324281, 49.1216783], [23.9266555, 49.1160071], [23.9142967, 49.1097614], [23.9081758, 49.1015357], [23.9044927, 49.0982005], [23.8980888, 49.1017103], [23.8789226, 49.1038441], [23.8780923, 49.106927], [23.8711084, 49.1099258], [23.829326, 49.1135468], [23.826803, 49.1106455], [23.8212079, 49.1089774], [23.812456, 49.110251], [23.801617, 49.1064103], [23.7972734, 49.1080691], [23.7942168, 49.1127242], [23.7829324, 49.119658], [23.7755031, 49.1144042], [23.7731267, 49.1171547], [23.7642945, 49.1221374], [23.7549385, 49.120637], [23.7559444, 49.1164602], [23.7502313, 49.1128156], [23.7438287, 49.1123201], [23.7391432, 49.1102614], [23.7376882, 49.103432], [23.7256408, 49.0962636], [23.7180089, 49.0934861], [23.7163818, 49.0990841], [23.7116406, 49.102521], [23.7055723, 49.0986639], [23.6988494, 49.1011266], [23.6966565, 49.0982254], [23.6907354, 49.096291], [23.6833309, 49.0869177], [23.684084, 49.0817335], [23.6772811, 49.0754021], [23.6788743, 49.0723055], [23.6860079, 49.0696851], [23.6878377, 49.065614], [23.6820817, 49.0630095], [23.6790132, 49.0566049], [23.6778492, 49.0494471], [23.6794784, 49.0472382], [23.6778244, 49.0430613], [23.6731595, 49.0406739], [23.6738312, 49.036945], [23.6685902, 49.0319279], [23.659755, 49.0255545], [23.6563937, 49.0266959], [23.6490373, 49.0225342], [23.6417263, 49.0262847], [23.6411485, 49.0298369], [23.6360633, 49.0315832], [23.6317581, 49.02859], [23.6220678, 49.0254348], [23.6202646, 49.022744], [23.62361, 49.0133845], [23.6121791, 49.0052128], [23.6039783, 49.0011737], [23.6006321, 49.0007905], [23.5951672, 48.9970341], [23.5871859, 48.9879104], [23.5825081, 48.9854724], [23.5756235, 48.9794301], [23.5658197, 48.9745763], [23.5672113, 48.9688228], [23.5778781, 48.9649351], [23.5814935, 48.9585102], [23.5858992, 48.9557375], [23.583687, 48.9456683], [23.5800022, 48.9422697], [23.5751938, 48.9336317], [23.5724927, 48.9318536], [23.5614709, 48.910745], [23.5660031, 48.9067755], [23.5676448, 48.9023042], [23.5707861, 48.9006428], [23.5765545, 48.8882934], [23.5818028, 48.8849981], [23.588169, 48.8849791], [23.5942702, 48.8833313], [23.6018986, 48.8848058], [23.6065522, 48.8839172], [23.6076115, 48.8761053], [23.5949796, 48.8760131], [23.5863569, 48.871707], [23.5824451, 48.8719352], [23.5716142, 48.8616343], [23.5709322, 48.8554685], [23.5677177, 48.853548], [23.5747531, 48.8455031], [23.5664409, 48.8420892], [23.569622, 48.8372804], [23.5659367, 48.8329726], [23.5651205, 48.8284463], [23.5521167, 48.8220676], [23.5581851, 48.8189873], [23.5575014, 48.8148448], [23.5697072, 48.803424], [23.5696637, 48.7953721], [23.5730808, 48.7920442], [23.5744142, 48.7877123], [23.5789694, 48.7850143], [23.5761721, 48.7811625], [23.5776969, 48.7783584], [23.5684918, 48.7734799], [23.5662636, 48.7676666], [23.5611874, 48.7637234], [23.5598355, 48.7592167], [23.5563533, 48.7553002], [23.5542467, 48.748358], [23.5552299, 48.7453218], [23.5492019, 48.7372201], [23.5482911, 48.7253697], [23.5522926, 48.7240221], [23.5593232, 48.7251556], [23.57015, 48.7247717], [23.5758977, 48.7231457], [23.5854908, 48.7183141], [23.5935148, 48.7165421], [23.5938293, 48.7119643], [23.5964614, 48.7065494], [23.6014279, 48.705064], [23.6068895, 48.706046], [23.6136538, 48.7038273], [23.617799, 48.7064727], [23.6260087, 48.7065158], [23.6345761, 48.7014064], [23.6381893, 48.6980689], [23.6358064, 48.6940816], [23.6393284, 48.69121], [23.637259, 48.6844323], [23.6436682, 48.6825264], [23.6510852, 48.6788412], [23.6570033, 48.6736589], [23.6611823, 48.6727989], [23.6633907, 48.6676593], [23.6694817, 48.6670095], [23.6750563, 48.6644008], [23.6762625, 48.6605065], [23.6821743, 48.6553624], [23.6841285, 48.6502356], [23.6876187, 48.646987], [23.698193, 48.6435533], [23.705195, 48.6389535], [23.7155058, 48.6376835], [23.719277, 48.6385768], [23.7326504, 48.6380008], [23.7460549, 48.6465839], [23.7554634, 48.6438709], [23.7657836, 48.6458282], [23.7721905, 48.6409617], [23.7782624, 48.6434862], [23.7881437, 48.6408237], [23.7934567, 48.6369887], [23.7973739, 48.630886], [23.7942071, 48.6293407], [23.7957964, 48.6259173], [23.7936555, 48.6149317], [23.7878203, 48.6134249], [23.786535, 48.6060369], [23.790372, 48.6023509], [23.7964438, 48.6006736], [23.7914295, 48.5950515], [23.7925121, 48.591274], [23.8023283, 48.5854], [23.8040131, 48.5805843], [23.8082835, 48.5810415], [23.8168182, 48.5772962], [23.8237231, 48.5795584], [23.8330534, 48.5760454], [23.8350885, 48.5725914], [23.8323102, 48.567659], [23.839947, 48.5643037], [23.8460976, 48.5592129], [23.8621487, 48.5540611], [23.8699938, 48.5564673], [23.8813949, 48.5532317], [23.8932946, 48.5549644], [23.9074355, 48.5614717], [23.9128821, 48.5553011], [23.9289158, 48.5523017], [23.9267834, 48.5471796], [23.9192474, 48.5431098], [23.9178589, 48.5364666], [23.9147517, 48.532183], [23.9198492, 48.5291691], [23.9178216, 48.5267673], [23.9216118, 48.5226429], [23.9196, 48.5209282], [23.9241139, 48.5157063], [23.9244363, 48.5123421], [23.9183576, 48.5091582], [23.9176523, 48.4991886], [23.919126, 48.4932516], [23.9089105, 48.4851136], [23.9083427, 48.4808105], [23.912183, 48.472893], [23.9257179, 48.4650961], [23.9452627, 48.4627134], [23.951083, 48.4599253], [23.9659113, 48.4584304], [23.9806815, 48.4658025], [23.9802108, 48.4691878], [23.976212, 48.4716254], [23.973227, 48.4766317], [23.9807531, 48.479832], [23.9830959, 48.4842793], [23.9885602, 48.4899998], [23.990176, 48.4959721], [23.9942076, 48.5018833], [24.0033799, 48.5061133], [24.0082043, 48.5032915], [24.0157331, 48.5050398], [24.0241697, 48.5034913], [24.0318758, 48.5007076], [24.0393314, 48.5040644], [24.0423347, 48.5092778], [24.0549148, 48.5139615], [24.0569534, 48.5136153], [24.0670132, 48.5176113], [24.0767312, 48.5124854], [24.0790914, 48.5162998], [24.0879436, 48.5196411], [24.0885965, 48.5271554], [24.0971494, 48.5245156], [24.1022182, 48.5253037], [24.1103094, 48.5335556], [24.1241848, 48.534142], [24.1316736, 48.5300416], [24.1328889, 48.5241057], [24.1269304, 48.5156867], [24.1229861, 48.5130753], [24.1220897, 48.5075459], [24.1187847, 48.5016328], [24.1150283, 48.4998031], [24.1175589, 48.4949777], [24.1252993, 48.4918416], [24.128137, 48.4887701], [24.1353963, 48.4847716], [24.1400473, 48.48091], [24.1269081, 48.4701956], [24.1254664, 48.4674553], [24.1261811, 48.4599522], [24.1296164, 48.4549941], [24.1266282, 48.4521025], [24.1304699, 48.4499805], [24.1291375, 48.4449408], [24.1344774, 48.4368069], [24.1454481, 48.4345163], [24.1432726, 48.4178154], [24.1412805, 48.4088137], [24.148115, 48.4048347], [24.1525955, 48.4002776], [24.1496357, 48.3945802], [24.1519099, 48.3892835], [24.1564597, 48.3858301], [24.1650858, 48.3833748], [24.1687105, 48.3769784], [24.1817034, 48.3748886], [24.1801795, 48.3644171], [24.1845912, 48.3640329], [24.1926348, 48.3664572], [24.1992403, 48.3637628], [24.2093646, 48.3651373], [24.2177177, 48.3595969], [24.2277151, 48.3559581], [24.2398902, 48.3587693], [24.2481109, 48.3570704], [24.2544556, 48.3502757], [24.2578241, 48.3496528], [24.2658014, 48.3548034], [24.269322, 48.3627424], [24.2738075, 48.3651179], [24.2748431, 48.3716386], [24.2822357, 48.3746412], [24.2834841, 48.3785569], [24.2890187, 48.3806582], [24.2823902, 48.3886621], [24.2811714, 48.3917117], [24.2890778, 48.3983902], [24.3036097, 48.3968955], [24.3163413, 48.3928009], [24.3194818, 48.38944], [24.3303505, 48.3892591], [24.3352494, 48.3863551], [24.3397118, 48.3858806], [24.3492864, 48.381652], [24.3542955, 48.3783626], [24.3583242, 48.3732724], [24.3539422, 48.3702199], [24.3515732, 48.3651828], [24.3512206, 48.359103], [24.3551473, 48.3534825], [24.3626036, 48.3494361], [24.3719968, 48.3499752], [24.3858563, 48.3421816], [24.389696, 48.3417813], [24.3922201, 48.335734], [24.398082, 48.33354], [24.4180885, 48.3308586], [24.4161095, 48.3260049], [24.428057, 48.3189071], [24.4286294, 48.3149185], [24.4317149, 48.3129704], [24.4388152, 48.3149043], [24.4410259, 48.3122371], [24.439453, 48.308615], [24.4451933, 48.3027614], [24.4512214, 48.2992651], [24.4595498, 48.2974108], [24.4596736, 48.2924374], [24.468203, 48.290445], [24.4756677, 48.2828797], [24.4817605, 48.2837124], [24.488186, 48.2798435], [24.4903555, 48.2724086], [24.4870731, 48.2700267], [24.4886638, 48.262346], [24.4864631, 48.2571025], [24.4870644, 48.2528038], [24.4835622, 48.2473185], [24.4851822, 48.2432432], [24.4985399, 48.2420927], [24.5063316, 48.2395811], [24.5199611, 48.2366976], [24.526199, 48.2335056], [24.5319049, 48.2289595], [24.5379194, 48.2259399], [24.5455697, 48.216027], [24.5315453, 48.2126332], [24.5288017, 48.210431], [24.5249568, 48.2026852], [24.5208489, 48.2007182], [24.5255341, 48.1956978], [24.5168372, 48.1883007], [24.5101802, 48.1864333], [24.5110362, 48.1793079], [24.5161706, 48.1776182], [24.5174969, 48.1727315], [24.5121755, 48.1721304], [24.5057338, 48.1675643], [24.4999444, 48.1601536], [24.5035529, 48.152684], [24.5133122, 48.1493064], [24.5232361, 48.1428755], [24.5266188, 48.1373766], [24.531455, 48.1352815], [24.5331939, 48.1282894], [24.5301412, 48.1242398], [24.5442289, 48.1198037], [24.5543966, 48.1179534], [24.5585329, 48.1127644], [24.5571581, 48.1083823], [24.5590386, 48.1052515], [24.569115, 48.1042839], [24.5765372, 48.1018411], [24.585488, 48.0930951], [24.5956747, 48.0907143], [24.6011162, 48.0827211], [24.6042914, 48.0807137], [24.6044911, 48.0769492], [24.6096809, 48.0745999], [24.6106379, 48.0707386], [24.6194199, 48.0648108], [24.6212921, 48.0590351], [24.6257687, 48.0529575], [24.6272952, 48.0468543], [24.6230489, 48.045737], [24.6154529, 48.0412413], [24.6125346, 48.037104], [24.6084845, 48.0361409], [24.6006095, 48.0369426], [24.5930269, 48.0318937], [24.5886281, 48.0249896], [24.5799619, 48.020458], [24.5742112, 48.0138412], [24.5737419, 48.0095904], [24.5705634, 48.0040543], [24.5735487, 47.9990202], [24.5685169, 47.9950751], [24.5661592, 47.9883132], [24.5665508, 47.9824876], [24.5643246, 47.9772539], [24.5646626, 47.9714073], [24.5704468, 47.9688303], [24.5800464, 47.9668378], [24.5829417, 47.964948], [24.5840667, 47.9607564], [24.5939523, 47.9558035], [24.5985094, 47.9498736], [24.5958942, 47.9469848], [24.6016935, 47.9452411], [24.6107617, 47.9517725], [24.6149057, 47.9507458], [24.6234292, 47.9517713], [24.628475, 47.9480106], [24.6305331, 47.9411513], [24.6323749, 47.9398105], [24.629781, 47.9343718], [24.6365967, 47.9297495], [24.635075, 47.9245072], [24.6516714, 47.9191557], [24.6538809, 47.9137569], [24.6526441, 47.9106676], [24.6610262, 47.9088777], [24.6739196, 47.8963961], [24.6732394, 47.8933871], [24.6672185, 47.8851492], [24.6682687, 47.8812039], [24.6657523, 47.8764248], [24.67265, 47.8635631], [24.6804313, 47.8611445], [24.6869185, 47.8562959], [24.6918924, 47.8561307], [24.7023133, 47.8526506], [24.7044843, 47.8506112], [24.7041893, 47.8429721], [24.7060689, 47.8399448], [24.7201785, 47.8391689], [24.7279903, 47.8409801], [24.7344891, 47.8439284], [24.7392382, 47.8412012], [24.740741, 47.8370071], [24.7458869, 47.8350808], [24.7528121, 47.8297531], [24.7584251, 47.8371438], [24.7653348, 47.8394526], [24.7698186, 47.8377075], [24.7781911, 47.8368817], [24.7785508, 47.8316057], [24.7839738, 47.8234207], [24.7884417, 47.824677], [24.7964197, 47.8245459], [24.8046997, 47.8224567], [24.8083003, 47.8232223], [24.82773, 47.82074], [24.8280968, 47.8182721], [24.8230565, 47.8128272], [24.821658, 47.8060793], [24.8353053, 47.7957201], [24.8374897, 47.7865072], [24.8362408, 47.7796892], [24.8512551, 47.7749211], [24.8548105, 47.7708713], [24.8552651, 47.7657523], [24.8783617, 47.7526555], [24.8775302, 47.7487837], [24.8805431, 47.7459413], [24.8811867, 47.7390965], [24.88609, 47.73388], [24.8830566, 47.7243356], [24.9014843, 47.7247766], [24.9223094, 47.7267319], [24.9209565, 47.7311641], [24.9234724, 47.7346369], [24.9228072, 47.741055], [24.9278766, 47.7461828], [24.9285954, 47.752383], [24.9338955, 47.7568714], [24.9397105, 47.7644298], [24.9383774, 47.7729011], [24.9448325, 47.7907298], [24.9505305, 47.79878], [24.9565264, 47.8005757], [24.9575498, 47.8055826], [24.965056, 47.8110047], [24.9643634, 47.8136632], [24.9746286, 47.8197749], [24.9734447, 47.8222522], [24.9761287, 47.8259665], [24.9808636, 47.8255544], [24.9866063, 47.8334035], [24.986204, 47.8377181], [24.9897462, 47.8440736], [24.9968444, 47.8534137], [24.9955058, 47.857752], [24.9902004, 47.8569944], [24.9856169, 47.8597123], [24.9868593, 47.8650639], [24.984903, 47.8678506], [24.9749023, 47.8708144], [24.9720547, 47.8761437], [24.9660111, 47.8759489], [24.9562925, 47.8795681], [24.9566984, 47.8858956], [24.9481557, 47.8909228], [24.9493504, 47.8944888], [24.9447791, 47.8989886], [24.9500952, 47.9035257], [24.9535824, 47.9022461], [24.9603594, 47.90296], [24.9571663, 47.9074105], [24.9572175, 47.9182024], [24.9512997, 47.9222598], [24.9487799, 47.9208446], [24.9424026, 47.9307122], [24.9322803, 47.9370351], [24.9267989, 47.9372967], [24.9192573, 47.9465101], [24.9195652, 47.9553005], [24.9160012, 47.9630223], [24.9193222, 47.9656118], [24.9145288, 47.9689251], [24.916559, 47.9755979], [24.9128247, 47.9812593], [24.9094197, 47.9981274], [24.913564, 47.9997728], [24.9128443, 48.0026203], [24.9203278, 48.0095689], [24.9169403, 48.013088], [24.9135308, 48.0126712], [24.911212, 48.0177651], [24.9122422, 48.0277111], [24.9212864, 48.0307637], [24.9199737, 48.0330875], [24.9364542, 48.0411131], [24.942161, 48.0462415], [24.9389448, 48.0481707], [24.948557, 48.0528798], [24.9587764, 48.060335], [24.9641267, 48.0676714], [24.9749686, 48.0743579], [24.9859787, 48.0779829], [24.9886111, 48.0822056], [24.994826, 48.0873482], [24.9954327, 48.0925694], [24.988861, 48.0946775], [24.9857345, 48.1005336], [24.9867055, 48.1029105], [24.9817863, 48.1058497], [24.9799409, 48.1117885], [24.9916433, 48.119478], [24.9995564, 48.120345], [25.0069267, 48.1185521], [25.0101107, 48.1148514], [25.0237232, 48.1104846], [25.0295531, 48.1098506], [25.0350843, 48.1110517], [25.0394746, 48.1139219], [25.0392864, 48.1181907], [25.0363028, 48.1218481], [25.0399935, 48.1283596], [25.0486131, 48.1302354], [25.0581822, 48.1285837], [25.0672243, 48.1325996], [25.0678648, 48.1389067], [25.0718565, 48.1441171], [25.0646852, 48.1566085], [25.0704303, 48.1591251], [25.0785541, 48.1606038], [25.0896069, 48.1599072], [25.0936256, 48.1636754], [25.0848725, 48.1689109], [25.0821807, 48.1721221], [25.0845167, 48.1783319], [25.0976454, 48.1861616], [25.1109166, 48.1853891], [25.1157142, 48.1840625], [25.122827, 48.1787869], [25.1295216, 48.1775481], [25.1376566, 48.1815336], [25.1386416, 48.1881274], [25.1373533, 48.1962598], [25.1331493, 48.1982216], [25.1296306, 48.2021665], [25.123941, 48.2053727], [25.1176212, 48.2064236], [25.1141065, 48.2102513], [25.1197691, 48.2170242], [25.1173999, 48.2202749], [25.1075515, 48.2228079], [25.1099905, 48.225693], [25.1221383, 48.2313749], [25.1263252, 48.2324166], [25.1268107, 48.235552], [25.1345408, 48.2389124], [25.1430327, 48.2453128], [25.1491883, 48.2478509], [25.1617196, 48.2478491], [25.1718879, 48.2454539], [25.1776254, 48.2469499], [25.1853941, 48.252386], [25.1909615, 48.2546811], [25.1993126, 48.2629044], [25.2042204, 48.2662701], [25.2048842, 48.272574], [25.2324344, 48.2911998], [25.2384871, 48.3081322], [25.2437872, 48.3151571], [25.2481381, 48.3162607], [25.2556457, 48.3142396], [25.26045, 48.3192686], [25.2661042, 48.3213351], [25.2662267, 48.3263273], [25.2729884, 48.3268251], [25.2773336, 48.3299084], [25.2797322, 48.3381015], [25.2825632, 48.3421903], [25.2875464, 48.3453513], [25.2928448, 48.3453911], [25.29701, 48.3503883], [25.313114, 48.3639749], [25.314749, 48.3671382], [25.3252604, 48.3704538], [25.3277324, 48.3729547], [25.3365714, 48.3747915], [25.3536193, 48.3828398], [25.3633265, 48.3844516], [25.3658831, 48.3837794], [25.3790577, 48.391485], [25.3893768, 48.3932268], [25.3942199, 48.3914124], [25.4023781, 48.3923817], [25.4072759, 48.3956836], [25.4105052, 48.3955269], [25.4186136, 48.3920949], [25.4227281, 48.3925918], [25.428637, 48.3970407], [25.4326093, 48.3945224], [25.4381347, 48.3972954], [25.436587, 48.4013877], [25.4441455, 48.4033607], [25.4489279, 48.4004332], [25.4631549, 48.3990672], [25.4765596, 48.4014938], [25.4816635, 48.3993562], [25.4884429, 48.3998717], [25.4912869, 48.4024048], [25.4956705, 48.4012924], [25.5122399, 48.3998482], [25.5190463, 48.3982366], [25.5205006, 48.3963067], [25.5293061, 48.3955487], [25.5294497, 48.3911204], [25.5359172, 48.3858288], [25.5415407, 48.3835813], [25.5470651, 48.3840632], [25.5590004, 48.381085], [25.5648556, 48.381402], [25.5730364, 48.377456], [25.5775854, 48.3790077], [25.5803481, 48.3769785], [25.5903908, 48.3751438], [25.5982651, 48.3757498], [25.6017628, 48.3777268], [25.6103057, 48.3796099], [25.6192723, 48.379421], [25.6153911, 48.3877952], [25.6184167, 48.3921234], [25.6159168, 48.3971653], [25.6191274, 48.4004848], [25.6199187, 48.4113019], [25.6188244, 48.4135878], [25.6039435, 48.4109476], [25.6053704, 48.414097], [25.6117567, 48.4191243], [25.6082645, 48.4229746], [25.6100777, 48.4259008], [25.6073847, 48.4313611], [25.6065203, 48.4385128], [25.6027503, 48.4470219], [25.6068447, 48.4514777], [25.6056896, 48.4576404], [25.6061884, 48.4654147], [25.6034143, 48.4667975], [25.5980855, 48.4730973], [25.6020123, 48.4788087], [25.6008777, 48.4837833], [25.6030038, 48.4900789], [25.5995312, 48.5004515], [25.6051887, 48.5125621], [25.6092221, 48.5266542], [25.6059605, 48.5331072], [25.6055903, 48.5381867], [25.6016126, 48.539048], [25.5998424, 48.5429815], [25.6038791, 48.5508831], [25.5984052, 48.5574196], [25.6006758, 48.560537], [25.5981553, 48.5655449], [25.6016922, 48.5706538], [25.5960908, 48.576378], [25.5932617, 48.5836349], [25.5872869, 48.5898741], [25.5896331, 48.5970607], [25.5906799, 48.6058104], [25.5881613, 48.6204384], [25.5895802, 48.6231884], [25.585219, 48.6286417], [25.5851224, 48.6339863], [25.6072721, 48.6533428], [25.6336167, 48.6669952], [25.6369039, 48.6702221], [25.6264142, 48.6733441], [25.6211907, 48.67758], [25.6216555, 48.6812006], [25.6287208, 48.6860737], [25.643144, 48.6919055], [25.6476637, 48.6950836], [25.6519326, 48.7005661]]]}, "properties": {"name:ua": "Івано-Франківська область", "name:en": "Ivano-Frankivsk Oblast", "type": "oblast", "id": "ivanofrankivsk_oblast"}}, {"type": "Feature", "geometry": {"type": "Polygon", "coordinates": [[[37.505028, 49.1851869], [37.5129729, 49.1992925], [37.5287014, 49.2068528], [37.5484505, 49.2128875], [37.5610059, 49.2280431], [37.5684732, 49.2314008], [37.5971299, 49.2300347], [37.6142746, 49.2331348], [37.7118835, 49.2199773], [37.7975285, 49.2022964], [37.7983037, 49.2088276], [37.8246027, 49.2064602], [37.8246054, 49.2026627], [37.8435096, 49.201336], [37.8465942, 49.2048638], [37.8504914, 49.222061], [37.8608662, 49.2325078], [37.8745133, 49.2339965], [37.8662869, 49.2463704], [37.8905878, 49.2518323], [37.8957986, 49.2558698], [37.9100686, 49.2609013], [37.8988744, 49.2702854], [37.9137111, 49.277715], [37.9526675, 49.2826546], [37.9584141, 49.2851618], [37.947861, 49.2986528], [37.9483169, 49.3031933], [37.9231553, 49.3084568], [37.8834557, 49.3126874], [37.8841209, 49.3173035], [37.8769165, 49.3287301], [37.8864732, 49.3417181], [37.8851026, 49.3495798], [37.8893298, 49.3663057], [37.8962713, 49.4034895], [37.8776455, 49.4187857], [37.8798133, 49.4358052], [37.8745133, 49.4365221], [37.8755942, 49.4467491], [37.8440005, 49.4452346], [37.8508964, 49.4877142], [37.8371044, 49.4923071], [37.8453577, 49.501242], [37.8420103, 49.5077233], [37.8468168, 49.5206187], [37.8857732, 49.5188635], [37.8940505, 49.5245781], [37.9174823, 49.5340277], [37.9259607, 49.5416342], [37.9272576, 49.5478595], [37.886433, 49.549142], [37.9011744, 49.5741737], [37.9176886, 49.5680106], [37.9237533, 49.5701348], [37.9523188, 49.5685519], [37.9523456, 49.5732205], [37.9379421, 49.583186], [37.9340331, 49.5939836], [37.9416817, 49.5938725], [37.9443097, 49.6112904], [37.9748306, 49.6116033], [37.9744269, 49.6201664], [37.9819143, 49.6261271], [37.994805, 49.6279566], [37.987107, 49.6418408], [37.9959275, 49.6477859], [38.045834, 49.657671], [38.0252159, 49.6700599], [38.0146949, 49.6789225], [38.0133793, 49.6954199], [38.0062768, 49.6952152], [37.9986513, 49.70038], [38.0175863, 49.7062398], [38.0167106, 49.7129176], [37.9970527, 49.7134448], [37.9907683, 49.7157055], [37.9747072, 49.7084843], [37.9598585, 49.7182435], [37.9514337, 49.731662], [37.9678434, 49.7587057], [37.9766813, 49.7678], [37.9820833, 49.7568187], [37.9892957, 49.7522734], [38.0092406, 49.7573507], [38.0101928, 49.7651892], [38.0365992, 49.7784652], [38.0379456, 49.7827777], [38.0525154, 49.783448], [38.0548811, 49.7915125], [38.0396059, 49.7948854], [38.0302128, 49.8020963], [38.0095719, 49.8127852], [38.0196744, 49.8345329], [38.0185157, 49.8373977], [38.0488064, 49.8390422], [38.073678, 49.8360138], [38.0930972, 49.8456678], [38.0678044, 49.8644756], [38.0462618, 49.882772], [38.0390493, 49.8938361], [38.0223745, 49.9094742], [38.0236913, 49.919626], [38.02093, 49.9257507], [38.04387, 49.93283], [38.025386, 49.9505358], [38.0087366, 49.9630051], [37.9991015, 49.9635431], [37.9802841, 49.9766962], [37.9619996, 49.9828822], [37.9231543, 50.0364087], [37.89253, 50.05096], [37.8589496, 50.0554256], [37.8293345, 50.0662919], [37.7972976, 50.0842501], [37.7561548, 50.0777852], [37.74336, 50.09439], [37.7251965, 50.107637], [37.70164, 50.13439], [37.69083, 50.14246], [37.66851, 50.15276], [37.65238, 50.17044], [37.63899, 50.17937], [37.64345, 50.19087], [37.6300689, 50.2016193], [37.6149007, 50.2167949], [37.6150124, 50.2223998], [37.6271388, 50.2417517], [37.6256144, 50.2450826], [37.6280486, 50.2608932], [37.62646, 50.29335], [37.63813, 50.30279], [37.6357108, 50.3106734], [37.6299977, 50.3137394], [37.6074082, 50.3164696], [37.5849581, 50.3139449], [37.57702, 50.30657], [37.55573, 50.32974], [37.5214259, 50.3365107], [37.50818, 50.34708], [37.5058787, 50.3521124], [37.4849618, 50.3567588], [37.47196, 50.36922], [37.46612, 50.38038], [37.466392, 50.4055778], [37.4623982, 50.4184776], [37.4651138, 50.4309495], [37.4778933, 50.4312266], [37.4847043, 50.4346924], [37.48449, 50.44493], [37.49102, 50.45746], [37.4768896, 50.4594394], [37.4688872, 50.4536193], [37.4315901, 50.4434452], [37.4212579, 50.4348524], [37.3967177, 50.4311997], [37.3777258, 50.4327375], [37.3521098, 50.4374924], [37.3329961, 50.4370108], [37.31943, 50.4328625], [37.3093061, 50.4258508], [37.2993461, 50.4059408], [37.2924861, 50.4013008], [37.2560355, 50.3925377], [37.2217804, 50.3792883], [37.2151586, 50.3749217], [37.1816705, 50.3630587], [37.1475691, 50.3564764], [37.1383502, 50.3611291], [37.1025852, 50.3573197], [37.1053211, 50.3518507], [37.0708007, 50.3466573], [37.0592554, 50.3472418], [37.0445293, 50.3449561], [37.0375341, 50.3487531], [36.9821542, 50.3499062], [36.9577461, 50.3493768], [36.9376105, 50.3504564], [36.9160773, 50.3466622], [36.8866434, 50.3379447], [36.8737335, 50.3385456], [36.85226, 50.32768], [36.83287, 50.31309], [36.80969, 50.31155], [36.80008, 50.30605], [36.7680055, 50.3017071], [36.7641914, 50.2919509], [36.74841, 50.28786], [36.7290866, 50.2770334], [36.719715, 50.2771328], [36.6986167, 50.2654512], [36.6890037, 50.2667337], [36.6836822, 50.2577214], [36.68386, 50.2494], [36.67992, 50.23807], [36.6634262, 50.2218268], [36.648556, 50.2177628], [36.6406596, 50.2218199], [36.6185152, 50.2269302], [36.6132742, 50.2236458], [36.5947697, 50.2301063], [36.5613627, 50.2495272], [36.5681434, 50.2573647], [36.5745699, 50.2559894], [36.5801489, 50.2627868], [36.5741301, 50.2753638], [36.5935868, 50.2759843], [36.586597, 50.2846641], [36.5606975, 50.2840128], [36.5568513, 50.2812602], [36.5237438, 50.2866356], [36.5169789, 50.2938288], [36.5010774, 50.2991543], [36.4933727, 50.3106466], [36.4727801, 50.3129515], [36.4400035, 50.3112489], [36.4335018, 50.3306487], [36.4262491, 50.3284981], [36.4053547, 50.3094263], [36.374445, 50.3000315], [36.3784683, 50.2940894], [36.3668865, 50.2882133], [36.3285363, 50.2892861], [36.2971881, 50.2921573], [36.2994275, 50.2990332], [36.2861952, 50.2986257], [36.2843519, 50.3065957], [36.2762429, 50.3170867], [36.2740421, 50.3241384], [36.2838665, 50.3355488], [36.255416, 50.35539], [36.24252, 50.35789], [36.23342, 50.36373], [36.23085, 50.3718], [36.21076, 50.38673], [36.20579, 50.39411], [36.1847886, 50.4065642], [36.1771388, 50.4017441], [36.17077, 50.40888], [36.16064, 50.43154], [36.13781, 50.43772], [36.1191, 50.43823], [36.09283, 50.44493], [36.086365, 50.4486064], [36.06966, 50.4463], [36.06794, 50.45076], [36.04425, 50.44887], [36.01799, 50.4451], [36.00357, 50.44527], [35.99842, 50.44304], [35.9749, 50.44063], [35.9676628, 50.4354474], [35.9508451, 50.4349579], [35.9318921, 50.4307954], [35.9212403, 50.4369583], [35.9122196, 50.4343311], [35.9052053, 50.438154], [35.888139, 50.437787], [35.8723086, 50.4228025], [35.8556, 50.42913], [35.8353759, 50.424842], [35.8320889, 50.4339534], [35.7928777, 50.4160178], [35.8068815, 50.4048901], [35.8026597, 50.3979386], [35.7904074, 50.3887083], [35.7566239, 50.3683974], [35.73818, 50.35446], [35.6728033, 50.3550411], [35.6588589, 50.3511605], [35.6538404, 50.3468667], [35.68033, 50.34262], [35.6823725, 50.3475864], [35.6926624, 50.3456316], [35.6886612, 50.3347382], [35.6830013, 50.3351072], [35.6732887, 50.3256718], [35.6603619, 50.3268231], [35.6557588, 50.3124003], [35.6502278, 50.3097534], [35.6364826, 50.3134255], [35.6242151, 50.3200323], [35.6303036, 50.3244359], [35.6117436, 50.3261469], [35.5939337, 50.3312547], [35.5734275, 50.319806], [35.5589341, 50.3212365], [35.5159175, 50.3172416], [35.5353313, 50.3020062], [35.5244478, 50.2901141], [35.5042539, 50.299842], [35.4963592, 50.2926133], [35.4583197, 50.3096079], [35.4595938, 50.3149295], [35.4390285, 50.316894], [35.4364765, 50.3221775], [35.4234871, 50.3350487], [35.4099159, 50.320974], [35.3967883, 50.3187916], [35.3790932, 50.3205345], [35.3801695, 50.3114323], [35.3854331, 50.3059236], [35.3822305, 50.2944786], [35.3300292, 50.3186529], [35.2965161, 50.2895163], [35.3249257, 50.2777124], [35.3287345, 50.2734057], [35.3159052, 50.2707639], [35.3000775, 50.2625297], [35.2661274, 50.2652909], [35.2604545, 50.2569866], [35.262451, 50.2493084], [35.2590325, 50.2408963], [35.2603892, 50.2344283], [35.2376129, 50.2364508], [35.2347559, 50.2280774], [35.1991036, 50.2353425], [35.1926064, 50.2282248], [35.1612905, 50.2372936], [35.1480809, 50.2422051], [35.1283031, 50.2267777], [35.1054519, 50.2144842], [35.0896006, 50.2123688], [35.0700952, 50.2058684], [35.0770162, 50.2004302], [35.0698879, 50.1965419], [35.0682103, 50.1884138], [35.0588369, 50.1855302], [35.0398747, 50.1647254], [35.029597, 50.1660928], [35.0325083, 50.1802657], [35.0089463, 50.1844748], [34.9774903, 50.182132], [34.9621449, 50.1845789], [34.9731362, 50.1624901], [34.9733967, 50.1582902], [34.9638518, 50.1553244], [34.9403583, 50.1521815], [34.9327884, 50.1347073], [34.9373726, 50.0957093], [34.9494411, 50.0967029], [34.9558887, 50.093287], [34.9572461, 50.082447], [34.96375, 50.073714], [34.9380776, 50.0618226], [34.9343678, 50.0545532], [34.9022432, 50.032075], [34.8808904, 50.0064013], [34.8635374, 49.9912059], [34.8563132, 49.9870227], [34.866641, 49.9582023], [34.859465, 49.9496284], [34.8775274, 49.944133], [34.8930985, 49.932121], [34.912464, 49.9352694], [34.936289, 49.9065154], [34.9451297, 49.8986508], [34.9705071, 49.8852545], [34.9803521, 49.8897771], [35.014287, 49.8759836], [35.0337604, 49.8873358], [35.0637556, 49.8853611], [35.0540919, 49.8805701], [35.0560355, 49.8736756], [35.050894, 49.8683244], [35.0738198, 49.8580385], [35.0850885, 49.8600265], [35.1054925, 49.8576093], [35.1191351, 49.8513568], [35.1400557, 49.8596952], [35.1640692, 49.8534972], [35.1680035, 49.8477378], [35.1994636, 49.8400796], [35.2046206, 49.8352324], [35.2193739, 49.829652], [35.2154593, 49.8211357], [35.2160377, 49.8137301], [35.2221858, 49.8070418], [35.2043086, 49.8014952], [35.200867, 49.7947429], [35.2114544, 49.7890932], [35.2060059, 49.7819184], [35.2122696, 49.7715936], [35.2062794, 49.7636157], [35.2077076, 49.7467429], [35.2229809, 49.7366411], [35.259357, 49.7334326], [35.2644218, 49.7165933], [35.2435359, 49.6937265], [35.264165, 49.6851628], [35.2762185, 49.6848512], [35.2995582, 49.6869371], [35.3301463, 49.682025], [35.3445109, 49.6651737], [35.390663, 49.6675648], [35.3961796, 49.6701464], [35.4212118, 49.6710997], [35.433372, 49.6734492], [35.4342659, 49.6659586], [35.4238748, 49.6636769], [35.4256374, 49.6560405], [35.4413069, 49.6438452], [35.4523307, 49.6305345], [35.4645428, 49.6032207], [35.4856818, 49.5720132], [35.4752871, 49.5658369], [35.4099757, 49.5615362], [35.4091999, 49.5527967], [35.426806, 49.5496193], [35.4249888, 49.5413284], [35.4334453, 49.5400727], [35.4286648, 49.5266585], [35.4497065, 49.5219528], [35.484595, 49.5165052], [35.4910775, 49.5082843], [35.481305, 49.4840718], [35.4628234, 49.4871066], [35.4617008, 49.4836812], [35.33168, 49.5049098], [35.3311962, 49.4948997], [35.3157812, 49.4554599], [35.3468401, 49.4505854], [35.353743, 49.4465621], [35.3638865, 49.4469711], [35.3609534, 49.4373004], [35.3479958, 49.4048248], [35.375321, 49.3982179], [35.3449004, 49.3696711], [35.3168768, 49.3472803], [35.2791408, 49.3181883], [35.288161, 49.2964952], [35.2759469, 49.2882642], [35.2716587, 49.2771222], [35.2585655, 49.2822539], [35.2629329, 49.2889399], [35.2417468, 49.2970261], [35.2167635, 49.2984892], [35.2147909, 49.2955641], [35.1705477, 49.2957785], [35.1246373, 49.3027463], [35.1081048, 49.3001584], [35.0912383, 49.3006085], [35.0823059, 49.3056523], [35.076381, 49.318084], [35.0366858, 49.3318306], [35.0241127, 49.3256017], [35.0239091, 49.3170897], [35.0138077, 49.3055512], [35.0063732, 49.3020345], [34.9803734, 49.2501859], [35.0178946, 49.1507738], [35.0445576, 49.1568446], [35.0501948, 49.1660259], [35.0479171, 49.1741607], [35.0611037, 49.1741095], [35.075325, 49.1692346], [35.0693772, 49.1653254], [35.0758826, 49.155632], [35.0758206, 49.1490877], [35.0868953, 49.1496753], [35.0979699, 49.1556624], [35.1104695, 49.1573135], [35.12173, 49.1618818], [35.1331972, 49.1530551], [35.1443029, 49.1502041], [35.1545433, 49.1531053], [35.1588148, 49.1599028], [35.1879473, 49.1625484], [35.1991193, 49.1562043], [35.2068087, 49.154827], [35.2086839, 49.1495039], [35.1964222, 49.1499042], [35.1885575, 49.1451897], [35.1924558, 49.1390216], [35.228075, 49.1264663], [35.2109234, 49.1242995], [35.2082406, 49.1177735], [35.195551, 49.1170445], [35.1946535, 49.1083738], [35.2182077, 49.1070771], [35.2228207, 49.1016846], [35.2300179, 49.1012778], [35.2379795, 49.11173], [35.2559186, 49.113401], [35.2587963, 49.1063673], [35.2685177, 49.1043197], [35.2696341, 49.0954577], [35.2796322, 49.0961388], [35.2916188, 49.0938728], [35.3003917, 49.0892296], [35.3105358, 49.0878423], [35.3129689, 49.081014], [35.3019318, 49.0703707], [35.3161926, 49.0683884], [35.3226863, 49.0624893], [35.3350819, 49.0611279], [35.3443157, 49.0540647], [35.3384642, 49.0486757], [35.3533278, 49.040934], [35.3778585, 49.0334768], [35.3881003, 49.0268326], [35.3985278, 49.0301783], [35.4058791, 49.0278154], [35.4002536, 49.0187348], [35.4113475, 49.0123576], [35.4303162, 49.0138726], [35.4387405, 49.0111778], [35.4361454, 49.0044346], [35.4431133, 49.0007433], [35.4586024, 48.9977888], [35.4560515, 48.9904095], [35.4688355, 48.9881492], [35.4860191, 48.9725349], [35.4958546, 48.9780759], [35.508253, 48.9817056], [35.5305431, 48.9776996], [35.542683, 48.9776258], [35.5638041, 48.9744975], [35.5703433, 48.978548], [35.581306, 48.9804033], [35.596098, 48.9867333], [35.6044613, 48.9811822], [35.6275101, 48.9828836], [35.6247127, 48.9718425], [35.6277472, 48.9675074], [35.6436747, 48.9665578], [35.6500111, 48.9740202], [35.6820749, 48.9719856], [35.6951155, 48.9671557], [35.6903038, 48.949645], [35.6976271, 48.9437866], [35.7093344, 48.9473344], [35.7160116, 48.9536229], [35.711779, 48.9575684], [35.7226834, 48.966217], [35.7389591, 48.9618897], [35.740465, 48.9492865], [35.7522901, 48.9466732], [35.7619571, 48.9552951], [35.7790203, 48.9486517], [35.7883304, 48.9546163], [35.7901061, 48.9459001], [35.8000212, 48.9437567], [35.7917896, 48.9345203], [35.8014116, 48.9274458], [35.8150653, 48.9297207], [35.8089203, 48.938803], [35.8199432, 48.9401716], [35.8307902, 48.9504378], [35.8568727, 48.9452706], [35.8556177, 48.9579272], [35.8790576, 48.9627019], [35.8838604, 48.9752096], [35.8972443, 48.9719548], [35.904558, 48.973104], [35.9172105, 48.968799], [35.934058, 48.9788351], [35.9399698, 48.9990133], [35.9895209, 48.9686957], [35.9773899, 48.9596734], [36.0035164, 48.9463562], [35.9955519, 48.9393712], [36.0436846, 48.9153848], [36.0119874, 48.8876485], [36.04008, 48.8735334], [36.0192844, 48.8546717], [36.0414057, 48.8436746], [36.0529842, 48.8441594], [36.0756049, 48.8332397], [36.0704121, 48.8267164], [36.070536, 48.8190334], [36.0656909, 48.8112952], [36.0739285, 48.8075903], [36.0914241, 48.8087444], [36.1030478, 48.8060788], [36.1065148, 48.8090696], [36.1235371, 48.8085277], [36.1291012, 48.8063583], [36.1592194, 48.7842264], [36.1531969, 48.7811162], [36.1594635, 48.7680938], [36.1401103, 48.7658944], [36.1618074, 48.748951], [36.1430402, 48.7243035], [36.2090755, 48.6911134], [36.2580208, 48.667061], [36.26923, 48.6665502], [36.2813726, 48.6607664], [36.2819586, 48.6564658], [36.2660709, 48.6476268], [36.2688068, 48.6374741], [36.2588312, 48.6240566], [36.2514788, 48.6205546], [36.2649304, 48.6131762], [36.319428, 48.5872395], [36.271346, 48.5437229], [36.2962497, 48.531178], [36.3238878, 48.5555752], [36.3550092, 48.5396494], [36.355173, 48.5322871], [36.3918926, 48.5647534], [36.3813127, 48.5702682], [36.4200842, 48.6082735], [36.4468109, 48.6324184], [36.482913, 48.6636476], [36.5581317, 48.6233694], [36.5630512, 48.6166205], [36.5786536, 48.6158281], [36.5807287, 48.6071896], [36.5906985, 48.6027629], [36.6549596, 48.6095004], [36.6540156, 48.6163016], [36.6741338, 48.6183891], [36.6724736, 48.6248878], [36.7028788, 48.6278141], [36.7040133, 48.6224885], [36.7389079, 48.6259487], [36.7341548, 48.6465524], [36.7267216, 48.6529496], [36.7308247, 48.6577812], [36.7270677, 48.6667789], [36.7175042, 48.6733202], [36.7163476, 48.6909305], [36.7298189, 48.695608], [36.7356495, 48.7038903], [36.7260701, 48.7143356], [36.7126562, 48.7436487], [36.7177317, 48.7446715], [36.7091205, 48.767446], [36.6913211, 48.7704374], [36.6893666, 48.7760794], [36.7024648, 48.7839382], [36.7207933, 48.8060797], [36.7337258, 48.804903], [36.7675871, 48.7971644], [36.7905575, 48.8019771], [36.7838238, 48.7899009], [36.7919962, 48.7857782], [36.7886624, 48.7808424], [36.8166853, 48.7775693], [36.8212339, 48.7713601], [36.8392986, 48.7727018], [36.8412091, 48.7788579], [36.8542182, 48.800445], [36.9207212, 48.7977457], [36.931419, 48.7925059], [36.945785, 48.7956803], [36.9660115, 48.793779], [36.9754911, 48.7901319], [36.9888319, 48.7747006], [37.0084569, 48.7650275], [37.0358614, 48.746253], [37.0431197, 48.7661786], [37.022936, 48.7674745], [37.023038, 48.7748372], [36.994919, 48.7873734], [37.0054132, 48.7973235], [37.0073765, 48.8033321], [37.0187545, 48.80172], [37.0237648, 48.8178852], [37.0435381, 48.8149922], [37.0660311, 48.8139184], [37.0783612, 48.8176962], [37.0988131, 48.8507912], [37.1354037, 48.8421599], [37.145682, 48.8420787], [37.1407092, 48.8326071], [37.1511322, 48.8324165], [37.1572316, 48.8245042], [37.1921366, 48.8146259], [37.1950065, 48.8468667], [37.1904185, 48.8689775], [37.1939993, 48.8823633], [37.2002166, 48.8825397], [37.2156554, 48.8896369], [37.2149473, 48.8923492], [37.2240776, 48.9042513], [37.2237182, 48.9088774], [37.2451007, 48.9087328], [37.2665745, 48.9064057], [37.2694057, 48.9226048], [37.2991633, 48.9229152], [37.3021352, 48.9195242], [37.3137599, 48.9228976], [37.3283404, 48.9221538], [37.3322457, 48.9347819], [37.3110133, 48.941854], [37.3072636, 48.9474842], [37.318781, 48.9524022], [37.294625, 48.9696536], [37.3032403, 48.9788368], [37.3141462, 48.9800233], [37.3113835, 48.9900319], [37.3242688, 48.9914118], [37.3394823, 48.9962938], [37.3443961, 49.0034979], [37.3598456, 48.998629], [37.3582417, 48.9917321], [37.3669159, 48.9916652], [37.373203, 48.9961917], [37.3706979, 49.0035331], [37.3753542, 49.026272], [37.3865068, 49.0245731], [37.3886955, 49.0386486], [37.385273, 49.0483431], [37.4070525, 49.051655], [37.4174488, 49.0613153], [37.4319863, 49.0592554], [37.4386221, 49.0618144], [37.4515772, 49.053216], [37.4605036, 49.0576138], [37.4701273, 49.0552444], [37.4793273, 49.0574626], [37.4966866, 49.068148], [37.5058865, 49.0701829], [37.5057578, 49.0814489], [37.5004309, 49.0913738], [37.4855983, 49.0999973], [37.4890637, 49.1026104], [37.5464791, 49.1122221], [37.5848991, 49.1260061], [37.5713378, 49.1358871], [37.5596327, 49.1370242], [37.557562, 49.141262], [37.5643802, 49.1475223], [37.5528198, 49.1673491], [37.5393122, 49.1710459], [37.5304717, 49.1758717], [37.5223231, 49.1763206], [37.505028, 49.1851869]]]}, "properties": {"name": "Харківська область", "type": "oblast", "id": "kharkiv_oblast"}}, {"type": "Feature", "geometry": {"type": "Polygon", "coordinates": [[[27.5494387, 49.9083031], [27.5477154, 49.9348233], [27.557193, 49.9355607], [27.5567695, 49.9452218], [27.5679959, 49.9465162], [27.5755721, 49.9484821], [27.571465, 49.955699], [27.5691149, 49.9560533], [27.5664084, 49.9588381], [27.5635702, 49.9682676], [27.5612004, 49.9840108], [27.5542893, 49.9876554], [27.5488091, 49.9962611], [27.5470864, 50.0020687], [27.546477, 50.0115817], [27.5538666, 50.0112325], [27.557177, 50.0119813], [27.5618074, 50.0149014], [27.5630611, 50.0185665], [27.5676718, 50.0183148], [27.5710799, 50.0196731], [27.5739924, 50.0185351], [27.5803717, 50.0177975], [27.5926448, 50.0138331], [27.5991473, 50.0107337], [27.611773, 50.0057265], [27.6166262, 50.011751], [27.641348, 50.0362162], [27.6442691, 50.0369408], [27.6492786, 50.0355724], [27.6504738, 50.0342299], [27.6562546, 50.0335587], [27.6587407, 50.0321622], [27.6580343, 50.0257508], [27.6702335, 50.0252599], [27.6746777, 50.0296568], [27.6758996, 50.0324783], [27.6813821, 50.0345661], [27.6800136, 50.0356609], [27.6802817, 50.0396241], [27.6778507, 50.0410801], [27.6786501, 50.0442335], [27.6821912, 50.0471971], [27.6789592, 50.053101], [27.6746387, 50.0556816], [27.6773957, 50.0600892], [27.6784581, 50.0635635], [27.6744727, 50.0698975], [27.6702218, 50.0707427], [27.6719143, 50.0731568], [27.6681376, 50.07427], [27.668488, 50.0775682], [27.6589662, 50.0789555], [27.6154447, 50.0861911], [27.629536, 50.1022859], [27.6270305, 50.1039435], [27.6235619, 50.1040874], [27.6244166, 50.1124637], [27.6315294, 50.1121055], [27.632147, 50.1154612], [27.6391136, 50.1150537], [27.639292, 50.1167325], [27.6326625, 50.1176505], [27.6330041, 50.1206815], [27.6258873, 50.1224528], [27.6275729, 50.1338048], [27.6311733, 50.1339167], [27.6309068, 50.1373962], [27.6331604, 50.1406529], [27.6311081, 50.1442276], [27.6327222, 50.1463982], [27.6361986, 50.1453913], [27.6413212, 50.1470882], [27.6504372, 50.1471657], [27.6521341, 50.1531724], [27.6616275, 50.1528145], [27.6673051, 50.1532428], [27.6782523, 50.1605587], [27.6714379, 50.16533], [27.6619133, 50.1711506], [27.663639, 50.1735366], [27.6626229, 50.1767735], [27.6633347, 50.1833859], [27.6622336, 50.1940276], [27.6365073, 50.1882706], [27.6397659, 50.1794403], [27.6418861, 50.1722397], [27.6237913, 50.1696668], [27.6213184, 50.1696167], [27.6219984, 50.1755897], [27.6225255, 50.1886804], [27.6209386, 50.1983622], [27.6115328, 50.1951706], [27.6077542, 50.2145289], [27.6024517, 50.2159513], [27.5929794, 50.2156565], [27.5948335, 50.2308181], [27.5987259, 50.2301642], [27.6021135, 50.2427283], [27.5992076, 50.2491078], [27.5974589, 50.2585407], [27.5769432, 50.2586378], [27.573134, 50.2537866], [27.5668601, 50.253007], [27.5667359, 50.2480008], [27.5626711, 50.2476795], [27.5624746, 50.2458613], [27.543369, 50.2459348], [27.5270763, 50.2252571], [27.5211087, 50.2254468], [27.4894016, 50.2393098], [27.4807229, 50.2518062], [27.4811852, 50.2570182], [27.4611368, 50.2577552], [27.4610388, 50.2596922], [27.4426361, 50.2611654], [27.4447371, 50.2754372], [27.4241138, 50.2763927], [27.4218599, 50.2722347], [27.414621, 50.2756309], [27.4090978, 50.2807219], [27.3954204, 50.2875805], [27.3983708, 50.2904806], [27.4043851, 50.2893417], [27.4105276, 50.2918148], [27.4068196, 50.2926594], [27.4059697, 50.2948478], [27.4123102, 50.2944561], [27.4180195, 50.2960636], [27.4201366, 50.2996558], [27.4164685, 50.300491], [27.4165743, 50.3074602], [27.4129443, 50.3088099], [27.3803434, 50.3240527], [27.3688653, 50.3291831], [27.3635092, 50.3322311], [27.3543833, 50.3312887], [27.343639, 50.3336426], [27.3364653, 50.3323171], [27.3291128, 50.3334303], [27.3155756, 50.3317396], [27.3128209, 50.3398257], [27.3144331, 50.3426347], [27.3193586, 50.3468691], [27.3198273, 50.3496204], [27.3231619, 50.3540005], [27.3229853, 50.3608545], [27.3206357, 50.3646619], [27.3212009, 50.3677737], [27.3113863, 50.371644], [27.3116727, 50.3723611], [27.3002042, 50.376449], [27.2994352, 50.375803], [27.2673247, 50.3866314], [27.2483691, 50.3927607], [27.2540933, 50.4091593], [27.2590269, 50.4244458], [27.2894454, 50.4546436], [27.2913586, 50.4581493], [27.2904959, 50.4683636], [27.2896846, 50.4713845], [27.2912049, 50.4769526], [27.2968066, 50.4841886], [27.3000164, 50.4873663], [27.3013301, 50.493127], [27.2953245, 50.4938308], [27.2845298, 50.4933576], [27.2784402, 50.4908539], [27.2741503, 50.4907258], [27.2677959, 50.4917841], [27.2659227, 50.4940404], [27.2622131, 50.4956924], [27.2611386, 50.499427], [27.2630943, 50.5092847], [27.2589358, 50.5131082], [27.2501812, 50.515676], [27.2362149, 50.5209652], [27.2273108, 50.5236651], [27.2258859, 50.5270831], [27.2074024, 50.5318219], [27.2037201, 50.5438017], [27.19649, 50.5522752], [27.1963416, 50.5620649], [27.1899791, 50.5613947], [27.1721777, 50.5612112], [27.1535533, 50.5630976], [27.144274, 50.5626329], [27.1362829, 50.5604969], [27.1307029, 50.5608491], [27.1299872, 50.5647752], [27.1221769, 50.5760757], [27.127143, 50.5753598], [27.129684, 50.5809591], [27.1306848, 50.5879215], [27.1200015, 50.5903852], [27.1179282, 50.5947282], [27.1083405, 50.5904573], [27.1073028, 50.5873495], [27.1036919, 50.5838134], [27.090084, 50.5874254], [27.0877281, 50.5797997], [27.0794747, 50.58366], [27.0762348, 50.5776178], [27.0715054, 50.574674], [27.0703823, 50.5692677], [27.0678735, 50.5648248], [27.0648183, 50.5620733], [27.0697982, 50.5582642], [27.0766029, 50.5544135], [27.072822, 50.5509714], [27.0644083, 50.5508666], [27.0508841, 50.5519125], [27.0415205, 50.5537088], [27.0340915, 50.5557005], [27.0175283, 50.5589883], [27.0132744, 50.5504966], [27.0082909, 50.5419091], [27.0075388, 50.5396036], [26.98832, 50.5333933], [26.9828002, 50.5227292], [26.9744838, 50.5267891], [26.9668919, 50.5291485], [26.941883, 50.5300797], [26.9357273, 50.531552], [26.9248026, 50.5360783], [26.9164965, 50.5373393], [26.908664, 50.5408477], [26.9061454, 50.5430918], [26.8996693, 50.5463377], [26.8900937, 50.5403011], [26.8791818, 50.5340251], [26.8790247, 50.5316499], [26.8722969, 50.5210823], [26.8711871, 50.5214423], [26.8598288, 50.5149718], [26.8565512, 50.5090003], [26.8537763, 50.5097033], [26.8385682, 50.5159504], [26.8346682, 50.5226099], [26.8272447, 50.5230512], [26.8259515, 50.5202915], [26.8227949, 50.5190447], [26.819196, 50.5141273], [26.8195635, 50.5083811], [26.8175262, 50.50251], [26.8026257, 50.5020158], [26.7901609, 50.5034394], [26.7837266, 50.5015198], [26.7783904, 50.5021014], [26.7776528, 50.499527], [26.7815718, 50.4979383], [26.7817777, 50.4956642], [26.7757708, 50.4899586], [26.7677423, 50.4914184], [26.7650469, 50.4890675], [26.7681618, 50.4878266], [26.7670113, 50.484635], [26.7686703, 50.477484], [26.7600861, 50.4766702], [26.7616191, 50.4704098], [26.7744577, 50.4716276], [26.7740741, 50.4737292], [26.7891824, 50.4752346], [26.7868393, 50.4722964], [26.7866021, 50.4677334], [26.7797083, 50.4665892], [26.7745409, 50.4672928], [26.7727992, 50.4639721], [26.7704147, 50.4642367], [26.7696449, 50.4674772], [26.7668179, 50.4671477], [26.7660977, 50.4612965], [26.7586318, 50.463173], [26.7427987, 50.4615236], [26.7431661, 50.4643733], [26.7469078, 50.4723871], [26.7451779, 50.4795862], [26.7397113, 50.478984], [26.7344109, 50.4772636], [26.7361866, 50.4716526], [26.7348886, 50.469867], [26.734044, 50.4638082], [26.7349157, 50.4614143], [26.7308441, 50.4607569], [26.7284355, 50.4574255], [26.7387298, 50.4522289], [26.7368066, 50.4448198], [26.730144, 50.4449342], [26.7232454, 50.444333], [26.7173713, 50.4457062], [26.7153168, 50.4386002], [26.7154133, 50.4261689], [26.7123395, 50.4170159], [26.6925623, 50.4199853], [26.6902998, 50.4143103], [26.682427, 50.3891126], [26.6750548, 50.3906205], [26.668174, 50.390744], [26.6593108, 50.3921171], [26.657745, 50.3876251], [26.6481266, 50.3647819], [26.6211783, 50.3710593], [26.601775, 50.3681657], [26.5937783, 50.35457], [26.5879424, 50.3457123], [26.5867233, 50.3395937], [26.5846018, 50.3405432], [26.5763795, 50.3362417], [26.5716698, 50.3346294], [26.5527348, 50.3302332], [26.5593582, 50.3237648], [26.5632815, 50.3212508], [26.5606516, 50.3169788], [26.5475258, 50.3172643], [26.5432404, 50.3183429], [26.5469349, 50.3102706], [26.5465869, 50.309156], [26.5404741, 50.3088249], [26.5325862, 50.3063784], [26.5270991, 50.3110294], [26.5205419, 50.3046236], [26.5282116, 50.2998816], [26.5248199, 50.2955788], [26.5151338, 50.2964336], [26.5138813, 50.2940155], [26.515604, 50.2922137], [26.51413, 50.2902603], [26.506653, 50.2866938], [26.514486, 50.2840959], [26.5134793, 50.2815734], [26.5064328, 50.2850647], [26.5028924, 50.2851831], [26.5015383, 50.2812904], [26.4985632, 50.2795895], [26.4960941, 50.2757128], [26.4995787, 50.2729], [26.4955715, 50.2672034], [26.4998522, 50.2649283], [26.502459, 50.2624241], [26.4939318, 50.2629874], [26.4890688, 50.2656583], [26.4799491, 50.265352], [26.4757886, 50.2640234], [26.4740531, 50.2617459], [26.4682245, 50.2593675], [26.4688263, 50.2579345], [26.4593587, 50.2581735], [26.4582886, 50.2611364], [26.4534479, 50.2621386], [26.4621109, 50.2650055], [26.4594662, 50.2686745], [26.4567649, 50.2662657], [26.44866, 50.2634873], [26.4431715, 50.2629679], [26.4387445, 50.260276], [26.4333622, 50.2609255], [26.4299423, 50.260236], [26.426276, 50.2627031], [26.4189994, 50.2607681], [26.4090166, 50.2629874], [26.4062802, 50.2624909], [26.4022034, 50.2644109], [26.394973, 50.2641416], [26.3897602, 50.2628628], [26.3891049, 50.2613343], [26.3828853, 50.2606384], [26.3832461, 50.255209], [26.3814467, 50.2529807], [26.3728537, 50.2517094], [26.3658213, 50.2525732], [26.3618572, 50.2515799], [26.3598235, 50.2496001], [26.3609013, 50.2477139], [26.3584919, 50.2448349], [26.3557001, 50.2440718], [26.3491147, 50.2384101], [26.3455328, 50.2388593], [26.3415707, 50.2376631], [26.3412337, 50.2357662], [26.3327738, 50.2346308], [26.3290024, 50.2312548], [26.3232978, 50.2298532], [26.3238558, 50.2259353], [26.321114, 50.2217088], [26.3151474, 50.2179449], [26.3119775, 50.2148623], [26.3090731, 50.2149957], [26.3065255, 50.2128493], [26.3018242, 50.2049624], [26.3051277, 50.2023166], [26.3055828, 50.1992775], [26.3020834, 50.1964832], [26.3008762, 50.1940115], [26.2972953, 50.1930434], [26.2947191, 50.1907499], [26.294045, 50.1879985], [26.2905902, 50.187334], [26.2874883, 50.1844928], [26.2804782, 50.1831901], [26.2738852, 50.1803081], [26.2733045, 50.1786372], [26.2654806, 50.1781991], [26.2599982, 50.1803138], [26.2514961, 50.1787479], [26.2459214, 50.1742999], [26.2372598, 50.1726052], [26.2311108, 50.1730779], [26.229044, 50.17217], [26.2246131, 50.176856], [26.2198269, 50.1786897], [26.2120688, 50.1756639], [26.2116703, 50.174087], [26.2207399, 50.1648345], [26.215951, 50.1630274], [26.2171571, 50.157555], [26.2099415, 50.157807], [26.2084839, 50.1545675], [26.2113833, 50.1519586], [26.2234157, 50.1459207], [26.2229195, 50.1427717], [26.225439, 50.1425081], [26.2343484, 50.1435369], [26.2376985, 50.1447966], [26.2433177, 50.1434695], [26.2348878, 50.1311679], [26.2462845, 50.1268481], [26.2650414, 50.1166602], [26.2736589, 50.1134973], [26.2741837, 50.1069826], [26.2735469, 50.1028952], [26.2539604, 50.101786], [26.2123691, 50.0989432], [26.2009352, 50.098491], [26.2047235, 50.0899535], [26.2004726, 50.0791634], [26.2069481, 50.0756059], [26.2008687, 50.0673], [26.205697, 50.0649328], [26.2114242, 50.0650194], [26.2216318, 50.0598447], [26.2214417, 50.0549783], [26.2245914, 50.0544903], [26.2245691, 50.0508822], [26.2266451, 50.048564], [26.2258592, 50.0458064], [26.2175055, 50.0462224], [26.2164634, 50.0362597], [26.2070945, 50.0370883], [26.201309, 50.0363389], [26.1958225, 50.0344085], [26.1914398, 50.0314063], [26.1759219, 50.0251447], [26.1796689, 50.0234904], [26.1864576, 50.0220928], [26.1899713, 50.0204901], [26.1979562, 50.0202264], [26.2049246, 50.0181532], [26.2045008, 50.0165073], [26.2106109, 50.0158833], [26.205233, 50.0055049], [26.202068, 49.9925515], [26.1994724, 49.9918133], [26.1876485, 49.9917963], [26.1724618, 49.9939207], [26.1673328, 49.9895502], [26.169439, 49.9872316], [26.1668694, 49.9855812], [26.1596528, 49.9842693], [26.1558053, 49.9824087], [26.1541973, 49.9780523], [26.1519067, 49.9759655], [26.1454305, 49.9770781], [26.141898, 49.9718531], [26.1476809, 49.9688824], [26.1480029, 49.9639873], [26.1447585, 49.9609141], [26.1528259, 49.9439483], [26.1578192, 49.9322967], [26.1660349, 49.9222434], [26.1627964, 49.9221847], [26.1584372, 49.9197245], [26.1533308, 49.9186697], [26.1500632, 49.91661], [26.1391406, 49.9126621], [26.1336744, 49.9062788], [26.132751, 49.8984001], [26.1384112, 49.8951968], [26.1441886, 49.8955519], [26.1500533, 49.8936443], [26.1545487, 49.8912839], [26.1580382, 49.890909], [26.1620736, 49.8884793], [26.1627375, 49.8816538], [26.175431, 49.8754962], [26.186766, 49.8740814], [26.1953035, 49.8703829], [26.2009428, 49.8662472], [26.1814501, 49.8502608], [26.1782156, 49.8472784], [26.1854598, 49.8460431], [26.1844486, 49.8425492], [26.184859, 49.8365657], [26.1891951, 49.8320334], [26.1876073, 49.8293584], [26.1927497, 49.8277409], [26.1972384, 49.8238146], [26.1976643, 49.8217775], [26.2046687, 49.8210756], [26.2062469, 49.8167708], [26.2103586, 49.8111938], [26.2169025, 49.8103723], [26.2198691, 49.8042253], [26.2194044, 49.797858], [26.222307, 49.7971603], [26.2266842, 49.7936878], [26.2275835, 49.787441], [26.2296013, 49.7871963], [26.2255011, 49.7800794], [26.2307954, 49.7771531], [26.2407615, 49.7755967], [26.2393905, 49.7724952], [26.236296, 49.7713787], [26.2390765, 49.7620824], [26.2419961, 49.7570423], [26.2423038, 49.7478411], [26.2435558, 49.7453027], [26.2307666, 49.7395041], [26.2263756, 49.7379026], [26.2140711, 49.7353076], [26.2126506, 49.7310458], [26.2053449, 49.7262803], [26.1950426, 49.716256], [26.1909111, 49.714183], [26.1944132, 49.7096912], [26.2017302, 49.7089411], [26.2088106, 49.707558], [26.2230596, 49.7029307], [26.2280872, 49.6978048], [26.2388209, 49.6949048], [26.2441191, 49.6914874], [26.2490861, 49.6820134], [26.2570964, 49.6759451], [26.2654908, 49.6720704], [26.2687675, 49.6686966], [26.2689719, 49.6607656], [26.2724552, 49.656975], [26.2692278, 49.6550274], [26.2642389, 49.6550123], [26.2601014, 49.6538268], [26.2595049, 49.6517836], [26.2654987, 49.6421798], [26.2625142, 49.6375401], [26.2532555, 49.6331773], [26.249706, 49.6338429], [26.2392216, 49.6379085], [26.2309979, 49.6364542], [26.2296196, 49.6344882], [26.2288906, 49.6292367], [26.2260816, 49.6259692], [26.2254693, 49.623496], [26.2158891, 49.6191153], [26.2140388, 49.6154273], [26.2099882, 49.6130621], [26.2086156, 49.6098067], [26.1999781, 49.6095756], [26.1991937, 49.6070694], [26.2021365, 49.6018392], [26.2089053, 49.5937801], [26.2144639, 49.5900147], [26.2134978, 49.5834948], [26.2097237, 49.5826998], [26.207369, 49.5770312], [26.2139106, 49.5713904], [26.2153213, 49.5677474], [26.2134509, 49.5637326], [26.2137954, 49.5610971], [26.2164082, 49.5584046], [26.2163844, 49.5560578], [26.2194254, 49.5540541], [26.2191081, 49.5512563], [26.2103629, 49.5472184], [26.2031789, 49.5463354], [26.200507, 49.551091], [26.2021128, 49.5541852], [26.1989779, 49.5557472], [26.1949859, 49.5555147], [26.1913989, 49.5567584], [26.1886941, 49.5554946], [26.1867311, 49.5518425], [26.1832084, 49.5504828], [26.1756533, 49.5493269], [26.1710277, 49.5416684], [26.1656786, 49.5366326], [26.1585733, 49.5319858], [26.1576152, 49.5249746], [26.1561497, 49.5225309], [26.1565701, 49.519724], [26.1496748, 49.5166856], [26.1444615, 49.5130118], [26.1429662, 49.5086933], [26.1506705, 49.5071657], [26.1520019, 49.5044036], [26.1554944, 49.5021979], [26.1584721, 49.4986693], [26.1632189, 49.4960091], [26.1659763, 49.4918032], [26.1727112, 49.4903225], [26.1801571, 49.4872647], [26.1836922, 49.483839], [26.1881763, 49.4811322], [26.1896343, 49.4739965], [26.1897808, 49.4640102], [26.1891502, 49.4606239], [26.1896528, 49.4530867], [26.1932807, 49.4495757], [26.1964852, 49.4439708], [26.1960449, 49.4421014], [26.2000123, 49.4385234], [26.1949462, 49.4346155], [26.1932258, 49.4300658], [26.1966826, 49.4255307], [26.2010922, 49.4228148], [26.2057639, 49.4223406], [26.208298, 49.4209833], [26.2082959, 49.4188355], [26.2121713, 49.4177106], [26.2135898, 49.4216014], [26.2189213, 49.4169049], [26.2195887, 49.414466], [26.2243428, 49.410697], [26.2292851, 49.4078598], [26.2251764, 49.4059306], [26.224989, 49.4031663], [26.2347334, 49.401181], [26.2354399, 49.3992377], [26.2313786, 49.3967756], [26.2320152, 49.3921731], [26.2296169, 49.3902247], [26.2286353, 49.3860099], [26.2296787, 49.3831079], [26.2261918, 49.3804206], [26.2206906, 49.3793554], [26.2219459, 49.3758173], [26.2447554, 49.3694497], [26.2399654, 49.3653393], [26.2360192, 49.3603147], [26.2320402, 49.3579371], [26.23343, 49.3558718], [26.24042, 49.3554684], [26.2436724, 49.3539547], [26.2438048, 49.3478012], [26.2406013, 49.3458952], [26.2309956, 49.350754], [26.2278856, 49.3500726], [26.2252664, 49.3395318], [26.2255485, 49.3310653], [26.2264359, 49.3266604], [26.2301307, 49.3234382], [26.2423932, 49.3178223], [26.2497691, 49.3120949], [26.252055, 49.3086424], [26.2509406, 49.304003], [26.2462427, 49.3007916], [26.2511101, 49.295434], [26.2576934, 49.2922377], [26.2587458, 49.2884457], [26.2546134, 49.2872866], [26.2509942, 49.2877305], [26.2489405, 49.2864125], [26.2501113, 49.2842005], [26.2571881, 49.2788486], [26.254242, 49.2762317], [26.2476083, 49.2790677], [26.2420011, 49.2780279], [26.2414749, 49.2746975], [26.2437661, 49.2722698], [26.2526993, 49.2685709], [26.2580003, 49.2655383], [26.2581503, 49.263014], [26.2487559, 49.2573818], [26.2418728, 49.2546776], [26.2417877, 49.2536493], [26.2468421, 49.2483857], [26.243551, 49.2430994], [26.2365697, 49.2452701], [26.2206918, 49.2461779], [26.2156613, 49.2453205], [26.2068681, 49.2459215], [26.2031479, 49.2448314], [26.2007395, 49.2417284], [26.200977, 49.2378059], [26.2025588, 49.2357722], [26.2073964, 49.2329662], [26.2059835, 49.2314457], [26.2006416, 49.2294606], [26.1989431, 49.2273685], [26.2026561, 49.2241494], [26.2024655, 49.2206321], [26.1992264, 49.2199539], [26.192522, 49.221094], [26.1921384, 49.2165299], [26.1959311, 49.2143506], [26.1961649, 49.2125058], [26.191895, 49.2090344], [26.1874686, 49.2036486], [26.1839765, 49.1980481], [26.1832861, 49.1951633], [26.1846103, 49.1928888], [26.1960628, 49.1822755], [26.1948234, 49.1779022], [26.1889833, 49.17297], [26.1920706, 49.1706597], [26.2033339, 49.1693981], [26.20919, 49.1672134], [26.2084463, 49.1648798], [26.2110829, 49.1616613], [26.2028056, 49.1577551], [26.1956012, 49.1627628], [26.1924738, 49.1617648], [26.1899718, 49.1583687], [26.1914942, 49.1528606], [26.1985624, 49.1459239], [26.197968, 49.1433831], [26.1947214, 49.1377824], [26.1958211, 49.1365083], [26.2048937, 49.134527], [26.2036061, 49.1315716], [26.1995054, 49.1306728], [26.1957909, 49.127437], [26.1990184, 49.1233416], [26.1984475, 49.1201195], [26.2003595, 49.1146045], [26.2034026, 49.113653], [26.2047462, 49.1009661], [26.2038524, 49.0971456], [26.1988036, 49.0926591], [26.1978283, 49.0883328], [26.1980818, 49.0842582], [26.1969691, 49.0814278], [26.1919534, 49.0776575], [26.1952847, 49.0734231], [26.2007511, 49.0728644], [26.2095517, 49.0741372], [26.2138329, 49.074133], [26.2156051, 49.0721229], [26.2139402, 49.0703099], [26.2044088, 49.0661816], [26.1972795, 49.0653545], [26.1888041, 49.0619007], [26.183425, 49.057046], [26.1840899, 49.0524421], [26.1886508, 49.0464483], [26.1921974, 49.043835], [26.1960381, 49.0435682], [26.207938, 49.0357649], [26.2088513, 49.0320826], [26.2075355, 49.0302732], [26.1992102, 49.0292003], [26.1980132, 49.0261611], [26.1983999, 49.0231859], [26.2048709, 49.0169075], [26.2127196, 49.0137214], [26.215404, 49.0110283], [26.2156218, 49.0048879], [26.2146449, 49.0012756], [26.2100851, 48.9998621], [26.1971762, 49.00055], [26.1943495, 49.0014559], [26.194836, 49.0038309], [26.1866535, 49.0024933], [26.1811334, 49.000445], [26.1761673, 48.9954439], [26.1825584, 48.989571], [26.1871274, 48.988105], [26.1958474, 48.9878718], [26.204217, 48.9885693], [26.2083552, 48.9879303], [26.2110039, 48.9857579], [26.2119249, 48.9830919], [26.2079663, 48.9786107], [26.204588, 48.9762808], [26.1970144, 48.9742143], [26.1854104, 48.97871], [26.1799065, 48.9765714], [26.1774167, 48.9737262], [26.1770268, 48.9698961], [26.1810658, 48.9656743], [26.1875536, 48.9631217], [26.1996379, 48.9609511], [26.2070202, 48.9575419], [26.2082304, 48.9554718], [26.2073681, 48.9488], [26.2011405, 48.9403179], [26.1968104, 48.9370184], [26.1941528, 48.9338832], [26.1945136, 48.9257981], [26.1992019, 48.9212512], [26.1983371, 48.9181529], [26.1941008, 48.9174457], [26.1849001, 48.9180327], [26.1839692, 48.9152255], [26.1863583, 48.90978], [26.1958682, 48.9036677], [26.2025374, 48.9051857], [26.2057475, 48.9074311], [26.2088513, 48.9116416], [26.2132877, 48.9138678], [26.2215566, 48.9122431], [26.2243277, 48.909438], [26.2247407, 48.9042143], [26.2208676, 48.9032058], [26.2158584, 48.9003235], [26.2057014, 48.8985507], [26.2039692, 48.895641], [26.2051714, 48.8908529], [26.2105548, 48.8859939], [26.2110352, 48.8835975], [26.2137884, 48.8794899], [26.2104687, 48.8792977], [26.2059294, 48.8753916], [26.2072313, 48.8727283], [26.2115268, 48.8693984], [26.2123987, 48.8668704], [26.2094375, 48.8632387], [26.2032986, 48.8627724], [26.2000997, 48.8614586], [26.2000564, 48.8586882], [26.2027731, 48.8552995], [26.2095046, 48.8524898], [26.2181589, 48.8516008], [26.221209, 48.8481899], [26.2222976, 48.8434701], [26.2185995, 48.8364547], [26.2195473, 48.8337006], [26.2228954, 48.8314224], [26.2291946, 48.8295874], [26.2326452, 48.8270823], [26.2329162, 48.8197608], [26.2362006, 48.8177812], [26.2408054, 48.8181891], [26.2470259, 48.8218608], [26.2501079, 48.8227065], [26.2546438, 48.8211368], [26.2565972, 48.8171411], [26.2585017, 48.8157341], [26.2560368, 48.8114827], [26.2531427, 48.8085522], [26.2478102, 48.8084072], [26.2394607, 48.8100413], [26.2395412, 48.8122263], [26.2363096, 48.8139807], [26.2267489, 48.8141508], [26.2249828, 48.812489], [26.2245254, 48.8090645], [26.2289865, 48.805686], [26.2278048, 48.8033759], [26.2316931, 48.8007474], [26.2336302, 48.7972334], [26.2362934, 48.7950053], [26.234858, 48.7908582], [26.232822, 48.7899712], [26.2241936, 48.7923549], [26.2179092, 48.793516], [26.2171697, 48.7962854], [26.2184122, 48.7997481], [26.2154487, 48.8018928], [26.2107101, 48.8011008], [26.2098321, 48.798534], [26.2073828, 48.797442], [26.209337, 48.7900199], [26.2110874, 48.7884265], [26.2113546, 48.7834156], [26.2147371, 48.780262], [26.2207798, 48.7790568], [26.2239307, 48.7798517], [26.2325916, 48.779804], [26.2352925, 48.7784359], [26.2382296, 48.7752137], [26.2385407, 48.7693766], [26.2366143, 48.7688154], [26.2299247, 48.763758], [26.2311351, 48.7606729], [26.237824, 48.7580744], [26.2452784, 48.7563674], [26.2459174, 48.7549531], [26.2426374, 48.7499813], [26.2359328, 48.749503], [26.2312789, 48.7516055], [26.2285131, 48.7547538], [26.225068, 48.7545548], [26.2232793, 48.751341], [26.226135, 48.7474443], [26.2309123, 48.7459223], [26.2332809, 48.7432079], [26.2430452, 48.7400431], [26.2444657, 48.7361112], [26.2421644, 48.7318902], [26.2364319, 48.7285015], [26.2357593, 48.7262675], [26.2397454, 48.7201577], [26.2391281, 48.7180218], [26.2320628, 48.7135992], [26.2295374, 48.7105034], [26.2314186, 48.7049678], [26.2309948, 48.7033961], [26.2332659, 48.6999704], [26.2373009, 48.7002625], [26.237819, 48.6970002], [26.2360046, 48.6937473], [26.2335893, 48.692545], [26.2236464, 48.6931574], [26.2194792, 48.6899563], [26.2213773, 48.685914], [26.2268838, 48.6826504], [26.2348877, 48.6815634], [26.2453774, 48.6840262], [26.2457854, 48.6817596], [26.2418339, 48.6796511], [26.2427685, 48.6721986], [26.2472627, 48.6681881], [26.2589152, 48.6678145], [26.2670756, 48.6713944], [26.2703776, 48.6717438], [26.2793866, 48.6682166], [26.2774407, 48.6624124], [26.2774685, 48.6595643], [26.2731508, 48.6549181], [26.2732359, 48.6538134], [26.267804, 48.6515296], [26.2671553, 48.6503138], [26.2742701, 48.6471889], [26.2772219, 48.6487035], [26.2798833, 48.6471422], [26.2838349, 48.6493085], [26.2869151, 48.6485771], [26.296583, 48.6525485], [26.2969565, 48.655857], [26.30054, 48.6581009], [26.3074654, 48.6577351], [26.309748, 48.6539345], [26.3089423, 48.6497853], [26.3021652, 48.6458511], [26.2941349, 48.6425064], [26.2918282, 48.6430594], [26.2881069, 48.6400525], [26.2940424, 48.6356968], [26.2982306, 48.6352346], [26.3054698, 48.6355285], [26.3167619, 48.6378929], [26.3215475, 48.6355426], [26.3238215, 48.6316358], [26.3223957, 48.6273024], [26.317631, 48.6246617], [26.3144682, 48.6242319], [26.3064167, 48.6251421], [26.2974102, 48.6282252], [26.2928986, 48.6262028], [26.2929989, 48.6230522], [26.2981474, 48.6201778], [26.3027552, 48.6195038], [26.3066911, 48.6163371], [26.3127272, 48.6155334], [26.3170302, 48.6157254], [26.3228643, 48.6120624], [26.3268954, 48.6107424], [26.326021, 48.6038718], [26.323984, 48.6014449], [26.3247362, 48.5994641], [26.3331261, 48.5965976], [26.3372782, 48.5961754], [26.3405068, 48.5977086], [26.3437775, 48.593984], [26.343688, 48.5914475], [26.3411745, 48.5870887], [26.3449602, 48.5851401], [26.347878, 48.5850753], [26.3581947, 48.5889596], [26.361013, 48.5863511], [26.3594551, 48.5809208], [26.3550558, 48.5782202], [26.3476188, 48.5766356], [26.3410039, 48.5743409], [26.3379751, 48.5722017], [26.3364774, 48.5694508], [26.3382975, 48.5660228], [26.3459781, 48.5619199], [26.3539484, 48.5602909], [26.3618875, 48.5609776], [26.3664761, 48.5555443], [26.3664253, 48.5511199], [26.3589109, 48.5462681], [26.3584146, 48.5433063], [26.3611783, 48.5415414], [26.3669422, 48.5416981], [26.3725108, 48.5435444], [26.3777337, 48.5482607], [26.3790375, 48.5533759], [26.3775355, 48.5590143], [26.3749235, 48.5612489], [26.3762677, 48.5634883], [26.3796221, 48.5647345], [26.3861715, 48.5632231], [26.3955449, 48.5564127], [26.3978373, 48.5519629], [26.4002189, 48.5502972], [26.4048195, 48.544783], [26.4114979, 48.5411342], [26.4186205, 48.5408483], [26.42271, 48.542396], [26.4275813, 48.5469367], [26.4350193, 48.5474299], [26.4405724, 48.5450206], [26.4433363, 48.5386115], [26.4697151, 48.5458954], [26.4756981, 48.5467402], [26.482233, 48.5464473], [26.4878083, 48.5446013], [26.4921897, 48.5414314], [26.4994499, 48.5304524], [26.501697, 48.5237957], [26.5034846, 48.5210392], [26.5119284, 48.5107485], [26.5303434, 48.4922334], [26.5340285, 48.4878935], [26.5424484, 48.475745], [26.5479577, 48.468664], [26.5573025, 48.4591345], [26.5622002, 48.4557122], [26.5671676, 48.4537661], [26.5732884, 48.4527058], [26.5861523, 48.4515068], [26.6019478, 48.4512969], [26.6125372, 48.4531808], [26.619806, 48.456349], [26.6248137, 48.4615535], [26.6260099, 48.4660977], [26.6246876, 48.4700653], [26.6157719, 48.4847274], [26.6106516, 48.49128], [26.6076046, 48.49692], [26.606915, 48.5021935], [26.6103576, 48.5057198], [26.6162653, 48.5080428], [26.6243466, 48.5088923], [26.6321991, 48.5067999], [26.6371345, 48.5038281], [26.6443982, 48.4977444], [26.6532853, 48.4909508], [26.6618289, 48.4870906], [26.6692751, 48.4856172], [26.6735027, 48.485393], [26.6972604, 48.4859118], [26.7042073, 48.4877882], [26.7104525, 48.4909392], [26.7126767, 48.4936806], [26.7135034, 48.4973316], [26.7117532, 48.5021885], [26.7092956, 48.5055513], [26.7049952, 48.5094567], [26.6987014, 48.5132428], [26.6864014, 48.5195387], [26.6810659, 48.523739], [26.6788667, 48.5279833], [26.6779598, 48.5338506], [26.6752387, 48.5386145], [26.6717752, 48.540499], [26.6648635, 48.5416531], [26.6512195, 48.5404338], [26.6365345, 48.5362522], [26.6285619, 48.5363982], [26.6235261, 48.5375068], [26.618223, 48.5427981], [26.6178155, 48.5461629], [26.6192394, 48.5511806], [26.6226544, 48.5548724], [26.6310019, 48.5593583], [26.6395755, 48.5616035], [26.6473695, 48.5619866], [26.6614707, 48.5600098], [26.6665321, 48.5578515], [26.6752395, 48.552985], [26.6854555, 48.5446315], [26.7024188, 48.5352358], [26.712667, 48.5321011], [26.7185125, 48.5310422], [26.7302077, 48.5340714], [26.7340918, 48.5359388], [26.7400357, 48.5400816], [26.7409299, 48.5418079], [26.7427535, 48.5526287], [26.743002, 48.5572585], [26.7406795, 48.562994], [26.7350945, 48.5691583], [26.7255082, 48.5730015], [26.7216982, 48.5760057], [26.7194529, 48.5821505], [26.7215505, 48.5863185], [26.7254734, 48.5873295], [26.7357644, 48.586163], [26.7437788, 48.5828963], [26.748697, 48.5787635], [26.7541295, 48.5625453], [26.7543082, 48.5595022], [26.756446, 48.5550484], [26.7616222, 48.5491535], [26.7658212, 48.5472462], [26.7712332, 48.5466943], [26.7798538, 48.5477931], [26.7847744, 48.5496134], [26.7873376, 48.5523648], [26.7937467, 48.5613675], [26.7944945, 48.5648415], [26.7939735, 48.5705299], [26.7907035, 48.5749972], [26.7843406, 48.5809424], [26.7810025, 48.5852342], [26.7786, 48.5899289], [26.7783832, 48.5926926], [26.780013, 48.597116], [26.7833027, 48.6001693], [26.7930222, 48.6064389], [26.8006344, 48.609177], [26.8092919, 48.610441], [26.8156662, 48.610056], [26.8201709, 48.6087297], [26.8237902, 48.6058418], [26.8255707, 48.6010628], [26.8250726, 48.5983188], [26.8215416, 48.5922372], [26.8195916, 48.5856908], [26.8206689, 48.5807634], [26.8361456, 48.5627215], [26.8409613, 48.557873], [26.8526404, 48.5501524], [26.8660411, 48.544751], [26.8759938, 48.5426966], [26.8792962, 48.5424713], [26.8875356, 48.5433999], [26.8954952, 48.5462654], [26.9029463, 48.5500923], [26.9070207, 48.5546531], [26.9169809, 48.5708408], [26.9250667, 48.5770165], [26.9304503, 48.5780261], [26.9449468, 48.575535], [26.9515934, 48.5752334], [26.9627356, 48.5757407], [26.9667326, 48.5765519], [26.9711644, 48.5794019], [26.9734416, 48.5829225], [26.9770896, 48.5907394], [26.9865674, 48.5906998], [26.9894054, 48.5875577], [26.9892347, 48.582722], [26.9913, 48.5773028], [26.997056, 48.5733134], [27.0095068, 48.5706086], [27.0393598, 48.5655821], [27.0484042, 48.5645597], [27.0591545, 48.562348], [27.0676893, 48.5600403], [27.0886159, 48.5572887], [27.0999563, 48.5570118], [27.1071392, 48.5575941], [27.1164197, 48.5602675], [27.1302921, 48.5669205], [27.1366934, 48.5737307], [27.1411417, 48.5764851], [27.1475688, 48.5786002], [27.1594931, 48.5815109], [27.1704037, 48.5831026], [27.179211, 48.5827752], [27.1868329, 48.5808547], [27.2099041, 48.572221], [27.2258253, 48.5677553], [27.2316662, 48.5668338], [27.245215, 48.5676683], [27.2513782, 48.5685842], [27.2572412, 48.5725676], [27.2597224, 48.5800799], [27.2600127, 48.5828082], [27.2587056, 48.5871189], [27.2527259, 48.5959278], [27.2448621, 48.6040039], [27.2443539, 48.6118668], [27.2465174, 48.6147484], [27.257485, 48.6222675], [27.2605024, 48.6237574], [27.2683686, 48.6240362], [27.280829, 48.6227941], [27.2880082, 48.6190223], [27.2951513, 48.6130165], [27.2984441, 48.6081953], [27.3032557, 48.604802], [27.3103267, 48.602321], [27.3171707, 48.6012799], [27.3230314, 48.6011554], [27.3342914, 48.6040298], [27.3394952, 48.6085791], [27.3425926, 48.614789], [27.3495977, 48.6257685], [27.3534751, 48.6287458], [27.3613261, 48.6304936], [27.366949, 48.6308651], [27.3729334, 48.63014], [27.3743277, 48.6385833], [27.3764443, 48.6393988], [27.378274, 48.6498544], [27.380021, 48.65279], [27.3851593, 48.6553569], [27.3859134, 48.6588135], [27.3888096, 48.6629987], [27.387606, 48.6690407], [27.3898932, 48.6753034], [27.3899238, 48.6808953], [27.3925005, 48.6822689], [27.394522, 48.6860203], [27.3987396, 48.6886765], [27.4079199, 48.6865718], [27.4080663, 48.6886745], [27.4049967, 48.6945683], [27.4079468, 48.6956251], [27.411938, 48.6947634], [27.4138458, 48.6986602], [27.4142971, 48.7026752], [27.4124455, 48.7040105], [27.4037739, 48.7181236], [27.4000754, 48.726786], [27.4001651, 48.7298786], [27.4081063, 48.735234], [27.4092314, 48.7370045], [27.4158239, 48.7385983], [27.4115378, 48.7444318], [27.4050919, 48.7477458], [27.3979839, 48.7541408], [27.3943964, 48.7535765], [27.3905786, 48.7565521], [27.3919641, 48.7582753], [27.391212, 48.7627451], [27.3896967, 48.7650498], [27.3956212, 48.7668546], [27.4011081, 48.7670212], [27.4070418, 48.7661914], [27.4096959, 48.7694462], [27.4037405, 48.7735619], [27.4076447, 48.7747914], [27.4131302, 48.7777945], [27.4188777, 48.7868688], [27.4165946, 48.7894371], [27.4204404, 48.7899986], [27.4219517, 48.7922682], [27.4271901, 48.7942521], [27.4275191, 48.797218], [27.4239995, 48.7977231], [27.4196025, 48.7997241], [27.4193753, 48.8017636], [27.4164324, 48.8068517], [27.4133669, 48.8085222], [27.4110092, 48.8116554], [27.4117742, 48.8162719], [27.41698, 48.8179139], [27.4183266, 48.8195272], [27.4175826, 48.8251492], [27.413156, 48.8362876], [27.4176854, 48.8374878], [27.4173179, 48.8428363], [27.4155166, 48.8441406], [27.4130117, 48.8494598], [27.4154478, 48.8507406], [27.4163047, 48.8559458], [27.4151959, 48.8816715], [27.4006662, 48.8920544], [27.3934414, 48.9004739], [27.3971267, 48.9253403], [27.3948947, 48.927129], [27.3922726, 48.9314045], [27.3959014, 48.9345593], [27.3923038, 48.9381673], [27.3949605, 48.9415726], [27.3998253, 48.9434614], [27.4034739, 48.9475568], [27.4036859, 48.9529628], [27.4085605, 48.9515426], [27.4134915, 48.9538166], [27.4173685, 48.954283], [27.4111705, 48.9608183], [27.4156093, 48.9669912], [27.4180149, 48.9716197], [27.409226, 48.9735934], [27.4051875, 48.9782962], [27.4016726, 48.9806888], [27.3988831, 48.9869764], [27.3949906, 48.9916464], [27.3948358, 48.99556], [27.3978662, 48.9979049], [27.3867167, 49.0032404], [27.3817947, 49.0050071], [27.3837442, 49.0082042], [27.3939049, 49.0176956], [27.4052315, 49.0288998], [27.4127926, 49.0466713], [27.4166945, 49.0546581], [27.4265564, 49.0530391], [27.4266556, 49.0585822], [27.4284328, 49.0647739], [27.4386792, 49.0652917], [27.4355829, 49.0690087], [27.4458039, 49.0715743], [27.4521411, 49.0700771], [27.4575759, 49.0709491], [27.4648387, 49.0705862], [27.4683152, 49.0715877], [27.4752741, 49.0706121], [27.480678, 49.0705843], [27.4916842, 49.0689778], [27.4957119, 49.0690712], [27.5028232, 49.0709515], [27.4984023, 49.0756556], [27.4902786, 49.0796837], [27.4818969, 49.0846583], [27.4803769, 49.0888941], [27.4915976, 49.093939], [27.4949349, 49.0970581], [27.5054215, 49.110234], [27.4926681, 49.1210312], [27.4994297, 49.124927], [27.5065403, 49.1272951], [27.5060306, 49.1307743], [27.512921, 49.130534], [27.522395, 49.126741], [27.5261856, 49.1274189], [27.532787, 49.1253958], [27.536458, 49.1334894], [27.5349872, 49.1377263], [27.541594, 49.1361997], [27.5478006, 49.1309986], [27.5734523, 49.1213526], [27.5775824, 49.1217846], [27.5977552, 49.1348624], [27.5945501, 49.1390056], [27.5922795, 49.1401151], [27.5951589, 49.1458054], [27.5943909, 49.1552686], [27.5975895, 49.1571629], [27.600176, 49.1604194], [27.6032977, 49.1624072], [27.6085475, 49.1611943], [27.6179997, 49.1614253], [27.6229165, 49.1634488], [27.6315397, 49.1617242], [27.6340015, 49.1656841], [27.6398235, 49.1680078], [27.6495756, 49.1651856], [27.6512307, 49.1621997], [27.6584386, 49.1573399], [27.6616836, 49.1563422], [27.672998, 49.1512581], [27.6826598, 49.1450823], [27.6868114, 49.14172], [27.6942851, 49.1449897], [27.6975111, 49.1386762], [27.7079159, 49.1412278], [27.7103409, 49.1437022], [27.7176209, 49.1443982], [27.7210569, 49.145612], [27.7251911, 49.142974], [27.7327792, 49.1419794], [27.7420529, 49.1396228], [27.740577, 49.1426792], [27.7429531, 49.1431896], [27.7493163, 49.1469688], [27.75098, 49.1494818], [27.7577848, 49.1547015], [27.7524829, 49.1582435], [27.7518737, 49.1605937], [27.7590866, 49.1627335], [27.7644113, 49.1601253], [27.7669895, 49.1632667], [27.7667595, 49.1653174], [27.7732723, 49.1643753], [27.774583, 49.169549], [27.7812749, 49.1714452], [27.7822122, 49.1742758], [27.7779594, 49.1835126], [27.776118, 49.1849352], [27.7760375, 49.1898863], [27.7826735, 49.1908638], [27.7825106, 49.1883999], [27.7867225, 49.1848989], [27.793163, 49.1842351], [27.7949392, 49.1805158], [27.792815, 49.1781853], [27.7986772, 49.1752499], [27.8025574, 49.1794202], [27.8033084, 49.1856011], [27.8112533, 49.1864867], [27.8148604, 49.1894587], [27.819134, 49.1866546], [27.8196809, 49.182616], [27.8223661, 49.1791805], [27.8345949, 49.1802818], [27.8467052, 49.1784114], [27.8488137, 49.1766271], [27.852133, 49.1708944], [27.855165, 49.1706259], [27.8647536, 49.1732909], [27.8689388, 49.1760721], [27.8720005, 49.1755291], [27.8826973, 49.1780263], [27.8844903, 49.1813502], [27.8879026, 49.1839851], [27.8984014, 49.1862045], [27.8948553, 49.2057076], [27.8935454, 49.2100458], [27.882887, 49.214994], [27.8788376, 49.2134602], [27.8724674, 49.2140964], [27.8665303, 49.2132184], [27.8652811, 49.2206821], [27.8624469, 49.222779], [27.8630022, 49.225906], [27.8583823, 49.2358081], [27.8603458, 49.2400442], [27.8712007, 49.2422156], [27.8724881, 49.2461966], [27.8719279, 49.2494723], [27.868188, 49.2489747], [27.856295, 49.2551287], [27.8556839, 49.2601769], [27.8573924, 49.2619209], [27.849279, 49.2638086], [27.8527764, 49.2746486], [27.8571298, 49.2789943], [27.860856, 49.2778296], [27.8624278, 49.2794326], [27.8588292, 49.2819361], [27.8625724, 49.2925018], [27.8607544, 49.2998181], [27.853681, 49.3086462], [27.8517687, 49.3121207], [27.8556034, 49.3160763], [27.8572527, 49.3205519], [27.8536034, 49.3221574], [27.8581836, 49.3276853], [27.8579603, 49.3287783], [27.8514508, 49.3354506], [27.8456566, 49.3425141], [27.8435495, 49.3464761], [27.8373276, 49.3504229], [27.8287361, 49.3507288], [27.8228395, 49.3535293], [27.8158611, 49.3553843], [27.8133839, 49.3577248], [27.8114349, 49.3670901], [27.8289397, 49.3677352], [27.8284565, 49.3745775], [27.8169622, 49.3742573], [27.8162984, 49.3791261], [27.8113668, 49.3790176], [27.8119676, 49.3883301], [27.8238768, 49.3888867], [27.823755, 49.3908784], [27.8335645, 49.3912606], [27.8321692, 49.4021117], [27.8337907, 49.4020673], [27.8382647, 49.4075437], [27.8349295, 49.4085081], [27.8410474, 49.4128509], [27.8500123, 49.4209782], [27.8515187, 49.4269353], [27.8461864, 49.4310599], [27.8274986, 49.4215915], [27.8165458, 49.4307814], [27.8146235, 49.431055], [27.8134115, 49.4352216], [27.8091982, 49.4359437], [27.807188, 49.4394004], [27.8018932, 49.4375539], [27.7905821, 49.4346076], [27.7880369, 49.4397681], [27.7835873, 49.4398805], [27.7835886, 49.4430986], [27.7680542, 49.4399709], [27.7665971, 49.4432618], [27.7504916, 49.439866], [27.7453782, 49.4507329], [27.7560362, 49.4631626], [27.7585137, 49.463278], [27.761507, 49.4737365], [27.7638212, 49.4785864], [27.7770995, 49.4749711], [27.7846251, 49.4874231], [27.7912272, 49.4880491], [27.7895536, 49.4924123], [27.7665477, 49.4900032], [27.7609606, 49.4933203], [27.7555897, 49.4919162], [27.7513661, 49.4927526], [27.7398622, 49.4926901], [27.7363308, 49.4935153], [27.7347501, 49.4964867], [27.7375779, 49.498131], [27.7364614, 49.505417], [27.7367106, 49.5086157], [27.7351398, 49.5099466], [27.7364013, 49.5170985], [27.7387839, 49.5182783], [27.7408529, 49.5214287], [27.7406749, 49.5282507], [27.7423475, 49.5310417], [27.7496097, 49.5295714], [27.7510465, 49.531084], [27.7571051, 49.5318656], [27.7635274, 49.5300113], [27.7679348, 49.525282], [27.7682851, 49.5233432], [27.7744519, 49.5203472], [27.7781786, 49.5208297], [27.7817374, 49.524772], [27.7848207, 49.5259991], [27.7897157, 49.5297407], [27.7943602, 49.5308796], [27.7942459, 49.534263], [27.7913245, 49.539713], [27.7870656, 49.5419458], [27.7858054, 49.5465622], [27.7926801, 49.5509312], [27.7933319, 49.553142], [27.7881313, 49.5595578], [27.776387, 49.5652601], [27.7734248, 49.5674861], [27.7636984, 49.5717953], [27.7583291, 49.5729493], [27.7587996, 49.5780516], [27.760814, 49.5831101], [27.7663245, 49.5855015], [27.7721089, 49.5893606], [27.773377, 49.5966213], [27.7770743, 49.5972908], [27.7845514, 49.5968799], [27.7940232, 49.6055437], [27.7910795, 49.6070942], [27.8003112, 49.6216039], [27.8122123, 49.6185821], [27.8120962, 49.6413081], [27.8115797, 49.6445014], [27.7938914, 49.6534083], [27.7660225, 49.6664265], [27.7666503, 49.6750215], [27.7625282, 49.6971584], [27.7752195, 49.6989093], [27.7872469, 49.7001511], [27.7921259, 49.6999695], [27.8115949, 49.7019473], [27.8068624, 49.7093817], [27.8370414, 49.7297991], [27.8242413, 49.7318247], [27.8175265, 49.7342877], [27.8062447, 49.7272979], [27.8028902, 49.7284816], [27.797062, 49.7283314], [27.7930717, 49.7274052], [27.7804499, 49.7287005], [27.7753576, 49.7341354], [27.7733655, 49.7342114], [27.7686245, 49.7397639], [27.7655913, 49.740723], [27.7638543, 49.7430114], [27.7603523, 49.7443465], [27.7566165, 49.747259], [27.7573745, 49.7502846], [27.7531981, 49.7528803], [27.7528319, 49.7544418], [27.7483276, 49.757144], [27.7434111, 49.757862], [27.7299896, 49.7634003], [27.7036566, 49.7689962], [27.7068276, 49.7789314], [27.7109569, 49.7822812], [27.7156538, 49.7834121], [27.7201052, 49.7866664], [27.7236959, 49.7904576], [27.7226994, 49.7922389], [27.727053, 49.7995454], [27.716497, 49.8061699], [27.7100486, 49.807419], [27.7017816, 49.8079683], [27.6972174, 49.8090155], [27.6919022, 49.8020284], [27.6803165, 49.8054488], [27.6717068, 49.8070025], [27.6680087, 49.8070657], [27.6632732, 49.7955389], [27.6605478, 49.7952314], [27.6578546, 49.7971437], [27.6603889, 49.7994758], [27.6546797, 49.8040418], [27.6507109, 49.8042971], [27.6504115, 49.8063405], [27.6465631, 49.8067292], [27.644067, 49.8111697], [27.6405341, 49.8137708], [27.643753, 49.816265], [27.6372354, 49.8209023], [27.6395851, 49.824086], [27.6345048, 49.8239955], [27.6360116, 49.827083], [27.6228591, 49.8382509], [27.6221763, 49.8401109], [27.6255763, 49.842384], [27.6226441, 49.8451091], [27.6266103, 49.8465088], [27.6276194, 49.8504453], [27.6215992, 49.8523044], [27.617811, 49.8565206], [27.6213482, 49.8577829], [27.622465, 49.860568], [27.6201423, 49.8623433], [27.6149487, 49.8641674], [27.6156628, 49.8732208], [27.610048, 49.8757749], [27.6253697, 49.8923954], [27.6191238, 49.89385], [27.6077626, 49.8904851], [27.6004951, 49.8908734], [27.5957866, 49.8901687], [27.5950331, 49.8957428], [27.5879402, 49.8977467], [27.5844843, 49.9012575], [27.5767455, 49.9042132], [27.5743036, 49.9080891], [27.5680591, 49.909877], [27.5632086, 49.9095666], [27.5619629, 49.9070252], [27.5629675, 49.9016006], [27.5498388, 49.9005286], [27.546772, 49.903453], [27.5494387, 49.9083031]]]}, "properties": {"name": "Хмельницька область", "type": "oblast", "id": "khmelnytskyi_oblast"}}, {"type": "Feature", "geometry": {"type": "Polygon", "coordinates": [[[34.9750748, 45.7619919], [35.2334204, 45.7917299], [35.2212789, 45.8289034], [35.2080072, 45.8511065], [35.1739108, 45.8873198], [35.1509695, 45.9315235], [35.209186, 45.937625], [35.2727909, 45.9560418], [35.3273733, 45.9852651], [35.3692134, 46.0232881], [35.3911545, 46.057589], [35.4322589, 46.0908278], [35.4494643, 46.1115814], [35.4680391, 46.1464862], [35.3757487, 46.1944895], [35.2780627, 46.264581], [35.2274451, 46.2812001], [35.128223, 46.3020878], [35.0720342, 46.2995725], [35.0567539, 46.3752108], [35.0695027, 46.3794352], [35.0546771, 46.4818658], [35.0196957, 46.4786555], [34.9484381, 46.5028473], [34.9457548, 46.5122707], [34.8903832, 46.5069693], [34.885143, 46.5367184], [34.8912198, 46.5625704], [34.7576007, 46.5493238], [34.748275, 46.5841895], [34.7232991, 46.5814666], [34.7131884, 46.6192518], [34.7563087, 46.6269756], [34.7461772, 46.6832188], [34.6835688, 46.6772691], [34.6808284, 46.6919901], [34.6322356, 46.6876186], [34.6252257, 46.723972], [34.6612754, 46.7271564], [34.6586929, 46.7403319], [34.7350052, 46.7473443], [34.7504856, 46.7578954], [34.7501431, 46.7805134], [34.7675765, 46.7809131], [34.7581324, 46.8227066], [34.8165539, 46.8284506], [34.8046826, 46.8825274], [34.7525692, 46.8795369], [34.7364408, 46.9613595], [34.6854556, 46.9558631], [34.6809711, 46.9791411], [34.6238427, 46.9733971], [34.6174822, 46.9933158], [34.5996222, 46.9917725], [34.5916567, 47.0267916], [34.5672697, 47.0244915], [34.5529108, 47.1020308], [34.5195021, 47.1047491], [34.4908861, 47.2468443], [34.5300976, 47.2507598], [34.5182002, 47.2835488], [34.4877638, 47.2799494], [34.4794346, 47.3151248], [34.5161124, 47.3184443], [34.5054386, 47.3351652], [34.4134848, 47.3233412], [34.4187949, 47.3009396], [34.4012258, 47.2871716], [34.3695731, 47.2835733], [34.3576058, 47.2933836], [34.3290637, 47.2907036], [34.3053474, 47.269141], [34.2929939, 47.2743463], [34.2834383, 47.3263116], [34.2711741, 47.3622316], [34.2599647, 47.3606487], [34.2481985, 47.4239013], [34.2271594, 47.4481234], [34.2126653, 47.4550758], [34.1394646, 47.4772499], [34.0744075, 47.4706243], [34.0033403, 47.4566155], [33.951341, 47.4615802], [33.9471007, 47.5000015], [33.9395849, 47.5159546], [33.6436096, 47.4845268], [33.6359662, 47.5140686], [33.603722, 47.5102844], [33.588445, 47.5023016], [33.5802269, 47.5324439], [33.5925373, 47.544415], [33.5922908, 47.573653], [33.5803214, 47.600194], [33.473719, 47.5873296], [33.4861004, 47.5439264], [33.3264657, 47.5230895], [33.3488161, 47.4936669], [33.3142543, 47.4825445], [33.3099756, 47.5015974], [33.2865697, 47.5099547], [33.2880056, 47.5421787], [33.2745947, 47.5463142], [33.2443869, 47.531178], [33.216522, 47.5323008], [33.2195556, 47.5494351], [33.2377195, 47.5691572], [33.1761432, 47.5676762], [33.0926838, 47.5788322], [33.0888625, 47.5521654], [33.0954271, 47.5278867], [33.1413235, 47.5445215], [33.147041, 47.5152196], [33.1232429, 47.5079417], [33.1257162, 47.4772638], [33.1378337, 47.4195283], [33.0715543, 47.4124492], [33.070533, 47.4748122], [33.0472559, 47.4684701], [33.0538642, 47.4440506], [33.0341304, 47.4416307], [33.0294888, 47.4212848], [33.0392937, 47.3796948], [33.1216126, 47.3895899], [33.1322319, 47.3456417], [33.1306492, 47.3285563], [33.1029147, 47.3223493], [33.11078, 47.3010186], [33.1052117, 47.280462], [33.1361639, 47.2677686], [33.1738452, 47.2436811], [33.1264591, 47.2284533], [33.1341967, 47.2128156], [33.1176081, 47.2040039], [33.0888579, 47.2239896], [33.0641134, 47.2152269], [33.0662034, 47.200876], [33.0525609, 47.191351], [33.0156173, 47.1803274], [33.01227, 47.1911438], [32.961355, 47.1896302], [32.948681, 47.1636248], [32.9200065, 47.146116], [32.9068393, 47.1205517], [32.9103274, 47.0938696], [32.9279285, 47.0815668], [33.0269084, 47.0396692], [33.0515956, 47.0700634], [33.0729674, 47.0624047], [33.102579, 47.099811], [33.0819797, 47.1075813], [33.1050252, 47.1366073], [33.1557081, 47.1174531], [33.093245, 47.0393468], [33.0677703, 47.0222432], [33.0224893, 46.9727807], [32.9496959, 47.0031886], [32.9339743, 46.9862828], [32.9499235, 46.9460097], [32.9758582, 46.9487523], [32.9798654, 46.9336997], [32.9276194, 46.9277312], [32.9246045, 46.9100577], [32.8414564, 46.900036], [32.8383546, 46.8825934], [32.8564489, 46.8770292], [32.9152698, 46.883276], [32.9198948, 46.8661432], [32.9462653, 46.8686577], [32.9491152, 46.8579487], [32.8136251, 46.8401364], [32.8147714, 46.8346046], [32.6978757, 46.8226363], [32.6878845, 46.8620814], [32.6174686, 46.8544047], [32.5854524, 46.8558401], [32.5704869, 46.8725642], [32.5467399, 46.869438], [32.5417418, 46.8501696], [32.5251772, 46.8481775], [32.5311826, 46.8231376], [32.4693254, 46.816568], [32.4632807, 46.8404296], [32.3653157, 46.8292574], [32.3728903, 46.7990798], [32.3416307, 46.7954457], [32.2275364, 46.8452028], [32.2522118, 46.8196044], [32.2096967, 46.8057258], [32.2186855, 46.7713054], [32.1689531, 46.7635024], [32.171543, 46.7523229], [32.1118177, 46.7451273], [32.1088909, 46.752464], [32.05715, 46.7446436], [32.0756701, 46.7299759], [32.0867801, 46.6834813], [32.0207063, 46.6775492], [31.9874104, 46.6641164], [31.9847153, 46.6548122], [31.9300896, 46.652885], [31.927471, 46.5817546], [31.8619843, 46.5234904], [31.8480348, 46.5004454], [31.8136167, 46.4920256], [31.804476, 46.4791719], [31.8090246, 46.4435351], [31.8055914, 46.4309952], [31.8109129, 46.3715694], [31.7974278, 46.3490392], [31.6726281, 46.3575445], [31.5425073, 46.3817142], [31.5034804, 46.3805215], [31.3814661, 46.4076023], [31.1590964, 46.4096818], [31.2372722, 46.4031776], [31.2317777, 46.3597165], [31.2395833, 46.3180155], [31.2422354, 46.2701679], [31.2654363, 46.217633], [31.3082713, 46.1713336], [31.3436306, 46.1472926], [31.3933895, 46.1072043], [31.4593257, 46.0764938], [31.5367522, 46.0590466], [31.5971162, 46.039582], [31.6356855, 46.0327471], [31.6802135, 46.0295837], [31.7447895, 46.0157018], [31.8036251, 46.0124291], [31.864804, 45.9995986], [31.8924887, 45.9971252], [31.947613, 45.9799079], [31.9985396, 45.9717896], [32.0239391, 45.9619012], [32.0799249, 45.9475881], [32.1429798, 45.9414617], [32.202667, 45.9257736], [32.2475868, 45.9204531], [32.3117478, 45.8992931], [32.3774797, 45.8899915], [32.4467873, 45.8707248], [32.5279336, 45.8645587], [32.5985287, 45.8487598], [32.6626395, 45.8456584], [32.733545, 45.8297573], [32.7727018, 45.8266419], [33.1866939, 45.926666], [33.5407189, 46.0120312], [33.5911874, 46.0612472], [33.5721329, 46.1025643], [33.5870932, 46.1191796], [33.6355706, 46.1463365], [33.6152408, 46.2262179], [33.6467708, 46.22958], [33.670864, 46.2117939], [33.7358354, 46.1861025], [33.7726027, 46.1976249], [33.811324, 46.203796], [33.8486859, 46.1996667], [33.8973358, 46.1706248], [33.971714, 46.1411991], [33.9982336, 46.1264504], [34.0526389, 46.1091293], [34.0809285, 46.117556], [34.1174996, 46.1072692], [34.1450093, 46.0866862], [34.1884103, 46.0661306], [34.2477875, 46.0532232], [34.320021, 46.0682092], [34.3471695, 46.0549489], [34.4049875, 46.0092864], [34.4131796, 45.9897359], [34.4430184, 45.9618096], [34.4762212, 45.9441393], [34.4985264, 45.9425606], [34.5269998, 45.9590021], [34.5611691, 45.9943843], [34.6061468, 45.9931356], [34.6699108, 45.9676437], [34.7545153, 45.9086024], [34.8021689, 45.9006479], [34.7990874, 45.8104643], [34.8642572, 45.7941246], [34.9453932, 45.7640151], [34.9750748, 45.7619919]]]}, "properties": {"name": "Херсонська область", "type": "oblast", "id": "kherson_oblast"}}, {"type": "Feature", "geometry": {"type": "Polygon", "coordinates": [[[33.2144634, 48.161368], [33.2127238, 48.1698789], [33.2428521, 48.1725158], [33.2472448, 48.1516151], [33.271753, 48.153682], [33.2756596, 48.1385554], [33.2719945, 48.1380563], [33.2769907, 48.1032988], [33.2901577, 48.1018877], [33.3015505, 48.1107151], [33.3016898, 48.1186339], [33.3160284, 48.1179491], [33.3165281, 48.124455], [33.3142842, 48.1289904], [33.3070939, 48.1278381], [33.2924867, 48.1500118], [33.3165377, 48.152249], [33.3155455, 48.157809], [33.3564418, 48.1588555], [33.3598683, 48.1632884], [33.375108, 48.1622253], [33.3802696, 48.1652605], [33.429922, 48.1698585], [33.4312859, 48.1723582], [33.4284058, 48.1843179], [33.4301453, 48.1887345], [33.4788075, 48.1944817], [33.4774524, 48.199902], [33.4961675, 48.202146], [33.4872268, 48.2141236], [33.4982747, 48.2169031], [33.5006559, 48.2318993], [33.51289, 48.2305032], [33.5106742, 48.2189224], [33.5244556, 48.2248478], [33.5266144, 48.2228465], [33.5359307, 48.227511], [33.5364093, 48.2299064], [33.5459884, 48.2348788], [33.5395673, 48.2527794], [33.5350658, 48.2522303], [33.5296946, 48.2757412], [33.5138233, 48.2772612], [33.5179081, 48.284622], [33.5097403, 48.2917898], [33.5175368, 48.329029], [33.5064074, 48.3327114], [33.4965313, 48.3303641], [33.4776353, 48.3286442], [33.4732864, 48.3302377], [33.4781858, 48.3492877], [33.4617697, 48.3494942], [33.4597453, 48.3576043], [33.47321, 48.3675931], [33.4679097, 48.3703549], [33.4684699, 48.388193], [33.4845028, 48.3881021], [33.4848566, 48.3931301], [33.497137, 48.3956042], [33.4949439, 48.4049355], [33.4864272, 48.4045052], [33.4890422, 48.4403393], [33.4866771, 48.4496089], [33.4694623, 48.5337008], [33.4798456, 48.5362426], [33.4724917, 48.5449163], [33.4841544, 48.5476099], [33.4819095, 48.5578953], [33.5033232, 48.5604373], [33.5116011, 48.5588819], [33.509479, 48.5681438], [33.5844532, 48.5764061], [33.5902581, 48.5596473], [33.6232085, 48.5665173], [33.6092517, 48.5994683], [33.6259126, 48.602217], [33.6265164, 48.5977453], [33.6500646, 48.5997633], [33.6516531, 48.591886], [33.6562832, 48.5920748], [33.6613741, 48.58621], [33.7004899, 48.6057833], [33.714335, 48.6113599], [33.7211781, 48.612271], [33.7365408, 48.6171883], [33.7421685, 48.6173334], [33.7624908, 48.6246124], [33.7637525, 48.6263661], [33.7566241, 48.6574445], [33.8018692, 48.6627786], [33.8053568, 48.6875783], [33.756148, 48.6815173], [33.7496314, 48.6815567], [33.7462728, 48.6933358], [33.7303588, 48.692132], [33.6819104, 48.7231043], [33.6508546, 48.7210489], [33.6498162, 48.7254992], [33.6345232, 48.7241803], [33.6187843, 48.7275595], [33.607564, 48.7513511], [33.5930139, 48.7481758], [33.5861202, 48.7576171], [33.5815978, 48.7664703], [33.577983, 48.7801615], [33.5874381, 48.7815818], [33.5831319, 48.7969551], [33.6024315, 48.7988323], [33.6042089, 48.7919299], [33.6163119, 48.7933745], [33.6179856, 48.7879805], [33.6590409, 48.7931066], [33.6630093, 48.8024591], [33.6731363, 48.81423], [33.6857848, 48.8137396], [33.6894192, 48.8081192], [33.7058717, 48.813882], [33.7152649, 48.8137289], [33.7204005, 48.8097371], [33.7252513, 48.7892112], [33.7437095, 48.7902023], [33.748757, 48.795113], [33.7609112, 48.7965584], [33.770084, 48.7991257], [33.7723395, 48.792007], [33.7931213, 48.7942603], [33.79217, 48.8005922], [33.811374, 48.8028204], [33.8152614, 48.792393], [33.8190656, 48.7760891], [33.8285012, 48.7743005], [33.8301183, 48.7689827], [33.8509542, 48.7708127], [33.8532261, 48.7787096], [33.8477445, 48.8025881], [33.8508811, 48.8028265], [33.8614994, 48.8354696], [33.8655755, 48.8387422], [33.873674, 48.8403933], [33.8891947, 48.8845147], [33.8934875, 48.9011075], [33.8897384, 48.9045911], [33.8719432, 48.9090191], [33.8606582, 48.9143666], [33.8487423, 48.9218305], [33.8396483, 48.9289585], [33.8191689, 48.9369856], [33.8073309, 48.9392389], [33.7898923, 48.9391217], [33.7814613, 48.9404067], [33.7620213, 48.9460738], [33.7400908, 48.9416978], [33.7184999, 48.9401519], [33.6960026, 48.9469153], [33.6928424, 48.9504233], [33.6807059, 48.9570618], [33.6698592, 48.9704867], [33.6651085, 48.9784797], [33.6475405, 48.9772092], [33.6363266, 48.9730461], [33.6340428, 48.9616577], [33.6181556, 48.9571931], [33.6110086, 48.9533478], [33.6006362, 48.9418454], [33.609097, 48.9384509], [33.589323, 48.916845], [33.5818763, 48.9161632], [33.5805391, 48.9205264], [33.5676745, 48.9188297], [33.5743115, 48.9154158], [33.5751592, 48.9110338], [33.5566399, 48.9130374], [33.5476551, 48.9126572], [33.5457022, 48.9200358], [33.5404295, 48.9198608], [33.5373325, 48.931362], [33.4969983, 48.9264037], [33.4845054, 48.9159313], [33.4741633, 48.9155746], [33.4778924, 48.9341358], [33.4729583, 48.9374319], [33.4761202, 48.9520329], [33.4315734, 48.9567914], [33.4305302, 48.9522946], [33.4234865, 48.9503744], [33.4235638, 48.9561031], [33.4125336, 48.9573612], [33.4072103, 48.9602732], [33.3993109, 48.9519642], [33.4011984, 48.9278424], [33.3922359, 48.9305188], [33.3536511, 48.9481161], [33.3518066, 48.9529371], [33.3466943, 48.9533714], [33.3337715, 48.9483846], [33.3302416, 48.9521063], [33.3196157, 48.9490147], [33.3135945, 48.9582755], [33.325024, 48.9613805], [33.3117181, 48.981601], [33.3117718, 48.9843858], [33.2981252, 49.0041448], [33.2975501, 49.010521], [33.3072117, 49.012793], [33.312015, 49.0168064], [33.3278673, 49.0247995], [33.3277437, 49.0342888], [33.3208579, 49.0429719], [33.3201926, 49.0506717], [33.3167504, 49.0542009], [33.3199419, 49.0597562], [33.3105068, 49.0627005], [33.295728, 49.0746253], [33.2871506, 49.0839175], [33.2777185, 49.0834049], [33.266035, 49.094389], [33.2755962, 49.0978208], [33.2884206, 49.097159], [33.3043011, 49.118343], [33.2905361, 49.1216199], [33.284919, 49.1242744], [33.272588, 49.1349435], [33.2681556, 49.1341093], [33.2666728, 49.1444763], [33.2618352, 49.1529212], [33.2403531, 49.1667405], [33.2394661, 49.1645715], [33.2479912, 49.146173], [33.248168, 49.0919002], [33.248669, 49.0859309], [33.2449137, 49.0790104], [33.2267288, 49.0848806], [33.2232523, 49.0773628], [33.2120569, 49.0760244], [33.2045174, 49.0728527], [33.1998675, 49.0736036], [33.1904375, 49.0826305], [33.1963168, 49.089364], [33.1841459, 49.0974802], [33.1663199, 49.0948413], [33.1580185, 49.0969034], [33.1551947, 49.1006543], [33.1575593, 49.1087227], [33.1564018, 49.1147956], [33.1508456, 49.1219974], [33.1579355, 49.1277439], [33.1560238, 49.1328976], [33.143224, 49.1444053], [33.132516, 49.1571814], [33.1222058, 49.1631783], [33.1192112, 49.1672942], [33.1208716, 49.1748415], [33.1019995, 49.1852126], [33.0914955, 49.1838944], [33.0685304, 49.1879456], [33.0511477, 49.1850595], [33.044162, 49.1872126], [33.0354006, 49.1854718], [33.0255878, 49.1904346], [33.0210319, 49.1975953], [33.0118265, 49.2028927], [32.9953364, 49.2024973], [32.9838367, 49.209879], [32.9822793, 49.2156856], [32.9880879, 49.2256187], [32.9861686, 49.2373093], [32.983447, 49.2400955], [32.9692986, 49.2409118], [32.9363358, 49.2297645], [32.9290167, 49.2296321], [32.9022121, 49.2321317], [32.8910249, 49.2320076], [32.8820776, 49.2341935], [32.8742768, 49.2401454], [32.8591216, 49.2447143], [32.8406322, 49.2269997], [32.8215887, 49.2192105], [32.8093794, 49.2114925], [32.8068341, 49.2120443], [32.7838982, 49.1913937], [32.7749537, 49.1861553], [32.7714502, 49.1782261], [32.7661667, 49.1715636], [32.7578955, 49.1692705], [32.7576927, 49.1632383], [32.7619643, 49.1509082], [32.7697445, 49.1452142], [32.7818737, 49.1409273], [32.7888399, 49.142607], [32.795322, 49.1382286], [32.823734, 49.1351167], [32.8280484, 49.1336571], [32.8565806, 49.1292505], [32.8754543, 49.1286823], [32.8904096, 49.1265557], [32.8956318, 49.1104373], [32.8961836, 49.0948475], [32.8809033, 49.0956857], [32.8570355, 49.0897445], [32.8425803, 49.0876244], [32.8278817, 49.0796452], [32.8151473, 49.0756917], [32.8231139, 49.0732929], [32.8293519, 49.0747718], [32.829989, 49.0652532], [32.8388611, 49.0176052], [32.8344421, 49.0144039], [32.8265248, 49.0158354], [32.8290554, 49.0093337], [32.8352867, 49.0080125], [32.8444692, 49.0100067], [32.8488881, 49.0027026], [32.8579824, 48.9983425], [32.8722072, 49.0000624], [32.8739558, 48.9923909], [32.8576093, 48.9916717], [32.8434431, 48.9898432], [32.8454602, 48.980692], [32.7949118, 48.975896], [32.7974636, 48.9710984], [32.7333299, 48.9648233], [32.7310854, 48.9745054], [32.7271912, 48.9772146], [32.6980543, 48.9743141], [32.6963171, 48.9817066], [32.6849889, 48.9818152], [32.6758347, 48.9858251], [32.6680283, 48.977219], [32.6750051, 48.9600377], [32.667554, 48.9589997], [32.6668764, 48.9558403], [32.6554033, 48.9535988], [32.6417965, 48.9538636], [32.6386084, 48.955358], [32.6229946, 48.9559003], [32.6116197, 48.9536051], [32.6100559, 48.9593399], [32.6031697, 48.9620233], [32.592177, 48.9604434], [32.5910134, 48.9553979], [32.5825457, 48.9508087], [32.5767292, 48.9517915], [32.5781205, 48.9589937], [32.5687973, 48.9572144], [32.5546458, 48.9625913], [32.5551392, 48.9656363], [32.5390454, 48.9670191], [32.5404677, 48.9615091], [32.5466602, 48.959681], [32.5405952, 48.9521479], [32.5459357, 48.9459706], [32.54798, 48.9402699], [32.5215471, 48.9388939], [32.5215887, 48.9494705], [32.509527, 48.9602144], [32.5156051, 48.974281], [32.5120143, 48.9836695], [32.5047431, 48.9850112], [32.5039844, 48.9923573], [32.4961722, 49.0006666], [32.4992546, 49.0034197], [32.493251, 49.0149602], [32.4759411, 49.0055736], [32.4711945, 49.0096828], [32.4739351, 49.0145795], [32.4654874, 49.0317183], [32.4668438, 49.0350143], [32.4590622, 49.0408723], [32.4459259, 49.0453161], [32.4428274, 49.0525972], [32.4347425, 49.0392904], [32.427319, 49.0412413], [32.42185, 49.0323519], [32.4169951, 49.0277626], [32.3970497, 49.0262164], [32.3919054, 49.0307879], [32.3828773, 49.0318095], [32.3796881, 49.0364937], [32.3735004, 49.0363001], [32.3698767, 49.0401621], [32.3694203, 49.0467497], [32.3757518, 49.0500926], [32.3654377, 49.0719301], [32.3534533, 49.0695324], [32.3485796, 49.0792993], [32.3148796, 49.0812031], [32.3130183, 49.07469], [32.2984852, 49.0734023], [32.2973378, 49.0795247], [32.2831572, 49.0790065], [32.2694725, 49.0815681], [32.2599789, 49.078198], [32.2572893, 49.0676166], [32.2638106, 49.0680122], [32.2623452, 49.0620719], [32.2534479, 49.0580839], [32.2379421, 49.0620604], [32.233714, 49.0594719], [32.235882, 49.0516007], [32.2181005, 48.9868267], [32.2140067, 48.990731], [32.197425, 48.9921655], [32.1890087, 48.9957696], [32.1805495, 48.9931511], [32.1826776, 48.9857004], [32.1792731, 48.9743301], [32.1710904, 48.9718959], [32.1633085, 48.9724374], [32.1592981, 48.9697268], [32.143096, 48.9681078], [32.1346735, 48.966203], [32.1350768, 48.9542252], [32.1436906, 48.9510995], [32.1536109, 48.9445635], [32.1522058, 48.9398327], [32.1516678, 48.9165855], [32.1460206, 48.9122758], [32.112612, 48.912085], [32.1055281, 48.9109348], [32.1054241, 48.9025065], [32.0988207, 48.9029606], [32.0913988, 48.9086013], [32.0946279, 48.9142241], [32.0924879, 48.9182435], [32.0837373, 48.9173826], [32.079774, 48.9212843], [32.0489901, 48.9163586], [32.0265394, 48.9308372], [32.0172981, 48.9255904], [32.0125958, 48.9181582], [32.0057878, 48.9130445], [31.9979578, 48.9161811], [31.9888689, 48.9126403], [31.965816, 48.9076354], [31.9589405, 48.9085523], [31.945313, 48.905438], [31.9381623, 48.8963514], [31.9312611, 48.8931598], [31.9300424, 48.8885583], [31.9212745, 48.8801156], [31.9121811, 48.8870183], [31.918645, 48.8973037], [31.9182295, 48.9062642], [31.878049, 48.9180477], [31.8546787, 48.9290809], [31.8392966, 48.9355639], [31.8323864, 48.934309], [31.8218939, 48.9366646], [31.8078948, 48.9446567], [31.8052944, 48.9496396], [31.7958818, 48.9393149], [31.7707521, 48.9352864], [31.7596606, 48.9314599], [31.7510646, 48.9260483], [31.7251877, 48.9338845], [31.6984618, 48.9309838], [31.6957723, 48.9273248], [31.6992593, 48.9189281], [31.6959171, 48.9072862], [31.6895238, 48.896414], [31.6796256, 48.9005401], [31.664166, 48.9003019], [31.6529318, 48.9020354], [31.6402658, 48.9003338], [31.6389044, 48.9080341], [31.6199456, 48.9058844], [31.6185436, 48.9028844], [31.6082162, 48.8995343], [31.6022122, 48.9025304], [31.5969524, 48.8977432], [31.5988664, 48.8925613], [31.5803434, 48.8883818], [31.5793812, 48.8926508], [31.5948138, 48.9061767], [31.5817229, 48.9126803], [31.5668778, 48.8999202], [31.5723598, 48.9001845], [31.5777666, 48.8954553], [31.5686242, 48.891579], [31.5797923, 48.8846063], [31.5742744, 48.8808237], [31.5806991, 48.8776018], [31.57594, 48.8727991], [31.5591544, 48.8630892], [31.5670291, 48.8570054], [31.5544264, 48.8370091], [31.5621269, 48.8347181], [31.5588747, 48.8286888], [31.5270627, 48.8162548], [31.5281476, 48.8042489], [31.4962337, 48.7969514], [31.4679877, 48.7886051], [31.4227572, 48.7637019], [31.4360105, 48.7538411], [31.4240101, 48.7428239], [31.4233225, 48.7492171], [31.418655, 48.7548774], [31.4108069, 48.743564], [31.4046604, 48.7393386], [31.3935764, 48.7349282], [31.3912251, 48.7371492], [31.397504, 48.7444213], [31.3874309, 48.7426266], [31.3842236, 48.7349355], [31.3845141, 48.7282351], [31.3711136, 48.7299407], [31.3696154, 48.7353775], [31.3580189, 48.741727], [31.3520566, 48.7401147], [31.3549839, 48.7309987], [31.3536428, 48.7274461], [31.3444695, 48.7286353], [31.3295574, 48.7258778], [31.3194658, 48.7304345], [31.3172102, 48.7348565], [31.3188306, 48.7414938], [31.3131002, 48.7462584], [31.3128915, 48.7548658], [31.3099693, 48.7585535], [31.300689, 48.7592016], [31.2912117, 48.7570482], [31.2860833, 48.7584204], [31.27735, 48.753356], [31.2684665, 48.7520261], [31.2633924, 48.7485654], [31.2566767, 48.751065], [31.2517331, 48.7596714], [31.2533106, 48.7640675], [31.2443532, 48.7669413], [31.2299841, 48.7651952], [31.2161016, 48.7684628], [31.2150907, 48.7583196], [31.2053049, 48.7556941], [31.1962588, 48.75995], [31.1847608, 48.7591015], [31.1748318, 48.7618039], [31.1632457, 48.7518654], [31.1569454, 48.7424532], [31.1515619, 48.7395604], [31.1428834, 48.746765], [31.1357582, 48.7440979], [31.1341029, 48.7401111], [31.128044, 48.7373526], [31.1222359, 48.740906], [31.1186835, 48.7370283], [31.1176526, 48.7288224], [31.1075786, 48.7293505], [31.1025992, 48.7380493], [31.0940786, 48.7409402], [31.0816262, 48.7344139], [31.068901, 48.7368916], [31.0704038, 48.7431691], [31.0633125, 48.7467137], [31.0588005, 48.7543762], [31.0531042, 48.75545], [31.0487934, 48.7518218], [31.0429318, 48.7540169], [31.0405069, 48.7592971], [31.0200212, 48.7618786], [31.0158609, 48.7594662], [31.0016275, 48.7571808], [30.9952536, 48.7631834], [30.9888313, 48.7644912], [30.9715493, 48.7609419], [30.9605872, 48.7639137], [30.9572617, 48.7696171], [30.9441218, 48.772183], [30.9421222, 48.7683613], [30.9468472, 48.7643243], [30.94076, 48.7611195], [30.9322239, 48.7619975], [30.9185764, 48.7601696], [30.902697, 48.7617904], [30.8954334, 48.7545585], [30.8960038, 48.7454208], [30.8792147, 48.7449553], [30.8749986, 48.7494542], [30.8482548, 48.7515755], [30.8455253, 48.7480695], [30.830236, 48.7510438], [30.8286526, 48.7565087], [30.8199341, 48.7664709], [30.8114254, 48.7694825], [30.8038131, 48.7568991], [30.7530995, 48.7701335], [30.7511208, 48.7608508], [30.7206403, 48.7610883], [30.6981482, 48.7673974], [30.6369926, 48.7518962], [30.6353503, 48.7390394], [30.6219367, 48.7397752], [30.6091075, 48.7191185], [30.6010212, 48.7209997], [30.5918071, 48.7202192], [30.5882554, 48.7227645], [30.5759081, 48.7207106], [30.5932907, 48.707406], [30.6011046, 48.6990312], [30.6110338, 48.6977707], [30.6083035, 48.6860994], [30.6048315, 48.6854304], [30.5989899, 48.6707918], [30.5986247, 48.6630861], [30.5546522, 48.6541614], [30.5516312, 48.6540717], [30.5294597, 48.6277714], [30.5425496, 48.6198926], [30.5444418, 48.6213172], [30.5708909, 48.6057062], [30.557694, 48.5955285], [30.5678629, 48.5913782], [30.563279, 48.5789507], [30.5692524, 48.5774453], [30.5665508, 48.5672257], [30.5411243, 48.5707777], [30.5400684, 48.5671159], [30.5323335, 48.5658038], [30.5089992, 48.5682088], [30.487176, 48.5692372], [30.4868748, 48.5642424], [30.473798, 48.5669988], [30.4528743, 48.5832993], [30.4029125, 48.573874], [30.3872494, 48.5424693], [30.3864863, 48.5270213], [30.3530604, 48.5256872], [30.3254141, 48.521852], [30.3072402, 48.5121446], [30.2547893, 48.5054099], [30.2561097, 48.4890708], [30.2201213, 48.4798102], [30.2130178, 48.483229], [30.1626455, 48.5035196], [30.152924, 48.4982044], [30.1513896, 48.4907617], [30.1558122, 48.4859421], [30.1503652, 48.4815213], [30.1446295, 48.4727048], [30.130523, 48.4705235], [30.1296759, 48.4628561], [30.1199518, 48.4607818], [30.1207332, 48.4535575], [30.1090178, 48.452186], [30.0933354, 48.4550827], [30.0871951, 48.4578148], [30.0837316, 48.4657184], [30.0707795, 48.4692013], [30.0622471, 48.4771854], [30.0498295, 48.4827495], [29.9998151, 48.4779929], [30.0024475, 48.4723689], [29.96786, 48.4718036], [29.9641715, 48.4605654], [29.9547738, 48.4623011], [29.9534167, 48.4584896], [29.9571562, 48.4508647], [29.9509726, 48.4499834], [29.9352009, 48.4441508], [29.9256036, 48.4429964], [29.9074001, 48.4389392], [29.9070757, 48.4366591], [29.8857893, 48.4273938], [29.8832895, 48.4299928], [29.8645681, 48.4256897], [29.8702212, 48.4159483], [29.8130801, 48.3845593], [29.7864111, 48.3694983], [29.7905946, 48.3655395], [29.7996241, 48.3638172], [29.8052503, 48.3598788], [29.8068424, 48.3515131], [29.8005812, 48.3487651], [29.8047353, 48.3389032], [29.8039069, 48.3321088], [29.7989636, 48.329119], [29.784235, 48.3300239], [29.781974, 48.3148765], [29.7718621, 48.3131567], [29.7679565, 48.3086168], [29.7726855, 48.3045151], [29.7644218, 48.3000193], [29.7638618, 48.2972062], [29.7504924, 48.2993085], [29.7493056, 48.2894556], [29.7550311, 48.288716], [29.7608888, 48.2769649], [29.7722363, 48.2721285], [29.7706119, 48.2690572], [29.7757355, 48.2589614], [29.7707517, 48.2568042], [29.7782527, 48.248823], [29.7823386, 48.2422708], [29.7780891, 48.2318362], [29.7707177, 48.2267364], [29.7734159, 48.2172862], [29.7857266, 48.2043452], [29.7934456, 48.2012665], [29.8063625, 48.206169], [29.818406, 48.2077554], [29.8301738, 48.2111522], [29.8401654, 48.2126201], [29.8524924, 48.2088496], [29.8606696, 48.2043738], [29.8638048, 48.1990751], [29.8724269, 48.194379], [29.8745281, 48.1883729], [29.891458, 48.1857954], [29.9303634, 48.2332855], [29.9752929, 48.2168644], [29.9809934, 48.2237129], [29.9896356, 48.2300374], [29.9919026, 48.2215586], [30.0082729, 48.2110472], [30.0077888, 48.2018466], [30.0013069, 48.1960792], [30.0019893, 48.1854543], [30.0065554, 48.1825769], [30.0141545, 48.1858449], [30.0208343, 48.1864456], [30.034033, 48.1769195], [30.0327442, 48.1731985], [30.0403427, 48.1654988], [30.0430553, 48.1565556], [30.0487585, 48.1509428], [30.0595207, 48.1523961], [30.067419, 48.1453334], [30.0743356, 48.1470957], [30.0896221, 48.144591], [30.1051837, 48.1400999], [30.1112426, 48.1441389], [30.1271843, 48.1475793], [30.143089, 48.1473243], [30.1514166, 48.1435599], [30.1661646, 48.145602], [30.1720636, 48.1495527], [30.1794135, 48.1508235], [30.1887146, 48.1548774], [30.1957669, 48.1498943], [30.2143738, 48.1477781], [30.221084, 48.1451225], [30.2300588, 48.1446359], [30.2409031, 48.141107], [30.2530537, 48.1435271], [30.2603821, 48.1476216], [30.2688678, 48.1468867], [30.2821969, 48.141168], [30.2892906, 48.1405318], [30.2994669, 48.1430322], [30.3082281, 48.1431095], [30.3157524, 48.140743], [30.3278739, 48.1475424], [30.3257876, 48.1545432], [30.3266812, 48.1598843], [30.3375709, 48.1614328], [30.3474326, 48.167373], [30.3597167, 48.1694859], [30.3674766, 48.1745779], [30.3844357, 48.1748483], [30.3892182, 48.1670461], [30.3937917, 48.1654746], [30.4136478, 48.1630745], [30.4261471, 48.1651469], [30.4316318, 48.1710484], [30.4370119, 48.1726678], [30.445499, 48.1693389], [30.4501158, 48.1699493], [30.4676102, 48.1630767], [30.4745133, 48.1669963], [30.4804878, 48.1668634], [30.4896289, 48.1698954], [30.5009931, 48.1681886], [30.5011586, 48.1625542], [30.5065448, 48.1597269], [30.5267927, 48.1795096], [30.5526354, 48.1633831], [30.5557412, 48.1557513], [30.5776024, 48.1549118], [30.5822705, 48.1570454], [30.6165884, 48.1564065], [30.6208702, 48.1575053], [30.6220568, 48.166478], [30.6371598, 48.167347], [30.6564591, 48.1719647], [30.6482423, 48.1797695], [30.647191, 48.1852116], [30.6844879, 48.1880601], [30.7167351, 48.1955866], [30.7193171, 48.1865015], [30.7854417, 48.1914431], [30.7898076, 48.1806074], [30.7925069, 48.1679766], [30.8138696, 48.1697051], [30.8133369, 48.1767582], [30.8194338, 48.1806391], [30.8192763, 48.1880657], [30.8259657, 48.1877041], [30.8278153, 48.1816079], [30.8484801, 48.1843664], [30.8550746, 48.1610721], [30.8699693, 48.1621847], [30.8796826, 48.1645149], [30.8956077, 48.1647878], [30.8990741, 48.1593976], [30.9062077, 48.1641751], [30.9174465, 48.1654053], [30.9232381, 48.1695026], [30.9311428, 48.1711271], [30.9300488, 48.1805866], [30.9317281, 48.1839697], [30.9449548, 48.1841707], [30.9556254, 48.1806986], [30.9655361, 48.1852603], [30.9784812, 48.1837689], [30.9893724, 48.1844659], [30.9891486, 48.1944447], [30.9811918, 48.2220739], [31.0527322, 48.2322044], [31.0560989, 48.2201329], [31.1380877, 48.2292811], [31.1401253, 48.2207575], [31.1596344, 48.2226812], [31.1693149, 48.2184199], [31.1730897, 48.2105496], [31.1850069, 48.2027042], [31.1860758, 48.1966468], [31.1921851, 48.1940157], [31.1891677, 48.1882686], [31.1811263, 48.186515], [31.1789879, 48.1815634], [31.186034, 48.1763889], [31.2012455, 48.1683553], [31.2207565, 48.1708125], [31.2306849, 48.1351499], [31.2364712, 48.1169589], [31.3098219, 48.1342725], [31.3251945, 48.1383135], [31.3301312, 48.1140224], [31.3513021, 48.119021], [31.3678634, 48.1193567], [31.3766944, 48.1253817], [31.3797896, 48.1324637], [31.3891468, 48.1292942], [31.3951405, 48.108328], [31.4202802, 48.1116961], [31.4179638, 48.1209015], [31.4868521, 48.1295906], [31.4985336, 48.0873897], [31.4764187, 48.0831909], [31.4721878, 48.0770864], [31.4701323, 48.0634245], [31.4880874, 48.0653914], [31.4925401, 48.0502899], [31.5027788, 48.0522805], [31.5074923, 48.0555481], [31.5112552, 48.0627833], [31.5094936, 48.0688927], [31.5384113, 48.068442], [31.5509943, 48.0699355], [31.5405344, 48.1077935], [31.5590209, 48.1102655], [31.5697826, 48.1030931], [31.5842077, 48.1055503], [31.5818313, 48.1206631], [31.582466, 48.1287182], [31.610809, 48.1317769], [31.6165864, 48.1334058], [31.6340116, 48.1348427], [31.6370961, 48.124522], [31.6426406, 48.1151041], [31.6791121, 48.1202457], [31.6871389, 48.1162962], [31.6945326, 48.093348], [31.7209082, 48.0971537], [31.7673464, 48.1021392], [31.7830732, 48.0423319], [31.7290654, 48.0355775], [31.7516016, 47.9466583], [31.7527849, 47.9437813], [31.7706921, 47.9479443], [31.7769438, 47.9550276], [31.7847204, 47.9548539], [31.8014522, 47.9574187], [31.8066635, 47.9602176], [31.8233052, 47.9610914], [31.8439389, 47.9636924], [31.8553276, 47.9161456], [31.8766678, 47.9194892], [31.8758647, 47.9119798], [31.8845453, 47.8938651], [31.8847566, 47.8787592], [31.8906963, 47.8669388], [31.8867686, 47.8654442], [31.8572534, 47.8646693], [31.8566828, 47.8588206], [31.8594078, 47.8496472], [31.8532711, 47.848407], [31.8568628, 47.8386162], [31.8679716, 47.8285889], [31.8680409, 47.8221174], [31.8274308, 47.8165727], [31.8376686, 47.7830536], [31.839255, 47.7822818], [31.8736177, 47.7863712], [31.8780873, 47.7883957], [31.9630773, 47.7989162], [31.9598764, 47.8096817], [32.0149625, 47.8158358], [32.016023, 47.8127788], [32.0548786, 47.8173152], [32.0596547, 47.8044878], [32.0765689, 47.806549], [32.079425, 47.7959252], [32.0855768, 47.7966557], [32.0896569, 47.7822509], [32.1092838, 47.7844614], [32.116945, 47.7559326], [32.1329487, 47.7577519], [32.1389585, 47.7510647], [32.1447087, 47.750014], [32.1574199, 47.7604552], [32.1596996, 47.751696], [32.1682994, 47.7522754], [32.2316815, 47.760423], [32.2225186, 47.7915994], [32.2398978, 47.7938631], [32.2365308, 47.8148154], [32.297589, 47.8227991], [32.3037571, 47.8239474], [32.307043, 47.819456], [32.3179968, 47.8173127], [32.3282894, 47.8122174], [32.3295208, 47.8068308], [32.3386808, 47.800217], [32.3629765, 47.7888589], [32.3679537, 47.7899421], [32.3704985, 47.7950312], [32.3857303, 47.7982654], [32.3962416, 47.7975801], [32.3999164, 47.7949046], [32.4146226, 47.7972709], [32.4192116, 47.8018633], [32.4268522, 47.7996971], [32.4253338, 47.7965495], [32.4296391, 47.7895592], [32.4585592, 47.7934779], [32.4968882, 47.7978734], [32.5167634, 47.7994446], [32.5213698, 47.8007519], [32.6243121, 47.8133921], [32.6243806, 47.8159165], [32.6575792, 47.8195987], [32.655924, 47.8263273], [32.6639793, 47.8395953], [32.6727318, 47.8424972], [32.6794286, 47.8517554], [32.675123, 47.8577789], [32.6692405, 47.8529901], [32.664442, 47.8709697], [32.6855937, 47.873001], [32.6766327, 47.9072212], [32.6558598, 47.9047994], [32.6517763, 47.9214869], [32.6723223, 47.9236829], [32.74306, 47.9321584], [32.7445419, 47.9364004], [32.7387071, 47.9432305], [32.7371024, 47.9517741], [32.6971688, 47.9466922], [32.6919674, 47.9711712], [32.6908061, 47.9821036], [32.7323353, 47.9870599], [32.7337955, 47.9865628], [32.778725, 47.9917038], [32.7900868, 47.9935928], [32.794349, 47.9915446], [32.7964325, 47.9809831], [32.8017912, 47.9809924], [32.8017303, 47.9747103], [32.8115917, 47.9759262], [32.8114091, 47.9793525], [32.8346191, 47.9827007], [32.8662557, 47.9854261], [32.866856, 47.9835422], [32.8941148, 47.9857122], [32.8903452, 47.9981486], [32.8860452, 48.0195082], [32.8720674, 48.024431], [32.8702838, 48.0319424], [32.8803389, 48.0330598], [32.8821071, 48.0277791], [32.9161554, 48.0318424], [32.913485, 48.037587], [32.9265204, 48.0402374], [32.9450932, 48.0423894], [32.9524982, 48.0352897], [32.9892162, 48.0484699], [32.9960321, 48.0226285], [32.9999498, 48.0106095], [33.0009704, 48.0001122], [33.0043242, 47.9899684], [33.0193469, 47.9849098], [33.0201296, 47.9900798], [33.0245482, 47.9971171], [33.0264888, 48.0046072], [33.02194, 48.0133114], [33.0356715, 48.0172127], [33.0317161, 48.030905], [33.036952, 48.0337805], [33.0648296, 48.0366965], [33.107475, 48.0420853], [33.1039887, 48.0476362], [33.1032496, 48.0568836], [33.1066989, 48.0603252], [33.1060311, 48.0649175], [33.1147405, 48.0645346], [33.1156891, 48.0608628], [33.1432566, 48.0637874], [33.1479747, 48.0416119], [33.1537029, 48.0420649], [33.1485537, 48.0675331], [33.1440696, 48.0670639], [33.1416496, 48.0765247], [33.1543617, 48.0780275], [33.1537641, 48.0836106], [33.1709295, 48.0854085], [33.1724804, 48.086871], [33.225023, 48.0921816], [33.2219594, 48.1059259], [33.2367327, 48.1073612], [33.2354261, 48.1133402], [33.2247468, 48.1124794], [33.2216283, 48.1077218], [33.187099, 48.1041387], [33.1848342, 48.1046506], [33.1818377, 48.1183299], [33.2181615, 48.1220166], [33.2321509, 48.1271566], [33.2271568, 48.1493483], [33.2171509, 48.1483913], [33.2144634, 48.161368]]]}, "properties": {"name": "Кіровоградська область", "type": "oblast", "id": "kirovohrad_oblast"}}, {"type": "Feature", "properties": {"name": "Київська область", "type": "oblast", "id": "kyiv_oblast"}, "geometry": {"type": "MultiPolygon", "coordinates": [[[[29.7011975, 49.2606401], [29.7203048, 49.243737], [29.7161138, 49.2358492], [29.7470939, 49.2244257], [29.7418104, 49.2114752], [29.7273058, 49.2080781], [29.7600152, 49.1798318], [29.812683, 49.1863575], [29.820685, 49.178744], [29.8577201, 49.1884443], [29.8830054, 49.186027], [29.876751, 49.2002311], [29.9089161, 49.2164891], [29.9042327, 49.2216661], [29.9210032, 49.230321], [29.9357981, 49.248161], [29.9537949, 49.2503921], [29.9576151, 49.265857], [29.9570596, 49.2855928], [29.9444634, 49.3016651], [29.9532606, 49.3119629], [29.9600052, 49.306448], [29.9832719, 49.3154699], [30.0074222, 49.315131], [30.0104183, 49.3278677], [30.0264808, 49.3343837], [30.0542141, 49.3264489], [30.0783754, 49.3224588], [30.0862313, 49.3125307], [30.0820576, 49.2987398], [30.0883565, 49.2862883], [30.1037259, 49.2737959], [30.114473, 49.2715501], [30.1233349, 49.289004], [30.1207102, 49.2953736], [30.1071414, 49.3029173], [30.1322713, 49.3138051], [30.1366196, 49.3313415], [30.1489006, 49.3267419], [30.2004215, 49.328162], [30.1944963, 49.2939545], [30.1897437, 49.2750853], [30.2384701, 49.2710245], [30.2583822, 49.2714613], [30.3328031, 49.2596192], [30.3665146, 49.2552051], [30.3656796, 49.2448803], [30.3749312, 49.2435346], [30.3857681, 49.2587001], [30.3978314, 49.3034262], [30.4210726, 49.3024479], [30.4139106, 49.3304444], [30.4416823, 49.3354489], [30.4376223, 49.3516794], [30.4494345, 49.3577443], [30.4734081, 49.3650516], [30.5005467, 49.339794], [30.5155778, 49.3277695], [30.5280876, 49.3299746], [30.5473941, 49.3266149], [30.5455247, 49.3362077], [30.5550706, 49.3390966], [30.5692119, 49.3534443], [30.5835476, 49.3496934], [30.6071149, 49.3703037], [30.6391177, 49.356096], [30.6604318, 49.360501], [30.6625541, 49.3541567], [30.6774625, 49.3551028], [30.7059556, 49.3376094], [30.7167891, 49.3386283], [30.7287195, 49.3318835], [30.749575, 49.3450585], [30.778555, 49.3436579], [30.7999469, 49.3539619], [30.8181471, 49.3552757], [30.8346641, 49.3501669], [30.8582568, 49.3535146], [30.8639914, 49.3511541], [30.8855912, 49.3631095], [30.9090149, 49.3586178], [30.9181452, 49.3771132], [30.9305772, 49.3804799], [30.9275812, 49.3905528], [30.9349572, 49.3956172], [30.9370145, 49.4068039], [30.9210956, 49.4155958], [30.9567824, 49.4238121], [30.9936963, 49.4224733], [31.0066611, 49.4311072], [31.0051973, 49.4510044], [31.0292932, 49.4717513], [31.034643, 49.4618654], [31.0449761, 49.4616568], [31.0401186, 49.4737679], [31.0583469, 49.4776666], [31.0688652, 49.4845116], [31.0878512, 49.4916501], [31.0953131, 49.4977947], [31.0913458, 49.5098631], [31.1005627, 49.5227119], [31.1023241, 49.5352019], [31.0974331, 49.5429237], [31.1104633, 49.5557107], [31.1214255, 49.5608027], [31.1333081, 49.554053], [31.1511468, 49.565345], [31.1400119, 49.5723929], [31.1526976, 49.5806129], [31.128754, 49.5838776], [31.1358054, 49.603897], [31.1547211, 49.6288529], [31.2021129, 49.6752013], [31.19585, 49.6839798], [31.2014254, 49.6910887], [31.2172779, 49.6946845], [31.1963758, 49.7015808], [31.2118079, 49.7299676], [31.2220092, 49.7331515], [31.2049242, 49.7571895], [31.2165089, 49.7767907], [31.1897813, 49.7902733], [31.2210363, 49.8323358], [31.2080235, 49.8491404], [31.2108144, 49.8541145], [31.2471344, 49.8680329], [31.2606901, 49.8580382], [31.2918386, 49.8831514], [31.3119685, 49.8882858], [31.3104236, 49.8918663], [31.3743978, 49.8984644], [31.3801579, 49.907259], [31.3602108, 49.9253772], [31.3455198, 49.9342727], [31.3335871, 49.9376252], [31.3340726, 49.9440969], [31.345076, 49.9492227], [31.3342496, 49.9558173], [31.3124433, 49.9635546], [31.2903962, 49.9591726], [31.3053076, 49.9725584], [31.2961905, 49.9811702], [31.3210657, 49.9832368], [31.332501, 49.9894735], [31.3504489, 49.9879476], [31.3829725, 49.9928543], [31.4137705, 49.9874183], [31.4220717, 49.9896468], [31.4367112, 49.9841657], [31.4446255, 49.9756962], [31.4336539, 49.9613868], [31.4326614, 49.9435736], [31.4249519, 49.9360291], [31.4244683, 49.9172704], [31.4340793, 49.891807], [31.445496, 49.8767706], [31.470182, 49.8736072], [31.4749812, 49.8612314], [31.4863212, 49.8570157], [31.4993926, 49.8455268], [31.5123701, 49.8453489], [31.510207, 49.8541936], [31.5175923, 49.8610747], [31.5147904, 49.8688902], [31.5404906, 49.875501], [31.5566061, 49.8747815], [31.5671594, 49.8869988], [31.5684147, 49.8954917], [31.5787114, 49.89542], [31.580868, 49.9067395], [31.6126244, 49.9061663], [31.6137117, 49.8864284], [31.6172277, 49.8803047], [31.6147053, 49.8569405], [31.6688039, 49.8575716], [31.7114761, 49.8507097], [31.7211605, 49.8573115], [31.7522795, 49.8933895], [31.7739912, 49.89373], [31.7706049, 49.9203736], [31.7952774, 49.9340011], [31.8136283, 49.9591355], [31.8133873, 49.9662075], [31.8897905, 49.9624116], [31.8899954, 49.9533437], [31.9013949, 49.9437454], [31.917853, 49.9610248], [31.9153062, 49.985293], [31.9085485, 50.0128864], [31.8999608, 50.0192503], [31.9144536, 50.0281321], [31.9278827, 50.0305772], [31.9684397, 50.0445241], [31.9797333, 50.038701], [31.9865417, 50.0524735], [31.9250789, 50.0604502], [31.9163809, 50.0544405], [31.9076702, 50.0607479], [31.9114146, 50.1007745], [31.9752853, 50.1252744], [31.9579735, 50.1411538], [31.9464897, 50.1366091], [31.9341184, 50.1584553], [31.9653221, 50.1516286], [31.980766, 50.1744831], [32.0001985, 50.1943896], [31.9933348, 50.2013518], [32.0173552, 50.2062288], [32.0321899, 50.1940094], [32.0437587, 50.1886917], [32.0562062, 50.1877346], [32.0864231, 50.2215584], [32.1081928, 50.219946], [32.1099348, 50.2286322], [32.0894508, 50.2469771], [32.1009103, 50.2766062], [32.0838638, 50.283214], [32.0988576, 50.2872902], [32.1399305, 50.3046563], [32.1290183, 50.31601], [32.142914, 50.3216932], [32.1517827, 50.3373606], [32.1411382, 50.3541282], [32.1610264, 50.3685532], [32.15475, 50.37609], [32.12007, 50.37969], [32.09587, 50.37214], [32.0746793, 50.3748581], [32.0841451, 50.3808258], [32.0768794, 50.3925868], [32.1018673, 50.4126107], [32.0967766, 50.4160536], [32.0565637, 50.3973381], [32.045447, 50.4024137], [32.0387442, 50.4287184], [32.0277536, 50.4359128], [32.0206344, 50.458831], [31.9732876, 50.4665586], [31.9700055, 50.4741197], [31.9760745, 50.4794544], [31.9688099, 50.4886062], [31.9857511, 50.4876693], [31.9839461, 50.4946528], [31.9964134, 50.4968591], [32.0069613, 50.4868856], [32.0470794, 50.4961864], [32.063743, 50.511763], [32.0493811, 50.5260444], [32.0619178, 50.5293189], [32.0633663, 50.5408114], [32.0387758, 50.5419637], [31.9748534, 50.5402113], [31.9534865, 50.547445], [31.9412, 50.5660385], [31.920258, 50.5775334], [31.9128049, 50.5962843], [31.8836089, 50.6071685], [31.8587741, 50.6320519], [31.8464254, 50.6285662], [31.8108232, 50.6236981], [31.812125, 50.6059129], [31.7822875, 50.6056462], [31.7878886, 50.5905517], [31.7880813, 50.5789199], [31.7771522, 50.5776059], [31.7818557, 50.5594459], [31.7297169, 50.5601207], [31.6860786, 50.5628841], [31.6692924, 50.5521962], [31.6466746, 50.5526703], [31.6457383, 50.5314502], [31.6293874, 50.5218844], [31.5737118, 50.5276973], [31.5629656, 50.5190733], [31.5396363, 50.5230179], [31.5251354, 50.5315945], [31.5217936, 50.5220871], [31.4932672, 50.5204142], [31.4799083, 50.5151319], [31.4553501, 50.5108382], [31.4450923, 50.5003676], [31.4197281, 50.5040283], [31.4139998, 50.5153368], [31.3993227, 50.5227996], [31.3800645, 50.5275264], [31.3580382, 50.5292451], [31.3304253, 50.5010433], [31.3220572, 50.5148042], [31.3203478, 50.527465], [31.262058, 50.5391401], [31.2544942, 50.543613], [31.2595796, 50.5564565], [31.2504867, 50.5561604], [31.2464955, 50.5670413], [31.2135923, 50.5697584], [31.2138105, 50.5734868], [31.1879767, 50.5745527], [31.1874522, 50.5889294], [31.1658194, 50.5894873], [31.16594, 50.6074628], [31.2225806, 50.6067836], [31.2277496, 50.6132696], [31.2175814, 50.6205615], [31.2271074, 50.6271843], [31.2061318, 50.6369155], [31.1989431, 50.6448016], [31.2020304, 50.6545593], [31.2236645, 50.6674334], [31.2164283, 50.6917546], [31.2065612, 50.6965545], [31.2059673, 50.7060585], [31.1907391, 50.7028024], [31.1907635, 50.7245577], [31.1647196, 50.7251762], [31.1672482, 50.7324776], [31.1490123, 50.7377571], [31.1406238, 50.746829], [31.1215943, 50.7499831], [31.1268068, 50.7744043], [31.1008764, 50.7788037], [31.0752729, 50.7810384], [31.0695375, 50.7647947], [31.0310093, 50.7613933], [31.0136643, 50.7654516], [30.9764419, 50.7619076], [30.9561262, 50.763361], [30.9507331, 50.7570055], [30.9333551, 50.7585446], [30.9342432, 50.7636543], [30.892164, 50.7658879], [30.8771783, 50.7684085], [30.8753499, 50.7465891], [30.8375287, 50.7439509], [30.83146, 50.7543015], [30.8410759, 50.7577758], [30.8465994, 50.766634], [30.8447119, 50.7738525], [30.8736303, 50.7817447], [30.8705477, 50.7861293], [30.8433509, 50.7781017], [30.8435818, 50.7676865], [30.8367936, 50.764028], [30.8015644, 50.7682454], [30.7746935, 50.7755451], [30.7556833, 50.7757453], [30.7405722, 50.7719406], [30.7370456, 50.7850524], [30.7473934, 50.7917896], [30.7431087, 50.8064075], [30.7343716, 50.8106614], [30.7447446, 50.8193214], [30.754885, 50.8103684], [30.7703025, 50.8174222], [30.7666215, 50.8264929], [30.7768871, 50.8330261], [30.7699087, 50.8497105], [30.7750261, 50.8643209], [30.7498985, 50.8836015], [30.735858, 50.8877781], [30.71488, 50.8991677], [30.6842175, 50.9018553], [30.6793093, 50.908944], [30.6571942, 50.9531928], [30.6445419, 50.9638852], [30.6482843, 50.9855405], [30.6418688, 51.0025142], [30.624496, 51.0081343], [30.6031996, 51.0096116], [30.6008304, 51.0274558], [30.5750799, 51.0259154], [30.5155637, 51.019608], [30.4993132, 51.0191359], [30.5017751, 51.0295112], [30.4944178, 51.0502605], [30.5098191, 51.0682885], [30.5085182, 51.0773151], [30.4846841, 51.0862826], [30.4858814, 51.095562], [30.5112545, 51.1015858], [30.5171738, 51.11126], [30.5121005, 51.1191732], [30.4949523, 51.1322373], [30.4900275, 51.1452432], [30.4904982, 51.1651396], [30.498171, 51.1746382], [30.5225823, 51.173456], [30.5406312, 51.1782675], [30.5364413, 51.1840963], [30.5171294, 51.1882507], [30.5307169, 51.2020707], [30.5062094, 51.2246717], [30.5214314, 51.2353664], [30.5321169, 51.236068], [30.5489072, 51.2295705], [30.561318, 51.2391781], [30.55521, 51.25036], [30.54268, 51.25568], [30.5386247, 51.2626864], [30.5045067, 51.2798337], [30.463555, 51.2727672], [30.4535124, 51.2734428], [30.4509403, 51.2809617], [30.4641175, 51.2909619], [30.4587178, 51.3005478], [30.4638195, 51.3065926], [30.4410224, 51.3083915], [30.4239682, 51.3055841], [30.3975593, 51.3127093], [30.3864555, 51.323492], [30.3430382, 51.3515841], [30.3241759, 51.3605058], [30.357542, 51.3787387], [30.3481405, 51.3991301], [30.3424154, 51.4204407], [30.3115545, 51.4429409], [30.2876112, 51.464037], [30.2697698, 51.4701454], [30.2466733, 51.4855282], [30.2126083, 51.4935869], [30.1801708, 51.5125224], [30.1685524, 51.5092534], [30.16395, 51.4889951], [30.147921, 51.493214], [30.1209703, 51.5046051], [30.1265101, 51.4905316], [30.1199531, 51.4876617], [30.0704804, 51.4990349], [30.0516791, 51.4985661], [30.0358331, 51.5039191], [30.0206582, 51.4993841], [30.0149082, 51.4902041], [29.9908791, 51.4824708], [29.972916, 51.4831218], [29.965918, 51.471454], [29.9510554, 51.4733787], [29.9490066, 51.4839663], [29.9265882, 51.4920941], [29.9229782, 51.4881441], [29.8936282, 51.4853141], [29.8890782, 51.4627341], [29.8787782, 51.4578441], [29.8765482, 51.4460841], [29.8521682, 51.4498641], [29.8465082, 51.458354], [29.8171482, 51.4497741], [29.8134582, 51.4599941], [29.7944082, 51.4581041], [29.7977482, 51.4465141], [29.7704582, 51.449264], [29.7492582, 51.4570741], [29.7347482, 51.4812741], [29.7317482, 51.4924341], [29.7421662, 51.4931872], [29.7463382, 51.5020441], [29.7394782, 51.5120041], [29.7463382, 51.5153541], [29.7404182, 51.5310541], [29.7167282, 51.5299441], [29.7019682, 51.5190441], [29.6767282, 51.5121741], [29.6727782, 51.5029941], [29.6545882, 51.5063441], [29.6464282, 51.4992141], [29.6336482, 51.5063441], [29.6245482, 51.4944041], [29.6088382, 51.4937241], [29.6059182, 51.4715841], [29.5793182, 51.4623941], [29.5421482, 51.4827341], [29.5347754, 51.4743536], [29.5355382, 51.4627341], [29.5217182, 51.4524341], [29.5232682, 51.4237741], [29.5151082, 51.4241141], [29.502358, 51.4021402], [29.4956883, 51.3967677], [29.4642982, 51.4039441], [29.4515982, 51.4089241], [29.4215582, 51.415104], [29.3828482, 51.4022241], [29.3691982, 51.3894341], [29.3591582, 51.3854941], [29.3593877, 51.3759191], [29.3934342, 51.3794092], [29.3929554, 51.3404592], [29.3964355, 51.3275122], [29.3478737, 51.3241786], [29.3495178, 51.3164095], [29.3671779, 51.3059679], [29.3554059, 51.2934792], [29.3680535, 51.2894174], [29.3544641, 51.2744186], [29.3349399, 51.269656], [29.3293393, 51.2763291], [29.3100871, 51.2757145], [29.2675489, 51.2648114], [29.3016889, 51.1679707], [29.3162441, 51.1314653], [29.3291884, 51.1266959], [29.3306014, 51.157561], [29.3488983, 51.1600001], [29.4274518, 51.1239321], [29.4588561, 51.089615], [29.4826245, 51.0767176], [29.4939175, 51.0735606], [29.5117379, 51.060619], [29.4781655, 51.0331193], [29.4673625, 51.0190581], [29.4669716, 50.9878625], [29.4761712, 50.9788998], [29.4404774, 50.9885436], [29.4247768, 50.9863869], [29.413866, 50.980784], [29.4114766, 50.9489313], [29.4393642, 50.9424255], [29.4674832, 50.9247398], [29.4750774, 50.9147994], [29.4713189, 50.9036449], [29.4902467, 50.8895679], [29.5134458, 50.8786701], [29.5213186, 50.8688505], [29.4974716, 50.8372841], [29.529195, 50.8238182], [29.5421762, 50.8283871], [29.5473784, 50.8139025], [29.5347261, 50.8131312], [29.5009086, 50.818839], [29.4881867, 50.8122172], [29.4987855, 50.8012339], [29.5151389, 50.7932921], [29.5070758, 50.7746472], [29.5114666, 50.7696562], [29.5433119, 50.7761042], [29.5719064, 50.7689524], [29.5788169, 50.7407921], [29.5976293, 50.7291076], [29.5860904, 50.7087567], [29.5767365, 50.6993032], [29.564926, 50.6931619], [29.5506904, 50.6931389], [29.5381466, 50.6817964], [29.5284326, 50.678118], [29.5292571, 50.6681474], [29.5123427, 50.659953], [29.4862694, 50.6618377], [29.4768263, 50.6525475], [29.4848657, 50.6466896], [29.4635237, 50.6332494], [29.4722914, 50.6282155], [29.4449252, 50.6211623], [29.4616333, 50.6115735], [29.4754541, 50.6082004], [29.4983402, 50.5898195], [29.4988554, 50.5765321], [29.5050411, 50.5727991], [29.4984472, 50.5605827], [29.5024022, 50.5473408], [29.4889487, 50.5388432], [29.4581371, 50.5394687], [29.4667811, 50.5272922], [29.4604825, 50.5166877], [29.4917909, 50.504185], [29.5032598, 50.502204], [29.5090502, 50.4879389], [29.5025369, 50.4838911], [29.5108425, 50.4707502], [29.4835292, 50.459305], [29.4571438, 50.4711127], [29.4467841, 50.4527614], [29.4975412, 50.4506092], [29.4969044, 50.4349857], [29.4815295, 50.4190046], [29.469304, 50.4154633], [29.4510189, 50.4204762], [29.4425755, 50.4154229], [29.454759, 50.4014455], [29.4816451, 50.4039859], [29.4802885, 50.4131377], [29.5602398, 50.4225009], [29.5903771, 50.4003375], [29.5860031, 50.3892093], [29.5889815, 50.3747518], [29.609144, 50.3728527], [29.6174937, 50.3649006], [29.6307543, 50.3726717], [29.640118, 50.3654525], [29.6418163, 50.358275], [29.6296014, 50.3518794], [29.6170317, 50.3391957], [29.6259877, 50.3300803], [29.6449552, 50.3243804], [29.6637026, 50.3239318], [29.6734229, 50.3203218], [29.6924045, 50.3232406], [29.6908808, 50.3096448], [29.6820533, 50.3116333], [29.6755439, 50.297601], [29.6779942, 50.2847685], [29.6886841, 50.277236], [29.6655592, 50.2649714], [29.6815709, 50.2550158], [29.68886, 50.2400889], [29.6996257, 50.2333823], [29.6839508, 50.2238696], [29.6758974, 50.2068093], [29.6551269, 50.1874833], [29.6431484, 50.1798054], [29.6507336, 50.1720105], [29.6653843, 50.1677528], [29.6803081, 50.1576482], [29.6909959, 50.1551596], [29.6880735, 50.143882], [29.6591354, 50.1276466], [29.6557451, 50.1180738], [29.6668624, 50.111842], [29.6469242, 50.1065546], [29.6965987, 50.0686685], [29.6952236, 50.0438828], [29.6715101, 50.0322104], [29.6772839, 50.0295301], [29.6814811, 50.0140193], [29.6928532, 50.004023], [29.696454, 49.9915607], [29.7168579, 49.9783573], [29.7146213, 49.9668066], [29.7285653, 49.9684876], [29.7243403, 49.9572363], [29.7352238, 49.9443586], [29.7254035, 49.9417649], [29.728047, 49.9327959], [29.665875, 49.9112778], [29.6562342, 49.9023251], [29.6431331, 49.898494], [29.6336105, 49.8857153], [29.6324976, 49.8771286], [29.6471177, 49.8777502], [29.6666348, 49.8739772], [29.6551358, 49.8666594], [29.6359799, 49.8646544], [29.6211645, 49.8524385], [29.6037997, 49.8557671], [29.5929383, 49.8414512], [29.5744475, 49.8374905], [29.5468349, 49.8353901], [29.5501847, 49.8280664], [29.5418946, 49.8189979], [29.5090815, 49.8350422], [29.490665, 49.8253514], [29.4961588, 49.8137087], [29.4802456, 49.8031992], [29.4700061, 49.8144242], [29.4415452, 49.7986011], [29.4570415, 49.7742256], [29.462044, 49.7619157], [29.4446173, 49.7320799], [29.4351659, 49.7293503], [29.4453545, 49.7134413], [29.4835988, 49.7120116], [29.4913096, 49.7055687], [29.4889911, 49.6689197], [29.5134814, 49.6628506], [29.5052255, 49.6491931], [29.5190299, 49.6456002], [29.5271368, 49.6327143], [29.519392, 49.6241551], [29.5083386, 49.6195261], [29.5114043, 49.6126321], [29.4962874, 49.6000044], [29.4992559, 49.5937184], [29.5307082, 49.5620631], [29.5380242, 49.5380687], [29.5436901, 49.5378404], [29.5391818, 49.5209462], [29.5504501, 49.5185648], [29.5699227, 49.5032238], [29.5852319, 49.5065692], [29.5844742, 49.4955525], [29.5588907, 49.4975739], [29.5530502, 49.4894063], [29.5441718, 49.4865776], [29.5603908, 49.4644875], [29.5898236, 49.4541181], [29.5952597, 49.4431365], [29.5724621, 49.4332718], [29.5757162, 49.4288495], [29.5597277, 49.4180458], [29.5626268, 49.4143212], [29.5392624, 49.4018358], [29.505254, 49.3955376], [29.5028098, 49.3699076], [29.5156853, 49.3652278], [29.5229801, 49.3507948], [29.5227943, 49.3375507], [29.5352881, 49.3238979], [29.5693531, 49.320991], [29.5732212, 49.3240066], [29.5935845, 49.3180449], [29.6189838, 49.3059046], [29.6076367, 49.2995757], [29.6219323, 49.2741048], [29.6132496, 49.2649864], [29.6383516, 49.2477131], [29.6477797, 49.2457182], [29.6620301, 49.2500296], [29.6899123, 49.2374643], [29.6953097, 49.2554539], [29.7011975, 49.2606401]], [[30.3765536, 50.4166353], [30.3664577, 50.4232537], [30.3581032, 50.4452337], [30.3512919, 50.4463007], [30.3145569, 50.4423424], [30.2813786, 50.4473313], [30.2816114, 50.4426795], [30.269261, 50.4262956], [30.2552843, 50.4310721], [30.2447015, 50.4232135], [30.2361453, 50.4268097], [30.2460694, 50.4394048], [30.2393505, 50.4501214], [30.2414372, 50.4552362], [30.2577451, 50.4697581], [30.2490655, 50.4742939], [30.2527932, 50.4865122], [30.2629899, 50.4887999], [30.2695238, 50.5029974], [30.2601765, 50.5100079], [30.2673947, 50.5178556], [30.3025182, 50.5334296], [30.304444, 50.543854], [30.2974856, 50.5515922], [30.3111361, 50.5552494], [30.3326558, 50.5513003], [30.3269164, 50.5645512], [30.3072295, 50.5704924], [30.3392026, 50.5738421], [30.3706473, 50.573564], [30.3708094, 50.5864925], [30.4474608, 50.585792], [30.462212, 50.5839894], [30.4646125, 50.5717474], [30.481592, 50.5722676], [30.4938307, 50.566794], [30.4963302, 50.5568791], [30.5081749, 50.5486445], [30.5321431, 50.5403368], [30.5443901, 50.5271172], [30.5595848, 50.5164812], [30.5679784, 50.5209726], [30.5526161, 50.5342851], [30.5569711, 50.540275], [30.5717861, 50.5378309], [30.6540359, 50.5341711], [30.66407, 50.5515026], [30.6976485, 50.5619823], [30.6989546, 50.5546532], [30.714, 50.55565], [30.71091, 50.57178], [30.722833, 50.590583], [30.7536029, 50.5832927], [30.7663781, 50.583909], [30.7709597, 50.5755955], [30.7885, 50.5771], [30.797417, 50.570067], [30.8122137, 50.5661052], [30.8175529, 50.5578574], [30.8213834, 50.5388441], [30.8170176, 50.5349957], [30.7524954, 50.5185383], [30.7619215, 50.509033], [30.73892, 50.4979985], [30.7486933, 50.4838431], [30.7546732, 50.4616015], [30.7425803, 50.4584656], [30.7590214, 50.4487412], [30.7768811, 50.4433177], [30.7761953, 50.4391392], [30.8015562, 50.4268059], [30.796175, 50.4174863], [30.8067439, 50.4103752], [30.8215047, 50.4082731], [30.8187002, 50.3943757], [30.8130841, 50.3918722], [30.7904232, 50.3978699], [30.7765635, 50.3951082], [30.7805763, 50.3854435], [30.7422048, 50.3719664], [30.7115859, 50.3785755], [30.7149196, 50.3705258], [30.7073178, 50.3639295], [30.711417, 50.352317], [30.6964611, 50.3491116], [30.6777749, 50.353017], [30.6723475, 50.3666256], [30.6384637, 50.3615072], [30.63735, 50.3452961], [30.6269365, 50.3483007], [30.6113333, 50.3464106], [30.6128798, 50.3372747], [30.6258109, 50.3197064], [30.6370722, 50.3096257], [30.649302, 50.2915876], [30.670824, 50.2804547], [30.6716823, 50.2762586], [30.6511964, 50.2721411], [30.6476497, 50.2801804], [30.610567, 50.280733], [30.6184468, 50.2648315], [30.6339021, 50.2465961], [30.6442946, 50.2406111], [30.6369175, 50.2353595], [30.6435516, 50.2260905], [30.5936587, 50.2133337], [30.5862081, 50.2453938], [30.575486, 50.2595356], [30.5639406, 50.2694615], [30.563785, 50.2772768], [30.547877, 50.2826245], [30.5463749, 50.2910255], [30.5275318, 50.290668], [30.5335835, 50.3171084], [30.5162579, 50.321044], [30.509119, 50.326166], [30.4961613, 50.321866], [30.4912582, 50.3354187], [30.475114, 50.3333488], [30.4728341, 50.351403], [30.4683024, 50.3601008], [30.4577141, 50.3609777], [30.4521089, 50.3546283], [30.4374998, 50.3569636], [30.4376564, 50.3669062], [30.4302718, 50.3718645], [30.4425788, 50.3814158], [30.417933, 50.3980407], [30.3927043, 50.4065451], [30.3765536, 50.4166353]]]]}}, {"type": "Feature", "properties": {"name": "Київ", "id": "kyiv"}, "geometry": {"type": "Polygon", "coordinates": [[[30.3765536, 50.4166353], [30.3777639, 50.4158826], [30.3780357, 50.4157136], [30.3781103, 50.4156649], [30.3788854, 50.4151754], [30.3797073, 50.4146589], [30.380731, 50.4139991], [30.3809386, 50.4138652], [30.3812272, 50.4136845], [30.3816537, 50.4134368], [30.3825406, 50.4129341], [30.3827569, 50.4127875], [30.3833106, 50.412446], [30.3844204, 50.4117001], [30.3846228, 50.411574], [30.3851374, 50.4112317], [30.3852046, 50.411187], [30.3853268, 50.4111118], [30.3859132, 50.4107508], [30.3863295, 50.410499], [30.3866495, 50.4103008], [30.387865, 50.4095475], [30.3879162, 50.4095157], [30.388108, 50.4094001], [30.3883548, 50.4092405], [30.3888837, 50.4089113], [30.3890764, 50.4087913], [30.3893514, 50.4086143], [30.3897006, 50.4083897], [30.3903512, 50.4079614], [30.3910898, 50.4075296], [30.392039, 50.4069587], [30.392254, 50.4068251], [30.3927043, 50.4065451], [30.3928347, 50.4064813], [30.3934362, 50.4061871], [30.3940078, 50.4059197], [30.3945562, 50.4057039], [30.3946982, 50.405648], [30.3957435, 50.4052954], [30.3968693, 50.4049086], [30.3979142, 50.4045554], [30.3992591, 50.4041007], [30.401659, 50.4032791], [30.4029875, 50.4028309], [30.4048175, 50.4022035], [30.4048902, 50.4021786], [30.4049732, 50.4021533], [30.4064052, 50.4017173], [30.4068357, 50.4015741], [30.4074155, 50.4014153], [30.4079735, 50.4012753], [30.4082785, 50.4011922], [30.4088043, 50.4010297], [30.4107516, 50.4004279], [30.4110379, 50.4003394], [30.4118007, 50.4001036], [30.4128043, 50.3997663], [30.4138573, 50.3994123], [30.4168866, 50.3983928], [30.417933, 50.3980407], [30.4179007, 50.3977048], [30.4185367, 50.3974568], [30.4191457, 50.3970595], [30.4179832, 50.3966927], [30.4182726, 50.3963194], [30.4185435, 50.3962476], [30.4188225, 50.3961689], [30.4194769, 50.3959877], [30.4197974, 50.395901], [30.4201019, 50.3958783], [30.4207537, 50.3958398], [30.4219606, 50.3959484], [30.422311, 50.39599], [30.4230592, 50.3956416], [30.4224281, 50.3949802], [30.4222385, 50.3948431], [30.4221282, 50.3946447], [30.4217944, 50.3937785], [30.4220072, 50.3934385], [30.4232634, 50.3928173], [30.4240111, 50.3923593], [30.4259077, 50.3911978], [30.4263684, 50.391072], [30.4267843, 50.391033], [30.4271314, 50.3910669], [30.4274669, 50.3912036], [30.4278481, 50.3915281], [30.4284564, 50.3917317], [30.4285705, 50.3917893], [30.4421617, 50.3817247], [30.4425788, 50.3814158], [30.4421849, 50.381178], [30.4394405, 50.3794668], [30.438696, 50.3789998], [30.4362095, 50.3766977], [30.433393, 50.3743016], [30.4312663, 50.3726522], [30.4302718, 50.3718645], [30.4320833, 50.3705637], [30.4367268, 50.3678385], [30.4369128, 50.367828], [30.4373578, 50.3675918], [30.4373009, 50.3669597], [30.4376564, 50.3669062], [30.4365873, 50.3634634], [30.4365169, 50.3632826], [30.4357352, 50.3609747], [30.4357558, 50.3609069], [30.4374992, 50.3601295], [30.4377344, 50.3601667], [30.4377765, 50.3600211], [30.4376556, 50.3598443], [30.4378147, 50.3597938], [30.4377784, 50.3591794], [30.4376987, 50.3591773], [30.4377006, 50.3589618], [30.4377416, 50.3586292], [30.4376269, 50.3578588], [30.4374998, 50.3569636], [30.4379972, 50.3568386], [30.4384051, 50.3567365], [30.4385088, 50.3567144], [30.4390907, 50.3565937], [30.4418179, 50.3560713], [30.4470373, 50.355322], [30.447586, 50.355243], [30.4478902, 50.3552055], [30.4505269, 50.3548392], [30.4521089, 50.3546283], [30.4523046, 50.354803], [30.4531907, 50.355607], [30.4532121, 50.3556915], [30.4532544, 50.3558583], [30.4534066, 50.3562008], [30.4534534, 50.3563013], [30.4535583, 50.3565421], [30.4541753, 50.3580762], [30.4542404, 50.35825], [30.4548551, 50.3597533], [30.4560061, 50.360338], [30.4577141, 50.3609777], [30.4595332, 50.3609059], [30.4606544, 50.3608583], [30.4616457, 50.3606811], [30.463276, 50.3604683], [30.4649693, 50.3602236], [30.4657603, 50.3602502], [30.4664186, 50.360266], [30.4670804, 50.360196], [30.4683024, 50.3601008], [30.4679369, 50.3594555], [30.4674874, 50.358839], [30.4672434, 50.3584986], [30.46955, 50.3577899], [30.4700389, 50.3565064], [30.4701815, 50.3554633], [30.4685438, 50.3539407], [30.4681609, 50.3525663], [30.4703303, 50.3520343], [30.4728341, 50.351403], [30.473038, 50.3484729], [30.4732525, 50.3469804], [30.4739231, 50.3434064], [30.4732686, 50.3427627], [30.4743308, 50.3425334], [30.4745829, 50.3408164], [30.4740947, 50.3403816], [30.4745454, 50.3396643], [30.4762325, 50.3396592], [30.4762298, 50.3395411], [30.478102, 50.3395257], [30.4781046, 50.3380038], [30.4776701, 50.3373892], [30.4766214, 50.3374029], [30.4765999, 50.3367044], [30.4749531, 50.3367438], [30.4746661, 50.3360521], [30.4743791, 50.3350009], [30.474717, 50.3342083], [30.475114, 50.3333488], [30.4797488, 50.333282], [30.4822433, 50.3334738], [30.4851535, 50.3339343], [30.4849577, 50.3343487], [30.4847619, 50.3356721], [30.485183, 50.336059], [30.4859394, 50.3360812], [30.4862317, 50.3358056], [30.4912582, 50.3354187], [30.4920495, 50.3343367], [30.4929051, 50.3336827], [30.4946039, 50.3335177], [30.4948094, 50.3334977], [30.497387, 50.3325372], [30.4947236, 50.3315921], [30.4956248, 50.3302549], [30.4932725, 50.3294279], [30.4912233, 50.3287636], [30.4899171, 50.3283012], [30.4886538, 50.3278749], [30.4883265, 50.3267619], [30.4903087, 50.3256129], [30.4917142, 50.3247207], [30.4937366, 50.3234706], [30.4961613, 50.321866], [30.4975238, 50.3224174], [30.4996321, 50.3230391], [30.5021989, 50.3238833], [30.5040818, 50.3244553], [30.5074829, 50.3257207], [30.509119, 50.326166], [30.5101892, 50.3251248], [30.5147999, 50.3222239], [30.5162579, 50.321044], [30.518775, 50.3203521], [30.5218273, 50.3198092], [30.525164, 50.3193982], [30.5285335, 50.3184818], [30.5335835, 50.3171084], [30.5333796, 50.3164781], [30.5327386, 50.3159249], [30.5328727, 50.3137189], [30.532878, 50.3124582], [30.5325186, 50.3106186], [30.5320787, 50.3087275], [30.5318427, 50.3065622], [30.5316576, 50.3022605], [30.5334333, 50.3016197], [30.5363692, 50.2994378], [30.5332428, 50.2967864], [30.5332535, 50.2958491], [30.5329156, 50.2956212], [30.5308315, 50.2937535], [30.5295249, 50.2925269], [30.5275318, 50.290668], [30.5276942, 50.2906553], [30.5333582, 50.2902098], [30.5338917, 50.2902456], [30.5463749, 50.2910255], [30.5466431, 50.2883693], [30.5472976, 50.2845167], [30.547877, 50.2826245], [30.5437571, 50.2775133], [30.542585, 50.2759191], [30.5476919, 50.2730152], [30.5490008, 50.2722815], [30.5536222, 50.2697443], [30.5540246, 50.269638], [30.5539709, 50.2703803], [30.5538393, 50.277174], [30.563785, 50.2772768], [30.5639406, 50.2694615], [30.5643081, 50.2691683], [30.5648017, 50.2685922], [30.5652952, 50.2680162], [30.5657244, 50.2679887], [30.5679345, 50.2656433], [30.5685353, 50.2640933], [30.568943, 50.2638876], [30.5698228, 50.262461], [30.5696511, 50.2622552], [30.5699907, 50.2592935], [30.5742209, 50.2594387], [30.574517, 50.25945], [30.5749643, 50.2594895], [30.575486, 50.2595356], [30.5762693, 50.2586077], [30.5850455, 50.2472383], [30.5854867, 50.2466413], [30.5862081, 50.2453938], [30.5864974, 50.2445618], [30.5867914, 50.2436319], [30.5881093, 50.2391472], [30.5882622, 50.2386091], [30.5906333, 50.2301386], [30.5908027, 50.2291906], [30.5908376, 50.2288017], [30.590909, 50.2280072], [30.5910271, 50.2222016], [30.5911896, 50.2210391], [30.5926614, 50.2132422], [30.593225, 50.213303], [30.5936587, 50.2133337], [30.6435516, 50.2260905], [30.6425296, 50.2275605], [30.6406214, 50.2302006], [30.6380164, 50.2338539], [30.6369175, 50.2353595], [30.6406015, 50.2362722], [30.6428958, 50.2368389], [30.6436847, 50.2370104], [30.6454327, 50.2373818], [30.6448635, 50.2393047], [30.645022, 50.2397223], [30.645106, 50.2398952], [30.6442946, 50.2406111], [30.6432033, 50.2412374], [30.641652, 50.2420771], [30.6415403, 50.2421353], [30.6415152, 50.24215], [30.6411822, 50.2423219], [30.6410701, 50.242379], [30.6391183, 50.2433847], [30.6339021, 50.2465961], [30.6328845, 50.2488475], [30.6327034, 50.2511841], [30.6309277, 50.2527682], [30.6288951, 50.254577], [30.6287052, 50.2547459], [30.6286239, 50.254817], [30.6280776, 50.2552941], [30.6252703, 50.2571605], [30.62547, 50.2605953], [30.6255817, 50.2610009], [30.6256905, 50.2614709], [30.6264114, 50.2627548], [30.6264023, 50.2628773], [30.6261674, 50.2631239], [30.6208886, 50.2644972], [30.6200405, 50.2644873], [30.6192327, 50.2646082], [30.6184468, 50.2648315], [30.617502, 50.2655377], [30.6163581, 50.2667126], [30.6160753, 50.2692347], [30.6161756, 50.2718567], [30.6154198, 50.2718143], [30.6150402, 50.27206], [30.6146047, 50.2723949], [30.6143207, 50.2730858], [30.6140532, 50.2744031], [30.612024, 50.2742988], [30.6111818, 50.2749779], [30.6111694, 50.2750186], [30.6108565, 50.2753532], [30.6107271, 50.2757206], [30.6104963, 50.2761588], [30.6099231, 50.2769146], [30.610963, 50.2776369], [30.6104958, 50.2780999], [30.6098, 50.278767], [30.61015, 50.2797], [30.610567, 50.280733], [30.612467, 50.280817], [30.615033, 50.28065], [30.619067, 50.280733], [30.623533, 50.28065], [30.624733, 50.28065], [30.630567, 50.2803], [30.631433, 50.2803], [30.6409849, 50.280245], [30.6476497, 50.2801804], [30.6495874, 50.2771823], [30.6499581, 50.2756644], [30.6500273, 50.2743497], [30.6511964, 50.2721411], [30.6528357, 50.27066], [30.6539583, 50.2695934], [30.6558466, 50.2680847], [30.6569624, 50.2682493], [30.6574136, 50.2726243], [30.6629416, 50.2743866], [30.6683725, 50.2746164], [30.6696131, 50.274869], [30.6716823, 50.2762586], [30.6720686, 50.278151], [30.6712102, 50.2786995], [30.670824, 50.2804547], [30.649302, 50.2915876], [30.6469631, 50.2950078], [30.6468094, 50.2961], [30.6462336, 50.2983593], [30.6436267, 50.3013509], [30.641921, 50.3045345], [30.6370722, 50.3096257], [30.6311506, 50.3137439], [30.628581, 50.316145], [30.6274146, 50.317448], [30.6258109, 50.3197064], [30.6243699, 50.3231839], [30.6235914, 50.325757], [30.6224052, 50.3278233], [30.6180374, 50.3320121], [30.6155873, 50.3346982], [30.6128798, 50.3372747], [30.6149236, 50.3385081], [30.6153286, 50.339248], [30.6162374, 50.3398961], [30.6159614, 50.3402059], [30.615879, 50.3405168], [30.6158095, 50.3406826], [30.6157301, 50.3408721], [30.6156121, 50.3410672], [30.6155719, 50.341134], [30.6155156, 50.3412016], [30.6154606, 50.3412495], [30.6153783, 50.3412486], [30.6153732, 50.341327], [30.6154519, 50.3413316], [30.6154842, 50.3415079], [30.6151535, 50.341405], [30.6151119, 50.3414581], [30.6154457, 50.3415711], [30.6154265, 50.341611], [30.6153864, 50.3416376], [30.6150864, 50.3415266], [30.6150569, 50.3415591], [30.6153489, 50.3416665], [30.6150703, 50.3418897], [30.6148235, 50.3421824], [30.614794, 50.342268], [30.6144606, 50.3421766], [30.6144399, 50.3422128], [30.6148078, 50.3423151], [30.6148593, 50.3423711], [30.6149369, 50.3424503], [30.6148296, 50.342448], [30.6145679, 50.3424154], [30.6145597, 50.3424362], [30.6148256, 50.3424702], [30.6149328, 50.3424812], [30.6149271, 50.3425411], [30.6149097, 50.3425639], [30.6148705, 50.3425864], [30.6147978, 50.3426006], [30.6147404, 50.3426335], [30.6146927, 50.3426798], [30.6146704, 50.3427668], [30.6145709, 50.3430703], [30.614514, 50.3431249], [30.6142965, 50.3430638], [30.6142636, 50.3431055], [30.6144711, 50.3431639], [30.6143901, 50.3432373], [30.614322, 50.3432011], [30.6143009, 50.3432166], [30.6143769, 50.3432577], [30.6143246, 50.3433381], [30.6142315, 50.3433033], [30.6142583, 50.343274], [30.6142337, 50.3432648], [30.6142078, 50.343293], [30.614062, 50.3432386], [30.6140387, 50.3432641], [30.6143023, 50.3433624], [30.6142241, 50.3434235], [30.6140658, 50.3435382], [30.6139154, 50.3436451], [30.6137735, 50.343836], [30.6136581, 50.3440637], [30.6135535, 50.344252], [30.6134382, 50.3444103], [30.613343, 50.3444788], [30.6132263, 50.3445438], [30.6131029, 50.3446183], [30.6130265, 50.3446713], [30.6129017, 50.3447834], [30.6128226, 50.3448956], [30.6127609, 50.3449512], [30.6126308, 50.3450539], [30.6124458, 50.3452576], [30.6123251, 50.3454185], [30.6122379, 50.3455075], [30.6119697, 50.3457711], [30.6118289, 50.345944], [30.6117618, 50.3460184], [30.6116666, 50.3460835], [30.6115848, 50.3461528], [30.6115083, 50.3462349], [30.6114574, 50.3462983], [30.6114131, 50.3463239], [30.6113333, 50.3464106], [30.613881, 50.3475931], [30.6144077, 50.3480049], [30.615854, 50.3482344], [30.6165056, 50.3484574], [30.6166724, 50.3484976], [30.6171078, 50.3477902], [30.6219511, 50.3485354], [30.62267, 50.3487786], [30.6250866, 50.348546], [30.6254268, 50.3485124], [30.6254613, 50.3488079], [30.6264732, 50.3487124], [30.6269365, 50.3483007], [30.6266082, 50.3475432], [30.6272318, 50.3470091], [30.627143, 50.3461321], [30.6274719, 50.345246], [30.6297314, 50.3445711], [30.6297362, 50.3437073], [30.6299259, 50.3426917], [30.6305177, 50.3418785], [30.6312393, 50.3417516], [30.6335831, 50.3405042], [30.6337818, 50.3402836], [30.6340402, 50.3398239], [30.635581, 50.3383304], [30.6420063, 50.3378189], [30.6408262, 50.3387091], [30.6401181, 50.3390652], [30.63941, 50.33912], [30.6387877, 50.3393939], [30.6362342, 50.3402841], [30.6355047, 50.3410099], [30.6357193, 50.3412153], [30.634818, 50.3419274], [30.63735, 50.3452961], [30.6383371, 50.3534841], [30.6389165, 50.354415], [30.6390238, 50.3561674], [30.6382298, 50.3570299], [30.6385517, 50.3581936], [30.6391095, 50.3591655], [30.6386804, 50.3595077], [30.6382513, 50.3595625], [30.6375217, 50.3600006], [30.6371784, 50.3605892], [30.636878, 50.3609588], [30.6359163, 50.3611286], [30.6384637, 50.3615072], [30.6464619, 50.3624124], [30.6519063, 50.3627045], [30.6579281, 50.3650428], [30.662022, 50.3663902], [30.6685495, 50.3670636], [30.6706095, 50.3699105], [30.6730556, 50.37028], [30.6736564, 50.3702937], [30.6739139, 50.3701021], [30.6737637, 50.3699652], [30.6746435, 50.3696641], [30.6753087, 50.3696504], [30.6761134, 50.3698147], [30.6767893, 50.370061], [30.6774008, 50.3704921], [30.6780338, 50.3707316], [30.6789136, 50.3711559], [30.6791925, 50.3714023], [30.6797075, 50.3713338], [30.6784415, 50.37002], [30.6773686, 50.3685281], [30.6723475, 50.3666256], [30.6723046, 50.3663382], [30.6729913, 50.3656949], [30.6720686, 50.365298], [30.6714034, 50.3648847], [30.6686032, 50.3598431], [30.669967, 50.35875], [30.6739105, 50.3604636], [30.6749474, 50.3585892], [30.6758881, 50.3573174], [30.673835, 50.3549934], [30.6761421, 50.3537319], [30.6774074, 50.353818], [30.6777749, 50.353017], [30.679317, 50.353267], [30.6825874, 50.3531941], [30.6858122, 50.3526831], [30.6881297, 50.351711], [30.6899321, 50.3511839], [30.6925419, 50.3502484], [30.6933128, 50.3498521], [30.6937864, 50.3498267], [30.6939908, 50.3496457], [30.6944382, 50.3497805], [30.6951906, 50.3497407], [30.6964611, 50.3491116], [30.69675, 50.34725], [30.698033, 50.347683], [30.69915, 50.348117], [30.69975, 50.348367], [30.701117, 50.3488], [30.703183, 50.349483], [30.707383, 50.35095], [30.708417, 50.351283], [30.711417, 50.352317], [30.711683, 50.353433], [30.7117947, 50.3538405], [30.7120286, 50.3543024], [30.7127413, 50.354544], [30.7130866, 50.3546293], [30.7137102, 50.3562138], [30.7137659, 50.3573648], [30.7135432, 50.3581179], [30.712307, 50.3597236], [30.7115497, 50.3606259], [30.710837, 50.3614856], [30.7099238, 50.3625584], [30.7079972, 50.36356], [30.7073178, 50.3639295], [30.7079526, 50.3644623], [30.7085089, 50.3645399], [30.7086664, 50.3647207], [30.7084695, 50.3650573], [30.7077687, 50.3652231], [30.7072725, 50.3653637], [30.7070939, 50.3654715], [30.7070716, 50.3657095], [30.7071273, 50.3659652], [30.7072999, 50.3661925], [30.7074503, 50.3664269], [30.7077287, 50.3670237], [30.7083468, 50.3669029], [30.708731, 50.3668709], [30.7093658, 50.3670805], [30.7095551, 50.3678938], [30.7098836, 50.3680182], [30.7105518, 50.3680324], [30.7122446, 50.368011], [30.7122334, 50.367766], [30.7134028, 50.3676807], [30.7134974, 50.3681425], [30.7143605, 50.3683236], [30.7148728, 50.3688031], [30.7149487, 50.3692153], [30.7150476, 50.369336], [30.7151145, 50.3696841], [30.7149196, 50.3705258], [30.7144184, 50.3709271], [30.7138282, 50.3712042], [30.7133772, 50.371641], [30.7127646, 50.3720494], [30.7122691, 50.3724401], [30.7116676, 50.3728803], [30.7118126, 50.3729999], [30.7118994, 50.3730716], [30.712905, 50.3739574], [30.7129718, 50.3745076], [30.7121765, 50.3748341], [30.712019, 50.375035], [30.7122474, 50.3754066], [30.7124442, 50.3755472], [30.712775, 50.3758234], [30.711956, 50.3762955], [30.7115623, 50.37618], [30.7114048, 50.3766018], [30.7117906, 50.3767977], [30.7115859, 50.3785755], [30.7137278, 50.3790073], [30.7132947, 50.3797254], [30.7141373, 50.3800016], [30.7139641, 50.3804687], [30.7154209, 50.3810662], [30.7164525, 50.381719], [30.7168305, 50.382171], [30.716862, 50.3823618], [30.7182702, 50.382549], [30.7187116, 50.3824033], [30.7216267, 50.3816229], [30.7227444, 50.3812647], [30.7235841, 50.3806415], [30.725333, 50.380033], [30.727383, 50.3785], [30.7288923, 50.3768346], [30.7269825, 50.3754525], [30.73125, 50.374117], [30.738883, 50.372317], [30.7407789, 50.371988], [30.7422048, 50.3719664], [30.7510521, 50.3751442], [30.7526175, 50.3755639], [30.7533813, 50.3755472], [30.7613164, 50.3751449], [30.7621264, 50.3750563], [30.7628989, 50.376151], [30.7635129, 50.377168], [30.7636892, 50.3786015], [30.7642266, 50.3806048], [30.7673465, 50.3812931], [30.7758854, 50.382322], [30.7773979, 50.3825986], [30.7803367, 50.385229], [30.7805763, 50.3854435], [30.7768118, 50.3883276], [30.7764348, 50.3888462], [30.7763638, 50.3889502], [30.7761277, 50.3893408], [30.7759981, 50.3895407], [30.7759213, 50.3896299], [30.7758439, 50.3897466], [30.7753479, 50.3915055], [30.775274, 50.392674], [30.7752541, 50.393993], [30.7752381, 50.3942149], [30.7759894, 50.394895], [30.7765635, 50.3951082], [30.7797027, 50.3958115], [30.7823956, 50.3963019], [30.7845866, 50.3967016], [30.7900207, 50.3977838], [30.7904232, 50.3978699], [30.7930659, 50.396441], [30.7951528, 50.3953321], [30.7960722, 50.3947694], [30.7971646, 50.3941143], [30.802298, 50.3929962], [30.8024857, 50.3929769], [30.8067936, 50.3925401], [30.8120811, 50.3919617], [30.8130841, 50.3918722], [30.8163219, 50.3930876], [30.8187002, 50.3943757], [30.8192223, 50.3949425], [30.819986, 50.3958348], [30.8209169, 50.3970656], [30.8215322, 50.3979921], [30.8223419, 50.4006105], [30.8212611, 50.4010339], [30.821451, 50.4011651], [30.8262162, 50.4039441], [30.8263593, 50.4040635], [30.8260356, 50.4046197], [30.825966, 50.404816], [30.8256024, 50.4050827], [30.825399, 50.405327], [30.825281, 50.405441], [30.8251033, 50.4055665], [30.824152, 50.406193], [30.823383, 50.406799], [30.822912, 50.407181], [30.8225844, 50.4074498], [30.822182, 50.40778], [30.8217802, 50.4080686], [30.8215047, 50.4082731], [30.8209194, 50.4082436], [30.8205023, 50.4082164], [30.8202837, 50.4082276], [30.8195501, 50.4083765], [30.8185728, 50.4085734], [30.8174422, 50.4087736], [30.8170352, 50.4088649], [30.8163417, 50.4089145], [30.8156568, 50.4090068], [30.8146918, 50.4091369], [30.8143059, 50.4091666], [30.8138398, 50.4092307], [30.8135822, 50.4093128], [30.8132964, 50.4094692], [30.8129603, 50.4096444], [30.8127063, 50.4096988], [30.8124635, 50.4097018], [30.8122689, 50.4097469], [30.8120068, 50.4098801], [30.8116707, 50.410083], [30.8113652, 50.410246], [30.8110506, 50.4104504], [30.8108847, 50.4105893], [30.8105971, 50.4107237], [30.8101946, 50.4107786], [30.8099472, 50.4106977], [30.8097296, 50.4104784], [30.8094209, 50.4101946], [30.809011, 50.409943], [30.8089712, 50.4098405], [30.8089563, 50.4097274], [30.8089198, 50.4096482], [30.8088501, 50.4096059], [30.8087689, 50.4095985], [30.8086617, 50.4096191], [30.8083791, 50.4097169], [30.8079129, 50.4098914], [30.8076641, 50.4099944], [30.8067439, 50.4103752], [30.8052612, 50.4111427], [30.8045224, 50.411591], [30.8041053, 50.4118584], [30.8041526, 50.4119298], [30.8040915, 50.4120414], [30.8036336, 50.4123389], [30.8031968, 50.4126291], [30.8020226, 50.4134528], [30.8013287, 50.4139143], [30.8000183, 50.4148855], [30.7988302, 50.4153159], [30.7981798, 50.4153223], [30.7980743, 50.4154271], [30.7978213, 50.4157302], [30.7969421, 50.4167095], [30.796647, 50.4169667], [30.7963572, 50.4171348], [30.7962003, 50.417367], [30.796175, 50.4174863], [30.7961902, 50.4176282], [30.7962307, 50.4177346], [30.7963167, 50.417841], [30.7964635, 50.4179893], [30.796677, 50.4181275], [30.7969442, 50.4182795], [30.7973338, 50.4185117], [30.7988975, 50.4194499], [30.8008407, 50.4206171], [30.801033, 50.4207558], [30.8010583, 50.4208235], [30.8010533, 50.4209009], [30.8009824, 50.4209911], [30.8003853, 50.4214264], [30.8002993, 50.4215425], [30.800274, 50.4216618], [30.8002942, 50.4217972], [30.8003903, 50.4219197], [30.8006383, 50.4221131], [30.8021656, 50.4230183], [30.8017126, 50.4234398], [30.8017063, 50.4237317], [30.8013925, 50.4240196], [30.800702, 50.4243115], [30.8008401, 50.4245315], [30.8002878, 50.4246834], [30.7997731, 50.4249833], [30.7999551, 50.4253152], [30.8001434, 50.4252752], [30.8006518, 50.425847], [30.8015562, 50.4268059], [30.8010854, 50.4270506], [30.8004008, 50.4273962], [30.7996431, 50.4278186], [30.7987433, 50.4284], [30.7977875, 50.4289842], [30.7970772, 50.4294285], [30.7965132, 50.4298152], [30.7961946, 50.4301854], [30.7960568, 50.4304569], [30.7959148, 50.4307285], [30.7957813, 50.4309095], [30.7921949, 50.4337452], [30.7920129, 50.4338555], [30.7918175, 50.4338922], [30.7916399, 50.4338442], [30.7914535, 50.4337141], [30.7911, 50.4335331], [30.790773, 50.4334397], [30.7899094, 50.4328796], [30.7887491, 50.4334412], [30.7882901, 50.4336679], [30.7835163, 50.4358255], [30.7811208, 50.4368439], [30.781117, 50.4367021], [30.7802713, 50.4370605], [30.7778904, 50.4380742], [30.7768815, 50.4385929], [30.7761953, 50.4391392], [30.77613, 50.4398311], [30.7763342, 50.4407572], [30.7764183, 50.4414788], [30.7765793, 50.4428746], [30.7768811, 50.4433177], [30.7686116, 50.4456061], [30.7679316, 50.4457455], [30.7620022, 50.4476031], [30.7612296, 50.4478451], [30.7590214, 50.4487412], [30.7536509, 50.4520659], [30.7444775, 50.4573854], [30.7425803, 50.4584656], [30.7433142, 50.4586055], [30.7461885, 50.4591532], [30.7496347, 50.4598613], [30.7514344, 50.4602993], [30.7546732, 50.4616015], [30.7525994, 50.4629728], [30.7512524, 50.4638702], [30.7506646, 50.464206], [30.7508239, 50.4645685], [30.7532713, 50.4664831], [30.7515727, 50.4676094], [30.7536858, 50.4690149], [30.7524384, 50.4697877], [30.75172, 50.4698991], [30.7496402, 50.4696738], [30.7475656, 50.4694887], [30.7465961, 50.4694813], [30.7453203, 50.4691703], [30.7443818, 50.4691999], [30.7435024, 50.4689944], [30.7430226, 50.4689734], [30.7426203, 50.4690999], [30.7417699, 50.4685885], [30.7416431, 50.4686679], [30.7415836, 50.4687051], [30.7414507, 50.4687957], [30.7461, 50.4718], [30.748333, 50.473167], [30.7499086, 50.474364], [30.7493837, 50.4750476], [30.7463289, 50.4775539], [30.7462883, 50.4777591], [30.7467, 50.479], [30.747217, 50.47995], [30.7483831, 50.4829812], [30.7486933, 50.4838431], [30.749967, 50.483633], [30.751906, 50.483334], [30.7541405, 50.483054], [30.75567, 50.4828738], [30.7561332, 50.4832535], [30.757083, 50.483283], [30.759233, 50.483383], [30.759833, 50.48355], [30.7558, 50.488867], [30.7552, 50.488967], [30.755117, 50.489467], [30.7543842, 50.4902307], [30.7540897, 50.4899412], [30.7536848, 50.4896886], [30.7531516, 50.489165], [30.7522805, 50.4886265], [30.7516209, 50.4881984], [30.751583, 50.487933], [30.750467, 50.487667], [30.750383, 50.48785], [30.749967, 50.48775], [30.7491, 50.487583], [30.74885, 50.48775], [30.748333, 50.488967], [30.7473, 50.491617], [30.74695, 50.491967], [30.746783, 50.491967], [30.7467, 50.491967], [30.7461, 50.491867], [30.7437, 50.491183], [30.7437805, 50.4910761], [30.7430805, 50.4908716], [30.743267, 50.490583], [30.743183, 50.4905], [30.7425382, 50.4903672], [30.7418644, 50.4912449], [30.7402204, 50.4908905], [30.740128, 50.491135], [30.7400036, 50.491419], [30.7419348, 50.4918422], [30.7403147, 50.4943267], [30.7400143, 50.494627], [30.73892, 50.4979985], [30.7385552, 50.4983875], [30.7380617, 50.4983602], [30.7376052, 50.498925], [30.7378831, 50.4991928], [30.7400074, 50.4990495], [30.740683, 50.499867], [30.741033, 50.500033], [30.7424, 50.500633], [30.7440188, 50.5013561], [30.744117, 50.5014], [30.744717, 50.501667], [30.745452, 50.5019073], [30.7456416, 50.5020851], [30.7453619, 50.5027257], [30.7456119, 50.5028649], [30.7456185, 50.5030258], [30.7458355, 50.503106], [30.7461944, 50.5027428], [30.7461054, 50.5024096], [30.7462062, 50.502082], [30.7464903, 50.5021407], [30.7481389, 50.5021781], [30.7498757, 50.5022489], [30.7499498, 50.5022519], [30.7507344, 50.502331], [30.7505919, 50.5024553], [30.7502198, 50.5028216], [30.7500678, 50.5030344], [30.7499998, 50.5031774], [30.7499388, 50.5033179], [30.749763, 50.5036801], [30.7497347, 50.5037564], [30.7496169, 50.5039457], [30.7492742, 50.5046042], [30.7506393, 50.5052122], [30.7509149, 50.5053563], [30.754167, 50.506817], [30.7577289, 50.5078392], [30.7572488, 50.5088074], [30.7577027, 50.508887], [30.7585581, 50.509037], [30.7593065, 50.5091683], [30.7598175, 50.5084069], [30.7619215, 50.509033], [30.7611936, 50.5102787], [30.761784, 50.5106773], [30.7617513, 50.5107781], [30.7613458, 50.5112031], [30.7616329, 50.5117769], [30.7611402, 50.5121451], [30.7612239, 50.5122938], [30.7592386, 50.5134977], [30.7582205, 50.5139699], [30.7573846, 50.5144094], [30.7560676, 50.5151844], [30.7550402, 50.5158644], [30.7542509, 50.5166604], [30.754174, 50.5166283], [30.753531, 50.5173961], [30.7533103, 50.5177127], [30.7524954, 50.5185383], [30.7548625, 50.5189624], [30.7565351, 50.5192594], [30.7569156, 50.5192249], [30.7594361, 50.5195656], [30.7603374, 50.5197669], [30.7621188, 50.5205833], [30.764792, 50.5208856], [30.7670118, 50.5215394], [30.77125, 50.522683], [30.7720679, 50.5232332], [30.7774969, 50.5251395], [30.7810622, 50.5262415], [30.7830996, 50.5269326], [30.7853037, 50.5274841], [30.7903537, 50.528417], [30.792516, 50.5288961], [30.7952519, 50.5297759], [30.7961492, 50.5297202], [30.7969805, 50.5298178], [30.7985371, 50.5299797], [30.802524, 50.5310183], [30.8046836, 50.5320378], [30.8058447, 50.5326782], [30.8079817, 50.5335426], [30.8099605, 50.5339217], [30.8134213, 50.5344816], [30.8160281, 50.5347947], [30.8170176, 50.5349957], [30.8185797, 50.5356439], [30.8195162, 50.5359579], [30.8233496, 50.5371286], [30.8213834, 50.5388441], [30.821283, 50.539933], [30.8208312, 50.542533], [30.8207402, 50.5429432], [30.819917, 50.546717], [30.8194223, 50.5495631], [30.81852, 50.5534516], [30.8175529, 50.5578574], [30.8163929, 50.5577243], [30.8139896, 50.5583377], [30.8151028, 50.5600421], [30.814167, 50.5603512], [30.8144431, 50.5611695], [30.8140597, 50.5616558], [30.8143644, 50.5625706], [30.814417, 50.562767], [30.81477, 50.5629839], [30.81485, 50.563033], [30.8160192, 50.5631904], [30.8158409, 50.5639723], [30.8142036, 50.564164], [30.8117874, 50.5655716], [30.8122137, 50.5661052], [30.8060857, 50.5677498], [30.8, 50.569383], [30.797417, 50.570067], [30.7961522, 50.5707068], [30.7947728, 50.5716819], [30.7927, 50.57315], [30.792267, 50.573583], [30.791583, 50.573767], [30.791333, 50.57385], [30.790983, 50.5741], [30.790383, 50.574783], [30.7897, 50.57565], [30.789617, 50.5759], [30.7885, 50.5771], [30.787117, 50.577017], [30.785583, 50.578483], [30.784383, 50.579517], [30.783867, 50.580017], [30.783517, 50.579767], [30.78215, 50.57865], [30.783055, 50.5775987], [30.783183, 50.57745], [30.7781082, 50.5766961], [30.7709597, 50.5755955], [30.7699621, 50.5774618], [30.7676909, 50.5815956], [30.7663781, 50.583909], [30.762317, 50.583633], [30.7596982, 50.5837695], [30.7536029, 50.5832927], [30.751333, 50.5838], [30.75065, 50.583967], [30.7376, 50.587067], [30.736483, 50.587317], [30.7336639, 50.5879843], [30.72705, 50.58955], [30.7255, 50.5899], [30.7243, 50.59015], [30.722833, 50.590583], [30.7211889, 50.5907095], [30.719819, 50.5908142], [30.7197409, 50.5904615], [30.7194947, 50.5903474], [30.7182725, 50.5901643], [30.7177803, 50.5897951], [30.7176822, 50.5894969], [30.718232, 50.5888956], [30.718983, 50.58775], [30.719233, 50.587233], [30.719833, 50.586883], [30.719917, 50.586717], [30.720826, 50.5863459], [30.721383, 50.585867], [30.7135618, 50.5784942], [30.70936, 50.57419], [30.70833, 50.57281], [30.71022, 50.57247], [30.71091, 50.57178], [30.7126655, 50.562617], [30.7131288, 50.5601985], [30.7136093, 50.55769], [30.714, 50.55565], [30.7033987, 50.5549476], [30.7031372, 50.5549303], [30.6989546, 50.5546532], [30.6981492, 50.5565043], [30.6981334, 50.5567291], [30.6981266, 50.5567713], [30.6981238, 50.5567888], [30.6978353, 50.5600147], [30.6977822, 50.5606087], [30.6976485, 50.5619823], [30.6971216, 50.561774], [30.6970531, 50.5617469], [30.6968483, 50.5616711], [30.6966796, 50.5616086], [30.696501, 50.5615425], [30.6956632, 50.5612323], [30.6955766, 50.5612003], [30.695168, 50.5610491], [30.6935921, 50.5604656], [30.6934765, 50.5604228], [30.6928166, 50.5601785], [30.6920589, 50.559898], [30.6886015, 50.5586179], [30.6875621, 50.5582331], [30.6833107, 50.5565787], [30.6811289, 50.55579], [30.6786587, 50.555111], [30.6756559, 50.5543587], [30.6742042, 50.5540633], [30.6737085, 50.5539625], [30.6733025, 50.5538799], [30.6726409, 50.5537453], [30.6722892, 50.5536737], [30.6709147, 50.5540404], [30.6700143, 50.5537407], [30.6661303, 50.5522481], [30.66407, 50.5515026], [30.6635123, 50.5506436], [30.6629437, 50.5498295], [30.6627514, 50.5486238], [30.6626433, 50.5476116], [30.6623343, 50.546622], [30.6610466, 50.5446791], [30.6600289, 50.5434182], [30.6574774, 50.5412812], [30.6557607, 50.5388537], [30.6555462, 50.5375582], [30.6549024, 50.5358398], [30.6540359, 50.5341711], [30.6504053, 50.5345803], [30.6274646, 50.5348123], [30.6237033, 50.5350195], [30.6119656, 50.5356189], [30.5940703, 50.5363179], [30.5922412, 50.5364534], [30.5746497, 50.5376489], [30.5717861, 50.5378309], [30.5715608, 50.5385537], [30.5640292, 50.5390992], [30.5569711, 50.540275], [30.5565457, 50.5396539], [30.556314, 50.5393812], [30.5560737, 50.5390212], [30.555902, 50.5386557], [30.5557303, 50.5382738], [30.5554986, 50.5379738], [30.5551553, 50.5377447], [30.5549579, 50.5376738], [30.5547004, 50.5376356], [30.5544944, 50.5376029], [30.5544257, 50.5374828], [30.5545802, 50.537401], [30.5544686, 50.5372755], [30.5540824, 50.5371555], [30.5537562, 50.536981], [30.5533786, 50.5367628], [30.5531812, 50.5365827], [30.5529666, 50.5363809], [30.5530524, 50.5362554], [30.5531554, 50.5360645], [30.5529838, 50.5358572], [30.5530696, 50.535628], [30.5529237, 50.5353809], [30.5528756, 50.5353159], [30.5528202, 50.5350536], [30.5526546, 50.5344573], [30.5526161, 50.5342851], [30.5527947, 50.5340895], [30.5531774, 50.5339425], [30.5534085, 50.5337802], [30.5535316, 50.53366], [30.5535554, 50.5335073], [30.5534336, 50.5333], [30.5534117, 50.5330322], [30.5534099, 50.5328089], [30.5533329, 50.5326181], [30.5534055, 50.5324194], [30.5535131, 50.5322896], [30.5536681, 50.5320121], [30.5538293, 50.5318141], [30.55386, 50.531506], [30.553952, 50.5313631], [30.5540661, 50.5312958], [30.5540821, 50.5311608], [30.5540191, 50.531036], [30.5540779, 50.530952], [30.5541066, 50.5307], [30.5541621, 50.530634], [30.5543375, 50.5305959], [30.5544692, 50.530552], [30.5546316, 50.5304206], [30.5547895, 50.5302924], [30.5549565, 50.5302026], [30.5551149, 50.5300808], [30.5552494, 50.5299043], [30.5553166, 50.5298087], [30.5555171, 50.52974], [30.5558652, 50.5296532], [30.5561005, 50.5296147], [30.5563422, 50.5295967], [30.5564508, 50.5295343], [30.5565081, 50.5294864], [30.5566737, 50.5294095], [30.5568336, 50.5294088], [30.5570175, 50.5293776], [30.5573221, 50.5292772], [30.557557, 50.5291998], [30.5578098, 50.5291569], [30.5580998, 50.5291449], [30.5583749, 50.5291991], [30.5585415, 50.5291768], [30.5587992, 50.5289667], [30.5591188, 50.5287312], [30.5593796, 50.5286164], [30.5597245, 50.5285498], [30.5599058, 50.5285389], [30.5600616, 50.5285785], [30.5608399, 50.5279728], [30.5607532, 50.5279544], [30.5607019, 50.5279051], [30.5606889, 50.5278164], [30.5606949, 50.5277282], [30.5607709, 50.527629], [30.560847, 50.5275413], [30.5611634, 50.5273515], [30.5616183, 50.527106], [30.5619359, 50.5268168], [30.5620646, 50.5266149], [30.5622363, 50.5264676], [30.5624766, 50.5263257], [30.5626225, 50.5260692], [30.5628371, 50.5258783], [30.5631569, 50.5257255], [30.5633667, 50.5254858], [30.5634306, 50.525371], [30.5635586, 50.525302], [30.5639559, 50.5252101], [30.564116, 50.5251416], [30.5642774, 50.525049], [30.5647168, 50.5247597], [30.5650859, 50.5243777], [30.5652919, 50.5239957], [30.5655751, 50.5235919], [30.5661502, 50.5230026], [30.566648, 50.5224296], [30.5672059, 50.5218021], [30.5676351, 50.5213382], [30.5679784, 50.5209726], [30.5679526, 50.5207652], [30.5678668, 50.5204378], [30.5678668, 50.520285], [30.5680213, 50.5201213], [30.5678925, 50.5199358], [30.5676179, 50.5195592], [30.5673175, 50.5192481], [30.567163, 50.5190517], [30.566957, 50.518888], [30.566957, 50.5187024], [30.5669055, 50.5184132], [30.5667853, 50.5181021], [30.5667596, 50.5179493], [30.5666995, 50.5177583], [30.5667596, 50.5176764], [30.5670772, 50.5174472], [30.5669312, 50.5170488], [30.5670399, 50.5168238], [30.5670013, 50.5166939], [30.5668454, 50.5164648], [30.5656585, 50.5157585], [30.5623193, 50.5161537], [30.5615401, 50.5163703], [30.5595848, 50.5164812], [30.5596411, 50.5172606], [30.5591074, 50.5180656], [30.5582651, 50.5190871], [30.5577475, 50.5196789], [30.5571064, 50.5199279], [30.5566961, 50.5203099], [30.5553764, 50.5216127], [30.5549874, 50.5219765], [30.5540199, 50.5218836], [30.5534084, 50.5218362], [30.5529463, 50.5217969], [30.5525205, 50.5217467], [30.5517764, 50.5216948], [30.5510929, 50.521681], [30.5508661, 50.5219663], [30.5501513, 50.5220228], [30.5488404, 50.5221154], [30.5485924, 50.5221594], [30.548104, 50.5222153], [30.5478249, 50.5222884], [30.5474675, 50.5223207], [30.5469302, 50.5223679], [30.5464481, 50.5223715], [30.5460237, 50.5223709], [30.5433026, 50.5221798], [30.5430927, 50.522154], [30.5427832, 50.5218419], [30.5427695, 50.5208272], [30.5424904, 50.52076], [30.5421307, 50.5208176], [30.5413364, 50.5219681], [30.5412044, 50.5220754], [30.54082, 50.52273], [30.540468, 50.5229257], [30.5429792, 50.5248493], [30.5443901, 50.5271172], [30.5445135, 50.529327], [30.5436766, 50.5320311], [30.5414611, 50.5344486], [30.5385268, 50.5363887], [30.5363327, 50.5375888], [30.5344176, 50.5383491], [30.5333072, 50.539447], [30.5321431, 50.5403368], [30.5272967, 50.5409148], [30.5268216, 50.5412334], [30.5239423, 50.5428015], [30.5176759, 50.5453013], [30.5127668, 50.5468174], [30.5081749, 50.5486445], [30.502038, 50.5516168], [30.4983902, 50.5545343], [30.4963302, 50.5568791], [30.4951286, 50.5599327], [30.4938307, 50.566794], [30.4906279, 50.5670784], [30.4904079, 50.5671226], [30.4903091, 50.5676305], [30.487446, 50.568899], [30.4841861, 50.5677784], [30.4840923, 50.5677462], [30.4840975, 50.5680952], [30.4834787, 50.5684501], [30.4849941, 50.5693173], [30.481592, 50.5722676], [30.4813238, 50.5722472], [30.4806157, 50.5722336], [30.4795087, 50.5722012], [30.477183, 50.572133], [30.4723357, 50.5721197], [30.4719631, 50.5721093], [30.4646125, 50.5717474], [30.4638262, 50.5764629], [30.4634149, 50.5813016], [30.4632733, 50.5829669], [30.4631088, 50.5843452], [30.462212, 50.5839894], [30.4568531, 50.5846442], [30.4556322, 50.5847949], [30.4541343, 50.5849765], [30.4474608, 50.585792], [30.4472495, 50.5857992], [30.4470757, 50.5858052], [30.4468006, 50.5858014], [30.4442256, 50.5858587], [30.4387057, 50.5859015], [30.4310477, 50.5859453], [30.4237627, 50.5860182], [30.4161418, 50.5860782], [30.4085739, 50.5861371], [30.4010732, 50.5862388], [30.3936537, 50.586288], [30.3859229, 50.5863636], [30.3784573, 50.5864191], [30.3770415, 50.5864327], [30.3708094, 50.5864925], [30.3707921, 50.5857995], [30.3707044, 50.5822791], [30.3706923, 50.5808309], [30.3706682, 50.5779542], [30.3706274, 50.5758488], [30.3706473, 50.573564], [30.3632017, 50.5736356], [30.3626403, 50.573641], [30.3614043, 50.5736529], [30.3561364, 50.5737036], [30.3554312, 50.5737104], [30.3478418, 50.573858], [30.3392026, 50.5738421], [30.3090346, 50.5706815], [30.3072295, 50.5704924], [30.3104113, 50.5696067], [30.3178528, 50.5675308], [30.3203663, 50.5667905], [30.3226526, 50.5659907], [30.3269164, 50.5645512], [30.3263873, 50.5639959], [30.3266789, 50.5637504], [30.3256438, 50.5628646], [30.331632, 50.5593042], [30.3341632, 50.5590067], [30.3379966, 50.5586642], [30.3415751, 50.5573201], [30.3412187, 50.5564009], [30.3403825, 50.5563302], [30.3371212, 50.5564615], [30.3370749, 50.5561491], [30.3359065, 50.5564231], [30.3352767, 50.5569011], [30.3333927, 50.5570641], [30.331472, 50.5567211], [30.331653, 50.5557929], [30.330677, 50.5557885], [30.3308058, 50.555509], [30.3312537, 50.5550234], [30.331589, 50.5550966], [30.3317498, 50.5545908], [30.3308032, 50.5542679], [30.3319539, 50.5532371], [30.3308046, 50.5531226], [30.3297466, 50.5529176], [30.3297488, 50.5528367], [30.3320239, 50.5516494], [30.3324985, 50.5513942], [30.3326558, 50.5513003], [30.3324043, 50.5511676], [30.3316337, 50.5507195], [30.3305225, 50.5499927], [30.3300909, 50.5497922], [30.3296376, 50.5495996], [30.3294311, 50.5495417], [30.3292004, 50.5495093], [30.3288142, 50.5494931], [30.3285406, 50.5495127], [30.3282348, 50.549557], [30.3277605, 50.5496646], [30.3259993, 50.5500908], [30.3261668, 50.5489085], [30.3262541, 50.5482312], [30.3263111, 50.5477887], [30.3264556, 50.5462477], [30.3229484, 50.5480723], [30.3214832, 50.5490198], [30.3198437, 50.5500123], [30.3183625, 50.5508119], [30.3170618, 50.5515954], [30.315532, 50.5524198], [30.3121686, 50.5544386], [30.3113926, 50.5549459], [30.3111361, 50.5552494], [30.3108522, 50.5552066], [30.3108878, 50.5550841], [30.3106428, 50.5550368], [30.3104832, 50.555137], [30.309187, 50.5550075], [30.3073539, 50.5547819], [30.3064923, 50.5545896], [30.305867, 50.55445], [30.3048595, 50.5542051], [30.3017901, 50.553425], [30.3011418, 50.5533136], [30.298026, 50.5544188], [30.2974856, 50.5515922], [30.3003524, 50.5494098], [30.3007348, 50.5491887], [30.3016341, 50.5486666], [30.3022473, 50.5483002], [30.303206, 50.5477488], [30.3030347, 50.5476842], [30.302963, 50.5476567], [30.3017662, 50.5471956], [30.3041909, 50.5440594], [30.304444, 50.543854], [30.3038551, 50.5405398], [30.3036962, 50.539729], [30.3036175, 50.5394305], [30.3026919, 50.5346815], [30.3025182, 50.5334296], [30.3023422, 50.5334615], [30.3005049, 50.5339116], [30.300183, 50.5331836], [30.298748, 50.5331222], [30.2972184, 50.5330317], [30.2927236, 50.5327405], [30.2916509, 50.5311888], [30.290531, 50.5295785], [30.2902027, 50.5290086], [30.2902782, 50.5288226], [30.290922, 50.5273141], [30.2905135, 50.527055], [30.2903689, 50.5269521], [30.2893924, 50.5263325], [30.2884834, 50.5257523], [30.2875745, 50.5251537], [30.2863777, 50.5252858], [30.2844572, 50.5238893], [30.2840844, 50.5235977], [30.283725, 50.5233248], [30.2828211, 50.5226086], [30.2820057, 50.5222642], [30.2814048, 50.522005], [30.2807718, 50.5223955], [30.2799725, 50.5216912], [30.2783042, 50.5215889], [30.2775708, 50.5215467], [30.276973, 50.5213513], [30.2760136, 50.5211728], [30.2745277, 50.5215241], [30.2730203, 50.5209494], [30.272516, 50.5204173], [30.2721025, 50.5199478], [30.2700636, 50.5191592], [30.2696587, 50.5190095], [30.2686534, 50.5185282], [30.2677294, 50.5178939], [30.2673947, 50.5178556], [30.2665779, 50.5172127], [30.2664306, 50.5168509], [30.265828, 50.5160463], [30.2649441, 50.5158301], [30.2639869, 50.5150501], [30.2631441, 50.5136072], [30.2610574, 50.5115169], [30.2605779, 50.5106956], [30.2602664, 50.5101619], [30.2601765, 50.5100079], [30.2611818, 50.5093901], [30.2622091, 50.507878], [30.2641241, 50.5061701], [30.2658341, 50.5052067], [30.2695238, 50.5029974], [30.2698694, 50.5024034], [30.2702395, 50.5024307], [30.2703759, 50.5022383], [30.2704713, 50.5015974], [30.2702929, 50.4998804], [30.27025, 50.4988362], [30.2702101, 50.4986929], [30.2701331, 50.4984161], [30.270083, 50.4982362], [30.268775, 50.4970855], [30.2679313, 50.4961408], [30.2669423, 50.4952249], [30.2664478, 50.4947922], [30.2659573, 50.4943996], [30.2656119, 50.4941083], [30.265313, 50.4938755], [30.2652394, 50.493837], [30.2664685, 50.4926431], [30.2658477, 50.4921624], [30.2657873, 50.4920933], [30.26425, 50.490333], [30.2629899, 50.4887999], [30.2627258, 50.4888272], [30.2625888, 50.4886951], [30.2625388, 50.488646], [30.2632126, 50.4883585], [30.263133, 50.488267], [30.2627, 50.48775], [30.2610952, 50.4878239], [30.2608439, 50.4877158], [30.2604033, 50.4875996], [30.2600379, 50.487415], [30.2592777, 50.4870343], [30.258703, 50.4867892], [30.2583342, 50.4866387], [30.2579595, 50.48655], [30.257763, 50.48655], [30.257467, 50.48655], [30.2561952, 50.4866404], [30.2557235, 50.4865731], [30.2552224, 50.4865977], [30.2543088, 50.4868234], [30.2538574, 50.4868747], [30.2534706, 50.486835], [30.2531712, 50.4866923], [30.2527932, 50.4865122], [30.2524886, 50.4861974], [30.2520838, 50.4856095], [30.2517066, 50.4849007], [30.2516596, 50.4848125], [30.2516136, 50.4843941], [30.2516005, 50.4843358], [30.251306, 50.482989], [30.2514443, 50.4827541], [30.2515195, 50.4825215], [30.2514658, 50.4822684], [30.2513045, 50.482118], [30.251197, 50.4817692], [30.251259, 50.4817278], [30.2514472, 50.481602], [30.2515894, 50.4808629], [30.2515429, 50.4806395], [30.2515014, 50.4803172], [30.2513579, 50.4801083], [30.2513427, 50.4800035], [30.2511013, 50.4788975], [30.2509855, 50.4787637], [30.2507608, 50.478504], [30.2504322, 50.4781242], [30.2502681, 50.4779345], [30.2497441, 50.4773289], [30.2495268, 50.4762757], [30.2490655, 50.4742939], [30.2493578, 50.4740856], [30.2498111, 50.4737579], [30.2523136, 50.4730716], [30.2542824, 50.4725766], [30.2558675, 50.4721669], [30.2568626, 50.4709138], [30.2577451, 50.4697581], [30.2569243, 50.4684367], [30.2539849, 50.4667863], [30.2530904, 50.4662851], [30.2518659, 50.4650063], [30.251345, 50.4645041], [30.2507714, 50.4636964], [30.2503121, 50.4634597], [30.2496861, 50.463151], [30.2484297, 50.4625314], [30.2483976, 50.4625156], [30.2464369, 50.4606135], [30.2449831, 50.4591075], [30.2433228, 50.4573811], [30.2433577, 50.4571488], [30.2431699, 50.4567731], [30.2419375, 50.4556751], [30.2416974, 50.4554583], [30.2415526, 50.4553421], [30.2414372, 50.4552362], [30.2409625, 50.454145], [30.2407986, 50.453888], [30.2399088, 50.4524157], [30.2397555, 50.4518531], [30.2394712, 50.4506423], [30.2393505, 50.4501214], [30.2401829, 50.4485724], [30.2416286, 50.4476756], [30.2419496, 50.446702], [30.2435213, 50.444859], [30.2442643, 50.4443261], [30.2450797, 50.4437556], [30.2456456, 50.4434106], [30.2459675, 50.4429203], [30.2460989, 50.4422815], [30.2462009, 50.4410601], [30.2464771, 50.4404725], [30.2461633, 50.4397516], [30.2460694, 50.4394048], [30.2429554, 50.4385114], [30.2422607, 50.4358702], [30.2422661, 50.4347768], [30.2417725, 50.434536], [30.2405843, 50.4341225], [30.240013, 50.4338406], [30.2389804, 50.4330718], [30.2373308, 50.4315085], [30.2363008, 50.4294308], [30.2361453, 50.4268097], [30.237359, 50.4262928], [30.2387189, 50.4257336], [30.2399272, 50.4252359], [30.2403992, 50.4250069], [30.2407908, 50.4249659], [30.2413648, 50.4245797], [30.2421373, 50.4250377], [30.2447015, 50.4232135], [30.2469432, 50.4244061], [30.2505595, 50.4262879], [30.2531607, 50.4283886], [30.2544564, 50.4299949], [30.254859, 50.4305072], [30.2552067, 50.4310217], [30.2552843, 50.4310721], [30.2600935, 50.4311921], [30.2614596, 50.4305581], [30.269261, 50.4262956], [30.2705024, 50.4269864], [30.2716872, 50.4277016], [30.272516, 50.4282313], [30.2751429, 50.4299733], [30.2762464, 50.4306977], [30.2747185, 50.4316624], [30.2750427, 50.4321987], [30.2756032, 50.4331265], [30.2771938, 50.4356516], [30.2779421, 50.4365075], [30.2789882, 50.437869], [30.2792752, 50.4383217], [30.2801274, 50.4397379], [30.2806311, 50.440825], [30.2810454, 50.4415794], [30.2812813, 50.4420399], [30.2814307, 50.4423251], [30.2816114, 50.4426795], [30.2816945, 50.4430314], [30.2817359, 50.4432164], [30.2817377, 50.4432694], [30.2817828, 50.4445846], [30.2813786, 50.4473313], [30.2893317, 50.4461707], [30.2969559, 50.4450581], [30.299127, 50.4447588], [30.3001703, 50.444615], [30.3072714, 50.443452], [30.3086344, 50.4432517], [30.3128283, 50.4426352], [30.3145569, 50.4423424], [30.321426, 50.4423515], [30.32175, 50.44235], [30.3219818, 50.4424965], [30.3233349, 50.4428897], [30.3243683, 50.4431073], [30.3291045, 50.4441043], [30.3335431, 50.4447534], [30.3421874, 50.4456431], [30.3440806, 50.4458725], [30.3443376, 50.4458562], [30.3450911, 50.4459692], [30.3468582, 50.4460231], [30.3486839, 50.4458501], [30.3489126, 50.4458865], [30.350789623866905, 50.44582675858102], [30.3515823, 50.4457485], [30.3533656, 50.4452335], [30.3581032, 50.4452337], [30.3581775, 50.4447437], [30.3582573, 50.4443313], [30.3583069, 50.4438901], [30.3583622, 50.4435692], [30.3583657, 50.443549], [30.3584815, 50.4428761], [30.3585147, 50.4426748], [30.3586249, 50.4420644], [30.3587223, 50.4414058], [30.3587846, 50.4409846], [30.3588893, 50.4403172], [30.3589918, 50.4397177], [30.3590338, 50.4393923], [30.3591172, 50.438785], [30.3592327, 50.4380303], [30.3592884, 50.437653], [30.3592944, 50.4376121], [30.3593282, 50.4373764], [30.359336, 50.4373268], [30.3593394, 50.4373053], [30.3595815, 50.4357625], [30.3596641, 50.4352899], [30.3597174, 50.435015], [30.3597866, 50.4347212], [30.3598718, 50.4343595], [30.3602089, 50.4334079], [30.3603208, 50.4331714], [30.3605633, 50.4327106], [30.3607775, 50.4323106], [30.3612216, 50.4317006], [30.3614431, 50.431417], [30.361505, 50.431338], [30.3618366, 50.4309149], [30.362094, 50.4305837], [30.3625163, 50.4300348], [30.3630013, 50.4293541], [30.3635825, 50.4286383], [30.3639389, 50.4282043], [30.3640473, 50.4280713], [30.3643795, 50.4275891], [30.3650738, 50.4267093], [30.3658772, 50.4257138], [30.3663548, 50.4251093], [30.3663794, 50.4250781], [30.3664744, 50.4249578], [30.366556, 50.4248547], [30.3664899, 50.4244396], [30.3659568, 50.4243098], [30.3657969, 50.424072], [30.3664577, 50.4232537], [30.3667735, 50.4230657], [30.3673482, 50.4230657], [30.3674126, 50.4231272], [30.3683029, 50.4225715], [30.3685367, 50.4222878], [30.3685628, 50.4222562], [30.3688376, 50.4219259], [30.3691558, 50.4215744], [30.3695214, 50.4212389], [30.3697732, 50.4210238], [30.3700304, 50.4208207], [30.3702922, 50.4206121], [30.3705487, 50.4204287], [30.3712662, 50.4199705], [30.3718707, 50.4195762], [30.3720835, 50.4194373], [30.3729996, 50.4188721], [30.3730624, 50.4188293], [30.3736224, 50.4184878], [30.3739386, 50.4182949], [30.3749865, 50.4176477], [30.3759559, 50.4170244], [30.3763223, 50.4167888], [30.3765536, 50.4166353]]]}}, {"type": "Feature", "geometry": {"type": "MultiPolygon", "coordinates": [[[[39.934882, 48.2797752], [39.9288202, 48.2773559], [39.9245934, 48.2713012], [39.9144386, 48.2697587], [39.9104782, 48.2719727], [39.91505, 48.2801], [39.9090694, 48.2939584], [39.9011073, 48.2995927], [39.8871327, 48.3044923], [39.8879891, 48.307414], [39.8673289, 48.3090191], [39.852479, 48.3085768], [39.8411602, 48.3100535], [39.8407563, 48.3289622], [39.845318, 48.3328564], [39.8615202, 48.3345414], [39.8789648, 48.3340849], [39.9186337, 48.3416359], [39.9186135, 48.3471307], [39.9390387, 48.3497012], [39.9462184, 48.3521742], [39.9422823, 48.3575808], [39.9320707, 48.3646529], [39.9367565, 48.3674683], [39.9355721, 48.3729701], [39.9424852, 48.3821564], [39.9356552, 48.3857065], [39.931891, 48.3774507], [39.9216222, 48.3757819], [39.9140481, 48.3868763], [39.9069024, 48.3924733], [39.9164817, 48.3944411], [39.9184928, 48.3989008], [39.909079, 48.4020728], [39.9064797, 48.4073508], [39.9113789, 48.4133708], [39.909638, 48.4220936], [39.8990249, 48.4267918], [39.8941711, 48.4313487], [39.8889353, 48.4420266], [39.8981887, 48.4473878], [39.8879529, 48.4504282], [39.8774022, 48.4560868], [39.8527778, 48.4663904], [39.8455205, 48.4772748], [39.8479073, 48.4860276], [39.8485752, 48.5028537], [39.8615, 48.501789], [39.8670607, 48.5086806], [39.8618755, 48.5242979], [39.8556989, 48.5351508], [39.857231, 48.5445196], [39.8526853, 48.5526515], [39.8553094, 48.5608863], [39.8504265, 48.567896], [39.8414053, 48.5730198], [39.8247535, 48.5771763], [39.8262154, 48.5846162], [39.8051083, 48.5850376], [39.7996185, 48.5900054], [39.7874864, 48.5934116], [39.7734552, 48.5923209], [39.7691798, 48.5872618], [39.752417, 48.5819942], [39.7474765, 48.5905617], [39.7332614, 48.5857146], [39.715072, 48.5851943], [39.7025126, 48.5878721], [39.6878882, 48.5868018], [39.6831686, 48.5914646], [39.6758528, 48.5917354], [39.668764, 48.5966798], [39.6683435, 48.6051203], [39.6613922, 48.6107661], [39.6678117, 48.6212312], [39.6943721, 48.6377372], [39.6914013, 48.64652], [39.7065156, 48.6569221], [39.7114189, 48.6672089], [39.7143764, 48.6802948], [39.723289, 48.6838629], [39.7186735, 48.6873085], [39.715897, 48.6951845], [39.7202345, 48.6975829], [39.7068535, 48.7037883], [39.7046708, 48.7078084], [39.7122614, 48.7155122], [39.7073948, 48.717203], [39.7100575, 48.724195], [39.7195731, 48.728725], [39.7251961, 48.7404579], [39.7396596, 48.7445163], [39.7368358, 48.7506992], [39.7255512, 48.7523718], [39.730767, 48.7592074], [39.74373, 48.7702], [39.7509539, 48.7727346], [39.7608802, 48.7638691], [39.768274, 48.765838], [39.7625882, 48.7724146], [39.7721176, 48.783795], [39.7790956, 48.785411], [39.7837078, 48.7916943], [39.7853956, 48.8007795], [39.7807889, 48.805724], [39.7801138, 48.8121202], [39.7874453, 48.8183853], [39.785077, 48.8223767], [39.7921059, 48.8280908], [39.7916478, 48.8359079], [39.8011107, 48.8428655], [39.8071014, 48.8386061], [39.8280526, 48.8316552], [39.8312598, 48.8332516], [39.88243, 48.82204], [39.8917, 48.81895], [39.9358821, 48.8010125], [39.9432635, 48.7988058], [39.9587372, 48.797827], [39.9763405, 48.7935423], [40.0670649, 48.8607861], [40.0790799, 48.869408], [40.0786722, 48.8740832], [40.0722188, 48.8764753], [40.0589633, 48.9030313], [40.0609845, 48.9089405], [40.0487751, 48.9101255], [40.04602, 48.91405], [40.0362891, 48.9155467], [40.022358, 48.9093054], [40.0174727, 48.9021756], [40.0040301, 48.9012812], [39.9932321, 48.8682063], [39.962058, 48.8721057], [39.94749, 48.87714], [39.942, 48.88504], [39.924972, 48.8958358], [39.85239, 48.89053], [39.8453251, 48.9029125], [39.8341475, 48.9012919], [39.8358472, 48.8929639], [39.83265, 48.88813], [39.81857, 48.89585], [39.82372, 48.90032], [39.8184354, 48.9079469], [39.8056913, 48.9144406], [39.794001, 48.9136247], [39.7822091, 48.9154452], [39.7765041, 48.9206861], [39.78115, 48.93688], [39.77308, 48.94117], [39.77377, 48.94958], [39.7646395, 48.9579473], [39.7567936, 48.9700477], [39.7580846, 48.9758619], [39.7493256, 48.9779188], [39.7517407, 48.9867011], [39.7453597, 48.9867043], [39.7354585, 48.982318], [39.7300912, 48.9765479], [39.71678, 48.98237], [39.7166, 48.98666], [39.7038909, 48.9992484], [39.6995611, 49.000819], [39.675703, 48.9901608], [39.6636996, 49.000885], [39.6739783, 49.0055646], [39.6781314, 49.0134001], [39.672826, 49.0166841], [39.6775407, 49.0275654], [39.6850925, 49.0339266], [39.672392, 49.0404015], [39.6931571, 49.0504795], [39.7415695, 49.0420128], [39.7663706, 49.0400581], [39.7771795, 49.0437928], [39.8046631, 49.0597792], [39.8172562, 49.0580379], [39.8402332, 49.0607676], [39.8802205, 49.064336], [39.9100658, 49.057431], [39.93805, 49.0563998], [39.9423147, 49.0702801], [39.9383119, 49.0830423], [39.9587938, 49.1056945], [39.97152, 49.12382], [39.9968867, 49.148189], [40.031113, 49.1797592], [40.0773702, 49.1869871], [40.0935212, 49.202979], [40.1087533, 49.2116939], [40.1230483, 49.2308421], [40.1372536, 49.2398385], [40.1767387, 49.2373674], [40.2080722, 49.2420196], [40.221282, 49.2498992], [40.2275801, 49.2605293], [40.1859301, 49.2812231], [40.1835497, 49.2990257], [40.1876037, 49.3089338], [40.1958878, 49.344299], [40.1922173, 49.3481733], [40.165827, 49.3593996], [40.1582682, 49.371363], [40.1433293, 49.3785217], [40.1143938, 49.3857125], [40.1050569, 49.3928471], [40.0782576, 49.4098928], [40.0607148, 49.434409], [40.04752, 49.4451098], [40.0293438, 49.453605], [40.0420325, 49.4996317], [40.03761, 49.51658], [40.0392048, 49.5207179], [40.0605335, 49.5291101], [40.14799, 49.56173], [40.16962, 49.56877], [40.13941, 49.59589], [40.1353917, 49.6171021], [40.0649602, 49.5989679], [40.0576134, 49.6069371], [40.0149106, 49.6027231], [39.95212, 49.59709], [39.93513, 49.57392], [39.91934, 49.56774], [39.89118, 49.5583], [39.86853, 49.55967], [39.83969, 49.56379], [39.80604, 49.55795], [39.77669, 49.57735], [39.75025, 49.59743], [39.7143375, 49.6063269], [39.6982639, 49.6048033], [39.6869073, 49.6118303], [39.6603, 49.61494], [39.63884, 49.63451], [39.61378, 49.69065], [39.59129, 49.71828], [39.61052, 49.73373], [39.5635968, 49.7368823], [39.53413, 49.74094], [39.47868, 49.75656], [39.43371, 49.75931], [39.41431, 49.75382], [39.37878, 49.73854], [39.3632787, 49.7404324], [39.30857, 49.75279], [39.28522, 49.75536], [39.27355, 49.76824], [39.26514, 49.76789], [39.25089, 49.77648], [39.24368, 49.78695], [39.23784, 49.79879], [39.22771, 49.80738], [39.22823, 49.81596], [39.22668, 49.83982], [39.20952, 49.85956], [39.20214, 49.87003], [39.195453, 49.873309], [39.1888238, 49.8850217], [39.1799425, 49.8888021], [39.130675, 49.8616349], [39.11819, 49.84548], [39.1105476, 49.8379094], [39.0707088, 49.8193293], [39.0668401, 49.8156292], [39.04627, 49.81888], [39.0322377, 49.8227266], [39.0186754, 49.8208026], [38.9853812, 49.8082931], [38.9710867, 49.8071077], [38.9515209, 49.796951], [38.938947, 49.800818], [38.9301579, 49.7969737], [38.9206002, 49.8049376], [38.918475, 49.814137], [38.9096662, 49.8188443], [38.90671, 49.8278], [38.9134224, 49.8296618], [38.911245, 49.8445045], [38.9044439, 49.8486355], [38.9158517, 49.8559089], [38.9082712, 49.8600784], [38.9012094, 49.8693465], [38.894816, 49.8704081], [38.8769166, 49.8692916], [38.8748903, 49.8665482], [38.8632411, 49.8659211], [38.8561888, 49.8688336], [38.84783, 49.86437], [38.83598, 49.86832], [38.8312319, 49.875073], [38.8239834, 49.8784343], [38.7956248, 49.8833635], [38.7909714, 49.8783727], [38.7812054, 49.882261], [38.7687672, 49.8961005], [38.7447502, 49.8973758], [38.73384, 49.90539], [38.7240595, 49.9270834], [38.6939731, 49.9349262], [38.6860461, 49.9622391], [38.71067, 49.98024], [38.71805, 49.9835], [38.7093, 49.99123], [38.70312, 49.99294], [38.69694, 50.00152], [38.68492, 50.00805], [38.68011, 50.00616], [38.67788, 49.99878], [38.67977, 49.97406], [38.66741, 49.97234], [38.6475, 49.95586], [38.63068, 49.96633], [38.6115028, 49.9756], [38.58261, 49.97749], [38.56665, 49.97097], [38.52733, 49.95861], [38.50983, 49.96324], [38.48871, 49.96324], [38.4827, 49.97045], [38.48322, 49.97715], [38.47858, 49.98316], [38.46502, 49.98299], [38.46931, 49.99534], [38.43412, 50.00135], [38.4162954, 49.9817738], [38.3973907, 49.9917048], [38.3502581, 50.0072198], [38.3537935, 50.0189515], [38.3512338, 50.0357517], [38.333022, 50.0594948], [38.3295916, 50.0854039], [38.3141788, 50.0881888], [38.3017552, 50.0870909], [38.2920976, 50.0800215], [38.2757897, 50.0734765], [38.2525249, 50.0727586], [38.1790433, 50.0799151], [38.1847699, 50.0557162], [38.1834997, 50.0462922], [38.18727, 50.0407676], [38.1889001, 50.0236761], [38.18623, 50.0228196], [38.2062653, 49.9970731], [38.2218479, 49.9791376], [38.1954581, 49.969392], [38.1976824, 49.9621109], [38.1621998, 49.9512515], [38.1710164, 49.9419011], [38.14178, 49.92977], [38.13217, 49.92462], [38.1245543, 49.9423882], [38.0950069, 49.9345754], [38.0559233, 49.923187], [38.0457543, 49.9153353], [38.0320896, 49.8996608], [38.0390493, 49.8938361], [38.0462618, 49.882772], [38.0678044, 49.8644756], [38.0930972, 49.8456678], [38.073678, 49.8360138], [38.0552459, 49.8372282], [38.0488064, 49.8390422], [38.0185157, 49.8373977], [38.0196744, 49.8345329], [38.0095719, 49.8127852], [38.0302128, 49.8020963], [38.0396059, 49.7948854], [38.0548811, 49.7915125], [38.0525154, 49.783448], [38.0379456, 49.7827777], [38.0365992, 49.7784652], [38.0101928, 49.7651892], [38.0092406, 49.7573507], [37.9988497, 49.7532542], [37.9892957, 49.7522734], [37.9820833, 49.7568187], [37.9766813, 49.7678], [37.9678434, 49.7587057], [37.9514337, 49.731662], [37.9598585, 49.7182435], [37.9747072, 49.7084843], [37.9907683, 49.7157055], [37.9970527, 49.7134448], [38.0167106, 49.7129176], [38.0175863, 49.7062398], [37.9986513, 49.70038], [38.0062768, 49.6952152], [38.0133793, 49.6954199], [38.0146949, 49.6789225], [38.0252159, 49.6700599], [38.045834, 49.657671], [37.9959275, 49.6477859], [37.987107, 49.6418408], [37.994805, 49.6279566], [37.9819143, 49.6261271], [37.9744269, 49.6201664], [37.9748306, 49.6116033], [37.9443097, 49.6112904], [37.9416817, 49.5938725], [37.9340331, 49.5939836], [37.9379421, 49.583186], [37.9523456, 49.5732205], [37.9523188, 49.5685519], [37.9237533, 49.5701348], [37.9176886, 49.5680106], [37.9011744, 49.5741737], [37.886433, 49.549142], [37.9272576, 49.5478595], [37.9259607, 49.5416342], [37.9174823, 49.5340277], [37.8940505, 49.5245781], [37.8857732, 49.5188635], [37.8468168, 49.5206187], [37.8420103, 49.5077233], [37.8453577, 49.501242], [37.8371044, 49.4923071], [37.8508964, 49.4877142], [37.8440005, 49.4452346], [37.8755942, 49.4467491], [37.8745133, 49.4365221], [37.8798133, 49.4358052], [37.8776455, 49.4187857], [37.8962713, 49.4034895], [37.8893298, 49.3663057], [37.8851026, 49.3495798], [37.8864732, 49.3417181], [37.8769165, 49.3287301], [37.8841209, 49.3173035], [37.8834557, 49.3126874], [37.9171725, 49.3084434], [37.9231553, 49.3084568], [37.9483169, 49.3031933], [37.947861, 49.2986528], [37.9584141, 49.2851618], [37.9526675, 49.2826546], [37.9274815, 49.2801805], [37.9137111, 49.277715], [37.8988744, 49.2702854], [37.9100686, 49.2609013], [37.8957986, 49.2558698], [37.8905878, 49.2518323], [37.8662869, 49.2463704], [37.8745133, 49.2339965], [37.8732017, 49.223261], [37.889835, 49.2191761], [37.8896007, 49.2118835], [37.9176351, 49.2153615], [37.9334722, 49.2207777], [37.9378831, 49.2140159], [37.9220903, 49.2068755], [37.9349032, 49.1916819], [37.913813, 49.1865895], [37.893514, 49.1748564], [37.9025383, 49.1668335], [37.8928462, 49.1606054], [37.9040095, 49.154231], [37.9268901, 49.1435746], [37.9448006, 49.1390247], [37.9557708, 49.1428307], [37.9587722, 49.1359853], [37.9761744, 49.1342954], [37.9807073, 49.130659], [38.0401745, 49.1265537], [38.043648, 49.1504996], [38.0668384, 49.1466223], [38.0815852, 49.148068], [38.0839616, 49.1353431], [38.0756079, 49.11356], [38.0676538, 49.095958], [38.0622572, 49.0632345], [38.0526388, 49.0595841], [38.0729162, 49.0394966], [38.0846107, 49.0191063], [38.0974048, 48.9993382], [38.0983114, 48.9923446], [38.0802226, 48.9920207], [38.0578691, 48.9875291], [38.0504742, 48.9832096], [38.0576545, 48.975837], [38.052274, 48.9715446], [38.0537116, 48.9648958], [38.0309236, 48.9739179], [38.0286759, 48.973432], [38.0058503, 48.9465823], [38.0160803, 48.9401274], [38.0217987, 48.9329705], [38.0354165, 48.9339472], [38.0314761, 48.9268769], [38.037377, 48.9248644], [38.0434388, 48.933707], [38.0561512, 48.9394709], [38.0627673, 48.9369513], [38.080067, 48.9394086], [38.0911499, 48.9395425], [38.0957687, 48.934655], [38.1122911, 48.9326005], [38.1203538, 48.9264822], [38.1333625, 48.92374], [38.1425706, 48.9328947], [38.1527488, 48.9309257], [38.1673086, 48.931441], [38.1956434, 48.9277686], [38.2114738, 48.9307573], [38.2279914, 48.9367431], [38.229112, 48.8586976], [38.2268214, 48.8574411], [38.221752, 48.839233], [38.2598126, 48.8427742], [38.2709491, 48.8324006], [38.2724243, 48.8246666], [38.3137518, 48.8284843], [38.3167452, 48.8057329], [38.2819515, 48.8026979], [38.2779658, 48.8012598], [38.2831317, 48.7734726], [38.2754016, 48.7728008], [38.2644916, 48.7505522], [38.2765174, 48.743314], [38.2831088, 48.7373719], [38.3167881, 48.7349118], [38.3231449, 48.7284226], [38.3251351, 48.7140328], [38.3046055, 48.7124259], [38.314653, 48.7045779], [38.314181, 48.6962506], [38.3072501, 48.6877644], [38.3153021, 48.6843592], [38.2835314, 48.6810991], [38.2868224, 48.6647738], [38.2670492, 48.6637463], [38.2659066, 48.6563833], [38.2525706, 48.6579814], [38.2257673, 48.6522761], [38.22888, 48.6340971], [38.2632941, 48.6370457], [38.2698469, 48.6011494], [38.2790977, 48.5459789], [38.276276, 48.5407049], [38.2845533, 48.5366594], [38.31873, 48.5092589], [38.3119628, 48.5061989], [38.3165574, 48.4987844], [38.3019501, 48.4883718], [38.3036238, 48.4774271], [38.2889092, 48.4760722], [38.3188212, 48.4646625], [38.3108872, 48.4557299], [38.3373767, 48.4402446], [38.3407992, 48.4373299], [38.3624044, 48.4433388], [38.3751315, 48.4414118], [38.3824003, 48.4294141], [38.4029084, 48.4344542], [38.4006768, 48.4397713], [38.4316617, 48.4475787], [38.4345859, 48.4377446], [38.4322942, 48.4351155], [38.4391082, 48.4198981], [38.4366438, 48.3960769], [38.4500969, 48.3759133], [38.4534124, 48.3811448], [38.4685977, 48.3791475], [38.4728536, 48.367546], [38.4868568, 48.361872], [38.4710095, 48.3600359], [38.4735142, 48.35605], [38.4697679, 48.3490855], [38.4635549, 48.3520133], [38.4563502, 48.3425761], [38.4334453, 48.3392632], [38.437043, 48.3232138], [38.4362402, 48.3155446], [38.4283513, 48.3086695], [38.4279828, 48.3031279], [38.4329075, 48.2999328], [38.4249672, 48.2881049], [38.4270415, 48.2782877], [38.5210936, 48.2729752], [38.5669617, 48.2700742], [38.582357, 48.2624605], [38.5911911, 48.2517491], [38.5875453, 48.2382653], [38.589035, 48.2273477], [38.5969456, 48.2163546], [38.6034741, 48.2122939], [38.6117621, 48.2027844], [38.6099946, 48.1896214], [38.604978, 48.189167], [38.5981484, 48.1800388], [38.6016265, 48.1725099], [38.6350638, 48.1632445], [38.6689874, 48.1648024], [38.6717457, 48.162151], [38.6627308, 48.1507506], [38.6821991, 48.1455938], [38.6897986, 48.1460426], [38.7168429, 48.1415499], [38.7373214, 48.1345559], [38.7676437, 48.1313518], [38.775127, 48.1270551], [38.7882522, 48.1245958], [38.7980197, 48.1189312], [38.8203959, 48.1162414], [38.806696, 48.0882836], [38.8174818, 48.0843192], [38.8087415, 48.0780326], [38.7995269, 48.0747152], [38.8031906, 48.0703088], [38.8179226, 48.0659146], [38.8241029, 48.0742751], [38.8289379, 48.071992], [38.8304809, 48.0633834], [38.8219061, 48.057328], [38.8213193, 48.0516809], [38.8126713, 48.0479449], [38.8213309, 48.0430268], [38.8213775, 48.0358527], [38.8253525, 48.0297743], [38.8540755, 48.0204487], [38.8612538, 48.0147577], [38.9376714, 48.0118772], [38.9831005, 48.0092303], [38.9965262, 48.0093172], [39.0398439, 48.0069404], [39.0434811, 47.9887473], [39.0402708, 47.9627636], [39.0385008, 47.9563534], [39.0460108, 47.9562364], [39.0507101, 47.9509422], [39.0613623, 47.948824], [39.0755624, 47.9514236], [39.0844995, 47.9406379], [39.0906231, 47.9388961], [39.0651605, 47.8960073], [39.0744646, 47.8695196], [39.0831103, 47.8695323], [39.0830608, 47.851627], [39.1094853, 47.8516541], [39.1094632, 47.8426717], [39.1496272, 47.842376], [39.1499219, 47.851505], [39.1622807, 47.851569], [39.1697374, 47.8466138], [39.1809689, 47.8536801], [39.2364875, 47.8536464], [39.2335604, 47.857435], [39.2369366, 47.8646499], [39.241737, 47.8670691], [39.3514412, 47.8669487], [39.3554047, 47.8727119], [39.3873086, 47.8711604], [39.4118449, 47.8310316], [39.4219565, 47.8331576], [39.4263563, 47.8369279], [39.4393541, 47.8401865], [39.4332243, 47.8443538], [39.4399605, 47.8547661], [39.4496828, 47.8524197], [39.4649808, 47.8595896], [39.4787258, 47.8596487], [39.5209371, 47.8256835], [39.5349572, 47.8328253], [39.5425159, 47.8250596], [39.561897, 47.8335761], [39.5655533, 47.8364555], [39.6216631, 47.8363575], [39.6257098, 47.839133], [39.6451077, 47.8363677], [39.6522289, 47.8329947], [39.7231968, 47.8285025], [39.7384963, 47.8280085], [39.7567387, 47.8468232], [39.7632318, 47.8463221], [39.7634486, 47.8706904], [39.7909573, 47.8688696], [39.7949201, 47.8703755], [39.7936484, 47.9193514], [39.8064707, 47.9348333], [39.8060621, 47.9505385], [39.8217387, 47.9507538], [39.82338, 47.95858], [39.8185439, 47.9614525], [39.8163476, 47.9684133], [39.822819, 47.9827835], [39.8149881, 47.9856595], [39.81771, 47.99394], [39.8159419, 47.99998], [39.7911969, 48.0121917], [39.7842478, 48.0229939], [39.7844541, 48.0281181], [39.7764975, 48.0397836], [39.8833881, 48.0416068], [39.8835106, 48.0489882], [39.8476919, 48.059076], [39.8339672, 48.0670142], [39.8688876, 48.0791953], [39.87419, 48.10896], [39.8704565, 48.1166083], [39.8764637, 48.118908], [39.889203, 48.1306223], [39.8974738, 48.1340955], [39.9067164, 48.1488308], [39.9067751, 48.1683862], [39.9098171, 48.1798459], [39.9200249, 48.182019], [39.9341816, 48.1808208], [39.9389023, 48.1826164], [39.9423033, 48.1912178], [39.9381405, 48.1989131], [39.9406645, 48.2105791], [39.9427164, 48.2301511], [39.9607488, 48.2280194], [40.0010544, 48.2252516], [40.0083286, 48.2262558], [40.0039512, 48.239209], [40.0193363, 48.2506264], [40.0151199, 48.263077], [40.0161391, 48.2697278], [40.0058556, 48.2767991], [39.994424, 48.301977], [39.9967039, 48.3076898], [39.9908888, 48.3169837], [39.9785758, 48.3156239], [39.9721574, 48.3127609], [39.9707572, 48.3070285], [39.9631264, 48.3029697], [39.9518499, 48.3034014], [39.9505105, 48.2978011], [39.9442487, 48.2918761], [39.936691, 48.2911412], [39.934882, 48.2797752]]], [[[38.3031946, 48.4972524], [38.2933938, 48.4963032], [38.2930559, 48.490313], [38.3071107, 48.492862], [38.3031946, 48.4972524]]]]}, "properties": {"name": "Луганська область", "type": "oblast", "id": "luhansk_oblast"}}, {"type": "Feature", "geometry": {"type": "MultiPolygon", "coordinates": [[[[23.6911742, 50.3534129], [23.6912281, 50.3468922], [23.6863263, 50.3316353], [23.6388487, 50.3205064], [23.6310441, 50.3048038], [23.6115663, 50.2992543], [23.5810135, 50.265997], [23.5586881, 50.2570166], [23.5303538, 50.2433412], [23.5063175, 50.23032], [23.4701277, 50.2178762], [23.4294452, 50.1842048], [23.3803162, 50.1593643], [23.3421466, 50.133614], [23.3139516, 50.1119628], [23.2985135, 50.1070508], [23.2968508, 50.1028997], [23.2839138, 50.0990398], [23.2791778, 50.0998081], [23.2793285, 50.0862897], [23.2646055, 50.0788649], [23.2393204, 50.054451], [23.2159873, 50.0474664], [23.2130058, 50.0311008], [23.1888202, 50.0101958], [23.1426354, 49.9712214], [23.1149238, 49.9565395], [23.107489, 49.9419599], [23.0885044, 49.9248503], [23.0652278, 49.908373], [23.0332796, 49.8813506], [23.0071715, 49.8549411], [22.9954723, 49.8421548], [22.9706985, 49.8386462], [22.9566696, 49.8111286], [22.9619287, 49.8047019], [22.954414, 49.8033079], [22.941952, 49.7966387], [22.932817, 49.7932905], [22.9104866, 49.7743714], [22.9016035, 49.7682569], [22.8979443, 49.76446], [22.8967765, 49.7517557], [22.885127, 49.7446331], [22.8734299, 49.7406314], [22.8597907, 49.7282934], [22.8520982, 49.720358], [22.8477875, 49.7100826], [22.821923, 49.6945322], [22.8055619, 49.693402], [22.787224, 49.6764621], [22.7843477, 49.6655346], [22.7833142, 49.6572404], [22.7562461, 49.6352386], [22.7494427, 49.6312574], [22.7245502, 49.6088153], [22.7162509, 49.6003294], [22.7065824, 49.5932869], [22.6847285, 49.5717122], [22.6781651, 49.5607048], [22.6746896, 49.549156], [22.6631648, 49.538828], [22.6408214, 49.5299899], [22.6447122, 49.5238374], [22.6512224, 49.5083818], [22.6704141, 49.497519], [22.6966855, 49.495128], [22.7004437, 49.488421], [22.7014249, 49.4808774], [22.7103278, 49.4457353], [22.7128559, 49.4375513], [22.7255367, 49.4098272], [22.7324626, 49.3985972], [22.7441518, 49.3697901], [22.7468489, 49.3598976], [22.7431727, 49.3358525], [22.7509495, 49.3165946], [22.7441042, 49.298829], [22.7402541, 49.2631884], [22.7396304, 49.2473455], [22.7213127, 49.2413378], [22.7166857, 49.23579], [22.7148875, 49.2264901], [22.7200817, 49.2211765], [22.729253, 49.2212326], [22.7365994, 49.218417], [22.742097, 49.2186843], [22.7474176, 49.2166794], [22.7395388, 49.2116248], [22.7354144, 49.2119745], [22.7338465, 49.2063821], [22.7293136, 49.2038681], [22.7289765, 49.1970337], [22.7231063, 49.1962536], [22.7202076, 49.1887185], [22.7161708, 49.1835646], [22.7081596, 49.180905], [22.7072649, 49.1749798], [22.713511, 49.1711596], [22.7150826, 49.1669119], [22.7198836, 49.1652252], [22.7250996, 49.1685591], [22.7239063, 49.1732356], [22.7301908, 49.1755259], [22.7330664, 49.1823842], [22.749653, 49.18419], [22.7541031, 49.1788692], [22.7505445, 49.1777398], [22.7469665, 49.1723372], [22.7422447, 49.1687911], [22.7391328, 49.1579778], [22.7493026, 49.1562479], [22.7508286, 49.1528497], [22.7602609, 49.152527], [22.771171, 49.1554756], [22.7778167, 49.1548183], [22.7889726, 49.1578061], [22.7924602, 49.1537194], [22.7888868, 49.1491511], [22.7928319, 49.1463312], [22.7937229, 49.1376197], [22.8045058, 49.1340075], [22.8080697, 49.1285705], [22.813092, 49.1305095], [22.8177778, 49.125917], [22.8305854, 49.1180904], [22.8288592, 49.1148394], [22.8311397, 49.1110965], [22.8419388, 49.1101786], [22.8500555, 49.1148849], [22.8538323, 49.1111758], [22.8588998, 49.1110051], [22.8553192, 49.10386], [22.8625888, 49.1001455], [22.8669793, 49.1006127], [22.8758591, 49.0965706], [22.8797056, 49.0985573], [22.8926765, 49.0946442], [22.8838843, 49.0850769], [22.8838627, 49.0815481], [22.8682919, 49.0776048], [22.8666078, 49.0754617], [22.8718653, 49.0718553], [22.8645343, 49.0666874], [22.868684, 49.0624206], [22.8662976, 49.0596527], [22.8747526, 49.0553454], [22.8747668, 49.0499791], [22.8668419, 49.0397408], [22.8751704, 49.0371007], [22.8741123, 49.031257], [22.8801524, 49.0234956], [22.8940867, 49.0176375], [22.8898466, 49.0145517], [22.8912598, 49.0074521], [22.9002089, 49.0014734], [22.9140114, 48.9892925], [22.9151988, 48.9846934], [22.9187511, 48.981661], [22.9157627, 48.9772252], [22.9190777, 48.970365], [22.9122136, 48.9656414], [22.9055185, 48.9662579], [22.9022203, 48.9694415], [22.8954698, 48.9659886], [22.8803386, 48.960542], [22.8731532, 48.9566746], [22.8731228, 48.941116], [22.8778633, 48.93251], [22.8861648, 48.9258523], [22.8909721, 48.9117482], [22.8988159, 48.9042337], [22.9153505, 48.8958012], [22.9277714, 48.8903146], [22.9290704, 48.888197], [22.9392127, 48.8844565], [22.9472857, 48.8834527], [22.9557332, 48.878035], [22.9631776, 48.8771713], [22.9706841, 48.8738119], [22.9705402, 48.8617542], [22.9722273, 48.8592958], [22.9722092, 48.8500398], [22.974838, 48.8446284], [22.9862672, 48.836128], [22.9924104, 48.8346862], [23.0003524, 48.8307438], [23.0038266, 48.8341572], [23.0107614, 48.8363983], [23.0123392, 48.8413526], [23.0209955, 48.8478247], [23.0287936, 48.8464296], [23.0395168, 48.850473], [23.051479, 48.8502994], [23.0580648, 48.8470289], [23.0631842, 48.8518172], [23.0699407, 48.8548226], [23.0764292, 48.8531021], [23.0849941, 48.8547636], [23.0860978, 48.8594032], [23.0895657, 48.8614654], [23.100236, 48.8621972], [23.10424, 48.858428], [23.1145451, 48.8572145], [23.1212128, 48.8547569], [23.1246083, 48.8512421], [23.1307058, 48.853355], [23.136286, 48.8457458], [23.1314873, 48.8395539], [23.133557, 48.8340725], [23.1453861, 48.8333597], [23.153257, 48.8306206], [23.1588988, 48.8257849], [23.164312, 48.8187942], [23.1695258, 48.8147414], [23.1698787, 48.8102287], [23.1776786, 48.8059798], [23.1789164, 48.7927062], [23.1885429, 48.7832368], [23.1924105, 48.7770627], [23.1921658, 48.7737889], [23.2017233, 48.7603487], [23.2162457, 48.7606366], [23.22475, 48.763466], [23.2401518, 48.7586492], [23.2476583, 48.7597773], [23.2533025, 48.7627372], [23.2593681, 48.7607767], [23.2677976, 48.7616465], [23.2724699, 48.7659603], [23.2791318, 48.767077], [23.2808252, 48.7748405], [23.2862111, 48.7757565], [23.2902331, 48.7737657], [23.2963503, 48.7675388], [23.3017925, 48.7657139], [23.3078431, 48.7612712], [23.3129603, 48.7598879], [23.3173124, 48.7534616], [23.3257529, 48.7533961], [23.34023, 48.7566788], [23.3425996, 48.7591484], [23.3536055, 48.7634411], [23.3607757, 48.7706201], [23.3692137, 48.7654983], [23.3742644, 48.7590641], [23.3777134, 48.7440807], [23.3914183, 48.7393517], [23.3968405, 48.7328638], [23.4042497, 48.733559], [23.4097694, 48.7356986], [23.4156613, 48.7322359], [23.4252101, 48.7297229], [23.4305652, 48.7262934], [23.4350581, 48.7256717], [23.4544512, 48.725841], [23.4667633, 48.7237748], [23.4718862, 48.7182803], [23.4792931, 48.721517], [23.4897746, 48.7223792], [23.5028849, 48.730421], [23.5116075, 48.7347016], [23.5248261, 48.7274835], [23.5405858, 48.723437], [23.5482261, 48.7257096], [23.5492019, 48.7372201], [23.5552299, 48.7453218], [23.5542467, 48.748358], [23.5563533, 48.7553002], [23.5611874, 48.7637234], [23.5662636, 48.7676666], [23.5684918, 48.7734799], [23.5776969, 48.7783584], [23.5761721, 48.7811625], [23.5789694, 48.7850143], [23.5744142, 48.7877123], [23.5696637, 48.7953721], [23.5697072, 48.803424], [23.5575014, 48.8148448], [23.5581851, 48.8189873], [23.5521167, 48.8220676], [23.5651205, 48.8284463], [23.5659367, 48.8329726], [23.569622, 48.8372804], [23.5664409, 48.8420892], [23.5747531, 48.8455031], [23.5677177, 48.853548], [23.5709322, 48.8554685], [23.5716142, 48.8616343], [23.5824451, 48.8719352], [23.5863569, 48.871707], [23.5949796, 48.8760131], [23.6076115, 48.8761053], [23.6065522, 48.8839172], [23.6018986, 48.8848058], [23.5942702, 48.8833313], [23.5818028, 48.8849981], [23.5765545, 48.8882934], [23.5707861, 48.9006428], [23.5614709, 48.910745], [23.5724927, 48.9318536], [23.5751938, 48.9336317], [23.5800022, 48.9422697], [23.583687, 48.9456683], [23.5858992, 48.9557375], [23.5814935, 48.9585102], [23.5778781, 48.9649351], [23.5672113, 48.9688228], [23.5658197, 48.9745763], [23.5756235, 48.9794301], [23.5825081, 48.9854724], [23.5871859, 48.9879104], [23.5951672, 48.9970341], [23.6121791, 49.0052128], [23.62361, 49.0133845], [23.6202646, 49.022744], [23.6220678, 49.0254348], [23.6317581, 49.02859], [23.6360633, 49.0315832], [23.6411485, 49.0298369], [23.6417263, 49.0262847], [23.6490373, 49.0225342], [23.6563937, 49.0266959], [23.659755, 49.0255545], [23.6738312, 49.036945], [23.6731595, 49.0406739], [23.6778244, 49.0430613], [23.6790132, 49.0566049], [23.6820817, 49.0630095], [23.6878377, 49.065614], [23.6860079, 49.0696851], [23.6788743, 49.0723055], [23.6772811, 49.0754021], [23.684084, 49.0817335], [23.6833309, 49.0869177], [23.6907354, 49.096291], [23.6966565, 49.0982254], [23.6988494, 49.1011266], [23.7055723, 49.0986639], [23.7116406, 49.102521], [23.7163818, 49.0990841], [23.7180089, 49.0934861], [23.7256408, 49.0962636], [23.7376882, 49.103432], [23.7391432, 49.1102614], [23.7502313, 49.1128156], [23.7559444, 49.1164602], [23.7549385, 49.120637], [23.7642945, 49.1221374], [23.7731267, 49.1171547], [23.7755031, 49.1144042], [23.7829324, 49.119658], [23.7942168, 49.1127242], [23.7972734, 49.1080691], [23.801617, 49.1064103], [23.812456, 49.110251], [23.8212079, 49.1089774], [23.826803, 49.1106455], [23.829326, 49.1135468], [23.8711084, 49.1099258], [23.8780923, 49.106927], [23.8789226, 49.1038441], [23.8980888, 49.1017103], [23.9044927, 49.0982005], [23.9142967, 49.1097614], [23.9266555, 49.1160071], [23.9324281, 49.1216783], [23.9460499, 49.1270833], [23.9555677, 49.1297357], [23.9615982, 49.128162], [23.9695063, 49.137934], [23.9802426, 49.1345018], [24.0042312, 49.1297216], [24.0126708, 49.1258259], [24.0137935, 49.1178336], [24.0235666, 49.1181944], [24.0317185, 49.1235502], [24.0364717, 49.125076], [24.0459169, 49.1337855], [24.050944, 49.1404945], [24.0565961, 49.1436233], [24.0584572, 49.1470785], [24.0813258, 49.1452976], [24.0850005, 49.148761], [24.1010806, 49.1450723], [24.1074413, 49.1408198], [24.1173354, 49.1420342], [24.1235706, 49.1400283], [24.1353142, 49.1427559], [24.1429715, 49.139472], [24.1493547, 49.1303122], [24.1552802, 49.128122], [24.1646304, 49.127658], [24.1634137, 49.1340278], [24.1718168, 49.144128], [24.1820778, 49.1430263], [24.1916066, 49.1394351], [24.1975323, 49.1333428], [24.2123597, 49.1337325], [24.1979369, 49.1388471], [24.2113402, 49.1483871], [24.2188326, 49.1453718], [24.2345285, 49.1445661], [24.24636, 49.149991], [24.2747221, 49.1651984], [24.2818333, 49.1683911], [24.2930545, 49.1684378], [24.3089035, 49.1712008], [24.3359906, 49.1803543], [24.3533257, 49.1812994], [24.3566622, 49.1858145], [24.3750654, 49.1886781], [24.3841408, 49.1883633], [24.390491, 49.181757], [24.4017993, 49.1750582], [24.4099545, 49.1722945], [24.4164067, 49.16814], [24.4349728, 49.17381], [24.4341339, 49.1781352], [24.4355822, 49.1841261], [24.4316965, 49.1907273], [24.4379747, 49.1972083], [24.4347493, 49.2061424], [24.4366889, 49.2140666], [24.4344967, 49.2208417], [24.4469699, 49.2302986], [24.4386099, 49.2301111], [24.4272758, 49.2319327], [24.4070194, 49.2283334], [24.3883263, 49.2275757], [24.3785143, 49.2302892], [24.3590756, 49.2329882], [24.350031, 49.2372495], [24.3457947, 49.2405461], [24.3478316, 49.2548035], [24.3526093, 49.2574365], [24.3503902, 49.2599753], [24.3584781, 49.2620699], [24.358872, 49.269877], [24.3639601, 49.2779225], [24.358722, 49.281267], [24.3582102, 49.2859863], [24.3389757, 49.2919665], [24.3314833, 49.2875556], [24.3244702, 49.2860372], [24.3119745, 49.2796373], [24.3048509, 49.2775344], [24.2994207, 49.2878664], [24.2987871, 49.2958336], [24.301211, 49.3128503], [24.3025678, 49.3158611], [24.3414682, 49.3103827], [24.3459715, 49.3112583], [24.3586958, 49.3223664], [24.3778366, 49.3099949], [24.3809649, 49.3106038], [24.3859062, 49.3204317], [24.3890068, 49.3231935], [24.3935068, 49.3329453], [24.4010421, 49.3362501], [24.4020191, 49.3397632], [24.3941767, 49.3410432], [24.3961235, 49.3527203], [24.4004994, 49.3619071], [24.4064136, 49.3660294], [24.4153568, 49.3680671], [24.4198855, 49.3717672], [24.4293638, 49.3732931], [24.4300812, 49.3770181], [24.4204472, 49.384891], [24.4110455, 49.3894474], [24.40602, 49.393311], [24.4017921, 49.3930734], [24.3870089, 49.395005], [24.3890704, 49.4007946], [24.3897592, 49.4090804], [24.3805269, 49.4128302], [24.3758476, 49.4133982], [24.3734926, 49.4299124], [24.3662147, 49.4330451], [24.3838372, 49.442458], [24.410474, 49.4448809], [24.4129854, 49.4585003], [24.4180938, 49.473818], [24.4128406, 49.4745813], [24.4073541, 49.4822068], [24.4013917, 49.4950409], [24.4092978, 49.4985424], [24.4126149, 49.5044933], [24.4305486, 49.5085019], [24.4398154, 49.5116119], [24.4420674, 49.5163342], [24.4389077, 49.5260665], [24.4342847, 49.5361756], [24.4493485, 49.545233], [24.4519072, 49.540135], [24.4794254, 49.5440861], [24.4962502, 49.5412774], [24.498227, 49.5386508], [24.4909367, 49.5351144], [24.4903547, 49.532872], [24.4941882, 49.5262056], [24.4944052, 49.5214165], [24.5017105, 49.5190218], [24.505327, 49.5128466], [24.5169814, 49.5166446], [24.5325837, 49.5192105], [24.5358271, 49.5187935], [24.5420655, 49.5246357], [24.5695913, 49.5341219], [24.5747692, 49.531997], [24.5767349, 49.5270754], [24.5804651, 49.5257776], [24.5896416, 49.5190301], [24.6006258, 49.515284], [24.6097984, 49.5098646], [24.6160738, 49.508964], [24.6218037, 49.5101701], [24.6314449, 49.5007469], [24.6400256, 49.4971454], [24.6469775, 49.4974654], [24.6516519, 49.4999928], [24.6544515, 49.5042511], [24.6725041, 49.4989288], [24.6778413, 49.4962503], [24.6846673, 49.4982496], [24.7007141, 49.4918596], [24.7037643, 49.4952202], [24.7102488, 49.4950875], [24.7208316, 49.4967507], [24.7230511, 49.5083719], [24.7208902, 49.5099735], [24.7195933, 49.5272984], [24.7201669, 49.5319549], [24.7239195, 49.5347176], [24.7223147, 49.5391722], [24.7292802, 49.5470938], [24.7230434, 49.5611223], [24.721255, 49.5698165], [24.7604075, 49.5722142], [24.7915633, 49.5728367], [24.7960648, 49.5832538], [24.8020273, 49.5876306], [24.8143548, 49.5865178], [24.8262101, 49.5925165], [24.8314244, 49.5900754], [24.8316652, 49.5851271], [24.8392001, 49.5870116], [24.8340315, 49.5969429], [24.8344691, 49.5997928], [24.8441955, 49.5998128], [24.8457715, 49.6012925], [24.8632666, 49.5988681], [24.8638381, 49.6025861], [24.8703942, 49.6047812], [24.8711318, 49.6096967], [24.8828146, 49.6085381], [24.8858927, 49.60195], [24.9050757, 49.5989183], [24.9073528, 49.6026214], [24.9008242, 49.6060543], [24.8984407, 49.6105314], [24.9033085, 49.6135309], [24.9093697, 49.6148495], [24.9233717, 49.6133626], [24.923209, 49.6108823], [24.9297108, 49.6094827], [24.9391952, 49.6111325], [24.9402076, 49.6160347], [24.9468115, 49.6173067], [24.9500142, 49.6144596], [24.9577136, 49.6208198], [24.9629883, 49.6299246], [24.9568825, 49.6343773], [24.9613621, 49.6428418], [24.9826384, 49.6365698], [24.9879932, 49.6432259], [24.985669, 49.6461982], [24.9887764, 49.6587202], [24.9983705, 49.6598261], [24.9944003, 49.6642421], [24.9942445, 49.6685866], [24.9986892, 49.689439], [24.9971985, 49.6965663], [25.022051, 49.7351751], [25.0324549, 49.733936], [25.044626, 49.729549], [25.0627365, 49.7140227], [25.0674447, 49.7115007], [25.0715011, 49.7163341], [25.0937013, 49.7310117], [25.0997094, 49.7322902], [25.1118119, 49.7414586], [25.114973, 49.7456373], [25.1037831, 49.7567172], [25.0903269, 49.7601149], [25.0799758, 49.7667681], [25.0723704, 49.7702238], [25.0752037, 49.7725239], [25.0756486, 49.7791273], [25.0866862, 49.7781209], [25.0899188, 49.782484], [25.0895978, 49.788278], [25.0836752, 49.8002008], [25.0823662, 49.8185588], [25.0838073, 49.8284641], [25.0905711, 49.8265304], [25.0969596, 49.8221063], [25.1112843, 49.8184925], [25.1236567, 49.8183815], [25.1284788, 49.8161057], [25.1373142, 49.8147375], [25.1428602, 49.8190731], [25.1446037, 49.8281405], [25.1488147, 49.8277719], [25.1528208, 49.8311259], [25.1602946, 49.8342062], [25.1722448, 49.8322192], [25.1747568, 49.8370865], [25.1829332, 49.8371002], [25.2096386, 49.830123], [25.211649, 49.8266412], [25.2370816, 49.8240133], [25.2443492, 49.8252909], [25.2459249, 49.8350813], [25.2553448, 49.8351159], [25.2620611, 49.837268], [25.2660492, 49.8309164], [25.2720078, 49.829526], [25.2875415, 49.8282399], [25.2934515, 49.8328397], [25.2940401, 49.8366845], [25.291315, 49.8408003], [25.2936333, 49.8438328], [25.2995624, 49.8454593], [25.2970549, 49.8499427], [25.2990732, 49.853673], [25.310862, 49.8511594], [25.3167383, 49.8555824], [25.3316778, 49.8580866], [25.3323752, 49.8621984], [25.3384462, 49.8637047], [25.3498731, 49.862661], [25.363215, 49.8654684], [25.3682263, 49.8644569], [25.375037, 49.8679764], [25.3728653, 49.875906], [25.3806657, 49.8769776], [25.3813722, 49.8834423], [25.3891244, 49.8972107], [25.3877869, 49.9006135], [25.3806496, 49.9070423], [25.3763232, 49.9132831], [25.3835464, 49.9215428], [25.3874302, 49.9283678], [25.3872746, 49.9326644], [25.4004765, 49.9374319], [25.4159307, 49.9344237], [25.4202299, 49.9376062], [25.4266065, 49.9372006], [25.4270041, 49.9431564], [25.4151378, 49.944636], [25.403801, 49.9479417], [25.4014992, 49.9544081], [25.4121797, 49.9696438], [25.4025176, 49.9857123], [25.3729215, 49.9919105], [25.361115, 49.9960105], [25.3408206, 50.0075214], [25.3194937, 50.0156797], [25.3175489, 50.0196125], [25.3095176, 50.0252007], [25.305559, 50.031268], [25.2999727, 50.035098], [25.2837886, 50.0503413], [25.2690481, 50.0621471], [25.2617582, 50.0699374], [25.2463209, 50.0833936], [25.231846, 50.0972746], [25.2108215, 50.1154226], [25.1972475, 50.1310292], [25.2048361, 50.1495491], [25.2081748, 50.1617186], [25.2013016, 50.1641834], [25.2040569, 50.1700421], [25.2108322, 50.1711975], [25.215091, 50.179556], [25.2069926, 50.185608], [25.1798648, 50.197103], [25.1699111, 50.2023431], [25.165417, 50.2091738], [25.1694618, 50.2230066], [25.18342, 50.2242284], [25.1846217, 50.2259384], [25.1813963, 50.2321756], [25.1901229, 50.2486165], [25.2066197, 50.2471836], [25.2034751, 50.2535474], [25.2039262, 50.2747419], [25.2049392, 50.2793035], [25.1748193, 50.2892586], [25.1625801, 50.2903796], [25.15377, 50.2892562], [25.1280094, 50.2821062], [25.1169301, 50.2832249], [25.1127372, 50.2872511], [25.0992587, 50.2903536], [25.0714385, 50.2945616], [25.0654496, 50.29825], [25.0542227, 50.3009788], [25.0535106, 50.3083351], [25.0565528, 50.3113602], [25.0531279, 50.3141509], [25.0576829, 50.3201137], [25.0601835, 50.3294126], [25.0542239, 50.3352917], [25.0587799, 50.3423377], [25.0443354, 50.3425137], [25.0332834, 50.3458237], [25.0254219, 50.3447272], [25.0168725, 50.3416365], [25.0057785, 50.3495631], [24.9890649, 50.3594054], [24.9831068, 50.3640024], [24.9678333, 50.3723852], [24.9494318, 50.3856308], [24.9406026, 50.3892649], [24.9371341, 50.382625], [24.9293611, 50.378121], [24.9356361, 50.3729995], [24.9397722, 50.363838], [24.9368321, 50.3457144], [24.9232454, 50.3466956], [24.9124404, 50.3484147], [24.9110255, 50.3454348], [24.8889603, 50.3459216], [24.8854736, 50.344471], [24.887188, 50.3588069], [24.8668826, 50.3610932], [24.8560515, 50.3513376], [24.8490309, 50.3514699], [24.837733, 50.3498042], [24.8103228, 50.3478898], [24.8083224, 50.3465626], [24.7893127, 50.3459118], [24.7786951, 50.3394932], [24.7673403, 50.3384681], [24.7314459, 50.3413134], [24.7141198, 50.3434663], [24.7166481, 50.3615311], [24.7213081, 50.3691178], [24.7219634, 50.3732731], [24.7156453, 50.3784764], [24.7038817, 50.3849076], [24.6808621, 50.3945545], [24.6757202, 50.3982106], [24.6556789, 50.401315], [24.6513219, 50.4034038], [24.6543127, 50.4101312], [24.6461524, 50.4103303], [24.6426133, 50.4085035], [24.6262718, 50.4084067], [24.6104668, 50.4105454], [24.5967046, 50.4138503], [24.5985314, 50.435729], [24.5978094, 50.4505933], [24.5994459, 50.4561891], [24.5812278, 50.4579671], [24.5979476, 50.4665078], [24.5974305, 50.4784911], [24.5940539, 50.4787959], [24.5912783, 50.4879219], [24.5877637, 50.4933891], [24.5835497, 50.4915179], [24.5632199, 50.4891376], [24.563006, 50.4940964], [24.5545922, 50.4940955], [24.5532825, 50.5060452], [24.5580032, 50.5088441], [24.5550864, 50.5167732], [24.5503439, 50.5209409], [24.5473513, 50.5342627], [24.5402638, 50.5408656], [24.5363176, 50.5469759], [24.5306178, 50.5515668], [24.5162291, 50.5556635], [24.5077038, 50.5559204], [24.4998706, 50.5545098], [24.4890428, 50.5564581], [24.4880119, 50.5512469], [24.4842155, 50.5486869], [24.4693338, 50.5426402], [24.4669319, 50.5408604], [24.4493251, 50.5405028], [24.4346418, 50.5455968], [24.4158477, 50.5585953], [24.4064438, 50.5602388], [24.4005971, 50.5691201], [24.4033027, 50.5710451], [24.3994188, 50.5753456], [24.4090962, 50.5813435], [24.4133393, 50.5866964], [24.4014567, 50.590119], [24.3953379, 50.5974631], [24.3857948, 50.6059301], [24.3807168, 50.6091548], [24.3715799, 50.6018979], [24.3655935, 50.6000812], [24.3627125, 50.5971275], [24.3541677, 50.5984869], [24.3369951, 50.5983684], [24.3234189, 50.5998563], [24.3264947, 50.5928612], [24.3198089, 50.5831898], [24.3182286, 50.5738842], [24.3122418, 50.5718515], [24.3083077, 50.5739505], [24.2992864, 50.5749296], [24.293198, 50.5740566], [24.2866478, 50.5760918], [24.2709875, 50.5785972], [24.2653334, 50.5807637], [24.2567289, 50.5803651], [24.2450666, 50.5812576], [24.2341822, 50.5851662], [24.2304379, 50.5836828], [24.2260766, 50.5877734], [24.2179623, 50.5919726], [24.210725, 50.5931894], [24.2129373, 50.5967232], [24.1999523, 50.607696], [24.2041662, 50.6104373], [24.2001788, 50.6145163], [24.1966419, 50.6131119], [24.1915588, 50.6175819], [24.1867258, 50.6152236], [24.1779533, 50.618903], [24.1734518, 50.6190244], [24.1702418, 50.6232087], [24.1731968, 50.6319027], [24.1709347, 50.6348509], [24.1528934, 50.64302], [24.1382391, 50.64359], [24.1297987, 50.6459075], [24.1257224, 50.648883], [24.1180874, 50.6448627], [24.1112495, 50.636946], [24.106513, 50.6347551], [24.0981892, 50.6374365], [24.0920425, 50.6233686], [24.0918245, 50.6164546], [24.0973974, 50.6106092], [24.0986497, 50.5995336], [24.0903441, 50.5779311], [24.0913158, 50.5620201], [24.0863107, 50.5514725], [24.0774646, 50.5250081], [24.0756439, 50.5229287], [24.0701051, 50.5033883], [24.048542, 50.470609], [24.0380071, 50.4551186], [24.0345288, 50.444832], [24.0058266, 50.4353798], [23.997543, 50.4121407], [23.9407699, 50.4139098], [23.8839921, 50.4082683], [23.8798754, 50.4088984], [23.8456963, 50.4060531], [23.8033635, 50.4047644], [23.7788278, 50.4010954], [23.7270286, 50.3880008], [23.7087571, 50.3792641], [23.7031117, 50.3752858], [23.6966473, 50.3661679], [23.6911742, 50.3534129]]], [[[24.5881104, 50.4937021], [24.5965433, 50.4957087], [24.5958996, 50.4976914], [24.5866996, 50.4999093], [24.5881104, 50.4937021]]]]}, "properties": {"name": "Львівська область", "type": "oblast", "id": "lviv_oblast"}}, {"type": "Feature", "geometry": {"type": "Polygon", "coordinates": [[[31.8587695, 46.516429], [31.8619843, 46.5234904], [31.927471, 46.5817546], [31.9300896, 46.652885], [31.9847153, 46.6548122], [31.9874104, 46.6641164], [32.030712, 46.6689345], [32.0207063, 46.6775492], [32.0714344, 46.6836777], [32.0867801, 46.6834813], [32.0756701, 46.7299759], [32.0609094, 46.7279785], [32.05715, 46.7446436], [32.1088909, 46.752464], [32.1118177, 46.7451273], [32.171543, 46.7523229], [32.1689531, 46.7635024], [32.2186855, 46.7713054], [32.2096967, 46.8057258], [32.2304225, 46.8085056], [32.2522118, 46.8196044], [32.2314146, 46.8386739], [32.2275364, 46.8452028], [32.3260474, 46.8010509], [32.3416307, 46.7954457], [32.3728903, 46.7990798], [32.3653157, 46.8292574], [32.4632807, 46.8404296], [32.4693254, 46.816568], [32.5311826, 46.8231376], [32.5251772, 46.8481775], [32.5417418, 46.8501696], [32.5343109, 46.8820617], [32.5450666, 46.8826405], [32.5467399, 46.869438], [32.5704869, 46.8725642], [32.5854524, 46.8558401], [32.6111053, 46.8587863], [32.6174686, 46.8544047], [32.6878845, 46.8620814], [32.6978757, 46.8226363], [32.7429267, 46.8279205], [32.7645995, 46.8279672], [32.776203, 46.8311441], [32.8147714, 46.8346046], [32.8136251, 46.8401364], [32.8716194, 46.8467613], [32.9491152, 46.8579487], [32.9462653, 46.8686577], [32.9198948, 46.8661432], [32.9152698, 46.883276], [32.8564489, 46.8770292], [32.8383546, 46.8825934], [32.8414564, 46.900036], [32.9246045, 46.9100577], [32.922586, 46.9249314], [32.9276194, 46.9277312], [32.9798654, 46.9336997], [32.9758582, 46.9487523], [32.9499235, 46.9460097], [32.9418132, 46.9737922], [32.9339743, 46.9862828], [32.9496959, 47.0031886], [33.0224893, 46.9727807], [33.0677703, 47.0222432], [33.0721782, 47.0203573], [33.0891359, 47.0412204], [33.093245, 47.0393468], [33.1557081, 47.1174531], [33.1050252, 47.1366073], [33.0819797, 47.1075813], [33.102579, 47.099811], [33.0729674, 47.0624047], [33.0515956, 47.0700634], [33.0269084, 47.0396692], [32.9984089, 47.0528211], [32.9279285, 47.0815668], [32.9103274, 47.0938696], [32.9146216, 47.1052965], [32.9068393, 47.1205517], [32.919198, 47.1329962], [32.9200065, 47.146116], [32.9312515, 47.1499015], [32.948681, 47.1636248], [32.961355, 47.1896302], [32.9859939, 47.1921142], [33.01227, 47.1911438], [33.0156173, 47.1803274], [33.0260705, 47.1766032], [33.0382972, 47.1784009], [33.0360223, 47.1874974], [33.0525609, 47.191351], [33.0662034, 47.200876], [33.0641134, 47.2152269], [33.0888579, 47.2239896], [33.0982156, 47.2238433], [33.1049625, 47.2121249], [33.1176081, 47.2040039], [33.1313075, 47.2031665], [33.1341967, 47.2128156], [33.1264591, 47.2284533], [33.1423631, 47.2304529], [33.1621016, 47.2366071], [33.1738452, 47.2436811], [33.1361639, 47.2677686], [33.1395323, 47.2723339], [33.1052117, 47.280462], [33.1020838, 47.2906506], [33.11078, 47.3010186], [33.1029147, 47.3223493], [33.1306492, 47.3285563], [33.1372968, 47.3336504], [33.1322319, 47.3456417], [33.1216126, 47.3895899], [33.0392937, 47.3796948], [33.0294888, 47.4212848], [33.0372238, 47.4258875], [33.0341304, 47.4416307], [33.0538642, 47.4440506], [33.0472559, 47.4684701], [33.070533, 47.4748122], [33.0715543, 47.4124492], [33.1378337, 47.4195283], [33.1257162, 47.4772638], [33.1300994, 47.482542], [33.1232429, 47.5079417], [33.147041, 47.5152196], [33.1413235, 47.5445215], [33.0954271, 47.5278867], [33.0888625, 47.5521654], [33.0950145, 47.5971097], [32.9614475, 47.5899268], [32.9616743, 47.5980958], [32.9858558, 47.6041312], [32.9869149, 47.61311], [32.9968841, 47.6151206], [32.9941502, 47.6302284], [32.9722994, 47.7226695], [33.0085319, 47.7264649], [33.0075471, 47.7320264], [33.0720927, 47.7389395], [33.0669229, 47.7617944], [33.0550801, 47.7599978], [33.0499017, 47.7818048], [33.0661808, 47.7835752], [33.0599524, 47.8006037], [33.0617966, 47.8043715], [33.0549096, 47.8318089], [33.0605959, 47.8325827], [33.0608264, 47.858987], [33.0751918, 47.8604936], [33.0699184, 47.8825448], [33.0861701, 47.884908], [33.0783706, 47.9204573], [33.0140056, 47.9103976], [33.0041257, 47.9132389], [32.9927889, 47.9349038], [33.0075534, 47.9366885], [33.0018177, 47.9664194], [32.9952192, 47.9673936], [32.9945705, 47.9843104], [33.0046209, 47.9880843], [32.9999498, 48.0106095], [32.9892162, 48.0484699], [32.9524982, 48.0352897], [32.9450932, 48.0423894], [32.913485, 48.037587], [32.9161554, 48.0318424], [32.8821071, 48.0277791], [32.8860452, 48.0195082], [32.8941148, 47.9857122], [32.8662557, 47.9854261], [32.8114091, 47.9793525], [32.8017303, 47.9747103], [32.794349, 47.9915446], [32.778725, 47.9917038], [32.6908061, 47.9821036], [32.6971688, 47.9466922], [32.7371024, 47.9517741], [32.74306, 47.9321584], [32.6517763, 47.9214869], [32.6558598, 47.9047994], [32.6766327, 47.9072212], [32.6855937, 47.873001], [32.664442, 47.8709697], [32.6727318, 47.8424972], [32.6639793, 47.8395953], [32.655924, 47.8263273], [32.6575792, 47.8195987], [32.6243806, 47.8159165], [32.6243121, 47.8133921], [32.4296391, 47.7895592], [32.4146226, 47.7972709], [32.3999164, 47.7949046], [32.3857303, 47.7982654], [32.3704985, 47.7950312], [32.3629765, 47.7888589], [32.3386808, 47.800217], [32.3282894, 47.8122174], [32.297589, 47.8227991], [32.2365308, 47.8148154], [32.2398978, 47.7938631], [32.2225186, 47.7915994], [32.2316815, 47.760423], [32.1447087, 47.750014], [32.1329487, 47.7577519], [32.116945, 47.7559326], [32.1092838, 47.7844614], [32.0896569, 47.7822509], [32.0855768, 47.7966557], [32.0765689, 47.806549], [32.0596547, 47.8044878], [32.0548786, 47.8173152], [32.016023, 47.8127788], [32.0149625, 47.8158358], [31.9598764, 47.8096817], [31.9630773, 47.7989162], [31.8780873, 47.7883957], [31.8736177, 47.7863712], [31.8376686, 47.7830536], [31.8274308, 47.8165727], [31.8680409, 47.8221174], [31.8679716, 47.8285889], [31.8568628, 47.8386162], [31.8594078, 47.8496472], [31.8572534, 47.8646693], [31.8867686, 47.8654442], [31.8845453, 47.8938651], [31.8758647, 47.9119798], [31.8766678, 47.9194892], [31.8553276, 47.9161456], [31.8439389, 47.9636924], [31.8066635, 47.9602176], [31.8014522, 47.9574187], [31.7769438, 47.9550276], [31.7706921, 47.9479443], [31.7516016, 47.9466583], [31.7290654, 48.0355775], [31.7830732, 48.0423319], [31.7673464, 48.1021392], [31.6945326, 48.093348], [31.6871389, 48.1162962], [31.6791121, 48.1202457], [31.6426406, 48.1151041], [31.6340116, 48.1348427], [31.582466, 48.1287182], [31.5842077, 48.1055503], [31.5697826, 48.1030931], [31.5590209, 48.1102655], [31.5405344, 48.1077935], [31.5509943, 48.0699355], [31.5094936, 48.0688927], [31.5112552, 48.0627833], [31.5027788, 48.0522805], [31.4925401, 48.0502899], [31.4880874, 48.0653914], [31.4701323, 48.0634245], [31.4764187, 48.0831909], [31.4985336, 48.0873897], [31.4868521, 48.1295906], [31.4179638, 48.1209015], [31.4202802, 48.1116961], [31.3951405, 48.108328], [31.3891468, 48.1292942], [31.3678634, 48.1193567], [31.3513021, 48.119021], [31.3301312, 48.1140224], [31.3251945, 48.1383135], [31.2364712, 48.1169589], [31.2207565, 48.1708125], [31.2012455, 48.1683553], [31.1789879, 48.1815634], [31.1921851, 48.1940157], [31.1730897, 48.2105496], [31.1693149, 48.2184199], [31.1596344, 48.2226812], [31.1401253, 48.2207575], [31.1380877, 48.2292811], [31.0560989, 48.2201329], [31.0527322, 48.2322044], [30.9811918, 48.2220739], [30.9891486, 48.1944447], [30.9893724, 48.1844659], [30.9655361, 48.1852603], [30.9556254, 48.1806986], [30.9317281, 48.1839697], [30.9311428, 48.1711271], [30.9174465, 48.1654053], [30.8796826, 48.1645149], [30.8550746, 48.1610721], [30.8484801, 48.1843664], [30.8194338, 48.1806391], [30.8138696, 48.1697051], [30.7925069, 48.1679766], [30.7854417, 48.1914431], [30.7193171, 48.1865015], [30.7167351, 48.1955866], [30.6844879, 48.1880601], [30.647191, 48.1852116], [30.6564591, 48.1719647], [30.6371598, 48.167347], [30.6220568, 48.166478], [30.6165884, 48.1564065], [30.5822705, 48.1570454], [30.5557412, 48.1557513], [30.5526354, 48.1633831], [30.5267927, 48.1795096], [30.5065448, 48.1597269], [30.5009931, 48.1681886], [30.4896289, 48.1698954], [30.4676102, 48.1630767], [30.4370119, 48.1726678], [30.4261471, 48.1651469], [30.4136478, 48.1630745], [30.3892182, 48.1670461], [30.3844357, 48.1748483], [30.3674766, 48.1745779], [30.3266812, 48.1598843], [30.3278739, 48.1475424], [30.3157524, 48.140743], [30.3083451, 48.1419575], [30.315363, 48.1167244], [30.356816, 48.1127288], [30.3568829, 48.1010306], [30.3288947, 48.0969323], [30.3152277, 48.0992908], [30.2892323, 48.0960981], [30.2826516, 48.0851306], [30.2501322, 48.0898027], [30.2403355, 48.0750746], [30.2321196, 48.070022], [30.2143063, 48.0722637], [30.2068714, 48.0677683], [30.2260981, 48.0564116], [30.233668, 48.0605626], [30.2562703, 48.0283884], [30.2575522, 48.0210398], [30.2257174, 48.0119028], [30.2487114, 47.9825815], [30.2457711, 47.9672324], [30.2812636, 47.9513246], [30.30625, 47.9313519], [30.2997162, 47.9208222], [30.3103657, 47.8738559], [30.3183296, 47.844294], [30.3305044, 47.8123544], [30.3345298, 47.8096397], [30.4226196, 47.8211607], [30.428689, 47.8001754], [30.4392262, 47.7898921], [30.4157727, 47.787129], [30.4241767, 47.7614249], [30.3982224, 47.758126], [30.3894006, 47.7524518], [30.3907333, 47.7441525], [30.4142123, 47.6719069], [30.4100547, 47.6704803], [30.4205912, 47.6342307], [30.4640113, 47.6402876], [30.4711277, 47.618083], [30.5577795, 47.6314896], [30.5720541, 47.6273602], [30.6122449, 47.6357605], [30.6179207, 47.6241874], [30.6636618, 47.634559], [30.6653564, 47.6182615], [30.6588138, 47.6130411], [30.6600197, 47.6008092], [30.6993641, 47.6022898], [30.7198446, 47.6087379], [30.709005, 47.6393413], [30.7427039, 47.6428061], [30.7885201, 47.6492321], [30.7924134, 47.6362476], [30.7829747, 47.6346376], [30.774908, 47.6235339], [30.7749672, 47.5962259], [30.7794845, 47.5840571], [30.7448445, 47.5797813], [30.7524082, 47.5602362], [30.7731717, 47.5463026], [30.8003318, 47.5534907], [30.8033665, 47.5471232], [30.829052, 47.549695], [30.833839, 47.5369639], [30.8759523, 47.5449512], [30.8765653, 47.528942], [30.882522, 47.5072919], [30.8521781, 47.5031277], [30.8601802, 47.4812335], [30.8538303, 47.4798355], [30.864281, 47.4439452], [30.8478441, 47.4437567], [30.8515105, 47.4204507], [30.8871446, 47.4260139], [30.8934426, 47.4033123], [30.8734869, 47.4005042], [30.8848753, 47.3590065], [30.9007648, 47.3601912], [30.9088173, 47.3458803], [30.8894834, 47.3378801], [30.8692243, 47.3332224], [30.8746575, 47.3182224], [30.8930121, 47.3206818], [30.9075063, 47.27738], [30.9975895, 47.289486], [30.9890895, 47.2673462], [31.0074419, 47.2701507], [31.0180868, 47.2393124], [31.0804665, 47.2479789], [31.0784339, 47.2534426], [31.1700063, 47.2664018], [31.1755402, 47.2564586], [31.1690317, 47.2536058], [31.1782045, 47.223122], [31.1463026, 47.2182904], [31.1568469, 47.1816542], [31.1229784, 47.1769271], [31.1182809, 47.1898448], [31.1089295, 47.1877273], [31.1158624, 47.167921], [31.1058308, 47.1644354], [31.109965, 47.1556144], [31.1288049, 47.1571376], [31.1306737, 47.1530984], [31.1615659, 47.1572042], [31.1973863, 47.1550248], [31.2006419, 47.1717479], [31.2460407, 47.1778072], [31.2492135, 47.1688951], [31.2695325, 47.1718815], [31.2919854, 47.0936788], [31.2933602, 47.0817398], [31.3049776, 47.0483184], [31.294019, 47.0463706], [31.2965345, 47.0329847], [31.2914197, 47.0247331], [31.2678677, 47.0217016], [31.2654008, 47.0285544], [31.2361664, 47.0236808], [31.2320954, 47.0189055], [31.242356, 46.991323], [31.1415219, 46.9789912], [31.1352248, 46.9896657], [31.0872499, 46.9823651], [31.0899853, 46.9735573], [31.0398737, 46.9688795], [31.0173839, 46.9610091], [31.0228703, 46.9380495], [31.0300008, 46.9331267], [31.0420417, 46.8982983], [31.0492321, 46.8991828], [31.0928831, 46.8810873], [31.0985009, 46.8753543], [31.1111509, 46.8448318], [31.1206263, 46.8452735], [31.154884, 46.8368057], [31.1574177, 46.8333049], [31.1520202, 46.798944], [31.1531653, 46.792222], [31.1778072, 46.769368], [31.1746842, 46.7633774], [31.1527419, 46.7438316], [31.1557768, 46.7279431], [31.1731007, 46.7116138], [31.1790155, 46.7091137], [31.1789822, 46.6802308], [31.1854915, 46.6624472], [31.1933307, 46.6567399], [31.1882082, 46.639343], [31.1780665, 46.6339157], [31.1771456, 46.6266906], [31.1590964, 46.4096818], [31.3814661, 46.4076023], [31.5034804, 46.3805215], [31.5425073, 46.3817142], [31.6726281, 46.3575445], [31.7664392, 46.3514636], [31.7760192, 46.3447972], [31.7974278, 46.3490392], [31.809411, 46.3600051], [31.8109129, 46.3715694], [31.8055914, 46.4309952], [31.8090246, 46.4435351], [31.804476, 46.4791719], [31.8136167, 46.4920256], [31.8313848, 46.499623], [31.8480348, 46.5004454], [31.8587695, 46.516429]]]}, "properties": {"name": "Миколаївська область", "type": "oblast", "id": "mykolaiv_oblast"}}, {"type": "Feature", "geometry": {"type": "Polygon", "coordinates": [[[29.318831, 47.4456874], [29.3373839, 47.3704093], [29.3613207, 47.3756004], [29.3907218, 47.3797607], [29.3979658, 47.3539426], [29.3837407, 47.3451482], [29.3983616, 47.300472], [29.4228963, 47.3047786], [29.4270454, 47.2921482], [29.4462148, 47.2945883], [29.4450536, 47.2997892], [29.4857162, 47.3058776], [29.4831419, 47.3323514], [29.490738, 47.3481062], [29.4875783, 47.3557518], [29.5175601, 47.3645903], [29.5740647, 47.3704656], [29.5801495, 47.3485003], [29.5878647, 47.3077786], [29.5986932, 47.2573916], [29.5521097, 47.2513875], [29.5799248, 47.1357635], [29.5054805, 47.128402], [29.495435, 47.1319325], [29.4992725, 47.1091837], [29.5156335, 47.1125576], [29.5299536, 47.0818944], [29.5302017, 47.0754494], [29.5497337, 47.0758996], [29.5476253, 47.0936589], [29.6118754, 47.1002241], [29.6286758, 47.044726], [29.6024826, 47.0416336], [29.5994835, 47.0146752], [29.5957857, 46.9635699], [29.557411, 46.9580908], [29.5720914, 46.9402462], [29.6396538, 46.9551812], [29.6479227, 46.9194283], [29.7005303, 46.9248926], [29.7176988, 46.9320616], [29.7212065, 46.9183347], [29.7310438, 46.9192957], [29.7495288, 46.8610701], [29.8488493, 46.8754478], [29.8467854, 46.8820365], [29.8840737, 46.8861272], [29.8922235, 46.8536173], [29.8844581, 46.849365], [29.9051288, 46.8202793], [29.9284334, 46.8279398], [29.9255159, 46.8348376], [29.9481014, 46.8417166], [29.9681073, 46.831934], [29.978317, 46.8163558], [29.963184, 46.8179167], [29.9352051, 46.805812], [29.966359, 46.7708071], [29.9663252, 46.7556179], [29.974267, 46.7539291], [29.9681801, 46.7300693], [29.9664491, 46.7079978], [29.969804, 46.6847246], [29.9574415, 46.6747892], [29.9549582, 46.6587051], [29.9458829, 46.6495426], [29.954104, 46.6356492], [29.9540919, 46.6214093], [29.9679327, 46.5975305], [29.9625003, 46.58481], [29.9400177, 46.5870389], [29.9354688, 46.5817467], [29.9453602, 46.5551121], [29.8877781, 46.5474751], [29.9010998, 46.5341683], [29.8981495, 46.525946], [29.9129473, 46.5220489], [29.9113998, 46.5126932], [29.9272638, 46.5130224], [29.9266347, 46.5022035], [29.9540236, 46.4992063], [29.9608287, 46.4906299], [29.9708869, 46.5015926], [29.9924479, 46.5009685], [29.9895529, 46.4826072], [29.9965442, 46.4722546], [30.019976, 46.4715029], [30.0185725, 46.4647629], [29.9953139, 46.4643683], [30.0088407, 46.453378], [30.0260233, 46.4530048], [30.0234713, 46.4418776], [30.0641721, 46.4429057], [30.0549534, 46.4332828], [30.0590353, 46.4263387], [30.0924207, 46.4257435], [30.1102362, 46.4312958], [30.1244385, 46.4256587], [30.1382324, 46.4112317], [30.148219, 46.4169625], [30.1493271, 46.4264491], [30.1611456, 46.4250041], [30.1637143, 46.4135329], [30.1068734, 46.3913428], [30.0972367, 46.375181], [30.0896225, 46.3839737], [30.0705308, 46.3969693], [30.0569657, 46.3982618], [30.0211556, 46.3830755], [29.9972458, 46.3897509], [29.9878742, 46.3840853], [29.9464697, 46.397175], [29.9350417, 46.3987847], [29.8869747, 46.3716846], [29.8911359, 46.3523887], [29.8052325, 46.3856381], [29.8231401, 46.3957558], [29.7896779, 46.4220879], [29.7763856, 46.4545767], [29.7677824, 46.4530821], [29.74888, 46.4705462], [29.7412898, 46.472979], [29.7267899, 46.4668279], [29.7422191, 46.443621], [29.7346389, 46.4350027], [29.6858338, 46.4259968], [29.6788227, 46.4416721], [29.6602999, 46.4359837], [29.6787608, 46.3613508], [29.6033516, 46.3536731], [29.600234, 46.3629469], [29.5803143, 46.3609011], [29.5661326, 46.4164774], [29.5060206, 46.423266], [29.4882902, 46.4378812], [29.4843136, 46.4474115], [29.5024603, 46.4612869], [29.4484375, 46.4985899], [29.3867233, 46.4466237], [29.3512806, 46.5042009], [29.3315594, 46.4959063], [29.3383046, 46.482461], [29.3365096, 46.4739927], [29.3078009, 46.4648752], [29.3185762, 46.4476584], [29.306011, 46.4442989], [29.324102, 46.4148169], [29.3027565, 46.408262], [29.2963918, 46.4172334], [29.2681133, 46.4077127], [29.2626282, 46.399352], [29.2677792, 46.3936914], [29.2407054, 46.3761769], [29.2067719, 46.3863718], [29.2468043, 46.4166113], [29.2275784, 46.4318808], [29.2300529, 46.4368476], [29.2295402, 46.4582936], [29.2196698, 46.4636089], [29.2552119, 46.4854353], [29.2493964, 46.5002148], [29.2409242, 46.4990443], [29.2358278, 46.5582865], [29.1618564, 46.544472], [29.1634854, 46.5154171], [29.0629106, 46.5125886], [29.0632369, 46.5070067], [29.0387011, 46.5058814], [29.0390018, 46.4937955], [29.0334485, 46.4907167], [28.981347, 46.489047], [28.9777629, 46.4812677], [28.9890771, 46.4792908], [29.0233177, 46.4801617], [29.0254762, 46.462288], [29.0016875, 46.4601776], [28.9308607, 46.4577381], [28.9372963, 46.4518455], [28.9415012, 46.430917], [28.9668072, 46.3758039], [28.9867243, 46.3430545], [28.9910543, 46.3437455], [28.9997757, 46.3156577], [28.9853554, 46.3183124], [28.9532551, 46.2653089], [28.952275, 46.2594504], [29.0671142, 46.1955029], [28.9504641, 46.093734], [29.0055542, 46.0493499], [28.9789995, 46.0034735], [28.9119216, 45.992237], [28.7763564, 45.9705896], [28.7795635, 45.9604311], [28.7567233, 45.9571642], [28.7635263, 45.9345392], [28.7546474, 45.927826], [28.7859644, 45.8323044], [28.6970176, 45.817872], [28.7093574, 45.779905], [28.6247972, 45.7663892], [28.5857253, 45.7726684], [28.5808402, 45.7687806], [28.5908165, 45.7547147], [28.5950943, 45.7372193], [28.5890917, 45.7291894], [28.5627994, 45.7255193], [28.5545305, 45.7363113], [28.5307079, 45.7335928], [28.5193258, 45.7362087], [28.5043548, 45.6993746], [28.4837237, 45.684047], [28.4808577, 45.6781565], [28.486159, 45.660464], [28.5158379, 45.665324], [28.5442136, 45.5800309], [28.491297, 45.5711304], [28.5151856, 45.4998842], [28.4332301, 45.4861745], [28.4203829, 45.4847658], [28.4210079, 45.5131466], [28.3048006, 45.5469071], [28.2566885, 45.5165279], [28.2146929, 45.4706589], [28.222847, 45.4659098], [28.255912, 45.457826], [28.267754, 45.453376], [28.280666, 45.444068], [28.286723, 45.433351], [28.2842253, 45.4142615], [28.285348, 45.399623], [28.3023158, 45.3790007], [28.319887, 45.351632], [28.335795, 45.330677], [28.349033, 45.320399], [28.4463518, 45.2893611], [28.4538566, 45.2881924], [28.5317432, 45.2626859], [28.5688506, 45.2482488], [28.6359619, 45.24402], [28.6635065, 45.2383118], [28.6965162, 45.2261056], [28.7138853, 45.2236286], [28.744269, 45.233172], [28.7731531, 45.2365055], [28.7925883, 45.2434782], [28.791566, 45.25396], [28.7853002, 45.2588535], [28.763615, 45.264224], [28.751927, 45.2812859], [28.754646, 45.287927], [28.764916, 45.291342], [28.793389, 45.293129], [28.803259, 45.303102], [28.8052586, 45.3114933], [28.7854454, 45.3194251], [28.7815818, 45.3272982], [28.7961829, 45.3347304], [28.8164702, 45.3362534], [28.849637, 45.316076], [28.8742045, 45.3160694], [28.914686, 45.287404], [28.9345384, 45.2804576], [28.947317, 45.282216], [28.954666, 45.296793], [28.9486435, 45.3097102], [28.964341, 45.330051], [28.9887254, 45.333347], [29.0040544, 45.3422411], [29.026365, 45.350682], [29.044053, 45.360537], [29.0548702, 45.3593786], [29.0733841, 45.3665217], [29.0851678, 45.3740421], [29.104545, 45.374353], [29.120828, 45.382044], [29.139672, 45.385413], [29.1674249, 45.39433], [29.1789533, 45.4000213], [29.1904121, 45.4131423], [29.2243732, 45.422737], [29.238151, 45.432705], [29.258129, 45.4326109], [29.27296, 45.427348], [29.293756, 45.428236], [29.3235202, 45.4480722], [29.333576, 45.447867], [29.347871, 45.4389808], [29.3635356, 45.4361998], [29.3818924, 45.4394703], [29.3921402, 45.4359483], [29.4203998, 45.4424952], [29.4297317, 45.4425841], [29.4404148, 45.433792], [29.4739902, 45.423179], [29.497798, 45.4197355], [29.5507497, 45.4088678], [29.5890241, 45.3902294], [29.600834, 45.381343], [29.623815, 45.359707], [29.65093, 45.3396186], [29.6566673, 45.3329606], [29.669551, 45.307508], [29.670813, 45.293138], [29.678552, 45.268243], [29.6638737, 45.2601701], [29.6598784, 45.2512833], [29.6621923, 45.2389352], [29.6709555, 45.2204479], [29.6898137, 45.2013398], [29.6906352, 45.1917235], [29.7924026, 45.1834442], [29.9520734, 45.1696735], [29.9718746, 45.1395732], [29.9956153, 45.1143997], [30.0223274, 45.0974538], [30.0598041, 45.0803533], [30.0934709, 45.0686288], [30.1290166, 45.0601063], [30.1658333, 45.0549331], [30.2032908, 45.0531988], [30.2407483, 45.0549331], [30.277565, 45.0601063], [30.3131107, 45.0686288], [30.3467775, 45.0803533], [30.3779891, 45.0950774], [30.4062116, 45.1125469], [30.430962, 45.1324605], [30.451817, 45.1544751], [30.4684196, 45.1782118], [30.4804857, 45.2032627], [30.487809, 45.2291975], [30.4902641, 45.2555717], [30.487809, 45.2819337], [30.4804857, 45.3078326], [30.4684196, 45.3328264], [30.451817, 45.3564887], [30.430962, 45.3784167], [30.4062116, 45.3982373], [30.3779891, 45.4156137], [30.3467775, 45.4302512], [30.3131107, 45.4419013], [30.277565, 45.4503667], [30.2407483, 45.4555039], [30.2032908, 45.457226], [30.1658333, 45.4555039], [30.1290166, 45.4503667], [30.0934709, 45.4419013], [30.0730156, 45.4348232], [30.0747301, 45.4620294], [30.0710757, 45.4898249], [30.0663366, 45.5058723], [30.0965139, 45.5216131], [30.1251095, 45.5412351], [30.1592402, 45.552342], [30.1927614, 45.5673728], [30.2230472, 45.5854541], [30.2495334, 45.6062464], [30.2613399, 45.6177022], [30.3024478, 45.6380674], [30.3309001, 45.6575284], [30.3445494, 45.6691123], [30.3905125, 45.6884959], [30.4207983, 45.7065382], [30.4472845, 45.7272856], [30.4694779, 45.7503488], [30.484649, 45.771685], [30.5177408, 45.7936733], [30.5421375, 45.8155998], [30.562024, 45.839628], [30.572258, 45.8562708], [30.5899096, 45.8672601], [30.6163958, 45.8879477], [30.6385891, 45.9109445], [30.6560761, 45.9358194], [30.6675873, 45.9598603], [30.7020329, 45.9709764], [30.735554, 45.9858948], [30.7658398, 46.0038409], [30.7923261, 46.0244776], [30.8145194, 46.0474178], [30.8276741, 46.065513], [30.8501133, 46.0758452], [30.8803991, 46.0937621], [30.9068854, 46.1143653], [30.9290787, 46.1372681], [30.9465656, 46.1620413], [30.9590205, 46.1882213], [30.9662112, 46.2153187], [30.9678431, 46.2326236], [30.9999963, 46.2637555], [31.0174833, 46.2884718], [31.0299381, 46.3145915], [31.0371289, 46.3416265], [31.0387811, 46.3601837], [31.047436, 46.376862], [31.095498, 46.3862374], [31.1316301, 46.3977579], [31.1590964, 46.4096818], [31.1771456, 46.6266906], [31.1780665, 46.6339157], [31.1882082, 46.639343], [31.1933307, 46.6567399], [31.1854915, 46.6624472], [31.1789822, 46.6802308], [31.1790155, 46.7091137], [31.1731007, 46.7116138], [31.1557768, 46.7279431], [31.1527419, 46.7438316], [31.1746842, 46.7633774], [31.1778072, 46.769368], [31.1531653, 46.792222], [31.1520202, 46.798944], [31.1574177, 46.8333049], [31.154884, 46.8368057], [31.1206263, 46.8452735], [31.1111509, 46.8448318], [31.0985009, 46.8753543], [31.0928831, 46.8810873], [31.0492321, 46.8991828], [31.0420417, 46.8982983], [31.0300008, 46.9331267], [31.0228703, 46.9380495], [31.0173839, 46.9610091], [31.0398737, 46.9688795], [31.0899853, 46.9735573], [31.0872499, 46.9823651], [31.1352248, 46.9896657], [31.1415219, 46.9789912], [31.242356, 46.991323], [31.2320954, 47.0189055], [31.2361664, 47.0236808], [31.2654008, 47.0285544], [31.2678677, 47.0217016], [31.2914197, 47.0247331], [31.2965345, 47.0329847], [31.294019, 47.0463706], [31.3049776, 47.0483184], [31.2933602, 47.0817398], [31.2919854, 47.0936788], [31.2695325, 47.1718815], [31.2492135, 47.1688951], [31.2460407, 47.1778072], [31.2006419, 47.1717479], [31.1973863, 47.1550248], [31.1615659, 47.1572042], [31.1306737, 47.1530984], [31.1288049, 47.1571376], [31.109965, 47.1556144], [31.1058308, 47.1644354], [31.1158624, 47.167921], [31.1089295, 47.1877273], [31.1182809, 47.1898448], [31.1229784, 47.1769271], [31.1568469, 47.1816542], [31.1463026, 47.2182904], [31.1782045, 47.223122], [31.1690317, 47.2536058], [31.1755402, 47.2564586], [31.1700063, 47.2664018], [31.0784339, 47.2534426], [31.0804665, 47.2479789], [31.0180868, 47.2393124], [31.0074419, 47.2701507], [30.9890895, 47.2673462], [30.9975895, 47.289486], [30.9075063, 47.27738], [30.8930121, 47.3206818], [30.8746575, 47.3182224], [30.8692243, 47.3332224], [30.8894834, 47.3378801], [30.9088173, 47.3458803], [30.9007648, 47.3601912], [30.8848753, 47.3590065], [30.8734869, 47.4005042], [30.8934426, 47.4033123], [30.8871446, 47.4260139], [30.8515105, 47.4204507], [30.8478441, 47.4437567], [30.864281, 47.4439452], [30.8538303, 47.4798355], [30.8601802, 47.4812335], [30.8521781, 47.5031277], [30.882522, 47.5072919], [30.8765653, 47.528942], [30.8759523, 47.5449512], [30.833839, 47.5369639], [30.829052, 47.549695], [30.8033665, 47.5471232], [30.8003318, 47.5534907], [30.7731717, 47.5463026], [30.7524082, 47.5602362], [30.7448445, 47.5797813], [30.7794845, 47.5840571], [30.7749672, 47.5962259], [30.774908, 47.6235339], [30.7829747, 47.6346376], [30.7924134, 47.6362476], [30.7885201, 47.6492321], [30.7427039, 47.6428061], [30.709005, 47.6393413], [30.7198446, 47.6087379], [30.6993641, 47.6022898], [30.6600197, 47.6008092], [30.6588138, 47.6130411], [30.6653564, 47.6182615], [30.6636618, 47.634559], [30.6179207, 47.6241874], [30.6122449, 47.6357605], [30.5720541, 47.6273602], [30.5577795, 47.6314896], [30.4711277, 47.618083], [30.4640113, 47.6402876], [30.4205912, 47.6342307], [30.4100547, 47.6704803], [30.4142123, 47.6719069], [30.3907333, 47.7441525], [30.3894006, 47.7524518], [30.3982224, 47.758126], [30.4241767, 47.7614249], [30.4157727, 47.787129], [30.4392262, 47.7898921], [30.428689, 47.8001754], [30.4226196, 47.8211607], [30.3345298, 47.8096397], [30.3305044, 47.8123544], [30.3183296, 47.844294], [30.3103657, 47.8738559], [30.2997162, 47.9208222], [30.30625, 47.9313519], [30.2812636, 47.9513246], [30.2457711, 47.9672324], [30.2487114, 47.9825815], [30.2257174, 48.0119028], [30.2575522, 48.0210398], [30.2562703, 48.0283884], [30.233668, 48.0605626], [30.2260981, 48.0564116], [30.2068714, 48.0677683], [30.2143063, 48.0722637], [30.2321196, 48.070022], [30.2403355, 48.0750746], [30.2501322, 48.0898027], [30.2826516, 48.0851306], [30.2892323, 48.0960981], [30.3152277, 48.0992908], [30.3288947, 48.0969323], [30.3568829, 48.1010306], [30.356816, 48.1127288], [30.315363, 48.1167244], [30.3082281, 48.1431095], [30.2821969, 48.141168], [30.2603821, 48.1476216], [30.2409031, 48.141107], [30.2143738, 48.1477781], [30.1957669, 48.1498943], [30.1887146, 48.1548774], [30.1661646, 48.145602], [30.1514166, 48.1435599], [30.143089, 48.1473243], [30.1271843, 48.1475793], [30.1051837, 48.1400999], [30.0743356, 48.1470957], [30.0430553, 48.1565556], [30.034033, 48.1769195], [30.0208343, 48.1864456], [30.0065554, 48.1825769], [30.0013069, 48.1960792], [30.0082729, 48.2110472], [29.9919026, 48.2215586], [29.9752929, 48.2168644], [29.9303634, 48.2332855], [29.891458, 48.1857954], [29.8745281, 48.1883729], [29.8606696, 48.2043738], [29.8401654, 48.2126201], [29.8063625, 48.206169], [29.7934456, 48.2012665], [29.7857266, 48.2043452], [29.7635937, 48.2003702], [29.7297524, 48.2026736], [29.7147808, 48.2006101], [29.6900271, 48.1929785], [29.6823517, 48.1880354], [29.6664922, 48.1964311], [29.6547025, 48.1952453], [29.6739266, 48.168627], [29.6760295, 48.1543434], [29.6700438, 48.1224482], [29.6590491, 48.1104486], [29.6372312, 48.1121759], [29.6404151, 48.122822], [29.6024816, 48.1329216], [29.5983313, 48.119897], [29.5878925, 48.1167928], [29.5744445, 48.1040417], [29.5562202, 48.0981957], [29.5451172, 48.1012027], [29.531449, 48.0980237], [29.4950475, 48.1025808], [29.4778059, 48.1077277], [29.4723141, 48.1221198], [29.4434464, 48.121834], [29.3942439, 48.1135456], [29.3823462, 48.1026365], [29.3868571, 48.094958], [29.368733, 48.0945373], [29.3522886, 48.089408], [29.333981, 48.0943259], [29.311332, 48.0859162], [29.2864695, 48.0936357], [29.2774881, 48.0905847], [29.2656773, 48.0942016], [29.2666037, 48.1066926], [29.2464127, 48.1105911], [29.2323775, 48.1036255], [29.2209601, 48.1053583], [29.2055849, 48.1223245], [29.2208379, 48.1252173], [29.2351348, 48.1202219], [29.240112, 48.1275464], [29.2615672, 48.130345], [29.252694, 48.14026], [29.2133383, 48.1431276], [29.2092285, 48.1342027], [29.1934868, 48.1344159], [29.1818544, 48.1411773], [29.1680442, 48.1400221], [29.1457673, 48.155825], [29.1342821, 48.1525389], [29.0781574, 48.1933116], [29.0670748, 48.1940457], [29.0457957, 48.1737448], [29.0428161, 48.1577859], [29.0498914, 48.1502457], [29.0339065, 48.1324832], [29.0190496, 48.1313379], [29.0099248, 48.1482451], [28.9937525, 48.151895], [28.9843783, 48.1449967], [28.9683004, 48.1544708], [28.9452196, 48.1568145], [28.9331763, 48.1263147], [28.9267874, 48.0943247], [28.8693559, 48.0818743], [28.8691213, 48.0690353], [28.8539602, 48.0785795], [28.8438136, 48.0656643], [28.8520313, 48.060855], [28.8394493, 48.0349462], [28.8558563, 48.0270464], [28.8830749, 48.0103474], [28.8825035, 47.995436], [28.9258472, 47.9601399], [28.961602, 47.97919], [28.9944158, 47.9613887], [29.0124656, 47.9562528], [29.0261859, 47.9454765], [29.0368412, 47.9478756], [29.0522247, 47.9427372], [29.0867456, 47.9466677], [29.0847368, 47.9591753], [29.0910406, 47.9683347], [29.0840737, 47.9773335], [29.0928891, 47.9830705], [29.1240059, 47.9884008], [29.1248714, 47.993668], [29.1753154, 47.9937782], [29.180474, 47.9642178], [29.1853013, 47.9644947], [29.1918034, 47.9245566], [29.2006376, 47.8843692], [29.2229443, 47.8895026], [29.2409882, 47.8881347], [29.274353, 47.8903334], [29.2738634, 47.8796863], [29.2670632, 47.8752027], [29.2431293, 47.8673376], [29.2273364, 47.8564365], [29.2073227, 47.8368438], [29.1985373, 47.8185095], [29.2193075, 47.7984346], [29.2326968, 47.7974054], [29.2470933, 47.8109431], [29.2763869, 47.8020815], [29.2486064, 47.7513391], [29.2152313, 47.7387023], [29.2043638, 47.7190685], [29.2226652, 47.6975527], [29.2311065, 47.6837634], [29.2199389, 47.6824107], [29.2196066, 47.6580692], [29.2098184, 47.6579888], [29.2093865, 47.6422973], [29.2339567, 47.6425893], [29.2134926, 47.6259358], [29.2176647, 47.6122875], [29.2007093, 47.6024291], [29.2035485, 47.5979845], [29.185966, 47.5857538], [29.1846596, 47.5719641], [29.1666644, 47.5712499], [29.1169452, 47.5544243], [29.1515404, 47.5065536], [29.1850496, 47.5188122], [29.1828301, 47.4931586], [29.1923228, 47.4868594], [29.1876782, 47.4753459], [29.1575637, 47.4592329], [29.1622123, 47.452674], [29.1893752, 47.4672112], [29.1930219, 47.4595378], [29.1821886, 47.4490708], [29.1929862, 47.4262192], [29.2423457, 47.4619687], [29.2437545, 47.4153066], [29.2512871, 47.4160881], [29.2578168, 47.4261385], [29.2770591, 47.436318], [29.318831, 47.4456874]]]}, "properties": {"name": "Одеська область", "type": "oblast", "id": "odesa_oblast"}}, {"type": "Feature", "geometry": {"type": "Polygon", "coordinates": [[[34.6998585, 50.1496921], [34.7048502, 50.1341634], [34.6942241, 50.1247539], [34.6982666, 50.111184], [34.6767952, 50.1110745], [34.6753603, 50.1256063], [34.6571817, 50.1108447], [34.6422595, 50.1147439], [34.6306806, 50.1125758], [34.6238914, 50.1174644], [34.5986349, 50.1217162], [34.5931065, 50.1273824], [34.580949, 50.1284525], [34.5754809, 50.1213903], [34.5511705, 50.1322083], [34.5466203, 50.1402975], [34.5387679, 50.141282], [34.5375573, 50.154322], [34.5266717, 50.154264], [34.5344229, 50.1714438], [34.5233856, 50.1773543], [34.5538746, 50.2063186], [34.5628568, 50.2098276], [34.5709169, 50.2269955], [34.5626371, 50.236294], [34.5434101, 50.2472779], [34.5305045, 50.241265], [34.5143055, 50.2483257], [34.5212723, 50.2618622], [34.5122926, 50.2744163], [34.519885, 50.2807477], [34.5076673, 50.2847262], [34.4624628, 50.2887506], [34.4555508, 50.2870016], [34.3996042, 50.3184951], [34.4109493, 50.3353892], [34.3915001, 50.3445645], [34.3816159, 50.3575596], [34.3909906, 50.3670125], [34.3743012, 50.3717548], [34.3426111, 50.3901283], [34.3104128, 50.4024483], [34.2878208, 50.4127029], [34.2717063, 50.4323138], [34.264584, 50.4319633], [34.2520272, 50.4408763], [34.2497066, 50.4602515], [34.2550317, 50.4901625], [34.2490298, 50.5186109], [34.2460016, 50.5239506], [34.228849, 50.5260658], [34.219562, 50.5334484], [34.2045932, 50.5242155], [34.1747001, 50.5251915], [34.1587754, 50.52242], [34.1417733, 50.5136162], [34.1200929, 50.5100262], [34.1174554, 50.4936481], [34.1102421, 50.482125], [34.0978529, 50.4810374], [34.0944389, 50.4902902], [34.1029193, 50.504397], [34.0705048, 50.5156925], [34.0619253, 50.5081638], [34.0490552, 50.5093613], [34.0320247, 50.5041499], [34.0181862, 50.5096773], [34.0088608, 50.5211267], [33.9550455, 50.5475607], [33.9142684, 50.5141592], [33.8969858, 50.5241697], [33.8925641, 50.5335621], [33.8779285, 50.5333646], [33.8390712, 50.5232359], [33.8367641, 50.5189831], [33.8117364, 50.5154726], [33.8238437, 50.508469], [33.8455703, 50.5039876], [33.8505945, 50.4992228], [33.8253644, 50.4882368], [33.8299658, 50.4823705], [33.8049317, 50.4778888], [33.7875065, 50.4776973], [33.7901902, 50.4665843], [33.7865459, 50.4608181], [33.733883, 50.4584968], [33.7172278, 50.4677624], [33.627317, 50.4805337], [33.6135056, 50.4871516], [33.5713931, 50.4947203], [33.5629996, 50.4899418], [33.5386742, 50.4895189], [33.531636, 50.4802578], [33.5136154, 50.4833434], [33.5059813, 50.4926105], [33.4953551, 50.4924589], [33.4857245, 50.4798836], [33.4768116, 50.4904839], [33.4641561, 50.4925666], [33.4346685, 50.4848232], [33.4337945, 50.4755113], [33.4192414, 50.4827508], [33.4113335, 50.499515], [33.3749714, 50.4974952], [33.3738905, 50.5211932], [33.3188259, 50.520491], [33.3176637, 50.5329973], [33.3004013, 50.5351404], [33.2852366, 50.5501488], [33.2763648, 50.5535118], [33.2420711, 50.5376498], [33.2435415, 50.5304174], [33.2388751, 50.5190937], [33.2218658, 50.5037383], [33.2139588, 50.5070162], [33.1934317, 50.5078522], [33.1786566, 50.5212631], [33.152778, 50.5213552], [33.1463303, 50.511445], [33.1299946, 50.5122017], [33.1187121, 50.5052209], [33.1016194, 50.517415], [33.0648556, 50.5197576], [33.0423563, 50.5020338], [33.0298044, 50.5038359], [33.0219846, 50.4976035], [33.0272398, 50.492988], [33.013045, 50.4801249], [33.016009, 50.4708326], [32.9901325, 50.4776867], [32.9704259, 50.4743457], [32.9786666, 50.4627671], [32.9697927, 50.4596254], [32.9689711, 50.4487981], [32.9593994, 50.4422898], [32.9496407, 50.4458681], [32.9327239, 50.4367188], [32.9374245, 50.4306551], [32.9201042, 50.4291317], [32.9129786, 50.4243314], [32.9147994, 50.4119512], [32.9001481, 50.4067579], [32.8377476, 50.3751358], [32.8109882, 50.375659], [32.7904397, 50.3711401], [32.7873397, 50.3616321], [32.8012575, 50.356274], [32.7932802, 50.3466702], [32.7696513, 50.3533239], [32.7588695, 50.3504976], [32.7499987, 50.35964], [32.7298762, 50.3559441], [32.6709225, 50.3583949], [32.672089, 50.370401], [32.6331177, 50.3660031], [32.6343755, 50.3571872], [32.5843441, 50.3555471], [32.5786847, 50.3585538], [32.5616526, 50.3585726], [32.5277783, 50.3455646], [32.5105884, 50.3600351], [32.4928224, 50.3645972], [32.4853746, 50.3707393], [32.4924046, 50.3769164], [32.4938015, 50.3949506], [32.4839446, 50.4004292], [32.4769925, 50.3971014], [32.4469211, 50.3981349], [32.4016291, 50.4122517], [32.3977, 50.4065466], [32.367726, 50.4161735], [32.3650665, 50.4257494], [32.3298332, 50.4264627], [32.3158212, 50.4169501], [32.325197, 50.4035782], [32.2951604, 50.3977451], [32.2904362, 50.3793453], [32.2785921, 50.3738076], [32.2516088, 50.3738143], [32.2597143, 50.3666976], [32.2666723, 50.3512958], [32.2545921, 50.346965], [32.2270802, 50.3507909], [32.2183995, 50.3575883], [32.1426551, 50.3488124], [32.1517827, 50.3373606], [32.142914, 50.3216932], [32.1290183, 50.31601], [32.1399305, 50.3046563], [32.0988576, 50.2872902], [32.0838638, 50.283214], [32.1009103, 50.2766062], [32.0894508, 50.2469771], [32.09656, 50.23825], [32.1254432, 50.2247961], [32.1116221, 50.2126044], [32.1547694, 50.1884701], [32.1770576, 50.164899], [32.2316709, 50.1550348], [32.2671091, 50.1472364], [32.2988625, 50.1415637], [32.3039186, 50.1199374], [32.2855715, 50.1207185], [32.2534741, 50.1151595], [32.2581238, 50.1053499], [32.2749681, 50.0982893], [32.2616785, 50.0825023], [32.2769952, 50.0649641], [32.3135873, 50.0388273], [32.3212542, 50.0395424], [32.3266975, 50.052986], [32.3337357, 50.0583815], [32.3479881, 50.0476101], [32.3446047, 50.0361014], [32.3646387, 50.0337198], [32.3688047, 50.001995], [32.3772145, 50.000583], [32.3788769, 49.9809869], [32.4282925, 49.9603795], [32.4179754, 49.9343815], [32.4189686, 49.918344], [32.4142421, 49.9034617], [32.43475, 49.8882384], [32.4031279, 49.8753559], [32.3930354, 49.8849018], [32.3739945, 49.8744485], [32.4100619, 49.8479322], [32.4214164, 49.8336975], [32.4376877, 49.8212496], [32.4495754, 49.7963182], [32.5039357, 49.8046272], [32.5143536, 49.7742997], [32.5558342, 49.7736363], [32.572487, 49.7533334], [32.5683152, 49.746099], [32.5741913, 49.7025437], [32.6639933, 49.6805973], [32.6925674, 49.6577709], [32.704696, 49.6551811], [32.7029848, 49.648731], [32.7070615, 49.635127], [32.7147381, 49.621595], [32.7111844, 49.6057816], [32.7534007, 49.5789121], [32.7477266, 49.5762075], [32.7535599, 49.5654695], [32.7493451, 49.5603752], [32.7558946, 49.5490805], [32.748883, 49.5385104], [32.7505219, 49.5238192], [32.7348404, 49.5162395], [32.7115687, 49.5001699], [32.6807635, 49.5000149], [32.6708347, 49.4900263], [32.6711619, 49.4759604], [32.6660445, 49.4604986], [32.6730386, 49.4479656], [32.6558244, 49.4413508], [32.651165, 49.436147], [32.6658565, 49.4269001], [32.678951, 49.4256161], [32.681188, 49.411207], [32.6775348, 49.4013252], [32.6897657, 49.3854948], [32.7024472, 49.3828687], [32.7119288, 49.3848715], [32.7349985, 49.3730126], [32.7382225, 49.3550835], [32.72825, 49.3521658], [32.7111965, 49.354168], [32.6743054, 49.3526166], [32.651335, 49.3565686], [32.5927019, 49.3781609], [32.5728938, 49.3794462], [32.5625217, 49.3841311], [32.5544965, 49.3809479], [32.5416166, 49.3829211], [32.5282431, 49.3900727], [32.5238979, 49.4009831], [32.5100121, 49.4080116], [32.5050354, 49.3991306], [32.4919263, 49.3924252], [32.4917665, 49.383406], [32.4779947, 49.3656715], [32.4773001, 49.3558805], [32.4643698, 49.3506931], [32.4630588, 49.3425519], [32.4794412, 49.3408833], [32.4679855, 49.3279285], [32.505234, 49.3075041], [32.5257087, 49.3037892], [32.5420412, 49.296695], [32.5668347, 49.2828328], [32.597917, 49.2747692], [32.6065337, 49.2550962], [32.6121964, 49.253839], [32.6261654, 49.2603625], [32.6379123, 49.2586979], [32.6507881, 49.2489327], [32.6582553, 49.2474528], [32.6775739, 49.2552842], [32.7123049, 49.2575547], [32.7328467, 49.2535791], [32.7456548, 49.2452057], [32.7577069, 49.2418856], [32.7659394, 49.2331584], [32.775244, 49.237281], [32.7987831, 49.2394278], [32.8117735, 49.2481425], [32.8318006, 49.2466007], [32.8474433, 49.2493069], [32.8742768, 49.2401454], [32.8820776, 49.2341935], [32.9363358, 49.2297645], [32.9692986, 49.2409118], [32.983447, 49.2400955], [32.9880879, 49.2256187], [32.9822793, 49.2156856], [32.9838367, 49.209879], [32.9953364, 49.2024973], [33.0118265, 49.2028927], [33.0255878, 49.1904346], [33.0354006, 49.1854718], [33.0511477, 49.1850595], [33.0685304, 49.1879456], [33.0914955, 49.1838944], [33.1019995, 49.1852126], [33.1208716, 49.1748415], [33.1192112, 49.1672942], [33.132516, 49.1571814], [33.1560238, 49.1328976], [33.1508456, 49.1219974], [33.1564018, 49.1147956], [33.1551947, 49.1006543], [33.1663199, 49.0948413], [33.1841459, 49.0974802], [33.1963168, 49.089364], [33.1904375, 49.0826305], [33.1998675, 49.0736036], [33.2232523, 49.0773628], [33.2267288, 49.0848806], [33.2449137, 49.0790104], [33.248168, 49.0919002], [33.2479912, 49.146173], [33.2394661, 49.1645715], [33.2618352, 49.1529212], [33.272588, 49.1349435], [33.284919, 49.1242744], [33.3043011, 49.118343], [33.2884206, 49.097159], [33.2755962, 49.0978208], [33.266035, 49.094389], [33.2777185, 49.0834049], [33.2871506, 49.0839175], [33.3105068, 49.0627005], [33.3208579, 49.0429719], [33.3277437, 49.0342888], [33.3278673, 49.0247995], [33.3072117, 49.012793], [33.2981252, 49.0041448], [33.3117718, 48.9843858], [33.325024, 48.9613805], [33.3135945, 48.9582755], [33.3196157, 48.9490147], [33.3337715, 48.9483846], [33.3466943, 48.9533714], [33.3536511, 48.9481161], [33.3922359, 48.9305188], [33.4011984, 48.9278424], [33.3993109, 48.9519642], [33.4125336, 48.9573612], [33.4315734, 48.9567914], [33.4761202, 48.9520329], [33.4729583, 48.9374319], [33.4778924, 48.9341358], [33.4741633, 48.9155746], [33.4845054, 48.9159313], [33.4969983, 48.9264037], [33.5373325, 48.931362], [33.5404295, 48.9198608], [33.5476551, 48.9126572], [33.5751592, 48.9110338], [33.589323, 48.916845], [33.609097, 48.9384509], [33.6006362, 48.9418454], [33.6110086, 48.9533478], [33.6340428, 48.9616577], [33.6363266, 48.9730461], [33.6475405, 48.9772092], [33.6651085, 48.9784797], [33.6807059, 48.9570618], [33.6960026, 48.9469153], [33.7184999, 48.9401519], [33.7400908, 48.9416978], [33.7620213, 48.9460738], [33.7898923, 48.9391217], [33.8191689, 48.9369856], [33.8396483, 48.9289585], [33.8606582, 48.9143666], [33.8943109, 48.9019481], [33.9019733, 48.8949118], [33.9259521, 48.8803386], [33.9481912, 48.8781497], [33.9818598, 48.8657363], [34.010521, 48.867005], [34.0220188, 48.8644673], [34.0310203, 48.8578984], [34.0346511, 48.8439117], [34.0570415, 48.8355477], [34.072397, 48.8248915], [34.0813985, 48.8228994], [34.1061338, 48.8257879], [34.1220188, 48.8212061], [34.1268744, 48.8122665], [34.121565, 48.7931585], [34.1267843, 48.7843873], [34.1498554, 48.7751161], [34.1767087, 48.777459], [34.1912322, 48.7694827], [34.2022284, 48.7599793], [34.2192957, 48.7595605], [34.2332897, 48.7562194], [34.246885, 48.745562], [34.2599917, 48.7430024], [34.277396, 48.7450756], [34.2963003, 48.7387623], [34.293199, 48.7266884], [34.3057333, 48.7269726], [34.3041158, 48.7357043], [34.3144425, 48.7395117], [34.308789, 48.7650261], [34.3198214, 48.767646], [34.3262165, 48.7748666], [34.3423131, 48.7832051], [34.3232486, 48.7923971], [34.3139903, 48.784928], [34.2980022, 48.7845292], [34.2971606, 48.8207337], [34.3385376, 48.8204191], [34.3384806, 48.8269756], [34.3230932, 48.8288293], [34.3253467, 48.8442983], [34.3438358, 48.8422291], [34.3493326, 48.8460961], [34.3500413, 48.8563311], [34.336182, 48.8561195], [34.3375137, 48.8714737], [34.3061292, 48.8847763], [34.3116945, 48.8894427], [34.3006355, 48.8954448], [34.312597, 48.9412708], [34.3531174, 48.9838003], [34.3458994, 48.992631], [34.3256542, 48.9987287], [34.3318698, 49.0086265], [34.3639148, 49.0283756], [34.3603802, 49.0333022], [34.3950149, 49.0429744], [34.3903357, 49.0503936], [34.4157888, 49.0548183], [34.4019662, 49.0936058], [34.4113097, 49.0910689], [34.4617567, 49.0658629], [34.4751297, 49.0736255], [34.4995586, 49.0614719], [34.5155039, 49.0719859], [34.5438676, 49.0541637], [34.5582025, 49.0554068], [34.5739065, 49.0632597], [34.5639323, 49.072922], [34.5689, 49.0877602], [34.5773367, 49.095841], [34.5876379, 49.0943741], [34.5907383, 49.1088451], [34.6002312, 49.1090229], [34.6251136, 49.1249074], [34.6482465, 49.131604], [34.662316, 49.1194644], [34.682685, 49.1217485], [34.6820396, 49.1315814], [34.7061678, 49.1298697], [34.7214461, 49.1367376], [34.7279746, 49.1359831], [34.7434055, 49.1443365], [34.7653563, 49.1511942], [34.7575816, 49.1668162], [34.7643594, 49.1669177], [34.7756392, 49.1752671], [34.8039367, 49.178183], [34.8132067, 49.1672839], [34.8228545, 49.1786517], [34.8193052, 49.1861153], [34.8407853, 49.1907098], [34.8568988, 49.1906201], [34.8594838, 49.1837745], [34.9011802, 49.1749221], [34.8964366, 49.1692667], [34.8689357, 49.1683849], [34.8691373, 49.1606303], [34.8872748, 49.1561595], [34.8993484, 49.1490508], [34.9195826, 49.1557119], [34.922308, 49.1755863], [34.9359036, 49.1807894], [34.9450627, 49.1906555], [34.9767377, 49.1793154], [34.9893981, 49.167166], [34.994943, 49.1685911], [35.0178946, 49.1507738], [34.9803734, 49.2501859], [35.0063732, 49.3020345], [35.0138077, 49.3055512], [35.0239091, 49.3170897], [35.0241127, 49.3256017], [35.0366858, 49.3318306], [35.076381, 49.318084], [35.0823059, 49.3056523], [35.0912383, 49.3006085], [35.1081048, 49.3001584], [35.1246373, 49.3027463], [35.1705477, 49.2957785], [35.2147909, 49.2955641], [35.2167635, 49.2984892], [35.2417468, 49.2970261], [35.2629329, 49.2889399], [35.2585655, 49.2822539], [35.2716587, 49.2771222], [35.2759469, 49.2882642], [35.288161, 49.2964952], [35.2791408, 49.3181883], [35.3449004, 49.3696711], [35.375321, 49.3982179], [35.3479958, 49.4048248], [35.3638865, 49.4469711], [35.3157812, 49.4554599], [35.3311962, 49.4948997], [35.33168, 49.5049098], [35.4617008, 49.4836812], [35.481305, 49.4840718], [35.4910775, 49.5082843], [35.484595, 49.5165052], [35.4497065, 49.5219528], [35.4286648, 49.5266585], [35.4334453, 49.5400727], [35.426806, 49.5496193], [35.4091999, 49.5527967], [35.4099757, 49.5615362], [35.4752871, 49.5658369], [35.4856818, 49.5720132], [35.4645428, 49.6032207], [35.4523307, 49.6305345], [35.4413069, 49.6438452], [35.4256374, 49.6560405], [35.4238748, 49.6636769], [35.4342659, 49.6659586], [35.433372, 49.6734492], [35.4212118, 49.6710997], [35.3961796, 49.6701464], [35.390663, 49.6675648], [35.3445109, 49.6651737], [35.3301463, 49.682025], [35.2995582, 49.6869371], [35.264165, 49.6851628], [35.2435359, 49.6937265], [35.2644218, 49.7165933], [35.259357, 49.7334326], [35.2229809, 49.7366411], [35.2077076, 49.7467429], [35.2062794, 49.7636157], [35.2122696, 49.7715936], [35.2060059, 49.7819184], [35.2114544, 49.7890932], [35.200867, 49.7947429], [35.2043086, 49.8014952], [35.2221858, 49.8070418], [35.2160377, 49.8137301], [35.2193739, 49.829652], [35.1994636, 49.8400796], [35.1680035, 49.8477378], [35.1640692, 49.8534972], [35.1400557, 49.8596952], [35.1191351, 49.8513568], [35.1054925, 49.8576093], [35.0850885, 49.8600265], [35.0738198, 49.8580385], [35.050894, 49.8683244], [35.0540919, 49.8805701], [35.0637556, 49.8853611], [35.0337604, 49.8873358], [35.014287, 49.8759836], [34.9803521, 49.8897771], [34.9705071, 49.8852545], [34.9451297, 49.8986508], [34.936289, 49.9065154], [34.912464, 49.9352694], [34.8930985, 49.932121], [34.8775274, 49.944133], [34.859465, 49.9496284], [34.866641, 49.9582023], [34.8563132, 49.9870227], [34.8808904, 50.0064013], [34.9022432, 50.032075], [34.9343678, 50.0545532], [34.9380776, 50.0618226], [34.96375, 50.073714], [34.9572461, 50.082447], [34.9558887, 50.093287], [34.9373726, 50.0957093], [34.9327884, 50.1347073], [34.9403583, 50.1521815], [34.901844, 50.1590233], [34.8543546, 50.1624103], [34.8319324, 50.1557385], [34.8216827, 50.1602032], [34.798131, 50.1595668], [34.8007001, 50.1547264], [34.7811451, 50.1532772], [34.7650927, 50.1476434], [34.7466506, 50.1446532], [34.74951, 50.1577533], [34.7344959, 50.1603383], [34.720196, 50.1508626], [34.7100055, 50.1528472], [34.6998585, 50.1496921]]]}, "properties": {"name": "Полтавська область", "type": "oblast", "id": "poltava_oblast"}}, {"type": "Feature", "geometry": {"type": "Polygon", "coordinates": [[[27.2470835, 50.9007642], [27.239923, 50.9026149], [27.233601, 50.9065092], [27.2356959, 50.9101867], [27.2338841, 50.9125753], [27.224609, 50.9107833], [27.2167638, 50.9199379], [27.2172385, 50.9255547], [27.2203981, 50.9308476], [27.224185, 50.9299135], [27.2282772, 50.932864], [27.2376952, 50.9351842], [27.2339526, 50.9380983], [27.2382751, 50.9454114], [27.2338088, 50.9486975], [27.2230784, 50.9521715], [27.2257143, 50.96226], [27.2192717, 50.9731921], [27.2163534, 50.9748354], [27.2114225, 50.9821362], [27.2039348, 50.9889693], [27.1998969, 51.0001324], [27.211126, 51.0040835], [27.2157873, 51.0085961], [27.2262937, 51.0079477], [27.2286768, 51.021896], [27.2201191, 51.0276312], [27.2200012, 51.0301236], [27.2765635, 51.0326301], [27.277908, 51.0402621], [27.3258447, 51.0422538], [27.3174405, 51.0525097], [27.3201442, 51.0626385], [27.3247978, 51.0693571], [27.322306, 51.0763209], [27.3236257, 51.0804325], [27.3334329, 51.083038], [27.3360051, 51.0883148], [27.3452286, 51.086715], [27.3544961, 51.0871489], [27.3538528, 51.0954009], [27.3667288, 51.097669], [27.3645206, 51.1092879], [27.3689121, 51.1122301], [27.3639876, 51.1429508], [27.3707414, 51.1428582], [27.3802927, 51.1477346], [27.3739561, 51.1547835], [27.3981321, 51.1702169], [27.3943689, 51.1720946], [27.4036601, 51.1819542], [27.406105, 51.1878292], [27.4025154, 51.1891406], [27.4006855, 51.2007864], [27.4159025, 51.2018165], [27.4429813, 51.2227691], [27.4576771, 51.2237922], [27.4636692, 51.2362379], [27.4738669, 51.2372421], [27.4692535, 51.2477199], [27.4526668, 51.2483143], [27.4534281, 51.2523247], [27.4470985, 51.2547709], [27.4512452, 51.2605855], [27.4613115, 51.2642209], [27.4482465, 51.2820448], [27.4407671, 51.3105868], [27.4897397, 51.3154648], [27.499938, 51.3223922], [27.5109701, 51.3350468], [27.5223281, 51.3418401], [27.5221483, 51.3469189], [27.5275302, 51.3533054], [27.5240824, 51.3601541], [27.5259528, 51.3663968], [27.494563, 51.3746501], [27.4921086, 51.4080421], [27.4994285, 51.4178655], [27.4991261, 51.4228169], [27.5051638, 51.4361088], [27.5036287, 51.4519778], [27.5345305, 51.4529807], [27.5266609, 51.4431047], [27.5332886, 51.4348487], [27.5325885, 51.4320177], [27.5490519, 51.4216221], [27.5679749, 51.4157694], [27.5740045, 51.4112392], [27.5837356, 51.4073762], [27.5843579, 51.4017358], [27.6137924, 51.4031012], [27.6140982, 51.4088903], [27.603128, 51.4149798], [27.6046622, 51.4201151], [27.5994104, 51.4221423], [27.5990295, 51.4301732], [27.5826949, 51.4298321], [27.5799797, 51.4601092], [27.5788379, 51.4785298], [27.5913584, 51.4788739], [27.6240599, 51.4831234], [27.6463518, 51.4977899], [27.6484761, 51.5018524], [27.6687992, 51.4969216], [27.6630928, 51.5172614], [27.6782262, 51.5196051], [27.6764085, 51.5395063], [27.6845636, 51.5428834], [27.6916003, 51.5474033], [27.7057982, 51.554924], [27.7232387, 51.5628511], [27.7268282, 51.5666841], [27.7346382, 51.5937141], [27.7310382, 51.5948341], [27.7275982, 51.6046141], [27.7054582, 51.607104], [27.6944682, 51.6066741], [27.6883782, 51.6129441], [27.6697482, 51.6122541], [27.6530982, 51.6175741], [27.6454582, 51.6119141], [27.6289782, 51.6065941], [27.6188516, 51.6054089], [27.5861124, 51.6212406], [27.5669195, 51.6286855], [27.550168, 51.63727], [27.5426767, 51.6226602], [27.5378135, 51.6222549], [27.5172062, 51.6376456], [27.5073509, 51.6298423], [27.5125356, 51.6067838], [27.5265463, 51.6072444], [27.5133691, 51.591074], [27.50315, 51.5866609], [27.4918644, 51.5896879], [27.4815702, 51.593922], [27.4797274, 51.6010467], [27.4875722, 51.6101552], [27.4827232, 51.6148657], [27.472831, 51.6079446], [27.4684764, 51.6066562], [27.4553088, 51.611326], [27.454721, 51.6199543], [27.4269524, 51.6138982], [27.4273114, 51.6058721], [27.392755, 51.6049335], [27.3592472, 51.6159696], [27.3441101, 51.6062588], [27.2673709, 51.6062217], [27.2683794, 51.6023302], [27.2403601, 51.6018071], [27.2486501, 51.6093659], [27.2492292, 51.6117134], [27.2447406, 51.6211611], [27.2733852, 51.6465783], [27.2730063, 51.6544212], [27.2502617, 51.6672921], [27.2157599, 51.664359], [27.2081942, 51.6679319], [27.2023541, 51.7732655], [27.179622, 51.7730772], [27.1089249, 51.7715271], [27.0891023, 51.7713679], [27.0669682, 51.7705241], [26.9944366, 51.7688237], [26.9482487, 51.7360754], [26.9138153, 51.7475544], [26.9097082, 51.750042], [26.8953251, 51.7465438], [26.8855275, 51.749989], [26.8758626, 51.7493385], [26.8562143, 51.7608674], [26.8461863, 51.7661813], [26.8170005, 51.7627431], [26.8068482, 51.7553447], [26.7909621, 51.7570919], [26.7866845, 51.7616023], [26.7912834, 51.7648782], [26.787218, 51.7666008], [26.7800813, 51.7649853], [26.7767771, 51.7678955], [26.761571, 51.7744008], [26.7547571, 51.7734236], [26.7546391, 51.7818169], [26.7584127, 51.7867037], [26.7591272, 51.7925954], [26.7512129, 51.7956238], [26.751583, 51.7997571], [26.7562594, 51.8031061], [26.7486506, 51.8084032], [26.7439045, 51.8088196], [26.7295711, 51.8157098], [26.7168976, 51.8116581], [26.7085525, 51.8112155], [26.7049367, 51.8123348], [26.6936048, 51.8233042], [26.677484, 51.823516], [26.6617286, 51.8248345], [26.6503136, 51.8247666], [26.6461209, 51.8237634], [26.6170192, 51.8245722], [26.6115862, 51.8242681], [26.6023451, 51.8286609], [26.5947398, 51.8286344], [26.5901708, 51.8205166], [26.5521963, 51.8121436], [26.5559721, 51.8040639], [26.5466977, 51.7960247], [26.4708921, 51.8004867], [26.4701624, 51.8128811], [26.4388469, 51.8185819], [26.4273648, 51.8330671], [26.395712, 51.8311526], [26.3947831, 51.87683], [26.3719995, 51.8622077], [26.3559953, 51.8620353], [26.3299848, 51.8641561], [26.3038505, 51.8597632], [26.2898833, 51.8682651], [26.2779532, 51.8654436], [26.2730435, 51.8709256], [26.2449409, 51.8704952], [26.2242867, 51.8695026], [26.2200504, 51.8703756], [26.21737, 51.8673231], [26.2044751, 51.864293], [26.1900761, 51.8624533], [26.182792, 51.8665981], [26.1745624, 51.8684874], [26.1715083, 51.8660164], [26.1621049, 51.8675147], [26.1551051, 51.864223], [26.1551008, 51.8802335], [26.1525353, 51.8781982], [26.14586, 51.8780642], [26.1416268, 51.8743239], [26.1331624, 51.8789982], [26.1280039, 51.8887545], [26.123156, 51.8930034], [26.1124357, 51.8976363], [26.1091628, 51.8971142], [26.0988393, 51.9038554], [26.0943917, 51.9120258], [26.0478137, 51.9136155], [26.0432215, 51.9254676], [26.0033863, 51.9300905], [25.9990596, 51.9330363], [25.9895705, 51.9322168], [25.9812142, 51.9298276], [25.9770387, 51.9271292], [25.9669092, 51.9268353], [25.9618896, 51.9233546], [25.9532851, 51.921664], [25.9438911, 51.9210199], [25.9423926, 51.9181701], [25.9352481, 51.9160494], [25.9203622, 51.9160545], [25.9142689, 51.9188675], [25.9041366, 51.921369], [25.8926582, 51.9192347], [25.878754, 51.9224185], [25.873495, 51.921048], [25.8652852, 51.9253125], [25.857443, 51.9260129], [25.8451197, 51.9253921], [25.8330102, 51.9262644], [25.8254818, 51.924642], [25.818598, 51.9286823], [25.8196395, 51.9371645], [25.8244576, 51.9370629], [25.8238692, 51.9430527], [25.8100826, 51.9461784], [25.7814961, 51.9455238], [25.7812944, 51.949584], [25.7654631, 51.950066], [25.7750555, 51.9324036], [25.7674828, 51.930154], [25.77221, 51.9216115], [25.7584762, 51.9238773], [25.7429472, 51.9209941], [25.7093274, 51.9161683], [25.6547606, 51.919506], [25.595957, 51.9238496], [25.5966893, 51.9178237], [25.6007186, 51.9150289], [25.620412, 51.9058945], [25.6282182, 51.903493], [25.6770113, 51.9019342], [25.6859033, 51.900664], [25.7086476, 51.8946784], [25.6883228, 51.8812474], [25.6748909, 51.8760634], [25.6673577, 51.8739286], [25.6618516, 51.8691922], [25.6549871, 51.8594296], [25.640146, 51.8491475], [25.6392294, 51.8402753], [25.6414104, 51.8338552], [25.6491918, 51.8244412], [25.6473196, 51.8221877], [25.6501557, 51.8188508], [25.6473108, 51.8158347], [25.636628, 51.8142137], [25.6344993, 51.8121829], [25.6367223, 51.8079307], [25.632183, 51.8039371], [25.6439358, 51.7978884], [25.6472524, 51.7910095], [25.6532662, 51.7905089], [25.659371, 51.7836328], [25.6551125, 51.7812049], [25.6497102, 51.7667481], [25.655988, 51.7639552], [25.6607079, 51.7651022], [25.6691326, 51.7718444], [25.6829221, 51.755873], [25.6814401, 51.7554641], [25.6753476, 51.7448128], [25.675324, 51.7419821], [25.6654438, 51.7327189], [25.6617217, 51.7303556], [25.6661302, 51.7244428], [25.6656909, 51.7199439], [25.6482363, 51.7081647], [25.6511631, 51.7039091], [25.6491839, 51.6939706], [25.6456968, 51.6912317], [25.6377495, 51.6894844], [25.6365471, 51.6863891], [25.6408641, 51.6815171], [25.6347759, 51.6740435], [25.6255187, 51.6708975], [25.6269242, 51.6655183], [25.6184633, 51.6579022], [25.6188167, 51.6542073], [25.6127054, 51.6483363], [25.6086804, 51.6411068], [25.5887317, 51.6444752], [25.5776216, 51.6246537], [25.5667872, 51.6263777], [25.567771, 51.6327155], [25.5299224, 51.6311051], [25.5319313, 51.6139757], [25.5434807, 51.6164337], [25.5418235, 51.6195523], [25.555341, 51.624373], [25.5640409, 51.602937], [25.5789902, 51.6088882], [25.5821912, 51.6050048], [25.585803, 51.5920934], [25.5944217, 51.587304], [25.5986634, 51.5809722], [25.5974984, 51.5765889], [25.591045, 51.5700862], [25.5961728, 51.5667679], [25.5959825, 51.5623223], [25.582056, 51.5593173], [25.5742125, 51.5543798], [25.5652253, 51.5398009], [25.5705105, 51.5334136], [25.5826014, 51.5324991], [25.5949222, 51.5271428], [25.5953005, 51.5246586], [25.5499835, 51.5194145], [25.5554116, 51.5007249], [25.6102304, 51.5070831], [25.6021037, 51.4931907], [25.623788, 51.4952847], [25.6180505, 51.477255], [25.6414964, 51.4788272], [25.6424272, 51.4448561], [25.6361716, 51.4391822], [25.6465004, 51.4168456], [25.6562049, 51.4186875], [25.6583408, 51.4145274], [25.6716191, 51.416727], [25.6766884, 51.4134751], [25.6791664, 51.4091953], [25.6874205, 51.4054452], [25.6899365, 51.3930936], [25.6994097, 51.3946493], [25.702298, 51.3832185], [25.6914101, 51.3834015], [25.6957584, 51.3766098], [25.7009119, 51.3766431], [25.7024697, 51.3803125], [25.7112165, 51.3820813], [25.7197596, 51.3797936], [25.7247512, 51.3805838], [25.7234498, 51.3845029], [25.7172241, 51.3890121], [25.7264982, 51.3965422], [25.724892, 51.4000976], [25.7596731, 51.4003535], [25.7552737, 51.3811237], [25.7812192, 51.374238], [25.7889504, 51.3786646], [25.8072304, 51.3746139], [25.8310733, 51.3870922], [25.8394977, 51.3784457], [25.8442707, 51.3756593], [25.8360852, 51.3742798], [25.8304993, 51.3714976], [25.8262579, 51.3673826], [25.8354032, 51.3620366], [25.8324453, 51.3582607], [25.8325852, 51.3536436], [25.8234684, 51.3495178], [25.8211922, 51.3454774], [25.8232539, 51.3431833], [25.8292852, 51.3429087], [25.8297399, 51.333791], [25.8328239, 51.3302802], [25.8388007, 51.3281502], [25.8474231, 51.3201327], [25.8659729, 51.317673], [25.8773404, 51.3136328], [25.8732545, 51.3093229], [25.8759714, 51.3061068], [25.8834198, 51.303984], [25.8880338, 51.3052886], [25.8890693, 51.2974017], [25.8956813, 51.3009577], [25.8987156, 51.3004655], [25.8989274, 51.2954195], [25.8930597, 51.2913064], [25.9128008, 51.2883964], [25.9176442, 51.2864509], [25.9234082, 51.2796218], [25.9293172, 51.2788951], [25.9354224, 51.2755032], [25.9329945, 51.2709764], [25.9363856, 51.2688043], [25.9349384, 51.2646656], [25.9310374, 51.2638219], [25.9344369, 51.255776], [25.9388373, 51.2572525], [25.9420194, 51.2520174], [25.9477021, 51.2483298], [25.9448531, 51.2416973], [25.9444347, 51.236624], [25.9469855, 51.2323174], [25.9958532, 51.2277033], [26.0509416, 51.1901651], [26.0631647, 51.1811891], [26.0677782, 51.1769168], [26.0581275, 51.1723718], [26.0610207, 51.1660816], [26.0701444, 51.1579498], [26.0708393, 51.1555644], [26.0673027, 51.1478949], [26.0587707, 51.1425783], [26.0463949, 51.1420413], [26.043203, 51.139384], [26.030436, 51.1367647], [26.0245205, 51.1335402], [26.0116847, 51.1308034], [26.0057146, 51.1248596], [25.9890988, 51.1226005], [25.9800617, 51.1226845], [25.973481, 51.1252031], [25.959463, 51.125725], [25.9419083, 51.1190775], [25.9382267, 51.1125271], [25.9499944, 51.1030473], [25.9494163, 51.0975906], [25.9471534, 51.0943103], [25.9466998, 51.0867613], [25.945009, 51.083921], [25.9770696, 51.0778639], [25.9886954, 51.0787316], [25.9989416, 51.0782768], [26.0169394, 51.0833802], [26.0876336, 51.0524654], [26.0911357, 51.0507321], [26.0945328, 51.0404642], [26.1072604, 51.0052074], [26.0880552, 51.004214], [26.0856252, 51.0027433], [26.0788451, 50.9899404], [26.0847548, 50.973315], [26.0769477, 50.9712612], [26.0695805, 50.9721002], [26.0628897, 50.9707542], [26.0579106, 50.9724983], [26.043182, 50.9710606], [26.0271456, 50.9663272], [26.0216489, 50.964008], [26.0007239, 50.9645952], [25.9938708, 50.9630619], [25.9895561, 50.9605563], [25.9839527, 50.9614196], [25.9668209, 50.9569366], [25.9969853, 50.9380495], [26.0007128, 50.9352246], [25.9916053, 50.8658091], [25.9995408, 50.8619953], [26.0057134, 50.8651844], [26.0123404, 50.866326], [26.0365891, 50.8511653], [26.0386008, 50.8409315], [26.0295574, 50.8403207], [26.0219631, 50.8209095], [26.0130393, 50.8238842], [26.0007849, 50.8226989], [25.9924319, 50.8240108], [25.9827267, 50.8228109], [25.9774705, 50.8210472], [25.9694506, 50.8264068], [25.9592932, 50.8241272], [25.9528452, 50.8296539], [25.9481755, 50.8272109], [25.9432544, 50.8292358], [25.9333088, 50.8307645], [25.9301227, 50.8296893], [25.9225387, 50.832296], [25.9178259, 50.8292233], [25.910036, 50.8320794], [25.901024, 50.829858], [25.9016983, 50.8270934], [25.9004257, 50.8137173], [25.892506, 50.8035029], [25.8905028, 50.7991818], [25.8901957, 50.790193], [25.8880774, 50.7863624], [25.8869632, 50.7644321], [25.879975, 50.7543302], [25.8772927, 50.7528132], [25.872759, 50.7428193], [25.8717866, 50.7384433], [25.8776725, 50.7184449], [25.8769953, 50.7109094], [25.8785688, 50.7085643], [25.8703486, 50.6964007], [25.8693239, 50.6873434], [25.8536914, 50.6765005], [25.8505986, 50.6687791], [25.8234903, 50.6466156], [25.8259606, 50.6416179], [25.8444516, 50.6309608], [25.8414691, 50.629429], [25.829291, 50.6197402], [25.8261538, 50.6203322], [25.8181728, 50.6281001], [25.8187938, 50.6320303], [25.8153579, 50.6376494], [25.7927173, 50.6665544], [25.772751, 50.6762183], [25.7612041, 50.6733236], [25.7463983, 50.671566], [25.7425493, 50.6697011], [25.7185494, 50.6715704], [25.7088346, 50.6714007], [25.7075932, 50.6791742], [25.7127554, 50.6798143], [25.7221432, 50.6835286], [25.7068033, 50.6929947], [25.7046096, 50.6986279], [25.6973382, 50.701473], [25.6985165, 50.7050378], [25.6942632, 50.7248322], [25.6582831, 50.7183865], [25.6273979, 50.7141467], [25.6206145, 50.7157685], [25.6067247, 50.7175583], [25.5973443, 50.7142889], [25.5996819, 50.7082951], [25.5981722, 50.6963134], [25.5924814, 50.7001536], [25.5789058, 50.7001061], [25.5671147, 50.6930239], [25.5638047, 50.6951191], [25.5299728, 50.6851278], [25.5128437, 50.6844452], [25.5036357, 50.6797188], [25.4753584, 50.6724218], [25.4697049, 50.6800497], [25.4598579, 50.6751806], [25.4618534, 50.67297], [25.4599115, 50.662168], [25.4458138, 50.6634551], [25.4399639, 50.6651603], [25.4345459, 50.6647642], [25.4281193, 50.66667], [25.4139921, 50.6665306], [25.4106286, 50.6689039], [25.4045936, 50.6689651], [25.3984916, 50.6732097], [25.3933793, 50.6799848], [25.3857672, 50.687775], [25.3793258, 50.6906481], [25.3791922, 50.6857996], [25.3766001, 50.6817411], [25.3820877, 50.6807225], [25.3873796, 50.6759001], [25.388782, 50.6659713], [25.3856376, 50.6632782], [25.3873685, 50.657972], [25.3789263, 50.6510715], [25.3721456, 50.6513023], [25.3706013, 50.6539392], [25.3620314, 50.6514388], [25.3581227, 50.6483851], [25.3522526, 50.6482382], [25.356949, 50.6396109], [25.3617272, 50.6394351], [25.3714288, 50.6343394], [25.3801913, 50.633379], [25.3835992, 50.6257745], [25.3875292, 50.625054], [25.3883743, 50.6191199], [25.393554, 50.6198668], [25.399621, 50.6172118], [25.4060076, 50.6114351], [25.3990412, 50.6074484], [25.375725, 50.6095522], [25.3631616, 50.6094568], [25.3495306, 50.6101922], [25.3505874, 50.6143962], [25.3406632, 50.6139162], [25.327515, 50.612044], [25.3222257, 50.620111], [25.3185189, 50.6222143], [25.3121942, 50.6287551], [25.306583, 50.6302354], [25.2919757, 50.6306207], [25.2924693, 50.6107964], [25.2988462, 50.6095956], [25.2969995, 50.6019634], [25.2984077, 50.598315], [25.3049254, 50.5979915], [25.3003603, 50.57966], [25.3187925, 50.5835466], [25.3214908, 50.5686287], [25.3150079, 50.5559078], [25.3154156, 50.5542565], [25.3109255, 50.5463112], [25.3021038, 50.5462945], [25.2975598, 50.5428776], [25.2961779, 50.539418], [25.2764351, 50.5361526], [25.2702784, 50.5327851], [25.2563203, 50.5326203], [25.2428082, 50.5338604], [25.2461421, 50.5374661], [25.2300784, 50.5410715], [25.2070087, 50.5414687], [25.1918945, 50.5426738], [25.1886373, 50.54551], [25.1916241, 50.5512586], [25.168179, 50.5497389], [25.150485, 50.5473995], [25.136893, 50.5478283], [25.1222643, 50.5537674], [25.1210386, 50.5440237], [25.1234119, 50.5365765], [25.1215294, 50.5301488], [25.127103, 50.5261009], [25.1440775, 50.5212041], [25.1513406, 50.5154332], [25.1530903, 50.5111314], [25.157431, 50.5091758], [25.1607166, 50.5023579], [25.1583122, 50.4845852], [25.1519671, 50.4716872], [25.1514629, 50.4664204], [25.1392347, 50.4715113], [25.1368341, 50.468155], [25.1125521, 50.4717896], [25.102707, 50.4706714], [25.090405, 50.4754017], [25.0897023, 50.4717469], [25.0984141, 50.4681243], [25.1129546, 50.4653577], [25.1292728, 50.4601024], [25.1382735, 50.4609339], [25.1379297, 50.4528717], [25.1491629, 50.4521776], [25.150273, 50.4445462], [25.1451245, 50.4393863], [25.1387732, 50.4379478], [25.1362539, 50.4333291], [25.1443155, 50.4283776], [25.1519343, 50.4275446], [25.1567557, 50.425103], [25.1633559, 50.4181453], [25.1670448, 50.4187414], [25.1671128, 50.4126415], [25.1725882, 50.4013148], [25.169265, 50.4000412], [25.1697754, 50.3957592], [25.1772951, 50.3929131], [25.1807039, 50.3962134], [25.1928121, 50.3949754], [25.2030056, 50.3902426], [25.2093974, 50.3759388], [25.2045365, 50.3716425], [25.1995414, 50.3640881], [25.1898162, 50.3643353], [25.1787803, 50.3628569], [25.1804583, 50.3655617], [25.1721413, 50.3715003], [25.1740662, 50.3731549], [25.1689863, 50.379721], [25.1636636, 50.3798318], [25.1606362, 50.3734188], [25.1505376, 50.3699822], [25.1408533, 50.3689103], [25.146431, 50.3645006], [25.1441686, 50.3620154], [25.151943, 50.3519746], [25.1459067, 50.3441955], [25.1549484, 50.3406247], [25.166108, 50.3309877], [25.1560933, 50.3271719], [25.1295915, 50.3184583], [25.131944, 50.3105383], [25.1089933, 50.312181], [25.1103633, 50.3052092], [25.1065844, 50.3054957], [25.1066882, 50.2998797], [25.1004192, 50.3003734], [25.1015035, 50.2950839], [25.1114056, 50.2942348], [25.1128939, 50.2848827], [25.1169301, 50.2832249], [25.1280094, 50.2821062], [25.1423809, 50.2865105], [25.15377, 50.2892562], [25.1625801, 50.2903796], [25.1748193, 50.2892586], [25.2049392, 50.2793035], [25.2039262, 50.2747419], [25.2034751, 50.2535474], [25.2066197, 50.2471836], [25.1901229, 50.2486165], [25.1813963, 50.2321756], [25.1846217, 50.2259384], [25.18342, 50.2242284], [25.1694618, 50.2230066], [25.165417, 50.2091738], [25.1699111, 50.2023431], [25.1798648, 50.197103], [25.2069926, 50.185608], [25.215091, 50.179556], [25.2108322, 50.1711975], [25.2040569, 50.1700421], [25.2013016, 50.1641834], [25.2081748, 50.1617186], [25.2048361, 50.1495491], [25.1972475, 50.1310292], [25.2108215, 50.1154226], [25.231846, 50.0972746], [25.2463209, 50.0833936], [25.2617582, 50.0699374], [25.2690481, 50.0621471], [25.2837886, 50.0503413], [25.2999727, 50.035098], [25.305559, 50.031268], [25.3095176, 50.0252007], [25.3175489, 50.0196125], [25.3194937, 50.0156797], [25.329153, 50.0124485], [25.3408206, 50.0075214], [25.3466915, 50.0040452], [25.3492329, 50.0177999], [25.3590162, 50.0167692], [25.3635652, 50.0459184], [25.3846047, 50.0488753], [25.4044032, 50.0490445], [25.4214647, 50.0505412], [25.4313862, 50.052985], [25.4386309, 50.0719598], [25.4509664, 50.0748467], [25.4513311, 50.0810795], [25.4572132, 50.0820261], [25.4540428, 50.0942981], [25.4659224, 50.0945579], [25.464651, 50.0983261], [25.4890336, 50.101817], [25.4838234, 50.1141492], [25.4559494, 50.1167774], [25.4484366, 50.1244059], [25.4492417, 50.1504222], [25.4760526, 50.1661423], [25.5009278, 50.1644777], [25.4992944, 50.1564922], [25.5356195, 50.1529549], [25.5542019, 50.150374], [25.5757186, 50.1764592], [25.5943532, 50.1694606], [25.6100187, 50.162723], [25.625489, 50.1521931], [25.6842354, 50.1768741], [25.6940778, 50.177556], [25.703138, 50.1711074], [25.7231225, 50.1736727], [25.7288149, 50.1868062], [25.7454541, 50.1830704], [25.755786, 50.1793673], [25.7633387, 50.1787219], [25.7646516, 50.1805752], [25.7741618, 50.1802226], [25.7843005, 50.1813904], [25.7976769, 50.1849777], [25.8103752, 50.183552], [25.8217195, 50.1805855], [25.8393359, 50.1866258], [25.8446459, 50.1893247], [25.8573708, 50.1914727], [25.8712067, 50.2047334], [25.8698496, 50.2097678], [25.8764259, 50.2145212], [25.877929, 50.219377], [25.8844876, 50.2221551], [25.8915926, 50.2290457], [25.904843, 50.2382372], [25.923199, 50.248364], [25.9216201, 50.2538134], [25.9357059, 50.2565485], [25.9476532, 50.2553551], [25.9559348, 50.2573309], [25.9630403, 50.2563204], [25.9691517, 50.2492768], [25.9704164, 50.2456715], [25.9797464, 50.2421516], [25.991634, 50.2431071], [26.0000575, 50.2404585], [26.007235, 50.2356636], [26.0086714, 50.2288735], [26.0201454, 50.229621], [26.0320669, 50.2366646], [26.0603857, 50.2554132], [26.0676987, 50.2567036], [26.0780494, 50.2504225], [26.0825723, 50.2498404], [26.119633, 50.2406232], [26.1577606, 50.2319714], [26.1644572, 50.231258], [26.165831, 50.2364754], [26.1700317, 50.2399027], [26.1703455, 50.2445909], [26.1912748, 50.2627842], [26.2163297, 50.2635849], [26.2211586, 50.2668303], [26.2220342, 50.2585339], [26.2169811, 50.2562295], [26.2177777, 50.2482203], [26.2098826, 50.2484844], [26.211846, 50.2301964], [26.2038302, 50.2306245], [26.1928082, 50.2276067], [26.1854855, 50.2291424], [26.1854027, 50.2169126], [26.1917689, 50.2185543], [26.1790232, 50.1973469], [26.1930642, 50.1937877], [26.191772, 50.1914793], [26.1987138, 50.1867496], [26.2102559, 50.1853627], [26.2178206, 50.1823679], [26.229044, 50.17217], [26.2372598, 50.1726052], [26.2459214, 50.1742999], [26.2514961, 50.1787479], [26.2599982, 50.1803138], [26.2654806, 50.1781991], [26.2733045, 50.1786372], [26.2804782, 50.1831901], [26.2874883, 50.1844928], [26.294045, 50.1879985], [26.2972953, 50.1930434], [26.3008762, 50.1940115], [26.3055828, 50.1992775], [26.3018242, 50.2049624], [26.3065255, 50.2128493], [26.3119775, 50.2148623], [26.321114, 50.2217088], [26.3238558, 50.2259353], [26.3232978, 50.2298532], [26.3290024, 50.2312548], [26.3327738, 50.2346308], [26.3412337, 50.2357662], [26.3415707, 50.2376631], [26.3491147, 50.2384101], [26.3609013, 50.2477139], [26.3618572, 50.2515799], [26.3658213, 50.2525732], [26.3728537, 50.2517094], [26.3814467, 50.2529807], [26.3832461, 50.255209], [26.3828853, 50.2606384], [26.3891049, 50.2613343], [26.394973, 50.2641416], [26.4022034, 50.2644109], [26.4189994, 50.2607681], [26.426276, 50.2627031], [26.4299423, 50.260236], [26.4387445, 50.260276], [26.4431715, 50.2629679], [26.44866, 50.2634873], [26.4567649, 50.2662657], [26.4621109, 50.2650055], [26.4582886, 50.2611364], [26.4593587, 50.2581735], [26.4682245, 50.2593675], [26.4799491, 50.265352], [26.4890688, 50.2656583], [26.4939318, 50.2629874], [26.502459, 50.2624241], [26.4955715, 50.2672034], [26.4995787, 50.2729], [26.4960941, 50.2757128], [26.5015383, 50.2812904], [26.5028924, 50.2851831], [26.51413, 50.2902603], [26.5151338, 50.2964336], [26.5248199, 50.2955788], [26.5282116, 50.2998816], [26.5205419, 50.3046236], [26.5270991, 50.3110294], [26.5325862, 50.3063784], [26.5469349, 50.3102706], [26.5432404, 50.3183429], [26.5475258, 50.3172643], [26.5606516, 50.3169788], [26.5632815, 50.3212508], [26.5527348, 50.3302332], [26.5716698, 50.3346294], [26.5846018, 50.3405432], [26.5937783, 50.35457], [26.601775, 50.3681657], [26.6211783, 50.3710593], [26.6481266, 50.3647819], [26.6593108, 50.3921171], [26.6750548, 50.3906205], [26.682427, 50.3891126], [26.6902998, 50.4143103], [26.6925623, 50.4199853], [26.7123395, 50.4170159], [26.7154133, 50.4261689], [26.7153168, 50.4386002], [26.7173713, 50.4457062], [26.7232454, 50.444333], [26.7368066, 50.4448198], [26.7387298, 50.4522289], [26.7284355, 50.4574255], [26.734044, 50.4638082], [26.7361866, 50.4716526], [26.7344109, 50.4772636], [26.7451779, 50.4795862], [26.7469078, 50.4723871], [26.7427987, 50.4615236], [26.7586318, 50.463173], [26.7660977, 50.4612965], [26.7668179, 50.4671477], [26.7797083, 50.4665892], [26.7866021, 50.4677334], [26.7891824, 50.4752346], [26.7740741, 50.4737292], [26.7744577, 50.4716276], [26.7616191, 50.4704098], [26.7600861, 50.4766702], [26.7686703, 50.477484], [26.7670113, 50.484635], [26.7677423, 50.4914184], [26.7757708, 50.4899586], [26.7817777, 50.4956642], [26.7776528, 50.499527], [26.7901609, 50.5034394], [26.8026257, 50.5020158], [26.8175262, 50.50251], [26.8195635, 50.5083811], [26.819196, 50.5141273], [26.8272447, 50.5230512], [26.8346682, 50.5226099], [26.8385682, 50.5159504], [26.8565512, 50.5090003], [26.8598288, 50.5149718], [26.8711871, 50.5214423], [26.8790247, 50.5316499], [26.8791818, 50.5340251], [26.8996693, 50.5463377], [26.908664, 50.5408477], [26.9164965, 50.5373393], [26.9248026, 50.5360783], [26.9357273, 50.531552], [26.941883, 50.5300797], [26.9668919, 50.5291485], [26.9744838, 50.5267891], [26.9828002, 50.5227292], [26.98832, 50.5333933], [27.0075388, 50.5396036], [27.0175283, 50.5589883], [27.0508841, 50.5519125], [27.0644083, 50.5508666], [27.072822, 50.5509714], [27.0766029, 50.5544135], [27.0648183, 50.5620733], [27.0703823, 50.5692677], [27.0715054, 50.574674], [27.0762348, 50.5776178], [27.0794747, 50.58366], [27.0877281, 50.5797997], [27.090084, 50.5874254], [27.1036919, 50.5838134], [27.1083405, 50.5904573], [27.1179282, 50.5947282], [27.1200015, 50.5903852], [27.1306848, 50.5879215], [27.129684, 50.5809591], [27.127143, 50.5753598], [27.1221769, 50.5760757], [27.1299872, 50.5647752], [27.1307029, 50.5608491], [27.1362829, 50.5604969], [27.144274, 50.5626329], [27.1535533, 50.5630976], [27.1721777, 50.5612112], [27.1899791, 50.5613947], [27.210938, 50.5637714], [27.2114155, 50.5653917], [27.2311879, 50.5666842], [27.215192, 50.5883184], [27.2171259, 50.5928274], [27.2236651, 50.599151], [27.2245663, 50.6053579], [27.2214389, 50.6070636], [27.2042526, 50.6124466], [27.1979489, 50.6191792], [27.1889681, 50.62095], [27.1892711, 50.6270128], [27.1999678, 50.6268852], [27.205461, 50.6295582], [27.2004828, 50.6326785], [27.2075155, 50.6371527], [27.2137409, 50.6395869], [27.2075826, 50.6437747], [27.2124132, 50.6471577], [27.2120967, 50.6543922], [27.2134244, 50.657652], [27.2035512, 50.6597451], [27.2013786, 50.6632596], [27.2041064, 50.6663334], [27.2156158, 50.6710246], [27.222214, 50.672778], [27.2280923, 50.6706764], [27.2308749, 50.6735327], [27.2446065, 50.6730678], [27.2508171, 50.6873978], [27.2539902, 50.6887317], [27.2521207, 50.6933671], [27.2613448, 50.6985524], [27.2582227, 50.7019688], [27.260744, 50.7059268], [27.2690347, 50.7116764], [27.2724116, 50.7119906], [27.2734442, 50.7224755], [27.274662, 50.7249529], [27.27018, 50.728892], [27.2729722, 50.7328036], [27.2676936, 50.7359883], [27.2654995, 50.7434281], [27.2625652, 50.7457601], [27.2703687, 50.7533114], [27.2715396, 50.7612883], [27.2699749, 50.7630638], [27.261269, 50.7620371], [27.2591735, 50.7662397], [27.2420193, 50.7705457], [27.2392699, 50.775665], [27.2436352, 50.7928439], [27.2337043, 50.7954566], [27.233356, 50.8008801], [27.2364215, 50.8059399], [27.2346568, 50.8116771], [27.2384145, 50.8140462], [27.2392813, 50.8220596], [27.2417403, 50.8256221], [27.2379514, 50.8337402], [27.2320444, 50.8391985], [27.235247, 50.8411662], [27.2368557, 50.8472992], [27.2413923, 50.8525088], [27.2490734, 50.85764], [27.2437349, 50.8697725], [27.2532457, 50.882209], [27.2468629, 50.8838281], [27.2505599, 50.8896472], [27.2568459, 50.8959659], [27.2507105, 50.9002008], [27.2470835, 50.9007642]]]}, "properties": {"name": "Рівненська область", "type": "oblast", "id": "rivne_oblast"}}, {"type": "Feature", "geometry": {"type": "Polygon", "coordinates": [[[33.8272108, 44.5712636], [33.8212036, 44.5760271], [33.8039459, 44.5777975], [33.7872108, 44.5856602], [33.7813617, 44.5997391], [33.7795796, 44.6131096], [33.7419126, 44.6053835], [33.735653, 44.6009246], [33.7162703, 44.6204383], [33.7218757, 44.631584], [33.7168675, 44.6332156], [33.7286537, 44.6456553], [33.7529934, 44.6651082], [33.754625, 44.6753399], [33.7769711, 44.690265], [33.7615132, 44.7009902], [33.7518027, 44.6987863], [33.7348624, 44.7075832], [33.7265921, 44.716636], [33.715643, 44.715848], [33.7145084, 44.705868], [33.7006932, 44.7148119], [33.6730571, 44.7099093], [33.6595327, 44.7141428], [33.6161203, 44.711976], [33.6136625, 44.7497551], [33.6307899, 44.7516617], [33.6827993, 44.7703386], [33.6772085, 44.7861542], [33.6642612, 44.7947092], [33.6044231, 44.8103433], [33.5866523, 44.807848], [33.5720867, 44.8264332], [33.5671526, 44.838601], [33.5542562, 44.8402319], [33.2951871, 44.9405202], [33.2853679, 44.927546], [33.270362, 44.9014366], [33.2591027, 44.867368], [33.2511423, 44.8492319], [33.2439516, 44.8214684], [33.2421589, 44.7932554], [33.2462933, 44.763327], [33.2254849, 44.7547934], [33.1935068, 44.7379573], [33.1650545, 44.7181793], [33.1406578, 44.6958248], [33.1207713, 44.6713076], [33.1057654, 44.645082], [33.0959197, 44.6176345], [33.0914175, 44.5894752], [33.0923427, 44.5611278], [33.098678, 44.5331207], [33.1103056, 44.5059764], [33.1270087, 44.4802021], [33.1484762, 44.45628], [33.1743082, 44.4346585], [33.2086709, 44.4133451], [33.2183833, 44.399382], [33.2398508, 44.3754269], [33.2656829, 44.3537755], [33.2953982, 44.3348338], [33.3284434, 44.3189574], [33.3642027, 44.3064448], [33.3828937, 44.3015261], [33.4203481, 44.2946542], [33.4464718, 44.2756294], [33.4779254, 44.2581591], [33.512408, 44.2439146], [33.5305864, 44.2380882], [33.5651943, 44.2298337], [33.5821103, 44.222279], [33.6178696, 44.2097458], [33.696591, 44.1910397], [33.7617836, 44.3893566], [33.7855572, 44.3968776], [33.781585, 44.4057444], [33.797829, 44.4041246], [33.8140922, 44.4100258], [33.8292787, 44.4089158], [33.8469623, 44.4171293], [33.8591887, 44.4199143], [33.8706281, 44.4188467], [33.8980569, 44.4214726], [33.9094099, 44.4188846], [33.9244377, 44.423187], [33.8885197, 44.4813882], [33.8685181, 44.4979615], [33.868516, 44.5076856], [33.8599229, 44.5070934], [33.8456566, 44.519124], [33.8572702, 44.5258757], [33.8337314, 44.5416787], [33.8372152, 44.548782], [33.8310821, 44.5548411], [33.8272108, 44.5712636]]]}, "properties": {"name": "Севастополь", "type": "oblast", "id": "sevastopol"}}, {"type": "Feature", "geometry": {"type": "Polygon", "coordinates": [[[33.4720297, 52.3590633], [33.4551102, 52.365307], [33.4510891, 52.3602485], [33.4393772, 52.3529424], [33.4455705, 52.3495207], [33.4468122, 52.3426564], [33.4287445, 52.3456787], [33.4227136, 52.3312476], [33.4148011, 52.3249041], [33.4050312, 52.3216621], [33.395183, 52.3025963], [33.3861829, 52.2963342], [33.387993, 52.2910756], [33.3829072, 52.2763], [33.3863535, 52.2694618], [33.3741994, 52.2577027], [33.3612025, 52.2503116], [33.3683792, 52.2439111], [33.3624261, 52.2371563], [33.3661178, 52.2320852], [33.3570886, 52.227714], [33.3553183, 52.2222099], [33.3399296, 52.21971], [33.3278468, 52.2114678], [33.330455, 52.1977873], [33.3117431, 52.1889472], [33.319249, 52.1805149], [33.3176172, 52.1754779], [33.3287715, 52.169727], [33.3371168, 52.1616458], [33.3374055, 52.154372], [33.328795, 52.1543965], [33.328574, 52.1457405], [33.3393969, 52.1469302], [33.4172931, 52.1229878], [33.4101193, 52.1157531], [33.4342482, 52.1089706], [33.4449467, 52.0974218], [33.4383976, 52.0878587], [33.4526495, 52.0894218], [33.4601306, 52.0871672], [33.4906554, 52.0828971], [33.5004441, 52.0884678], [33.5000385, 52.0383243], [33.4647216, 52.0385829], [33.4385659, 52.0325196], [33.4287238, 52.0257264], [33.4105706, 52.0336096], [33.4020634, 52.0514256], [33.3908518, 52.0501698], [33.3638541, 52.0388042], [33.3550288, 52.030613], [33.3456432, 52.0293473], [33.3172152, 52.0318981], [33.3131907, 52.0256658], [33.3180037, 52.0174714], [33.3044998, 52.0127676], [33.3368049, 52.0064118], [33.3477122, 51.9938628], [33.3501609, 51.9838302], [33.3725102, 51.9779215], [33.3716542, 51.971266], [33.3840714, 51.9717969], [33.3962562, 51.959905], [33.3931246, 51.953923], [33.3713797, 51.9529473], [33.3695595, 51.9452861], [33.3613566, 51.9462299], [33.3556529, 51.9387042], [33.3552, 51.9309872], [33.3287853, 51.9290127], [33.3157863, 51.9367872], [33.3024061, 51.93336], [33.2965051, 51.9345355], [33.2916044, 51.9238755], [33.2728927, 51.9231023], [33.2647164, 51.9192021], [33.2544796, 51.9260541], [33.2388568, 51.9159853], [33.2362101, 51.9099031], [33.2180701, 51.905087], [33.2107258, 51.9129952], [33.2012077, 51.9100822], [33.1876839, 51.9124824], [33.1829397, 51.9031303], [33.1766483, 51.8986313], [33.1814705, 51.8895877], [33.1719724, 51.8820306], [33.1443238, 51.8777113], [33.1437545, 51.8726517], [33.1338548, 51.8714268], [33.1348441, 51.8630933], [33.1242374, 51.8608982], [33.1229039, 51.8450528], [33.1304465, 51.8337939], [33.1402656, 51.8316087], [33.1467742, 51.8198018], [33.1403841, 51.8138934], [33.1310878, 51.8150018], [33.1221755, 51.8105333], [33.1213214, 51.8062469], [33.1087967, 51.7925829], [33.0917021, 51.7855038], [33.0785363, 51.775798], [33.0856572, 51.7694252], [33.0972936, 51.763078], [33.0943544, 51.7599029], [33.1031161, 51.7464158], [33.109746, 51.7413404], [33.1246269, 51.734723], [33.1403376, 51.7254659], [33.1345994, 51.7221564], [33.1471715, 51.7149909], [33.1570514, 51.7021693], [33.1707122, 51.6985392], [33.1649469, 51.6916511], [33.1561374, 51.6890176], [33.1437054, 51.6898955], [33.1472717, 51.6835001], [33.1652135, 51.6823787], [33.1568717, 51.6777507], [33.142025, 51.678781], [33.1401198, 51.6732684], [33.1470825, 51.669351], [33.1340528, 51.6602705], [33.1249921, 51.6503224], [33.1261238, 51.6448517], [33.1384305, 51.639864], [33.1545054, 51.6417354], [33.154365, 51.608943], [33.1770889, 51.5974705], [33.1919963, 51.5835373], [33.2162993, 51.5820257], [33.2073499, 51.5701864], [33.1920169, 51.5727537], [33.1585447, 51.5693732], [33.1572309, 51.5558874], [33.1664722, 51.5515144], [33.1669059, 51.5437831], [33.1822365, 51.5398383], [33.1898636, 51.5234484], [33.193549, 51.5229908], [33.1918497, 51.5063814], [33.1778474, 51.5072894], [33.1740608, 51.5004387], [33.1600991, 51.4949815], [33.1427799, 51.4968855], [33.1373251, 51.4954541], [33.1308303, 51.4787595], [33.1359269, 51.4668886], [33.124464, 51.460589], [33.1129916, 51.4283593], [33.1346645, 51.4166821], [33.1239574, 51.4039635], [33.1353731, 51.3996059], [33.1324662, 51.3937467], [33.133434, 51.3834006], [33.1291522, 51.3811759], [33.1091083, 51.382415], [33.1059128, 51.3769184], [33.1118806, 51.3698676], [33.1077792, 51.3659937], [33.0601155, 51.3713026], [33.0585169, 51.3840563], [33.0435544, 51.3864707], [33.0386172, 51.3909909], [33.0519295, 51.3983878], [33.0450442, 51.4038901], [33.0381502, 51.4009198], [33.0169524, 51.3960496], [33.0231719, 51.3847226], [33.0346108, 51.3706886], [33.0404979, 51.368368], [33.0355045, 51.3594812], [33.0363992, 51.3499088], [33.0426268, 51.3445523], [33.0641806, 51.3470461], [33.075242, 51.3377438], [33.0697829, 51.3285358], [33.0789893, 51.3222096], [33.0657867, 51.3062113], [33.0558312, 51.302678], [33.0649383, 51.2915563], [33.0719467, 51.2882121], [33.0728776, 51.2754614], [33.066272, 51.2689995], [33.0582476, 51.2665186], [33.0606457, 51.256939], [33.0688213, 51.2550329], [33.029696, 51.2273253], [33.0390061, 51.2201966], [33.0418314, 51.205688], [33.029469, 51.2048739], [33.0303303, 51.200389], [32.9885295, 51.1968653], [32.9770689, 51.1882644], [32.9863371, 51.183946], [32.9604635, 51.1626837], [32.9749284, 51.1528158], [32.9928151, 51.1434354], [32.9660534, 51.1136273], [32.9426042, 51.0896908], [32.9552968, 51.0843101], [32.9625103, 51.0884799], [32.9966819, 51.0851884], [33.0408851, 51.0818332], [33.037859, 51.0717793], [33.0693178, 51.0691977], [33.0712765, 51.0622105], [33.0601376, 51.0492012], [33.0842375, 51.0397973], [33.0727757, 51.0318612], [33.0592474, 51.0154655], [33.0498635, 51.0112772], [33.0403278, 50.9921875], [33.0618095, 50.9848157], [33.0761796, 50.9829239], [33.0780923, 50.9917859], [33.1179099, 51.0067092], [33.1262427, 51.0009986], [33.1215351, 50.9977277], [33.1395296, 50.9676104], [33.1369976, 50.9614883], [33.1478026, 50.9618621], [33.1798708, 50.9587874], [33.1878677, 50.9622743], [33.2003096, 50.9616213], [33.2003036, 50.9343447], [33.1973088, 50.931236], [33.1970994, 50.9202295], [33.210932, 50.9014404], [33.2035889, 50.8978655], [33.1992137, 50.8911976], [33.1842806, 50.8937375], [33.1745481, 50.8910149], [33.1690916, 50.8834156], [33.1742477, 50.8796708], [33.1797376, 50.8689454], [33.1744147, 50.8660684], [33.1729349, 50.8556597], [33.1695442, 50.8508669], [33.1850769, 50.8493302], [33.1670237, 50.8363072], [33.1660231, 50.831868], [33.156014, 50.8283245], [33.1542255, 50.824274], [33.1663943, 50.8139557], [33.1641646, 50.8025438], [33.1692106, 50.7995041], [33.1582395, 50.7867833], [33.1653025, 50.7768093], [33.1882996, 50.7502324], [33.1898927, 50.746551], [33.2076632, 50.7476276], [33.2122063, 50.7370119], [33.2306768, 50.7378677], [33.2343721, 50.7309548], [33.2140921, 50.7273402], [33.2138919, 50.7216717], [33.1931418, 50.7217767], [33.1783512, 50.7172819], [33.1567936, 50.7143391], [33.1523394, 50.7101475], [33.1360216, 50.7105702], [33.1512099, 50.6936423], [33.1472772, 50.6686973], [33.1467737, 50.6548165], [33.1378922, 50.6488531], [33.1252279, 50.6504814], [33.1173518, 50.6477802], [33.1215673, 50.639281], [33.1106905, 50.6114497], [33.1030341, 50.6024316], [33.1215977, 50.5998669], [33.1191162, 50.5917265], [33.1040621, 50.5934287], [33.0923338, 50.5843338], [33.0971309, 50.5799355], [33.0806104, 50.5687582], [33.0738316, 50.5566582], [33.0496645, 50.5419562], [33.0629888, 50.5235995], [33.0733072, 50.5191963], [33.1016194, 50.517415], [33.1187121, 50.5052209], [33.1299946, 50.5122017], [33.1463303, 50.511445], [33.152778, 50.5213552], [33.1786566, 50.5212631], [33.1934317, 50.5078522], [33.2139588, 50.5070162], [33.2218658, 50.5037383], [33.2264809, 50.5095568], [33.2388751, 50.5190937], [33.2435415, 50.5304174], [33.2420711, 50.5376498], [33.2603201, 50.5471479], [33.2653355, 50.5461902], [33.2763648, 50.5535118], [33.2852366, 50.5501488], [33.2836953, 50.5456601], [33.2929214, 50.5435479], [33.3004013, 50.5351404], [33.3176637, 50.5329973], [33.3188259, 50.520491], [33.3738905, 50.5211932], [33.3749714, 50.4974952], [33.4113335, 50.499515], [33.4141635, 50.491802], [33.4201331, 50.4915428], [33.4192414, 50.4827508], [33.4337945, 50.4755113], [33.4346685, 50.4848232], [33.4641561, 50.4925666], [33.4768116, 50.4904839], [33.4781194, 50.4827272], [33.4857245, 50.4798836], [33.4953551, 50.4924589], [33.5059813, 50.4926105], [33.5136154, 50.4833434], [33.531636, 50.4802578], [33.5389912, 50.4851749], [33.5386742, 50.4895189], [33.5629996, 50.4899418], [33.5713931, 50.4947203], [33.581287, 50.4906691], [33.5869142, 50.4919035], [33.6135056, 50.4871516], [33.6140512, 50.4832276], [33.627317, 50.4805337], [33.7172278, 50.4677624], [33.7163453, 50.465192], [33.733883, 50.4584968], [33.7865459, 50.4608181], [33.7901902, 50.4665843], [33.7875065, 50.4776973], [33.8049317, 50.4778888], [33.8299658, 50.4823705], [33.8253644, 50.4882368], [33.8390654, 50.4929054], [33.8444411, 50.4910834], [33.8505945, 50.4992228], [33.8455703, 50.5039876], [33.8238437, 50.508469], [33.8163229, 50.5075279], [33.8117364, 50.5154726], [33.8220133, 50.5155616], [33.8367641, 50.5189831], [33.8390712, 50.5232359], [33.8779285, 50.5333646], [33.8925641, 50.5335621], [33.8969858, 50.5241697], [33.9142684, 50.5141592], [33.923992, 50.5213269], [33.9550455, 50.5475607], [34.0088608, 50.5211267], [34.0166119, 50.5150919], [34.0181862, 50.5096773], [34.0320247, 50.5041499], [34.0490552, 50.5093613], [34.0580356, 50.5042372], [34.0619253, 50.5081638], [34.0608561, 50.5155077], [34.0705048, 50.5156925], [34.0764704, 50.5115367], [34.0875261, 50.5101966], [34.1029193, 50.504397], [34.0944389, 50.4902902], [34.0858103, 50.488168], [34.0978529, 50.4810374], [34.1102421, 50.482125], [34.1174554, 50.4936481], [34.1200929, 50.5100262], [34.1417733, 50.5136162], [34.1587754, 50.52242], [34.1747001, 50.5251915], [34.1948396, 50.5233674], [34.2045932, 50.5242155], [34.219562, 50.5334484], [34.228849, 50.5260658], [34.2460016, 50.5239506], [34.2490298, 50.5186109], [34.2550317, 50.4901625], [34.2497066, 50.4602515], [34.2520272, 50.4408763], [34.264584, 50.4319633], [34.2717063, 50.4323138], [34.2786573, 50.4214623], [34.2878208, 50.4127029], [34.3104128, 50.4024483], [34.3426111, 50.3901283], [34.3743012, 50.3717548], [34.3909906, 50.3670125], [34.3816159, 50.3575596], [34.3828629, 50.3511722], [34.3915001, 50.3445645], [34.4109493, 50.3353892], [34.3996042, 50.3184951], [34.4555508, 50.2870016], [34.4624628, 50.2887506], [34.5076673, 50.2847262], [34.519885, 50.2807477], [34.5122926, 50.2744163], [34.5212723, 50.2618622], [34.5143055, 50.2483257], [34.5305045, 50.241265], [34.5434101, 50.2472779], [34.5626371, 50.236294], [34.5709169, 50.2269955], [34.5628568, 50.2098276], [34.5538746, 50.2063186], [34.5233856, 50.1773543], [34.5255899, 50.1721419], [34.5344229, 50.1714438], [34.5266717, 50.154264], [34.5375573, 50.154322], [34.5387679, 50.141282], [34.5466203, 50.1402975], [34.5511705, 50.1322083], [34.5754809, 50.1213903], [34.580949, 50.1284525], [34.5931065, 50.1273824], [34.5986349, 50.1217162], [34.6238914, 50.1174644], [34.6306806, 50.1125758], [34.6422595, 50.1147439], [34.6571817, 50.1108447], [34.6667522, 50.1169403], [34.6753603, 50.1256063], [34.6767952, 50.1110745], [34.6982666, 50.111184], [34.6942241, 50.1247539], [34.7048502, 50.1341634], [34.7010594, 50.1371452], [34.7009752, 50.1504286], [34.720196, 50.1508626], [34.7256004, 50.1578863], [34.7344959, 50.1603383], [34.74951, 50.1577533], [34.7466506, 50.1446532], [34.7650927, 50.1476434], [34.7811451, 50.1532772], [34.8007001, 50.1547264], [34.798131, 50.1595668], [34.8216827, 50.1602032], [34.8319324, 50.1557385], [34.842915, 50.1599593], [34.8473047, 50.1656465], [34.8543546, 50.1624103], [34.901844, 50.1590233], [34.9403583, 50.1521815], [34.9638518, 50.1553244], [34.9733967, 50.1582902], [34.9731362, 50.1624901], [34.9621449, 50.1845789], [34.9774903, 50.182132], [35.0089463, 50.1844748], [35.0325083, 50.1802657], [35.029597, 50.1660928], [35.0398747, 50.1647254], [35.0588369, 50.1855302], [35.0682103, 50.1884138], [35.0698879, 50.1965419], [35.0770162, 50.2004302], [35.0700952, 50.2058684], [35.0896006, 50.2123688], [35.1054519, 50.2144842], [35.1283031, 50.2267777], [35.1480809, 50.2422051], [35.1612905, 50.2372936], [35.1926064, 50.2282248], [35.1991036, 50.2353425], [35.2347559, 50.2280774], [35.2376129, 50.2364508], [35.2603892, 50.2344283], [35.2590325, 50.2408963], [35.262451, 50.2493084], [35.2604545, 50.2569866], [35.2661274, 50.2652909], [35.3000775, 50.2625297], [35.3159052, 50.2707639], [35.3287345, 50.2734057], [35.3249257, 50.2777124], [35.2965161, 50.2895163], [35.3300292, 50.3186529], [35.3822305, 50.2944786], [35.3854331, 50.3059236], [35.3801695, 50.3114323], [35.3790932, 50.3205345], [35.3967883, 50.3187916], [35.4099159, 50.320974], [35.4234871, 50.3350487], [35.4364765, 50.3221775], [35.4390285, 50.316894], [35.4595938, 50.3149295], [35.4583197, 50.3096079], [35.4963592, 50.2926133], [35.5042539, 50.299842], [35.5244478, 50.2901141], [35.5353313, 50.3020062], [35.5159175, 50.3172416], [35.5589341, 50.3212365], [35.5734275, 50.319806], [35.5939337, 50.3312547], [35.6117436, 50.3261469], [35.6303036, 50.3244359], [35.6242151, 50.3200323], [35.6364826, 50.3134255], [35.6502278, 50.3097534], [35.6557588, 50.3124003], [35.6603619, 50.3268231], [35.6732887, 50.3256718], [35.6830013, 50.3351072], [35.6886612, 50.3347382], [35.6926624, 50.3456316], [35.6823725, 50.3475864], [35.68033, 50.34262], [35.6538404, 50.3468667], [35.6580016, 50.3511483], [35.6283017, 50.3544373], [35.6262234, 50.3520279], [35.6018695, 50.3671526], [35.6119229, 50.3746325], [35.5975, 50.3830996], [35.5940037, 50.3929844], [35.5837679, 50.3952736], [35.5835815, 50.4301029], [35.5871031, 50.4312121], [35.5864838, 50.4480937], [35.571498, 50.4577132], [35.5605493, 50.4525613], [35.552764, 50.458225], [35.5462548, 50.4572991], [35.5331252, 50.4653974], [35.5099258, 50.4756199], [35.5016755, 50.4814516], [35.4756457, 50.4892292], [35.4594095, 50.509155], [35.4579541, 50.5130031], [35.4454362, 50.5230813], [35.4446029, 50.5292711], [35.4360495, 50.5300722], [35.435102, 50.5362636], [35.4388188, 50.5444729], [35.4279108, 50.562149], [35.42112, 50.56629], [35.3903461, 50.5799858], [35.4004612, 50.5903133], [35.4211822, 50.5996059], [35.42565, 50.603176], [35.4127149, 50.6135111], [35.4023033, 50.6319024], [35.3919804, 50.642], [35.3929162, 50.6499991], [35.40054, 50.6563502], [35.4272631, 50.6550487], [35.4627106, 50.6662971], [35.4857513, 50.6559278], [35.4888771, 50.6585551], [35.4871505, 50.6706537], [35.4961809, 50.6787915], [35.4805048, 50.6814737], [35.4725295, 50.6804886], [35.4592983, 50.6890885], [35.4628646, 50.7082516], [35.4731539, 50.725539], [35.4638767, 50.734965], [35.4736279, 50.7404304], [35.4697411, 50.7467245], [35.4734841, 50.7551492], [35.4887132, 50.7768038], [35.4746484, 50.7846123], [35.453467, 50.7819745], [35.4326791, 50.7944146], [35.4149614, 50.7990289], [35.4103506, 50.8078116], [35.4198923, 50.8290733], [35.4191177, 50.843828], [35.4127511, 50.8537824], [35.4030965, 50.8645066], [35.3951059, 50.8647046], [35.3823145, 50.8700433], [35.3871457, 50.8747113], [35.4020057, 50.8795073], [35.3877524, 50.8861022], [35.3798869, 50.8956426], [35.403316, 50.9025697], [35.3967475, 50.9066331], [35.4006085, 50.9145904], [35.3878457, 50.9234839], [35.3735664, 50.9233752], [35.3667913, 50.9256163], [35.3725968, 50.9324188], [35.3549222, 50.9310613], [35.3331722, 50.9346255], [35.3256864, 50.9467518], [35.3359513, 50.9583253], [35.3362943, 50.9632924], [35.3520928, 50.9733022], [35.3426412, 50.9879011], [35.3298692, 50.9962384], [35.333392, 51.0090378], [35.3590411, 51.0053334], [35.3825129, 51.0128672], [35.3838113, 51.0199129], [35.4038978, 51.0230383], [35.4002254, 51.0336683], [35.4060191, 51.0480401], [35.3948217, 51.0549649], [35.386688, 51.0535297], [35.3750273, 51.0670517], [35.3597174, 51.0661398], [35.3500408, 51.0623775], [35.3279024, 51.0708496], [35.3279063, 51.0772795], [35.3052065, 51.0760099], [35.2952141, 51.0694231], [35.2807206, 51.0672402], [35.2759291, 51.0587126], [35.2647503, 51.0599273], [35.2482719, 51.0651539], [35.2271858, 51.0552498], [35.2134357, 51.0463886], [35.1965965, 51.051531], [35.1895833, 51.0564919], [35.1767528, 51.0706347], [35.1658182, 51.0775389], [35.1635837, 51.0832626], [35.1476163, 51.0826362], [35.1556455, 51.0907447], [35.1734891, 51.0871891], [35.1769177, 51.098688], [35.1647062, 51.1013046], [35.1639628, 51.1128271], [35.168438, 51.1194686], [35.1679435, 51.1264221], [35.1413782, 51.1339688], [35.14359, 51.1370456], [35.1350713, 51.1473106], [35.1383231, 51.1540275], [35.1300183, 51.1574464], [35.1233509, 51.1651383], [35.1345039, 51.1706985], [35.1309209, 51.1737897], [35.1302701, 51.1944057], [35.1430925, 51.203304], [35.1367772, 51.2103886], [35.1402962, 51.2181107], [35.1502664, 51.2234198], [35.119607, 51.2315033], [35.1051077, 51.2327405], [35.0846449, 51.2303584], [35.0751919, 51.2320269], [35.0663239, 51.2290479], [35.0611925, 51.2215983], [35.061944, 51.2157483], [35.0549269, 51.210923], [35.0387556, 51.2044206], [35.0380416, 51.2178112], [35.0262497, 51.2197914], [35.0062823, 51.2320225], [34.9950063, 51.2287104], [34.9770187, 51.234089], [34.9508931, 51.226701], [34.9512032, 51.2186805], [34.9401283, 51.2172505], [34.9363244, 51.2083523], [34.9252689, 51.205166], [34.911852, 51.205897], [34.8983663, 51.193085], [34.8888681, 51.1954256], [34.8727429, 51.1918853], [34.8623139, 51.1991556], [34.833315, 51.183249], [34.8348031, 51.1693405], [34.8182105, 51.1691672], [34.8089914, 51.1723931], [34.8081207, 51.1767703], [34.7972041, 51.1763264], [34.7844508, 51.1847807], [34.7786455, 51.1771637], [34.7707844, 51.1748903], [34.7546008, 51.1801571], [34.7371159, 51.179084], [34.7313949, 51.1824489], [34.7166373, 51.1715203], [34.6884633, 51.1810431], [34.6689355, 51.197351], [34.6626432, 51.2474418], [34.6536981, 51.2469355], [34.6354148, 51.2510528], [34.6202427, 51.2500611], [34.6029815, 51.2536685], [34.6007111, 51.2468694], [34.5804665, 51.2335158], [34.555222, 51.2448387], [34.5410047, 51.2528162], [34.5232923, 51.2527241], [34.5133571, 51.24251], [34.4865554, 51.2444792], [34.4648741, 51.2512488], [34.4459738, 51.2617559], [34.4389249, 51.2565679], [34.4129548, 51.2627751], [34.4105106, 51.2669211], [34.3841799, 51.2737689], [34.3620842, 51.2604227], [34.3312522, 51.2401095], [34.3057605, 51.2384431], [34.2838159, 51.249578], [34.2736871, 51.25179], [34.2442748, 51.2633918], [34.2307996, 51.2650675], [34.2338366, 51.2741113], [34.2517179, 51.2763168], [34.2541279, 51.2820012], [34.2433269, 51.2845482], [34.2376366, 51.2923947], [34.2447424, 51.2940462], [34.2587164, 51.3023691], [34.2666251, 51.2987287], [34.2729603, 51.3149], [34.2811637, 51.3127399], [34.2823039, 51.3199351], [34.2893476, 51.3224766], [34.281279, 51.3345308], [34.2871549, 51.3392439], [34.2998206, 51.3343521], [34.3184674, 51.3367786], [34.3158388, 51.3425694], [34.3386069, 51.3556074], [34.3321681, 51.3601987], [34.3367543, 51.3656483], [34.3010359, 51.3744629], [34.2852831, 51.3747928], [34.2922862, 51.3881346], [34.2807923, 51.3898643], [34.2718406, 51.3829807], [34.2620737, 51.3899408], [34.2587904, 51.3956145], [34.246179, 51.4023175], [34.2278937, 51.3994796], [34.2257702, 51.4108578], [34.221166, 51.4170597], [34.2284738, 51.4208678], [34.22271, 51.4284307], [34.2471323, 51.4312181], [34.2456461, 51.4368151], [34.2547635, 51.4398189], [34.244937, 51.456409], [34.2573185, 51.460879], [34.2666149, 51.4750751], [34.2813612, 51.4736137], [34.2909888, 51.4803186], [34.2909326, 51.4867826], [34.2978008, 51.4930606], [34.2899783, 51.51], [34.3026993, 51.5120235], [34.3079987, 51.5154379], [34.3052548, 51.521625], [34.2956548, 51.5240998], [34.2954537, 51.5328318], [34.2845924, 51.5350515], [34.2596951, 51.5333432], [34.2590537, 51.5483031], [34.2498507, 51.5548367], [34.2568946, 51.5596572], [34.2449963, 51.5695279], [34.2492972, 51.5768957], [34.2376776, 51.5848113], [34.2243669, 51.5762984], [34.2165964, 51.5743875], [34.2151878, 51.5896774], [34.2111907, 51.600498], [34.1821357, 51.5969448], [34.1794629, 51.6253787], [34.1673402, 51.6454252], [34.1467792, 51.6424745], [34.1301607, 51.6431309], [34.1303585, 51.6485462], [34.1122312, 51.649092], [34.1059576, 51.6571722], [34.1043218, 51.6664942], [34.0905417, 51.6615099], [34.0805492, 51.6653989], [34.1040361, 51.6789382], [34.1116818, 51.6794334], [34.115404, 51.6846303], [34.126583, 51.6848429], [34.1304668, 51.6886197], [34.1459085, 51.6877753], [34.152839, 51.6898547], [34.1603373, 51.6859943], [34.1934718, 51.6969228], [34.2054597, 51.6944089], [34.2121301, 51.7026414], [34.2213608, 51.7025065], [34.2336957, 51.6969789], [34.2507847, 51.7025321], [34.2613226, 51.7011008], [34.2977414, 51.7081995], [34.3088978, 51.7202621], [34.3155523, 51.7165956], [34.3409467, 51.7135062], [34.3687123, 51.712641], [34.3903306, 51.7180107], [34.3994207, 51.7155792], [34.4143295, 51.7225223], [34.421035, 51.721964], [34.4261539, 51.7293836], [34.4327298, 51.7295418], [34.4405553, 51.7433369], [34.4349567, 51.7537896], [34.435639, 51.7649609], [34.4298789, 51.7651638], [34.4277204, 51.7735625], [34.4094598, 51.7825886], [34.4071612, 51.7904632], [34.4146754, 51.8015866], [34.4165727, 51.8136653], [34.4116639, 51.8188049], [34.4157205, 51.8258424], [34.4011078, 51.8354207], [34.3899782, 51.8358513], [34.3863011, 51.8446008], [34.3787647, 51.8434598], [34.3683657, 51.846394], [34.3627205, 51.859063], [34.3467425, 51.8637106], [34.3277825, 51.871368], [34.3036495, 51.8849742], [34.3028565, 51.88717], [34.2746769, 51.8874924], [34.2629301, 51.8784043], [34.245607, 51.8816443], [34.2580889, 51.8885729], [34.253792, 51.8933756], [34.2547752, 51.9052754], [34.2614916, 51.9092818], [34.2500873, 51.9161826], [34.2325645, 51.9129186], [34.2191173, 51.9203863], [34.2258122, 51.9281973], [34.2147481, 51.9357933], [34.2034345, 51.940982], [34.2054412, 51.9441385], [34.191453, 51.9592401], [34.1895904, 51.9689424], [34.1774447, 51.970479], [34.1429277, 51.9679845], [34.1371206, 51.9725914], [34.1292589, 51.9846493], [34.134972, 51.9889157], [34.1393403, 51.9983132], [34.1336566, 52.0038924], [34.1208337, 52.0068126], [34.1034575, 52.004127], [34.096651, 52.0049397], [34.0941948, 52.0110429], [34.0923339, 52.0358444], [34.1013873, 52.0414992], [34.0936202, 52.0468112], [34.0930158, 52.0526539], [34.0827653, 52.0580449], [34.0805197, 52.0704191], [34.0625434, 52.069644], [34.0622838, 52.0729483], [34.0839125, 52.0844181], [34.0907166, 52.0849954], [34.0998705, 52.0933528], [34.0890001, 52.1008715], [34.0872428, 52.1088361], [34.0987646, 52.1123008], [34.1108853, 52.122749], [34.1132244, 52.1384165], [34.1162796, 52.1410839], [34.0891556, 52.1548341], [34.0760223, 52.1547153], [34.0626853, 52.163689], [34.054526, 52.1715824], [34.0650864, 52.1831399], [34.0531883, 52.1972904], [34.0385684, 52.2021889], [34.0163436, 52.2018983], [33.9988438, 52.2109932], [34.0018975, 52.2204385], [34.0006256, 52.2272606], [33.9822844, 52.2343483], [33.9751973, 52.2308737], [33.9641298, 52.2348511], [33.9543651, 52.2472753], [33.9380077, 52.2498882], [33.9426837, 52.2580012], [33.9458486, 52.2747307], [33.944782, 52.2834725], [33.9377814, 52.2894612], [33.9253699, 52.2951782], [33.9211781, 52.3050042], [33.9108777, 52.3086013], [33.9050505, 52.3021095], [33.8961056, 52.3076601], [33.8750869, 52.3065324], [33.8390248, 52.3203553], [33.854928, 52.3318906], [33.8375616, 52.3503777], [33.8364718, 52.3613887], [33.8187935, 52.3630739], [33.805038, 52.3662855], [33.7854851, 52.3666013], [33.7729448, 52.3634667], [33.7510917, 52.3613671], [33.7484264, 52.3572629], [33.7245138, 52.353427], [33.7172398, 52.3628135], [33.7091316, 52.3629498], [33.6997703, 52.3587456], [33.6853802, 52.3579178], [33.6787455, 52.3552412], [33.679266, 52.3481687], [33.664498, 52.344363], [33.6588133, 52.3399681], [33.6245838, 52.3387939], [33.6063185, 52.3346273], [33.5779269, 52.3174932], [33.5699988, 52.3156088], [33.5598732, 52.3022553], [33.5315673, 52.3045618], [33.5253078, 52.3074842], [33.5045537, 52.3060518], [33.4981663, 52.312021], [33.4880769, 52.3105613], [33.4817381, 52.3138678], [33.4889627, 52.3228713], [33.4919942, 52.3309973], [33.5091904, 52.3329631], [33.5197702, 52.3426087], [33.5156339, 52.346643], [33.518979, 52.3548851], [33.5083047, 52.3583479], [33.4993074, 52.3553697], [33.4720297, 52.3590633]]]}, "properties": {"name": "Сумська область", "type": "oblast", "id": "sumy_oblast"}}, {"type": "Feature", "geometry": {"type": "Polygon", "coordinates": [[[26.1922205, 49.1614081], [26.1971381, 49.1625874], [26.2028056, 49.1577551], [26.2110829, 49.1616613], [26.20919, 49.1672134], [26.2033339, 49.1693981], [26.1920706, 49.1706597], [26.1889833, 49.17297], [26.1948234, 49.1779022], [26.1960628, 49.1822755], [26.1846103, 49.1928888], [26.1839765, 49.1980481], [26.191895, 49.2090344], [26.1961649, 49.2125058], [26.1921384, 49.2165299], [26.192522, 49.221094], [26.2024655, 49.2206321], [26.1989431, 49.2273685], [26.2073964, 49.2329662], [26.200977, 49.2378059], [26.2007395, 49.2417284], [26.2068681, 49.2459215], [26.2206918, 49.2461779], [26.2365697, 49.2452701], [26.243551, 49.2430994], [26.2468421, 49.2483857], [26.2418728, 49.2546776], [26.2487559, 49.2573818], [26.2581503, 49.263014], [26.2580003, 49.2655383], [26.2437661, 49.2722698], [26.2420011, 49.2780279], [26.2476083, 49.2790677], [26.254242, 49.2762317], [26.2571881, 49.2788486], [26.2501113, 49.2842005], [26.2509942, 49.2877305], [26.2587458, 49.2884457], [26.2576934, 49.2922377], [26.2511101, 49.295434], [26.2462427, 49.3007916], [26.2509406, 49.304003], [26.252055, 49.3086424], [26.2423932, 49.3178223], [26.2301307, 49.3234382], [26.2264359, 49.3266604], [26.2252664, 49.3395318], [26.2278856, 49.3500726], [26.2309956, 49.350754], [26.2406013, 49.3458952], [26.2438048, 49.3478012], [26.2436724, 49.3539547], [26.23343, 49.3558718], [26.2360192, 49.3603147], [26.2447554, 49.3694497], [26.2219459, 49.3758173], [26.2206906, 49.3793554], [26.2296787, 49.3831079], [26.2296169, 49.3902247], [26.2313786, 49.3967756], [26.2347334, 49.401181], [26.224989, 49.4031663], [26.2292851, 49.4078598], [26.2195887, 49.414466], [26.2135898, 49.4216014], [26.2057639, 49.4223406], [26.1966826, 49.4255307], [26.1932258, 49.4300658], [26.1949462, 49.4346155], [26.2000123, 49.4385234], [26.1932807, 49.4495757], [26.1896528, 49.4530867], [26.1896343, 49.4739965], [26.1881763, 49.4811322], [26.1801571, 49.4872647], [26.1659763, 49.4918032], [26.1632189, 49.4960091], [26.1520019, 49.5044036], [26.1506705, 49.5071657], [26.1429662, 49.5086933], [26.1444615, 49.5130118], [26.1565701, 49.519724], [26.1585733, 49.5319858], [26.1710277, 49.5416684], [26.1756533, 49.5493269], [26.1867311, 49.5518425], [26.1913989, 49.5567584], [26.2021128, 49.5541852], [26.200507, 49.551091], [26.2031789, 49.5463354], [26.2103629, 49.5472184], [26.2191081, 49.5512563], [26.2194254, 49.5540541], [26.2134509, 49.5637326], [26.2139106, 49.5713904], [26.207369, 49.5770312], [26.2097237, 49.5826998], [26.2134978, 49.5834948], [26.2144639, 49.5900147], [26.2089053, 49.5937801], [26.2021365, 49.6018392], [26.1999781, 49.6095756], [26.2086156, 49.6098067], [26.2158891, 49.6191153], [26.2254693, 49.623496], [26.2309979, 49.6364542], [26.2392216, 49.6379085], [26.2532555, 49.6331773], [26.2625142, 49.6375401], [26.2654987, 49.6421798], [26.2595049, 49.6517836], [26.2601014, 49.6538268], [26.2692278, 49.6550274], [26.2724552, 49.656975], [26.2689719, 49.6607656], [26.2687675, 49.6686966], [26.2654908, 49.6720704], [26.2570964, 49.6759451], [26.2490861, 49.6820134], [26.2441191, 49.6914874], [26.2388209, 49.6949048], [26.2280872, 49.6978048], [26.2230596, 49.7029307], [26.2088106, 49.707558], [26.1944132, 49.7096912], [26.1909111, 49.714183], [26.1950426, 49.716256], [26.2053449, 49.7262803], [26.2126506, 49.7310458], [26.2140711, 49.7353076], [26.2263756, 49.7379026], [26.2435558, 49.7453027], [26.2419961, 49.7570423], [26.2390765, 49.7620824], [26.236296, 49.7713787], [26.2407615, 49.7755967], [26.2307954, 49.7771531], [26.2255011, 49.7800794], [26.2275835, 49.787441], [26.2266842, 49.7936878], [26.2194044, 49.797858], [26.2198691, 49.8042253], [26.2169025, 49.8103723], [26.2103586, 49.8111938], [26.2046687, 49.8210756], [26.1976643, 49.8217775], [26.184859, 49.8365657], [26.1854598, 49.8460431], [26.1782156, 49.8472784], [26.2009428, 49.8662472], [26.1953035, 49.8703829], [26.186766, 49.8740814], [26.175431, 49.8754962], [26.1627375, 49.8816538], [26.1620736, 49.8884793], [26.1441886, 49.8955519], [26.1384112, 49.8951968], [26.132751, 49.8984001], [26.1336744, 49.9062788], [26.1391406, 49.9126621], [26.1660349, 49.9222434], [26.1578192, 49.9322967], [26.1447585, 49.9609141], [26.1480029, 49.9639873], [26.1476809, 49.9688824], [26.141898, 49.9718531], [26.1454305, 49.9770781], [26.1519067, 49.9759655], [26.1558053, 49.9824087], [26.1668694, 49.9855812], [26.1673328, 49.9895502], [26.1724618, 49.9939207], [26.1876485, 49.9917963], [26.202068, 49.9925515], [26.205233, 50.0055049], [26.2106109, 50.0158833], [26.1979562, 50.0202264], [26.1899713, 50.0204901], [26.1759219, 50.0251447], [26.1914398, 50.0314063], [26.1958225, 50.0344085], [26.2070945, 50.0370883], [26.2164634, 50.0362597], [26.2175055, 50.0462224], [26.2258592, 50.0458064], [26.2245914, 50.0544903], [26.2216318, 50.0598447], [26.2114242, 50.0650194], [26.2008687, 50.0673], [26.2069481, 50.0756059], [26.2004726, 50.0791634], [26.2047235, 50.0899535], [26.2009352, 50.098491], [26.2123691, 50.0989432], [26.2735469, 50.1028952], [26.2736589, 50.1134973], [26.2650414, 50.1166602], [26.2462845, 50.1268481], [26.2348878, 50.1311679], [26.2433177, 50.1434695], [26.2229195, 50.1427717], [26.2234157, 50.1459207], [26.2113833, 50.1519586], [26.2099415, 50.157807], [26.2171571, 50.157555], [26.215951, 50.1630274], [26.2207399, 50.1648345], [26.2116703, 50.174087], [26.2198269, 50.1786897], [26.2178206, 50.1823679], [26.2102559, 50.1853627], [26.1987138, 50.1867496], [26.191772, 50.1914793], [26.1930642, 50.1937877], [26.1790232, 50.1973469], [26.1917689, 50.2185543], [26.1854027, 50.2169126], [26.1854855, 50.2291424], [26.1928082, 50.2276067], [26.2038302, 50.2306245], [26.211846, 50.2301964], [26.2098826, 50.2484844], [26.2177777, 50.2482203], [26.2169811, 50.2562295], [26.2220342, 50.2585339], [26.2211586, 50.2668303], [26.2163297, 50.2635849], [26.1912748, 50.2627842], [26.1703455, 50.2445909], [26.1700317, 50.2399027], [26.165831, 50.2364754], [26.1644572, 50.231258], [26.1577606, 50.2319714], [26.119633, 50.2406232], [26.0825723, 50.2498404], [26.0780494, 50.2504225], [26.0676987, 50.2567036], [26.0603857, 50.2554132], [26.0320669, 50.2366646], [26.0201454, 50.229621], [26.0086714, 50.2288735], [26.007235, 50.2356636], [26.0000575, 50.2404585], [25.991634, 50.2431071], [25.9797464, 50.2421516], [25.9704164, 50.2456715], [25.9691517, 50.2492768], [25.9630403, 50.2563204], [25.9559348, 50.2573309], [25.9476532, 50.2553551], [25.9357059, 50.2565485], [25.9216201, 50.2538134], [25.923199, 50.248364], [25.904843, 50.2382372], [25.8915926, 50.2290457], [25.8844876, 50.2221551], [25.877929, 50.219377], [25.8764259, 50.2145212], [25.8698496, 50.2097678], [25.8712067, 50.2047334], [25.8573708, 50.1914727], [25.8446459, 50.1893247], [25.8393359, 50.1866258], [25.8217195, 50.1805855], [25.8103752, 50.183552], [25.7976769, 50.1849777], [25.7843005, 50.1813904], [25.7741618, 50.1802226], [25.7646516, 50.1805752], [25.755786, 50.1793673], [25.7454541, 50.1830704], [25.7288149, 50.1868062], [25.7231225, 50.1736727], [25.703138, 50.1711074], [25.6940778, 50.177556], [25.6842354, 50.1768741], [25.625489, 50.1521931], [25.6100187, 50.162723], [25.5943532, 50.1694606], [25.5757186, 50.1764592], [25.5542019, 50.150374], [25.5356195, 50.1529549], [25.4992944, 50.1564922], [25.5009278, 50.1644777], [25.4760526, 50.1661423], [25.4492417, 50.1504222], [25.4484366, 50.1244059], [25.4559494, 50.1167774], [25.4838234, 50.1141492], [25.4890336, 50.101817], [25.464651, 50.0983261], [25.4659224, 50.0945579], [25.4540428, 50.0942981], [25.4572132, 50.0820261], [25.4513311, 50.0810795], [25.4509664, 50.0748467], [25.4386309, 50.0719598], [25.4313862, 50.052985], [25.4214647, 50.0505412], [25.4044032, 50.0490445], [25.3846047, 50.0488753], [25.3635652, 50.0459184], [25.3590162, 50.0167692], [25.3492329, 50.0177999], [25.3467464, 50.0040292], [25.361115, 49.9960105], [25.3729215, 49.9919105], [25.4025176, 49.9857123], [25.4121797, 49.9696438], [25.4014992, 49.9544081], [25.403801, 49.9479417], [25.4151378, 49.944636], [25.4270041, 49.9431564], [25.4266065, 49.9372006], [25.4202299, 49.9376062], [25.4159307, 49.9344237], [25.4004765, 49.9374319], [25.3872746, 49.9326644], [25.3874302, 49.9283678], [25.3835464, 49.9215428], [25.3763232, 49.9132831], [25.3806496, 49.9070423], [25.3877869, 49.9006135], [25.3891244, 49.8972107], [25.3813722, 49.8834423], [25.3806657, 49.8769776], [25.3728653, 49.875906], [25.375037, 49.8679764], [25.3682263, 49.8644569], [25.363215, 49.8654684], [25.3498731, 49.862661], [25.3384462, 49.8637047], [25.3323752, 49.8621984], [25.3316778, 49.8580866], [25.3167383, 49.8555824], [25.310862, 49.8511594], [25.2990732, 49.853673], [25.2970549, 49.8499427], [25.2995624, 49.8454593], [25.2936333, 49.8438328], [25.291315, 49.8408003], [25.2934515, 49.8328397], [25.2875415, 49.8282399], [25.2720078, 49.829526], [25.2660492, 49.8309164], [25.2620611, 49.837268], [25.2553448, 49.8351159], [25.2459249, 49.8350813], [25.2443492, 49.8252909], [25.2370816, 49.8240133], [25.211649, 49.8266412], [25.2096386, 49.830123], [25.1829332, 49.8371002], [25.1747568, 49.8370865], [25.1722448, 49.8322192], [25.1602946, 49.8342062], [25.1446037, 49.8281405], [25.1428602, 49.8190731], [25.1373142, 49.8147375], [25.1284788, 49.8161057], [25.1236567, 49.8183815], [25.1112843, 49.8184925], [25.0969596, 49.8221063], [25.0905711, 49.8265304], [25.0838073, 49.8284641], [25.0823662, 49.8185588], [25.0836752, 49.8002008], [25.0895978, 49.788278], [25.0899188, 49.782484], [25.0866862, 49.7781209], [25.0756486, 49.7791273], [25.0752037, 49.7725239], [25.0723704, 49.7702238], [25.0799758, 49.7667681], [25.0903269, 49.7601149], [25.1037831, 49.7567172], [25.114973, 49.7456373], [25.1118119, 49.7414586], [25.0997094, 49.7322902], [25.0937013, 49.7310117], [25.0715011, 49.7163341], [25.0674447, 49.7115007], [25.0627365, 49.7140227], [25.044626, 49.729549], [25.0324549, 49.733936], [25.022051, 49.7351751], [24.9971985, 49.6965663], [24.9986892, 49.689439], [24.9942445, 49.6685866], [24.9944003, 49.6642421], [24.9983705, 49.6598261], [24.9887764, 49.6587202], [24.985669, 49.6461982], [24.9879932, 49.6432259], [24.9826384, 49.6365698], [24.9613621, 49.6428418], [24.9568825, 49.6343773], [24.9629883, 49.6299246], [24.9577136, 49.6208198], [24.9500142, 49.6144596], [24.9468115, 49.6173067], [24.9402076, 49.6160347], [24.9391952, 49.6111325], [24.9297108, 49.6094827], [24.9233717, 49.6133626], [24.9093697, 49.6148495], [24.8984407, 49.6105314], [24.9008242, 49.6060543], [24.9073528, 49.6026214], [24.9050757, 49.5989183], [24.8858927, 49.60195], [24.8828146, 49.6085381], [24.8711318, 49.6096967], [24.8703942, 49.6047812], [24.8638381, 49.6025861], [24.8632666, 49.5988681], [24.8457715, 49.6012925], [24.8344691, 49.5997928], [24.8340315, 49.5969429], [24.8392001, 49.5870116], [24.8316652, 49.5851271], [24.8314244, 49.5900754], [24.8262101, 49.5925165], [24.8143548, 49.5865178], [24.8020273, 49.5876306], [24.7960648, 49.5832538], [24.7915633, 49.5728367], [24.7604075, 49.5722142], [24.721255, 49.5698165], [24.7230434, 49.5611223], [24.7292802, 49.5470938], [24.7223147, 49.5391722], [24.7239195, 49.5347176], [24.7201669, 49.5319549], [24.7195933, 49.5272984], [24.7215752, 49.5044282], [24.7215712, 49.4953932], [24.7285056, 49.49205], [24.7291167, 49.4854372], [24.7239868, 49.4815538], [24.7295275, 49.4801071], [24.7400884, 49.4687423], [24.7459274, 49.4638599], [24.7446244, 49.4611652], [24.7505119, 49.4495748], [24.7606108, 49.4427595], [24.7663543, 49.4350586], [24.771195, 49.4311427], [24.7669253, 49.424899], [24.7701357, 49.4210067], [24.7743666, 49.4103181], [24.7745854, 49.40155], [24.7726716, 49.3940387], [24.7784341, 49.3831958], [24.7755831, 49.3775254], [24.7904608, 49.3814519], [24.7981431, 49.3820391], [24.8113238, 49.3885144], [24.8201417, 49.3855097], [24.8290892, 49.385184], [24.8284954, 49.3793824], [24.8332612, 49.3632], [24.8433267, 49.3542135], [24.8504738, 49.3528333], [24.8592875, 49.3470144], [24.8447061, 49.3440944], [24.841632, 49.3409764], [24.8359683, 49.340807], [24.8328477, 49.33507], [24.8311213, 49.325552], [24.8287889, 49.3218129], [24.8285517, 49.3115333], [24.8319796, 49.3054196], [24.8303997, 49.3037232], [24.8280908, 49.2853678], [24.8406365, 49.2830725], [24.8439948, 49.2699678], [24.8434205, 49.2625646], [24.8641727, 49.2568226], [24.8697347, 49.258173], [24.8938369, 49.2477443], [24.9000254, 49.2434537], [24.9109185, 49.2396443], [24.9262534, 49.2384649], [24.9331085, 49.2356489], [24.9335531, 49.2296783], [24.9135104, 49.2224064], [24.8987174, 49.2146367], [24.8882454, 49.1996214], [24.8854005, 49.1970552], [24.8564072, 49.1778128], [24.857595, 49.1653266], [24.8615025, 49.1597271], [24.8665209, 49.1619302], [24.8837707, 49.1441658], [24.8931511, 49.1390653], [24.8997975, 49.1290557], [24.9534302, 49.1255521], [24.9564535, 49.1275642], [24.9715408, 49.1204557], [24.9853843, 49.1164498], [24.9766393, 49.1030516], [24.9769233, 49.1000363], [24.9727155, 49.0958752], [24.9794532, 49.0924862], [24.9804859, 49.0892623], [24.9906452, 49.0860419], [24.9877867, 49.0773801], [24.9919268, 49.076001], [24.9912198, 49.0712032], [24.9656778, 49.0721276], [24.9623864, 49.0759594], [24.9568173, 49.0753937], [24.9515651, 49.0784901], [24.9405924, 49.0809443], [24.9300224, 49.081051], [24.9162995, 49.0830878], [24.9068601, 49.0735733], [24.9028067, 49.0527513], [24.9049871, 49.0496944], [24.9115196, 49.0508972], [24.9159804, 49.0449649], [24.9237554, 49.0393988], [24.9325292, 49.036111], [24.9371099, 49.0317689], [24.9497462, 49.0242959], [24.9603778, 49.019209], [24.962382, 49.0153394], [24.9695627, 49.0113149], [24.9723058, 49.0068011], [24.9716582, 49.002057], [24.9656994, 48.9976347], [24.9681796, 48.9928981], [24.996221, 49.0015111], [25.0081985, 49.0062916], [25.0174572, 49.0113635], [25.0236338, 49.0089861], [25.0425911, 48.997071], [25.048141, 48.9966356], [25.0536597, 48.9918963], [25.0664826, 48.989866], [25.076886, 48.9866835], [25.0764552, 48.9845929], [25.0872766, 48.9840181], [25.0875404, 48.9932813], [25.1038805, 48.9948832], [25.1116282, 48.996556], [25.1194282, 48.9948119], [25.1148462, 48.9894575], [25.1104572, 48.9878952], [25.1066244, 48.9803208], [25.1124741, 48.9656493], [25.1097598, 48.9637789], [25.1201669, 48.9585292], [25.1341432, 48.9534949], [25.1376428, 48.9498868], [25.1462336, 48.9453182], [25.1454202, 48.9400415], [25.1340198, 48.9324821], [25.1210564, 48.9278848], [25.1182455, 48.9236093], [25.1194608, 48.9178876], [25.1357432, 48.8901373], [25.1380281, 48.8774788], [25.1366355, 48.8711497], [25.1426264, 48.8678698], [25.1514377, 48.8680805], [25.1592666, 48.8655248], [25.1657393, 48.8665783], [25.1719559, 48.872326], [25.173579, 48.880862], [25.1723281, 48.8866643], [25.1667102, 48.8908112], [25.1707289, 48.8978269], [25.1788128, 48.9013925], [25.1921611, 48.909444], [25.1981439, 48.9147253], [25.1923993, 48.9205707], [25.1897674, 48.9255533], [25.1924613, 48.9275407], [25.2098749, 48.9219068], [25.215253, 48.923937], [25.2243217, 48.9305661], [25.2342541, 48.9319971], [25.2371091, 48.9289079], [25.2373087, 48.9188966], [25.2294363, 48.9086457], [25.2311052, 48.8986669], [25.2305265, 48.8887885], [25.2288644, 48.8821803], [25.2190412, 48.8652619], [25.2132272, 48.8583914], [25.208989, 48.8499802], [25.2109485, 48.8462336], [25.2178848, 48.8452485], [25.2258046, 48.8468815], [25.2300552, 48.8505665], [25.2356882, 48.8645647], [25.2431523, 48.8668595], [25.2604539, 48.866679], [25.2736477, 48.8651407], [25.2833012, 48.8625954], [25.2886428, 48.8528759], [25.2888495, 48.8480957], [25.2934093, 48.8446291], [25.3001152, 48.8437525], [25.3177825, 48.8473256], [25.3242643, 48.8454056], [25.3254245, 48.8377674], [25.3369252, 48.8375524], [25.3405244, 48.8388982], [25.3357865, 48.8454162], [25.3350855, 48.8517018], [25.3446111, 48.85766], [25.3551094, 48.8595999], [25.3670714, 48.8586863], [25.3735828, 48.8562701], [25.3937441, 48.8510074], [25.4027173, 48.8479591], [25.4268331, 48.8430251], [25.4350169, 48.8442605], [25.4387588, 48.8496754], [25.427961, 48.8635662], [25.427389, 48.8685538], [25.4375239, 48.8720549], [25.4517561, 48.8673881], [25.4683842, 48.8581577], [25.469323, 48.8551512], [25.4497593, 48.8378457], [25.4534465, 48.8322478], [25.4637677, 48.8279165], [25.480204, 48.8232964], [25.4877198, 48.8195149], [25.4970518, 48.810968], [25.5103202, 48.8054479], [25.5231605, 48.8032886], [25.5429075, 48.8030319], [25.5607914, 48.7955679], [25.5961358, 48.7683346], [25.6030284, 48.7645488], [25.616005, 48.7602197], [25.635903, 48.751443], [25.6405498, 48.7481111], [25.6402283, 48.742896], [25.6369963, 48.7392248], [25.615453, 48.7303258], [25.6096657, 48.7236571], [25.6113849, 48.7194631], [25.6182587, 48.7159935], [25.6420998, 48.7122933], [25.6496394, 48.7093289], [25.6530103, 48.7052137], [25.6525445, 48.7015437], [25.6476637, 48.6950836], [25.643144, 48.6919055], [25.6287208, 48.6860737], [25.6216555, 48.6812006], [25.6211907, 48.67758], [25.6264142, 48.6733441], [25.6369039, 48.6702221], [25.6519685, 48.6674093], [25.6805954, 48.6645349], [25.7031515, 48.6645483], [25.7127237, 48.6621018], [25.7214314, 48.6546223], [25.7264328, 48.6382074], [25.7311489, 48.6343835], [25.7413802, 48.63348], [25.7470194, 48.6403139], [25.7465611, 48.6472862], [25.75225, 48.6570782], [25.760913, 48.6663714], [25.7716272, 48.67297], [25.7775545, 48.6752002], [25.7845841, 48.6750904], [25.8019876, 48.6695534], [25.8069359, 48.6664168], [25.8198506, 48.6531821], [25.8268319, 48.6439054], [25.8353721, 48.6365488], [25.8406373, 48.6301019], [25.8521955, 48.6226341], [25.856378, 48.615515], [25.8549618, 48.6115988], [25.8474457, 48.6024949], [25.8502244, 48.5965604], [25.8581437, 48.5967922], [25.8736719, 48.5999308], [25.8784958, 48.5988402], [25.8990176, 48.5891058], [25.9144252, 48.5868106], [25.9227463, 48.5875272], [25.9337812, 48.5910202], [25.9419493, 48.5965092], [25.9529329, 48.607385], [25.968721, 48.6183948], [25.9752205, 48.6208758], [25.98539, 48.620226], [25.9982076, 48.6159693], [26.0085819, 48.6108434], [26.0172583, 48.6095913], [26.0220476, 48.6108776], [26.0286999, 48.6186273], [26.0299306, 48.6227068], [26.0292832, 48.6383482], [26.0342825, 48.6462191], [26.0456356, 48.6490923], [26.054003, 48.6469015], [26.0580085, 48.644232], [26.0620646, 48.636999], [26.0624056, 48.6328696], [26.0583999, 48.6221176], [26.064684, 48.6116384], [26.0651155, 48.6051626], [26.0570663, 48.5986896], [26.055929, 48.5949707], [26.0454955, 48.5896464], [26.0443174, 48.5852662], [26.0583058, 48.5699408], [26.0690496, 48.5644976], [26.0791424, 48.5574655], [26.0861947, 48.5487626], [26.0894594, 48.5404298], [26.0954254, 48.5381206], [26.1052894, 48.5389576], [26.1228667, 48.5479823], [26.1270502, 48.5543855], [26.1264391, 48.5632902], [26.1215962, 48.5712956], [26.1061084, 48.5804793], [26.1037476, 48.5917379], [26.0959491, 48.599541], [26.0977884, 48.6106687], [26.1050502, 48.6173773], [26.1182618, 48.6200287], [26.1244368, 48.6174679], [26.1445912, 48.5982311], [26.1453826, 48.5923018], [26.142486, 48.5712236], [26.1445593, 48.5563561], [26.1473288, 48.5451266], [26.1533751, 48.5366596], [26.1590941, 48.5327086], [26.1686714, 48.5283177], [26.1864205, 48.5258277], [26.1995994, 48.5257937], [26.2135415, 48.5277969], [26.2311332, 48.5315263], [26.2524154, 48.5376872], [26.267827, 48.5399626], [26.2778327, 48.5377237], [26.2810294, 48.534794], [26.2941812, 48.5140841], [26.299579, 48.5098725], [26.307746, 48.5089415], [26.3227316, 48.5168051], [26.3278957, 48.5165223], [26.3425358, 48.509784], [26.3548899, 48.5074845], [26.3678565, 48.5128082], [26.3776852, 48.5225651], [26.3840402, 48.5304454], [26.3920833, 48.5349216], [26.4024709, 48.5370804], [26.410241, 48.5372646], [26.4312147, 48.5350858], [26.4433363, 48.5386115], [26.4405724, 48.5450206], [26.4350193, 48.5474299], [26.4275813, 48.5469367], [26.4186205, 48.5408483], [26.4114979, 48.5411342], [26.4048195, 48.544783], [26.3978373, 48.5519629], [26.3955449, 48.5564127], [26.3861715, 48.5632231], [26.3796221, 48.5647345], [26.3749235, 48.5612489], [26.3790375, 48.5533759], [26.3777337, 48.5482607], [26.3725108, 48.5435444], [26.3611783, 48.5415414], [26.3589109, 48.5462681], [26.3664253, 48.5511199], [26.3664761, 48.5555443], [26.3618875, 48.5609776], [26.3539484, 48.5602909], [26.3459781, 48.5619199], [26.3382975, 48.5660228], [26.3364774, 48.5694508], [26.3410039, 48.5743409], [26.3550558, 48.5782202], [26.3594551, 48.5809208], [26.361013, 48.5863511], [26.3581947, 48.5889596], [26.347878, 48.5850753], [26.3411745, 48.5870887], [26.3437775, 48.593984], [26.3405068, 48.5977086], [26.3331261, 48.5965976], [26.3247362, 48.5994641], [26.3268954, 48.6107424], [26.3170302, 48.6157254], [26.3066911, 48.6163371], [26.3027552, 48.6195038], [26.2929989, 48.6230522], [26.2974102, 48.6282252], [26.3064167, 48.6251421], [26.3144682, 48.6242319], [26.3223957, 48.6273024], [26.3238215, 48.6316358], [26.3215475, 48.6355426], [26.3167619, 48.6378929], [26.3054698, 48.6355285], [26.2940424, 48.6356968], [26.2881069, 48.6400525], [26.3021652, 48.6458511], [26.3089423, 48.6497853], [26.3074654, 48.6577351], [26.30054, 48.6581009], [26.296583, 48.6525485], [26.2869151, 48.6485771], [26.2742701, 48.6471889], [26.2671553, 48.6503138], [26.2732359, 48.6538134], [26.2774685, 48.6595643], [26.2793866, 48.6682166], [26.2703776, 48.6717438], [26.2589152, 48.6678145], [26.2472627, 48.6681881], [26.2427685, 48.6721986], [26.2418339, 48.6796511], [26.2268838, 48.6826504], [26.2213773, 48.685914], [26.2194792, 48.6899563], [26.2236464, 48.6931574], [26.2335893, 48.692545], [26.237819, 48.6970002], [26.2332659, 48.6999704], [26.2295374, 48.7105034], [26.2391281, 48.7180218], [26.2357593, 48.7262675], [26.2421644, 48.7318902], [26.2444657, 48.7361112], [26.2430452, 48.7400431], [26.2332809, 48.7432079], [26.226135, 48.7474443], [26.2232793, 48.751341], [26.2285131, 48.7547538], [26.2359328, 48.749503], [26.2426374, 48.7499813], [26.2452784, 48.7563674], [26.2311351, 48.7606729], [26.2299247, 48.763758], [26.2385407, 48.7693766], [26.2382296, 48.7752137], [26.2325916, 48.779804], [26.2207798, 48.7790568], [26.2147371, 48.780262], [26.2113546, 48.7834156], [26.2073828, 48.797442], [26.2107101, 48.8011008], [26.2184122, 48.7997481], [26.2179092, 48.793516], [26.232822, 48.7899712], [26.2362934, 48.7950053], [26.2289865, 48.805686], [26.2245254, 48.8090645], [26.2267489, 48.8141508], [26.2363096, 48.8139807], [26.2394607, 48.8100413], [26.2531427, 48.8085522], [26.2585017, 48.8157341], [26.2546438, 48.8211368], [26.2501079, 48.8227065], [26.2408054, 48.8181891], [26.2329162, 48.8197608], [26.2326452, 48.8270823], [26.2228954, 48.8314224], [26.2185995, 48.8364547], [26.2222976, 48.8434701], [26.2181589, 48.8516008], [26.2095046, 48.8524898], [26.2027731, 48.8552995], [26.2000997, 48.8614586], [26.2094375, 48.8632387], [26.2123987, 48.8668704], [26.2059294, 48.8753916], [26.2137884, 48.8794899], [26.2105548, 48.8859939], [26.2051714, 48.8908529], [26.2057014, 48.8985507], [26.2158584, 48.9003235], [26.2247407, 48.9042143], [26.2243277, 48.909438], [26.2215566, 48.9122431], [26.2132877, 48.9138678], [26.2088513, 48.9116416], [26.2025374, 48.9051857], [26.1958682, 48.9036677], [26.1863583, 48.90978], [26.1849001, 48.9180327], [26.1983371, 48.9181529], [26.1992019, 48.9212512], [26.1945136, 48.9257981], [26.1941528, 48.9338832], [26.2011405, 48.9403179], [26.2073681, 48.9488], [26.2070202, 48.9575419], [26.1996379, 48.9609511], [26.1875536, 48.9631217], [26.1810658, 48.9656743], [26.1770268, 48.9698961], [26.1799065, 48.9765714], [26.1854104, 48.97871], [26.1970144, 48.9742143], [26.204588, 48.9762808], [26.2119249, 48.9830919], [26.2083552, 48.9879303], [26.204217, 48.9885693], [26.1871274, 48.988105], [26.1825584, 48.989571], [26.1761673, 48.9954439], [26.1811334, 49.000445], [26.194836, 49.0038309], [26.1971762, 49.00055], [26.2100851, 48.9998621], [26.2146449, 49.0012756], [26.215404, 49.0110283], [26.2048709, 49.0169075], [26.1983999, 49.0231859], [26.1992102, 49.0292003], [26.2075355, 49.0302732], [26.207938, 49.0357649], [26.1960381, 49.0435682], [26.1886508, 49.0464483], [26.1840899, 49.0524421], [26.183425, 49.057046], [26.1888041, 49.0619007], [26.1972795, 49.0653545], [26.2044088, 49.0661816], [26.2139402, 49.0703099], [26.2138329, 49.074133], [26.2007511, 49.0728644], [26.1952847, 49.0734231], [26.1919534, 49.0776575], [26.1969691, 49.0814278], [26.1988036, 49.0926591], [26.2038524, 49.0971456], [26.2047462, 49.1009661], [26.2034026, 49.113653], [26.2003595, 49.1146045], [26.1990184, 49.1233416], [26.1957909, 49.127437], [26.2048937, 49.134527], [26.1947214, 49.1377824], [26.1985624, 49.1459239], [26.1914942, 49.1528606], [26.1899718, 49.1583687], [26.1922205, 49.1614081]]]}, "properties": {"name": "Тернопільська область", "type": "oblast", "id": "ternopil_oblast"}}, {"type": "Feature", "geometry": {"type": "Polygon", "coordinates": [[[28.9468103, 49.6833178], [28.9576316, 49.6842917], [28.9645262, 49.6997322], [28.9760271, 49.6981281], [28.9948431, 49.7166287], [28.9956572, 49.7275418], [29.0052559, 49.7292566], [29.0016215, 49.7398642], [28.9640647, 49.7549733], [28.965803, 49.7764963], [28.9422841, 49.783957], [28.9510345, 49.7892926], [28.9702209, 49.803634], [28.9614775, 49.8094037], [28.9608282, 49.8208747], [28.9450357, 49.81938], [28.9537469, 49.8399143], [28.9426464, 49.8466751], [28.9386467, 49.8529699], [28.9073574, 49.8606784], [28.9100809, 49.8665214], [28.9045633, 49.8713739], [28.8955011, 49.8731831], [28.8987358, 49.8817681], [28.8818569, 49.8854355], [28.8807905, 49.8883196], [28.8572808, 49.8885749], [28.8439089, 49.8599461], [28.816992, 49.8584694], [28.8139727, 49.8527442], [28.7839097, 49.8515749], [28.784754, 49.8426164], [28.750946, 49.8444883], [28.7503569, 49.8230642], [28.7588352, 49.8232905], [28.7589884, 49.8184281], [28.7461337, 49.8175979], [28.7348932, 49.8026279], [28.7340091, 49.7981867], [28.7255144, 49.796518], [28.7180033, 49.8073614], [28.7091772, 49.8051958], [28.7064552, 49.8095288], [28.6882415, 49.8051813], [28.6900544, 49.7995338], [28.6678465, 49.8079571], [28.6356088, 49.8170892], [28.6334006, 49.8129763], [28.6190581, 49.813616], [28.6121335, 49.8105788], [28.6022399, 49.8100352], [28.6014192, 49.7823214], [28.5699157, 49.7739557], [28.5629522, 49.7870685], [28.5562399, 49.7872001], [28.5534811, 49.7941257], [28.5494197, 49.7955576], [28.5416981, 49.8064745], [28.5301408, 49.8135242], [28.5279066, 49.8196536], [28.4955322, 49.8115118], [28.481887, 49.8071499], [28.4729739, 49.8125815], [28.4693976, 49.8226983], [28.4632602, 49.8212502], [28.431814, 49.8209218], [28.4242217, 49.8234088], [28.4195083, 49.8210639], [28.4121962, 49.8082408], [28.406665, 49.7919769], [28.3792173, 49.7804129], [28.3491288, 49.7921303], [28.2974856, 49.8010851], [28.2889125, 49.7979136], [28.2626483, 49.7995359], [28.2619083, 49.8104206], [28.2497549, 49.8153052], [28.243618, 49.8140313], [28.2447051, 49.797571], [28.2286531, 49.7951034], [28.224497, 49.7876866], [28.213095, 49.7917494], [28.1554251, 49.7862299], [28.1544882, 49.7889705], [28.1362975, 49.7820919], [28.1239754, 49.7798646], [28.1109908, 49.7739305], [28.0971694, 49.7719246], [28.0590847, 49.7720251], [28.0393678, 49.7705977], [28.01929, 49.7711524], [28.005304, 49.7762717], [27.9803703, 49.7801209], [27.9604911, 49.7785136], [27.9519205, 49.7761815], [27.9330612, 49.7684273], [27.9188396, 49.7669476], [27.8995135, 49.7672604], [27.8934153, 49.7625838], [27.8936465, 49.7577675], [27.8767228, 49.7550063], [27.8449404, 49.7533092], [27.8358037, 49.7558549], [27.835757, 49.7448995], [27.8174107, 49.7429184], [27.8175265, 49.7342877], [27.8370414, 49.7297991], [27.8068624, 49.7093817], [27.8115949, 49.7019473], [27.7872469, 49.7001511], [27.7625282, 49.6971584], [27.7666503, 49.6750215], [27.7660225, 49.6664265], [27.8115797, 49.6445014], [27.8122123, 49.6185821], [27.8003112, 49.6216039], [27.7910795, 49.6070942], [27.7940232, 49.6055437], [27.7845514, 49.5968799], [27.773377, 49.5966213], [27.7721089, 49.5893606], [27.760814, 49.5831101], [27.7583291, 49.5729493], [27.7636984, 49.5717953], [27.7881313, 49.5595578], [27.7933319, 49.553142], [27.7858054, 49.5465622], [27.7913245, 49.539713], [27.7943602, 49.5308796], [27.7897157, 49.5297407], [27.7744519, 49.5203472], [27.7682851, 49.5233432], [27.7635274, 49.5300113], [27.7571051, 49.5318656], [27.7496097, 49.5295714], [27.7423475, 49.5310417], [27.7408529, 49.5214287], [27.7364013, 49.5170985], [27.7351398, 49.5099466], [27.7398622, 49.4926901], [27.7609606, 49.4933203], [27.7665477, 49.4900032], [27.7895536, 49.4924123], [27.7846251, 49.4874231], [27.7770995, 49.4749711], [27.7638212, 49.4785864], [27.7585137, 49.463278], [27.7560362, 49.4631626], [27.7453782, 49.4507329], [27.7504916, 49.439866], [27.7665971, 49.4432618], [27.7680542, 49.4399709], [27.7835886, 49.4430986], [27.7905821, 49.4346076], [27.807188, 49.4394004], [27.8274986, 49.4215915], [27.8461864, 49.4310599], [27.8515187, 49.4269353], [27.8500123, 49.4209782], [27.8410474, 49.4128509], [27.8321692, 49.4021117], [27.8335645, 49.3912606], [27.8238768, 49.3888867], [27.8119676, 49.3883301], [27.8113668, 49.3790176], [27.8169622, 49.3742573], [27.8284565, 49.3745775], [27.8289397, 49.3677352], [27.8114349, 49.3670901], [27.8133839, 49.3577248], [27.8287361, 49.3507288], [27.8373276, 49.3504229], [27.8456566, 49.3425141], [27.8581836, 49.3276853], [27.8572527, 49.3205519], [27.8517687, 49.3121207], [27.8607544, 49.2998181], [27.8625724, 49.2925018], [27.8588292, 49.2819361], [27.8527764, 49.2746486], [27.849279, 49.2638086], [27.8556839, 49.2601769], [27.856295, 49.2551287], [27.868188, 49.2489747], [27.8712007, 49.2422156], [27.8603458, 49.2400442], [27.8583823, 49.2358081], [27.8652811, 49.2206821], [27.8665303, 49.2132184], [27.882887, 49.214994], [27.8935454, 49.2100458], [27.8984014, 49.1862045], [27.8879026, 49.1839851], [27.8826973, 49.1780263], [27.855165, 49.1706259], [27.8467052, 49.1784114], [27.8345949, 49.1802818], [27.8223661, 49.1791805], [27.819134, 49.1866546], [27.8033084, 49.1856011], [27.8025574, 49.1794202], [27.792815, 49.1781853], [27.793163, 49.1842351], [27.7867225, 49.1848989], [27.7760375, 49.1898863], [27.7822122, 49.1742758], [27.774583, 49.169549], [27.7732723, 49.1643753], [27.7667595, 49.1653174], [27.7518737, 49.1605937], [27.7577848, 49.1547015], [27.7429531, 49.1431896], [27.7420529, 49.1396228], [27.7251911, 49.142974], [27.7210569, 49.145612], [27.7103409, 49.1437022], [27.6975111, 49.1386762], [27.6942851, 49.1449897], [27.6868114, 49.14172], [27.672998, 49.1512581], [27.6584386, 49.1573399], [27.6495756, 49.1651856], [27.6398235, 49.1680078], [27.6315397, 49.1617242], [27.6229165, 49.1634488], [27.6179997, 49.1614253], [27.6032977, 49.1624072], [27.5943909, 49.1552686], [27.5951589, 49.1458054], [27.5922795, 49.1401151], [27.5977552, 49.1348624], [27.5775824, 49.1217846], [27.5734523, 49.1213526], [27.5478006, 49.1309986], [27.541594, 49.1361997], [27.536458, 49.1334894], [27.532787, 49.1253958], [27.522395, 49.126741], [27.512921, 49.130534], [27.4926681, 49.1210312], [27.5054215, 49.110234], [27.4915976, 49.093939], [27.4803769, 49.0888941], [27.4818969, 49.0846583], [27.4984023, 49.0756556], [27.5028232, 49.0709515], [27.4916842, 49.0689778], [27.4683152, 49.0715877], [27.4521411, 49.0700771], [27.4458039, 49.0715743], [27.4355829, 49.0690087], [27.4284328, 49.0647739], [27.4265564, 49.0530391], [27.4166945, 49.0546581], [27.4052315, 49.0288998], [27.3837442, 49.0082042], [27.3817947, 49.0050071], [27.3978662, 48.9979049], [27.3949906, 48.9916464], [27.4016726, 48.9806888], [27.409226, 48.9735934], [27.4180149, 48.9716197], [27.4111705, 48.9608183], [27.4173685, 48.954283], [27.4085605, 48.9515426], [27.3923038, 48.9381673], [27.3922726, 48.9314045], [27.3971267, 48.9253403], [27.3934414, 48.9004739], [27.4006662, 48.8920544], [27.4151959, 48.8816715], [27.4163047, 48.8559458], [27.4130117, 48.8494598], [27.4173179, 48.8428363], [27.413156, 48.8362876], [27.4183266, 48.8195272], [27.4117742, 48.8162719], [27.4110092, 48.8116554], [27.4164324, 48.8068517], [27.4196025, 48.7997241], [27.4275191, 48.797218], [27.4219517, 48.7922682], [27.4131302, 48.7777945], [27.4037405, 48.7735619], [27.4096959, 48.7694462], [27.4070418, 48.7661914], [27.3956212, 48.7668546], [27.3896967, 48.7650498], [27.3943964, 48.7535765], [27.3979839, 48.7541408], [27.4115378, 48.7444318], [27.4158239, 48.7385983], [27.4092314, 48.7370045], [27.4001651, 48.7298786], [27.4037739, 48.7181236], [27.4142971, 48.7026752], [27.411938, 48.6947634], [27.4049967, 48.6945683], [27.4079199, 48.6865718], [27.3987396, 48.6886765], [27.3899238, 48.6808953], [27.387606, 48.6690407], [27.3888096, 48.6629987], [27.3851593, 48.6553569], [27.378274, 48.6498544], [27.3764443, 48.6393988], [27.3729334, 48.63014], [27.3859441, 48.6272713], [27.4187422, 48.6142714], [27.4349854, 48.6086671], [27.4460118, 48.6009738], [27.4572321, 48.5895453], [27.4650049, 48.5775725], [27.4738386, 48.5595672], [27.4823824, 48.5367469], [27.4830622, 48.5260733], [27.4786202, 48.5068476], [27.4979052, 48.48392], [27.5195948, 48.4705262], [27.5315173, 48.4696062], [27.5524706, 48.477733], [27.561175, 48.483034], [27.5810531, 48.4909822], [27.5887065, 48.4920527], [27.6022304, 48.4894098], [27.6039908, 48.4841449], [27.5987252, 48.4791577], [27.5890987, 48.4656452], [27.5912612, 48.4611745], [27.6103954, 48.4545205], [27.6274533, 48.4472037], [27.6436076, 48.4418167], [27.6645971, 48.4399509], [27.6856441, 48.4415248], [27.6988962, 48.4472416], [27.7230008, 48.4539623], [27.7474239, 48.4580771], [27.7597337, 48.4567057], [27.773247, 48.4503343], [27.7863339, 48.4465906], [27.7975193, 48.438445], [27.8092863, 48.4323599], [27.8200308, 48.4193988], [27.836447, 48.415357], [27.845547, 48.4147974], [27.8689885, 48.4070127], [27.8741182, 48.4036567], [27.8807236, 48.3933492], [27.8782763, 48.3878192], [27.8789245, 48.3791403], [27.8821059, 48.3730136], [27.8940689, 48.3617474], [27.915886, 48.3482076], [27.9394753, 48.3373045], [27.9544086, 48.3281375], [27.9641611, 48.3249858], [27.9942711, 48.3249341], [28.0147815, 48.3263916], [28.0417818, 48.3260284], [28.0588662, 48.3231628], [28.0705484, 48.3192639], [28.0854722, 48.3072649], [28.0934334, 48.2936801], [28.0885392, 48.2721129], [28.081014, 48.2560814], [28.0793126, 48.2461363], [28.082448, 48.23771], [28.0863694, 48.2352026], [28.1026935, 48.2308654], [28.1103685, 48.2326299], [28.1287923, 48.241119], [28.1389858, 48.2486035], [28.140677, 48.2591027], [28.1444924, 48.2626245], [28.1582292, 48.2617068], [28.1823903, 48.2553382], [28.1868279, 48.2512302], [28.182012, 48.2399958], [28.1822462, 48.2330785], [28.1861193, 48.216156], [28.1927179, 48.2100435], [28.2030429, 48.2054795], [28.2193057, 48.206159], [28.2316522, 48.2099415], [28.2530507, 48.2189875], [28.2721287, 48.2281917], [28.2846443, 48.2313346], [28.3031682, 48.2414274], [28.3102647, 48.2405219], [28.3142205, 48.235196], [28.3217035, 48.2330417], [28.3279537, 48.2354484], [28.3312522, 48.2403834], [28.3419084, 48.246454], [28.3496115, 48.247228], [28.3608483, 48.2413517], [28.3684612, 48.2273241], [28.3703113, 48.2189514], [28.3684149, 48.2059671], [28.3601492, 48.1889376], [28.3489227, 48.1790578], [28.3099399, 48.1628273], [28.305743, 48.1582256], [28.3066348, 48.1394941], [28.3185361, 48.1335762], [28.3365944, 48.1331448], [28.3492554, 48.1356886], [28.3562385, 48.1390987], [28.3669922, 48.1537071], [28.3716098, 48.1650494], [28.3831572, 48.1751043], [28.3909233, 48.176534], [28.4103714, 48.1772185], [28.4283707, 48.172392], [28.4334189, 48.1684746], [28.4398783, 48.1444836], [28.4386533, 48.1414616], [28.4264579, 48.1342344], [28.4212844, 48.1249955], [28.422572, 48.1203039], [28.4348998, 48.1104598], [28.4363099, 48.0991253], [28.4428837, 48.0926648], [28.4537371, 48.0789211], [28.4652511, 48.0736826], [28.4795279, 48.0713649], [28.4899314, 48.0661433], [28.4986855, 48.0657281], [28.5001668, 48.0696611], [28.4939187, 48.0723222], [28.4919387, 48.0795888], [28.4973206, 48.0884406], [28.494483, 48.0974706], [28.4962177, 48.1047733], [28.4959086, 48.1193214], [28.5002051, 48.1211924], [28.4994258, 48.1275792], [28.5211366, 48.1382553], [28.50294, 48.150789], [28.5297215, 48.1532651], [28.5350282, 48.1607545], [28.5432392, 48.165292], [28.5445219, 48.169101], [28.5572824, 48.1714274], [28.5645064, 48.1751696], [28.5705503, 48.1741022], [28.5793649, 48.1666307], [28.5919225, 48.1732898], [28.6113827, 48.1570835], [28.6145859, 48.1595877], [28.6304101, 48.1541454], [28.6351733, 48.154832], [28.6489921, 48.151919], [28.6475004, 48.1432913], [28.682087, 48.1467916], [28.6776416, 48.1427855], [28.6802997, 48.1346141], [28.6877883, 48.1246255], [28.7102996, 48.1295157], [28.7218191, 48.1261291], [28.7356697, 48.1333389], [28.7546396, 48.1362201], [28.7718651, 48.1248244], [28.7919958, 48.1256774], [28.8064751, 48.1345472], [28.8139344, 48.1243021], [28.8334871, 48.1288117], [28.8411185, 48.1255436], [28.847327, 48.1153695], [28.8552724, 48.1082198], [28.8570485, 48.0999067], [28.8477324, 48.0787794], [28.8539602, 48.0785795], [28.8565287, 48.0743707], [28.8691213, 48.0690353], [28.8693559, 48.0818743], [28.8891124, 48.0867054], [28.9267874, 48.0943247], [28.9282687, 48.0963444], [28.9331763, 48.1263147], [28.9452196, 48.1568145], [28.9683004, 48.1544708], [28.9767884, 48.1519061], [28.9843783, 48.1449967], [28.9937525, 48.151895], [29.0009548, 48.14831], [29.0099248, 48.1482451], [29.0190496, 48.1313379], [29.0321819, 48.1255746], [29.0339065, 48.1324832], [29.0432079, 48.1402457], [29.0498914, 48.1502457], [29.0428161, 48.1577859], [29.0451828, 48.1616736], [29.0457957, 48.1737448], [29.0536732, 48.181781], [29.0609243, 48.1863132], [29.0572958, 48.1893391], [29.0670748, 48.1940457], [29.0781574, 48.1933116], [29.1119576, 48.1686354], [29.120273, 48.1608233], [29.1342821, 48.1525389], [29.1457673, 48.155825], [29.157035, 48.1479949], [29.1502711, 48.1426414], [29.1680442, 48.1400221], [29.1818544, 48.1411773], [29.1934868, 48.1344159], [29.2092285, 48.1342027], [29.2133383, 48.1431276], [29.2405599, 48.1405544], [29.250405, 48.1501051], [29.252694, 48.14026], [29.2611027, 48.1359806], [29.2615672, 48.130345], [29.253122, 48.1277834], [29.2486347, 48.1295812], [29.240112, 48.1275464], [29.2351348, 48.1202219], [29.2208379, 48.1252173], [29.2055849, 48.1223245], [29.2040742, 48.1175172], [29.2104849, 48.1151166], [29.2209601, 48.1053583], [29.2323775, 48.1036255], [29.2464127, 48.1105911], [29.2568655, 48.1071273], [29.2666037, 48.1066926], [29.2656773, 48.0942016], [29.2774881, 48.0905847], [29.2864695, 48.0936357], [29.2935073, 48.0904329], [29.3017187, 48.0909193], [29.311332, 48.0859162], [29.333981, 48.0943259], [29.3432112, 48.0931047], [29.350795, 48.096733], [29.3522886, 48.089408], [29.368733, 48.0945373], [29.371637, 48.0904534], [29.3868571, 48.094958], [29.3823462, 48.1026365], [29.3942439, 48.1135456], [29.4434464, 48.121834], [29.4669809, 48.1229936], [29.4723141, 48.1221198], [29.4778059, 48.1077277], [29.4885919, 48.1059813], [29.4950475, 48.1025808], [29.5114039, 48.0999366], [29.531449, 48.0980237], [29.5451172, 48.1012027], [29.5562202, 48.0981957], [29.5646713, 48.1005597], [29.5702532, 48.099118], [29.5744445, 48.1040417], [29.587515, 48.101924], [29.5844372, 48.1099565], [29.5878925, 48.1167928], [29.5983313, 48.119897], [29.6024816, 48.1329216], [29.6404151, 48.122822], [29.6372312, 48.1121759], [29.6590491, 48.1104486], [29.663665, 48.1075667], [29.6700438, 48.1224482], [29.6709583, 48.1343897], [29.6760295, 48.1543434], [29.6739266, 48.168627], [29.6614016, 48.1837622], [29.6547025, 48.1952453], [29.6664922, 48.1964311], [29.6823517, 48.1880354], [29.6900271, 48.1929785], [29.7147808, 48.2006101], [29.7297524, 48.2026736], [29.7450596, 48.2022079], [29.7635937, 48.2003702], [29.774618, 48.2025577], [29.779577, 48.2054391], [29.7790064, 48.2124963], [29.7734159, 48.2172862], [29.7707177, 48.2267364], [29.7780891, 48.2318362], [29.7823386, 48.2422708], [29.7707517, 48.2568042], [29.7757355, 48.2589614], [29.7706119, 48.2690572], [29.7722363, 48.2721285], [29.7608888, 48.2769649], [29.7550311, 48.288716], [29.7493056, 48.2894556], [29.7504924, 48.2993085], [29.7638618, 48.2972062], [29.7726855, 48.3045151], [29.7679565, 48.3086168], [29.7718621, 48.3131567], [29.781974, 48.3148765], [29.784235, 48.3300239], [29.7989636, 48.329119], [29.8039069, 48.3321088], [29.8047353, 48.3389032], [29.8005812, 48.3487651], [29.8068424, 48.3515131], [29.8052503, 48.3598788], [29.7996241, 48.3638172], [29.7905946, 48.3655395], [29.7864111, 48.3694983], [29.8130801, 48.3845593], [29.8702212, 48.4159483], [29.8645681, 48.4256897], [29.8832895, 48.4299928], [29.8857893, 48.4273938], [29.9070757, 48.4366591], [29.9074001, 48.4389392], [29.9352009, 48.4441508], [29.9509726, 48.4499834], [29.9571562, 48.4508647], [29.9534167, 48.4584896], [29.9547738, 48.4623011], [29.9641715, 48.4605654], [29.9677782, 48.4715271], [29.961448, 48.4727422], [29.9666088, 48.4915601], [29.975914, 48.4899106], [29.9808022, 48.4941889], [30.0006166, 48.4921663], [30.0052955, 48.5112432], [29.9907057, 48.5142782], [29.9931176, 48.5199507], [29.9986685, 48.5211387], [30.0060611, 48.5183724], [30.0172477, 48.5177704], [30.0206699, 48.5347606], [30.0201127, 48.5394929], [30.0079932, 48.5418582], [30.0074409, 48.5491245], [30.0033598, 48.5517267], [30.0033295, 48.5604143], [30.0063277, 48.5710723], [29.9929167, 48.5791914], [29.9707314, 48.5838533], [29.9564815, 48.5838601], [29.9482704, 48.5932647], [29.9516908, 48.6011602], [29.951217, 48.6087592], [29.9830563, 48.6124304], [29.987339, 48.6186911], [29.9888576, 48.6272782], [29.9922426, 48.6297446], [29.9897693, 48.6365968], [29.9776984, 48.6351719], [29.9756432, 48.6424607], [29.9681406, 48.6427549], [29.9665489, 48.6505295], [29.9595979, 48.650004], [29.9562911, 48.6586231], [29.9447613, 48.6576782], [29.9433817, 48.665864], [29.9468584, 48.6699179], [29.917144, 48.671643], [29.8726742, 48.7027786], [29.8609142, 48.6995937], [29.8655972, 48.708095], [29.8630686, 48.7121305], [29.8560775, 48.7138548], [29.867617, 48.7345967], [29.8814101, 48.7313162], [29.8844077, 48.7371126], [29.8707137, 48.7469295], [29.8596275, 48.7585472], [29.8665526, 48.7632659], [29.8002876, 48.7741558], [29.8050063, 48.778302], [29.7936254, 48.780272], [29.7860853, 48.7842068], [29.7759, 48.7837761], [29.7658627, 48.7862224], [29.7615052, 48.8471323], [29.7425115, 48.8530485], [29.7317092, 48.8545668], [29.7271519, 48.8870233], [29.7093612, 48.8976252], [29.7166889, 48.8989916], [29.7356332, 48.9081989], [29.7123374, 48.9114412], [29.6999445, 48.9169274], [29.6870676, 48.9121743], [29.6801384, 48.9214824], [29.6660547, 48.9263737], [29.6687036, 48.9285653], [29.6581985, 48.9349841], [29.6515968, 48.936848], [29.6607474, 48.9483976], [29.6520187, 48.9598555], [29.6957559, 49.0004085], [29.6835297, 49.0062313], [29.6906716, 49.0122108], [29.681682, 49.0183869], [29.6701653, 49.0240636], [29.6674575, 49.0208198], [29.6526729, 49.0138909], [29.6506309, 49.016414], [29.6391955, 49.0118698], [29.6287052, 49.0226949], [29.6202777, 49.0394073], [29.6148142, 49.042605], [29.6116308, 49.0503502], [29.6060693, 49.0575683], [29.6158262, 49.0560516], [29.6201256, 49.0519756], [29.6286435, 49.0513609], [29.6376447, 49.0531147], [29.6414653, 49.0568504], [29.6343302, 49.0608127], [29.6505051, 49.0966755], [29.687158, 49.088799], [29.6804178, 49.1030661], [29.6803384, 49.1118243], [29.6850433, 49.1160395], [29.7256158, 49.1203667], [29.7334917, 49.1228213], [29.7311035, 49.1319824], [29.7195224, 49.1316403], [29.7120053, 49.1423313], [29.7098137, 49.1552112], [29.7175017, 49.1562658], [29.7162866, 49.1611454], [29.7184664, 49.1703592], [29.7176366, 49.1795152], [29.7268207, 49.1820864], [29.7259418, 49.2029019], [29.7106308, 49.2071472], [29.7041256, 49.2247346], [29.7186616, 49.2210948], [29.7267931, 49.2216215], [29.7331498, 49.2301331], [29.7246362, 49.2312419], [29.7161138, 49.2358492], [29.7203048, 49.243737], [29.7011975, 49.2606401], [29.6953097, 49.2554539], [29.6899123, 49.2374643], [29.6620301, 49.2500296], [29.6477797, 49.2457182], [29.6383516, 49.2477131], [29.626446, 49.2577011], [29.6132496, 49.2649864], [29.6219323, 49.2741048], [29.6151513, 49.2883203], [29.6106275, 49.2905838], [29.6076367, 49.2995757], [29.6189838, 49.3059046], [29.5935845, 49.3180449], [29.5732212, 49.3240066], [29.5693531, 49.320991], [29.5532477, 49.3216374], [29.5352881, 49.3238979], [29.5227943, 49.3375507], [29.5229801, 49.3507948], [29.5191017, 49.3554473], [29.5205415, 49.3597438], [29.5156853, 49.3652278], [29.5028098, 49.3699076], [29.5014473, 49.3763347], [29.5031067, 49.3835022], [29.5078686, 49.3841083], [29.505254, 49.3955376], [29.5392624, 49.4018358], [29.5626268, 49.4143212], [29.5597277, 49.4180458], [29.5757162, 49.4288495], [29.5724621, 49.4332718], [29.5952597, 49.4431365], [29.5898236, 49.4541181], [29.5750202, 49.4579513], [29.5603908, 49.4644875], [29.5513949, 49.4749128], [29.5441718, 49.4865776], [29.5530502, 49.4894063], [29.5588907, 49.4975739], [29.5844742, 49.4955525], [29.5852319, 49.5065692], [29.5743055, 49.507294], [29.5699227, 49.5032238], [29.5504501, 49.5185648], [29.5391818, 49.5209462], [29.5436901, 49.5378404], [29.5380242, 49.5380687], [29.5307082, 49.5620631], [29.4992559, 49.5937184], [29.4962874, 49.6000044], [29.5114043, 49.6126321], [29.5083386, 49.6195261], [29.519392, 49.6241551], [29.5271368, 49.6327143], [29.5352411, 49.6366637], [29.5219186, 49.6401325], [29.5190299, 49.6456002], [29.4851787, 49.6542307], [29.4826812, 49.6495191], [29.4311848, 49.662138], [29.4267345, 49.6538042], [29.4182265, 49.6548192], [29.4099221, 49.6592075], [29.3960771, 49.6476375], [29.3799712, 49.6198319], [29.3713546, 49.6190999], [29.3543373, 49.6277913], [29.3407902, 49.6151765], [29.3277593, 49.6280498], [29.3037849, 49.6266953], [29.2757808, 49.6271199], [29.2757057, 49.5902007], [29.2525343, 49.5901193], [29.2415363, 49.6034981], [29.2129954, 49.5876265], [29.2039943, 49.5932976], [29.1894555, 49.5872648], [29.1815203, 49.5877389], [29.1527675, 49.5930135], [29.1341792, 49.5905017], [29.1211397, 49.586601], [29.1167416, 49.5836448], [29.1050655, 49.5933369], [29.0616048, 49.5926362], [29.0525125, 49.5943802], [29.0271717, 49.5904206], [28.993628, 49.5972528], [28.9850782, 49.603277], [28.9883018, 49.6092742], [28.9959032, 49.6166198], [29.0038395, 49.6282399], [29.0101338, 49.632545], [28.9890787, 49.6456579], [28.9637371, 49.6725108], [28.9470877, 49.6740986], [28.9468103, 49.6833178]]]}, "properties": {"name": "Вінницька область", "type": "oblast", "id": "vinnytsia_oblast"}}, {"type": "Feature", "geometry": {"type": "Polygon", "coordinates": [[[25.0682994, 50.2963566], [25.0771869, 50.2929806], [25.0836, 50.2926332], [25.0992587, 50.2903536], [25.1127372, 50.2872511], [25.1114056, 50.2942348], [25.1015035, 50.2950839], [25.1004192, 50.3003734], [25.1066882, 50.2998797], [25.1065844, 50.3054957], [25.1103633, 50.3052092], [25.1089933, 50.312181], [25.131944, 50.3105383], [25.1295915, 50.3184583], [25.1560933, 50.3271719], [25.166108, 50.3309877], [25.1549484, 50.3406247], [25.1459067, 50.3441955], [25.151943, 50.3519746], [25.1441686, 50.3620154], [25.146431, 50.3645006], [25.1408533, 50.3689103], [25.1433957, 50.3702009], [25.1505376, 50.3699822], [25.1529366, 50.3718281], [25.1606362, 50.3734188], [25.1636994, 50.376503], [25.1636636, 50.3798318], [25.1689863, 50.379721], [25.1740662, 50.3731549], [25.1721413, 50.3715003], [25.1804583, 50.3655617], [25.1787803, 50.3628569], [25.1898162, 50.3643353], [25.1995414, 50.3640881], [25.2045365, 50.3716425], [25.2093974, 50.3759388], [25.2030056, 50.3902426], [25.1928121, 50.3949754], [25.1807039, 50.3962134], [25.1772951, 50.3929131], [25.1697754, 50.3957592], [25.169265, 50.4000412], [25.1725882, 50.4013148], [25.1671128, 50.4126415], [25.1670448, 50.4187414], [25.1633559, 50.4181453], [25.1567557, 50.425103], [25.1519343, 50.4275446], [25.1443155, 50.4283776], [25.1399829, 50.4275293], [25.1394838, 50.4316952], [25.1362539, 50.4333291], [25.1387732, 50.4379478], [25.1451245, 50.4393863], [25.150273, 50.4445462], [25.1491629, 50.4521776], [25.1379297, 50.4528717], [25.1382735, 50.4609339], [25.1292728, 50.4601024], [25.1221695, 50.4618197], [25.1129546, 50.4653577], [25.0984141, 50.4681243], [25.0897023, 50.4717469], [25.090405, 50.4754017], [25.102707, 50.4706714], [25.1125521, 50.4717896], [25.1368341, 50.468155], [25.1392347, 50.4715113], [25.1514629, 50.4664204], [25.1519671, 50.4716872], [25.1583122, 50.4845852], [25.1587503, 50.4915616], [25.1607166, 50.5023579], [25.157431, 50.5091758], [25.1530903, 50.5111314], [25.1513406, 50.5154332], [25.1440775, 50.5212041], [25.127103, 50.5261009], [25.1215294, 50.5301488], [25.1234119, 50.5365765], [25.1210386, 50.5440237], [25.1222643, 50.5537674], [25.136893, 50.5478283], [25.150485, 50.5473995], [25.168179, 50.5497389], [25.1916241, 50.5512586], [25.1886373, 50.54551], [25.1918945, 50.5426738], [25.2070087, 50.5414687], [25.2300784, 50.5410715], [25.2461421, 50.5374661], [25.2428082, 50.5338604], [25.2563203, 50.5326203], [25.2702784, 50.5327851], [25.2764351, 50.5361526], [25.2961779, 50.539418], [25.2975598, 50.5428776], [25.3021038, 50.5462945], [25.3109255, 50.5463112], [25.3154156, 50.5542565], [25.3150079, 50.5559078], [25.3214908, 50.5686287], [25.3187925, 50.5835466], [25.3003603, 50.57966], [25.3049254, 50.5979915], [25.2984077, 50.598315], [25.2969995, 50.6019634], [25.2988462, 50.6095956], [25.2924693, 50.6107964], [25.2919757, 50.6306207], [25.306583, 50.6302354], [25.3121942, 50.6287551], [25.3185189, 50.6222143], [25.3222257, 50.620111], [25.327515, 50.612044], [25.3406632, 50.6139162], [25.3505874, 50.6143962], [25.3495306, 50.6101922], [25.3631616, 50.6094568], [25.375725, 50.6095522], [25.3990412, 50.6074484], [25.4060076, 50.6114351], [25.399621, 50.6172118], [25.393554, 50.6198668], [25.3883743, 50.6191199], [25.3875292, 50.625054], [25.3835992, 50.6257745], [25.3801913, 50.633379], [25.3714288, 50.6343394], [25.3617272, 50.6394351], [25.356949, 50.6396109], [25.3522526, 50.6482382], [25.3581227, 50.6483851], [25.3620314, 50.6514388], [25.3706013, 50.6539392], [25.3721456, 50.6513023], [25.3789263, 50.6510715], [25.3873685, 50.657972], [25.3856376, 50.6632782], [25.388782, 50.6659713], [25.3873796, 50.6759001], [25.3820877, 50.6807225], [25.3766001, 50.6817411], [25.3791922, 50.6857996], [25.3793258, 50.6906481], [25.3857672, 50.687775], [25.3933793, 50.6799848], [25.3984916, 50.6732097], [25.4045936, 50.6689651], [25.4106286, 50.6689039], [25.4139921, 50.6665306], [25.4281193, 50.66667], [25.4345459, 50.6647642], [25.4399639, 50.6651603], [25.4458138, 50.6634551], [25.4599115, 50.662168], [25.4618534, 50.67297], [25.4598579, 50.6751806], [25.4697049, 50.6800497], [25.4728854, 50.6773673], [25.4753584, 50.6724218], [25.5036357, 50.6797188], [25.5029258, 50.6808992], [25.5128437, 50.6844452], [25.5299728, 50.6851278], [25.5638047, 50.6951191], [25.5671147, 50.6930239], [25.5789058, 50.7001061], [25.5924814, 50.7001536], [25.5981722, 50.6963134], [25.6016841, 50.6962943], [25.5996324, 50.7016611], [25.5996819, 50.7082951], [25.5973443, 50.7142889], [25.6067247, 50.7175583], [25.6206145, 50.7157685], [25.6273979, 50.7141467], [25.6582831, 50.7183865], [25.6942632, 50.7248322], [25.6985165, 50.7050378], [25.6973382, 50.701473], [25.7046096, 50.6986279], [25.7068033, 50.6929947], [25.7221432, 50.6835286], [25.7127554, 50.6798143], [25.7075932, 50.6791742], [25.7088346, 50.6714007], [25.7185494, 50.6715704], [25.7425493, 50.6697011], [25.7463983, 50.671566], [25.7612041, 50.6733236], [25.772751, 50.6762183], [25.7927173, 50.6665544], [25.8153579, 50.6376494], [25.8187938, 50.6320303], [25.8181728, 50.6281001], [25.8261538, 50.6203322], [25.829291, 50.6197402], [25.8414691, 50.629429], [25.8444516, 50.6309608], [25.8259606, 50.6416179], [25.8234903, 50.6466156], [25.8505986, 50.6687791], [25.850387, 50.6713806], [25.8536914, 50.6765005], [25.8693239, 50.6873434], [25.8703486, 50.6964007], [25.8785688, 50.7085643], [25.8769953, 50.7109094], [25.8776725, 50.7184449], [25.8717866, 50.7384433], [25.872759, 50.7428193], [25.8772927, 50.7528132], [25.879975, 50.7543302], [25.8869632, 50.7644321], [25.8880774, 50.7863624], [25.8901957, 50.790193], [25.8905028, 50.7991818], [25.892506, 50.8035029], [25.9004257, 50.8137173], [25.9016983, 50.8270934], [25.901024, 50.829858], [25.910036, 50.8320794], [25.9178259, 50.8292233], [25.9225387, 50.832296], [25.9301227, 50.8296893], [25.9333088, 50.8307645], [25.9432544, 50.8292358], [25.9481755, 50.8272109], [25.9528452, 50.8296539], [25.9592932, 50.8241272], [25.9694506, 50.8264068], [25.9774705, 50.8210472], [25.9827267, 50.8228109], [25.9924319, 50.8240108], [26.0007849, 50.8226989], [26.0130393, 50.8238842], [26.0219631, 50.8209095], [26.0295574, 50.8403207], [26.0386008, 50.8409315], [26.0365891, 50.8511653], [26.0123404, 50.866326], [26.0057134, 50.8651844], [25.9995408, 50.8619953], [25.9916053, 50.8658091], [26.0007128, 50.9352246], [25.9969853, 50.9380495], [25.9668209, 50.9569366], [25.9839527, 50.9614196], [25.9895561, 50.9605563], [25.9938708, 50.9630619], [26.0007239, 50.9645952], [26.0216489, 50.964008], [26.0271456, 50.9663272], [26.043182, 50.9710606], [26.0579106, 50.9724983], [26.0628897, 50.9707542], [26.0695805, 50.9721002], [26.0769477, 50.9712612], [26.0847548, 50.973315], [26.0788451, 50.9899404], [26.0856252, 51.0027433], [26.0880552, 51.004214], [26.1072604, 51.0052074], [26.0945328, 51.0404642], [26.0911357, 51.0507321], [26.0876336, 51.0524654], [26.0169394, 51.0833802], [25.9989416, 51.0782768], [25.9886954, 51.0787316], [25.9770696, 51.0778639], [25.945009, 51.083921], [25.9466998, 51.0867613], [25.9471534, 51.0943103], [25.9494163, 51.0975906], [25.9499944, 51.1030473], [25.9382267, 51.1125271], [25.9378038, 51.1146386], [25.9419083, 51.1190775], [25.959463, 51.125725], [25.973481, 51.1252031], [25.9800617, 51.1226845], [25.9890988, 51.1226005], [26.0057146, 51.1248596], [26.0116847, 51.1308034], [26.0245205, 51.1335402], [26.030436, 51.1367647], [26.043203, 51.139384], [26.0463949, 51.1420413], [26.0587707, 51.1425783], [26.0673027, 51.1478949], [26.0708393, 51.1555644], [26.0701444, 51.1579498], [26.0610207, 51.1660816], [26.0581275, 51.1723718], [26.0677782, 51.1769168], [26.0631647, 51.1811891], [26.0509416, 51.1901651], [25.9958532, 51.2277033], [25.9469855, 51.2323174], [25.9444347, 51.236624], [25.9468882, 51.2396576], [25.9448531, 51.2416973], [25.9477021, 51.2483298], [25.9464703, 51.2511799], [25.9420194, 51.2520174], [25.9388373, 51.2572525], [25.9344369, 51.255776], [25.9310374, 51.2638219], [25.9349384, 51.2646656], [25.9363856, 51.2688043], [25.9329945, 51.2709764], [25.9354224, 51.2755032], [25.9293172, 51.2788951], [25.9234082, 51.2796218], [25.9176442, 51.2864509], [25.9128008, 51.2883964], [25.9051871, 51.2890165], [25.8930597, 51.2913064], [25.8989274, 51.2954195], [25.8987156, 51.3004655], [25.8956813, 51.3009577], [25.8890693, 51.2974017], [25.8880338, 51.3052886], [25.8834198, 51.303984], [25.8759714, 51.3061068], [25.8732545, 51.3093229], [25.8773404, 51.3136328], [25.8735402, 51.3158641], [25.8659729, 51.317673], [25.8474231, 51.3201327], [25.8388007, 51.3281502], [25.8328239, 51.3302802], [25.8297399, 51.333791], [25.8292852, 51.3429087], [25.8232539, 51.3431833], [25.8211922, 51.3454774], [25.8234684, 51.3495178], [25.8325852, 51.3536436], [25.8324453, 51.3582607], [25.8354032, 51.3620366], [25.8305421, 51.3637505], [25.8262579, 51.3673826], [25.8304993, 51.3714976], [25.8360852, 51.3742798], [25.8442707, 51.3756593], [25.8394977, 51.3784457], [25.8310733, 51.3870922], [25.8072304, 51.3746139], [25.7889504, 51.3786646], [25.7812192, 51.374238], [25.7552737, 51.3811237], [25.7596731, 51.4003535], [25.724892, 51.4000976], [25.7264982, 51.3965422], [25.7172241, 51.3890121], [25.7234498, 51.3845029], [25.7247512, 51.3805838], [25.7197596, 51.3797936], [25.7112165, 51.3820813], [25.7024697, 51.3803125], [25.7009119, 51.3766431], [25.6957584, 51.3766098], [25.6914101, 51.3834015], [25.702298, 51.3832185], [25.7013157, 51.3902591], [25.6994097, 51.3946493], [25.6899365, 51.3930936], [25.6874205, 51.4054452], [25.6791664, 51.4091953], [25.6766884, 51.4134751], [25.6716191, 51.416727], [25.6583408, 51.4145274], [25.6562049, 51.4186875], [25.6465004, 51.4168456], [25.6361716, 51.4391822], [25.6424272, 51.4448561], [25.6414964, 51.4788272], [25.6180505, 51.477255], [25.623788, 51.4952847], [25.6184522, 51.4952283], [25.6021037, 51.4931907], [25.6102304, 51.5070831], [25.5554116, 51.5007249], [25.5499835, 51.5194145], [25.5953005, 51.5246586], [25.5949222, 51.5271428], [25.5826014, 51.5324991], [25.5705105, 51.5334136], [25.5652253, 51.5398009], [25.5742125, 51.5543798], [25.582056, 51.5593173], [25.5959825, 51.5623223], [25.5961728, 51.5667679], [25.591045, 51.5700862], [25.5974984, 51.5765889], [25.5986634, 51.5809722], [25.5944217, 51.587304], [25.585803, 51.5920934], [25.5821912, 51.6050048], [25.5789902, 51.6088882], [25.5640409, 51.602937], [25.555341, 51.624373], [25.5418235, 51.6195523], [25.5434807, 51.6164337], [25.5319313, 51.6139757], [25.5299224, 51.6311051], [25.567771, 51.6327155], [25.5667872, 51.6263777], [25.5776216, 51.6246537], [25.5887317, 51.6444752], [25.6086804, 51.6411068], [25.6127054, 51.6483363], [25.6188167, 51.6542073], [25.6184633, 51.6579022], [25.6225079, 51.6603564], [25.6269242, 51.6655183], [25.6255187, 51.6708975], [25.6347759, 51.6740435], [25.6408641, 51.6815171], [25.6365471, 51.6863891], [25.6377495, 51.6894844], [25.6456968, 51.6912317], [25.6491839, 51.6939706], [25.6511631, 51.7039091], [25.6482363, 51.7081647], [25.6656909, 51.7199439], [25.6661302, 51.7244428], [25.6617217, 51.7303556], [25.6654438, 51.7327189], [25.675324, 51.7419821], [25.6753476, 51.7448128], [25.6814401, 51.7554641], [25.6829221, 51.755873], [25.6691326, 51.7718444], [25.6607079, 51.7651022], [25.655988, 51.7639552], [25.6497102, 51.7667481], [25.6551125, 51.7812049], [25.659371, 51.7836328], [25.6532662, 51.7905089], [25.6472524, 51.7910095], [25.6439358, 51.7978884], [25.632183, 51.8039371], [25.6325778, 51.8071992], [25.6367223, 51.8079307], [25.6344993, 51.8121829], [25.636628, 51.8142137], [25.6473108, 51.8158347], [25.6501557, 51.8188508], [25.6473196, 51.8221877], [25.6491918, 51.8244412], [25.6414104, 51.8338552], [25.6392294, 51.8402753], [25.640146, 51.8491475], [25.6549871, 51.8594296], [25.6618516, 51.8691922], [25.6673577, 51.8739286], [25.6748909, 51.8760634], [25.6883228, 51.8812474], [25.7086476, 51.8946784], [25.6859033, 51.900664], [25.6770113, 51.9019342], [25.6282182, 51.903493], [25.620412, 51.9058945], [25.6007186, 51.9150289], [25.5966893, 51.9178237], [25.592838, 51.9245265], [25.5272637, 51.9404609], [25.5179109, 51.9261771], [25.508814, 51.9219391], [25.5004338, 51.9273432], [25.4917636, 51.9296865], [25.4864809, 51.9294024], [25.4860094, 51.9225561], [25.4650878, 51.9190432], [25.4586508, 51.9210587], [25.4333238, 51.9223413], [25.409967, 51.9217271], [25.4057413, 51.9252537], [25.3967569, 51.9266316], [25.3711383, 51.9280155], [25.3659897, 51.9340135], [25.3593892, 51.9345784], [25.3502846, 51.9320435], [25.3434602, 51.9327227], [25.3366763, 51.9392289], [25.3207737, 51.9408416], [25.3200837, 51.9444598], [25.3092795, 51.9490891], [25.3023482, 51.9540352], [25.2909829, 51.9555867], [25.2893398, 51.9593728], [25.2836525, 51.9612826], [25.2707844, 51.9634674], [25.2635815, 51.9685318], [25.2583397, 51.9688076], [25.2451215, 51.9669005], [25.2341315, 51.9611876], [25.2266751, 51.9607622], [25.2208346, 51.9625027], [25.2136208, 51.9666154], [25.1913842, 51.969265], [25.1802156, 51.9654147], [25.1652377, 51.9630988], [25.1560428, 51.9566171], [25.1416518, 51.9534181], [25.1170052, 51.9512973], [25.1001815, 51.9534968], [25.0800677, 51.9472495], [25.0677322, 51.9409479], [25.0574597, 51.9387412], [25.02036, 51.9188733], [24.99682, 51.91555], [24.993742, 51.9127497], [24.9784461, 51.9032166], [24.9648589, 51.8983864], [24.9340147, 51.8915723], [24.9309182, 51.8968876], [24.9145333, 51.9168728], [24.90427, 51.9111191], [24.8803082, 51.9069238], [24.8430996, 51.8960122], [24.8347851, 51.913179], [24.8101953, 51.9118544], [24.8039106, 51.909138], [24.8029467, 51.9062697], [24.7963257, 51.9012452], [24.7928287, 51.8965723], [24.7892973, 51.8963786], [24.7670491, 51.8843333], [24.7496877, 51.8810581], [24.7351103, 51.8849275], [24.7177398, 51.8947056], [24.7123709, 51.8958198], [24.6837073, 51.8938443], [24.6718443, 51.8926543], [24.6628998, 51.8995633], [24.6345007, 51.9017056], [24.6252338, 51.902734], [24.6015005, 51.9005263], [24.5782873, 51.895776], [24.5733213, 51.8942557], [24.5675603, 51.8896069], [24.5370259, 51.887291], [24.5167851, 51.8886455], [24.4778456, 51.8822959], [24.4639586, 51.8825985], [24.3881981, 51.8818042], [24.3784636, 51.8787595], [24.3725574, 51.878531], [24.3493107, 51.8645835], [24.3397511, 51.8640844], [24.3342566, 51.8561161], [24.340288, 51.8495597], [24.3379137, 51.8456778], [24.3346063, 51.8447342], [24.3250322, 51.8346761], [24.3116943, 51.8259292], [24.2997892, 51.8142091], [24.2949173, 51.8042576], [24.2946704, 51.7992194], [24.3057087, 51.7797475], [24.3073938, 51.7690142], [24.3196933, 51.7511232], [24.2781103, 51.7221182], [24.2684454, 51.7162238], [24.1203919, 51.6665208], [24.100308, 51.639832], [24.0921134, 51.6326171], [24.0752902, 51.6189771], [24.0299696, 51.6029223], [24.0173042, 51.5961547], [24.0175617, 51.5913425], [23.9965063, 51.5800932], [23.9891242, 51.581657], [23.973771, 51.5868091], [23.9569007, 51.5883318], [23.9432963, 51.5956911], [23.9280353, 51.5977463], [23.9036962, 51.5978206], [23.8824379, 51.5922427], [23.8771768, 51.598094], [23.8802857, 51.6083955], [23.8892277, 51.6132397], [23.91277, 51.63145], [23.9108349, 51.6322223], [23.8670532, 51.6427944], [23.8569808, 51.642494], [23.8462243, 51.6403962], [23.8353239, 51.6441113], [23.8275729, 51.6454531], [23.803634, 51.6403367], [23.7884929, 51.6404773], [23.7875939, 51.6472987], [23.7886065, 51.6537704], [23.7906608, 51.6563014], [23.7898652, 51.6614976], [23.786872, 51.6658159], [23.7827115, 51.6675154], [23.770553, 51.6645549], [23.7550017, 51.6591352], [23.7488833, 51.6600659], [23.7359303, 51.6577848], [23.7301093, 51.6551029], [23.7179214, 51.6513287], [23.7030766, 51.6485027], [23.6977797, 51.6488746], [23.6784055, 51.6530631], [23.6755954, 51.6488482], [23.6665526, 51.6414442], [23.66026, 51.6389588], [23.6447652, 51.6392953], [23.6358993, 51.6339276], [23.6304815, 51.6287654], [23.6237887, 51.6276602], [23.6189935, 51.6250126], [23.610097, 51.6231704], [23.605894, 51.6208437], [23.6053661, 51.6168131], [23.6147347, 51.6133215], [23.6210989, 51.60807], [23.6253484, 51.6078917], [23.6261299, 51.5990144], [23.6334961, 51.5920625], [23.637489, 51.5937632], [23.6512629, 51.5885004], [23.6576042, 51.5872663], [23.6610179, 51.584141], [23.6647106, 51.5771884], [23.6604257, 51.5687826], [23.6523795, 51.5685068], [23.6477364, 51.5663414], [23.6472485, 51.5619438], [23.6389082, 51.5566316], [23.636176, 51.5527662], [23.6363009, 51.5488697], [23.6556717, 51.5347865], [23.6564405, 51.5321655], [23.6665558, 51.5243349], [23.6715087, 51.5190628], [23.6741962, 51.5109423], [23.6768865, 51.5066343], [23.6719624, 51.5006575], [23.6688469, 51.4989171], [23.6576989, 51.501098], [23.6530001, 51.5050842], [23.6481143, 51.5064496], [23.6258824, 51.5034096], [23.6178349, 51.5081817], [23.6163674, 51.5033894], [23.6242019, 51.501385], [23.6220639, 51.4955665], [23.6262189, 51.494918], [23.6302407, 51.491374], [23.6360891, 51.4902849], [23.6382372, 51.485589], [23.6441213, 51.4850396], [23.6529553, 51.4864585], [23.655234, 51.4897643], [23.6602866, 51.4902504], [23.6632701, 51.4857859], [23.6702733, 51.4825442], [23.6714412, 51.4747842], [23.6658285, 51.4702108], [23.6650438, 51.4666681], [23.660812, 51.465123], [23.6534059, 51.4593137], [23.6462814, 51.4576676], [23.650854, 51.4537416], [23.6490202, 51.4504425], [23.649957, 51.4458489], [23.661775, 51.4441483], [23.6677496, 51.4454419], [23.6751363, 51.441296], [23.6824158, 51.4449531], [23.6858658, 51.4422856], [23.6812555, 51.4373864], [23.6846061, 51.4330116], [23.6785158, 51.433441], [23.6767534, 51.4305455], [23.6791211, 51.4278834], [23.6850814, 51.4259308], [23.6880258, 51.4196807], [23.6940692, 51.4187524], [23.7008464, 51.4208895], [23.702823, 51.4192224], [23.6931007, 51.4132843], [23.7015129, 51.4102945], [23.6963279, 51.4078848], [23.6975085, 51.4031015], [23.6902897, 51.3986237], [23.6860679, 51.3997225], [23.6768977, 51.3940502], [23.685107, 51.3872158], [23.6849988, 51.3840758], [23.6793567, 51.3847912], [23.6838097, 51.3784827], [23.6826755, 51.3726845], [23.6854755, 51.3680069], [23.6778564, 51.3687847], [23.6734632, 51.3665692], [23.6663947, 51.3676209], [23.6651324, 51.3650526], [23.6694331, 51.3616546], [23.6631775, 51.358076], [23.657707, 51.3596055], [23.6535896, 51.3468389], [23.6577813, 51.3419681], [23.6561954, 51.3391238], [23.6474871, 51.3397872], [23.6453551, 51.334445], [23.6370027, 51.3299427], [23.6416317, 51.3253256], [23.6373746, 51.3232958], [23.6359917, 51.3188145], [23.6438715, 51.3133785], [23.639529, 51.3099245], [23.6433822, 51.3043159], [23.6519409, 51.3003017], [23.6488106, 51.2972133], [23.6497187, 51.2937222], [23.6466688, 51.2912908], [23.656179, 51.2870429], [23.6615386, 51.2917193], [23.6683602, 51.2924542], [23.6689428, 51.290245], [23.6777595, 51.2903681], [23.67996, 51.2916511], [23.6874669, 51.2867228], [23.6951748, 51.2870811], [23.6972953, 51.2832021], [23.7031662, 51.2821986], [23.7090768, 51.2766523], [23.7062417, 51.2745003], [23.7133494, 51.2695666], [23.7204955, 51.2690028], [23.7173647, 51.2645569], [23.7256301, 51.2618327], [23.7235644, 51.2571097], [23.7256649, 51.2504862], [23.7241542, 51.2465256], [23.7262655, 51.2381244], [23.7282048, 51.2354739], [23.7331193, 51.2344104], [23.7396217, 51.2305954], [23.7430443, 51.2240412], [23.7421993, 51.2206005], [23.735874, 51.2191318], [23.739309, 51.2151888], [23.7388004, 51.2124587], [23.7468817, 51.2128635], [23.7502555, 51.2108219], [23.7578704, 51.2108296], [23.7601987, 51.2045148], [23.7631293, 51.2055659], [23.769186, 51.1998873], [23.7762683, 51.2002866], [23.7835547, 51.1953893], [23.7823059, 51.1925164], [23.7847969, 51.1896877], [23.7984482, 51.1872805], [23.8026442, 51.1850823], [23.8081965, 51.1850241], [23.8142704, 51.1785317], [23.8121448, 51.1756758], [23.8135942, 51.1713841], [23.8195096, 51.1689625], [23.8215809, 51.1646202], [23.8361262, 51.1610428], [23.8386021, 51.1596576], [23.8486808, 51.1607909], [23.8517488, 51.1551406], [23.8578955, 51.1580598], [23.8614548, 51.157498], [23.8618844, 51.1527773], [23.8702945, 51.1398625], [23.8686776, 51.1356123], [23.8688605, 51.1292021], [23.8624652, 51.1276225], [23.8595424, 51.1308668], [23.8532131, 51.1259206], [23.8518254, 51.1184839], [23.8553145, 51.1143108], [23.8606947, 51.1016646], [23.857191, 51.0995282], [23.8620337, 51.0969238], [23.8675773, 51.098008], [23.8714204, 51.0948801], [23.8705929, 51.0904472], [23.8733118, 51.0818254], [23.8763555, 51.0792292], [23.8845245, 51.08212], [23.8916758, 51.0750714], [23.9038975, 51.0744811], [23.9084265, 51.0775736], [23.9125628, 51.07044], [23.9089714, 51.0666524], [23.9127725, 51.0636072], [23.9158779, 51.0484234], [23.919806, 51.0460861], [23.9139966, 51.040681], [23.9314869, 51.037921], [23.9173709, 51.0307653], [23.9160786, 51.0279661], [23.9222124, 51.0225899], [23.9300666, 51.0172829], [23.9350412, 51.0154895], [23.9255958, 51.01255], [23.9156509, 51.0123689], [23.9150263, 51.0073446], [23.9175993, 51.0059194], [23.9302862, 51.0057728], [23.939107, 51.00268], [23.947709, 50.9948337], [23.9511097, 50.9950223], [23.9567549, 50.9907622], [23.9596348, 50.9863486], [23.9670247, 50.9783308], [23.9676389, 50.9662971], [23.9704917, 50.9590746], [23.968268, 50.9577554], [23.9695425, 50.9516462], [23.9740664, 50.9496953], [23.9759506, 50.9461738], [23.9811695, 50.9467456], [23.9870396, 50.9453843], [23.9911847, 50.9412122], [23.9983836, 50.9276559], [24.0070248, 50.9246819], [24.0110232, 50.9198131], [24.0228677, 50.9167721], [24.0328186, 50.9101575], [24.0394024, 50.9034908], [24.0460299, 50.9014221], [24.0514226, 50.8966014], [24.05167, 50.8917793], [24.0636382, 50.8922], [24.0800729, 50.8895973], [24.0828028, 50.88703], [24.0868643, 50.8887617], [24.0907177, 50.884065], [24.0944776, 50.8825704], [24.0988101, 50.8772373], [24.1105594, 50.8751854], [24.1158098, 50.8729915], [24.1164072, 50.869903], [24.1232073, 50.8715352], [24.1258518, 50.8683259], [24.1392479, 50.8693172], [24.145783, 50.8686116], [24.1454779, 50.8649239], [24.142296, 50.8573278], [24.1346057, 50.85246], [24.1313482, 50.8485009], [24.1243716, 50.8472429], [24.1181532, 50.8447677], [24.1149727, 50.8413611], [24.1067701, 50.8385718], [24.0943207, 50.8357579], [24.0806561, 50.8342795], [24.0559354, 50.8342243], [24.0525958, 50.8362315], [24.0450956, 50.8335448], [24.0399417, 50.8357398], [24.0396076, 50.8396098], [24.0287624, 50.8384163], [24.0287904, 50.8414485], [24.0201281, 50.841674], [24.0183244, 50.8386499], [24.0092641, 50.8388425], [24.0076553, 50.8411333], [23.9967021, 50.8394766], [23.9901152, 50.837541], [23.9829805, 50.8328108], [23.9809895, 50.8293098], [23.9751738, 50.8256347], [23.9753785, 50.8227347], [23.9718916, 50.8188107], [23.9635228, 50.8143751], [23.9670105, 50.8102303], [23.9651511, 50.8017272], [23.9625158, 50.7978428], [23.957503, 50.794083], [23.9608625, 50.7909126], [23.9653264, 50.7897003], [23.9683745, 50.7854748], [23.9633526, 50.7813445], [23.9683213, 50.7762823], [23.9786399, 50.7717032], [23.9819795, 50.7680241], [23.9865029, 50.7698927], [23.9974835, 50.7691913], [24.0096409, 50.7720418], [24.0147646, 50.7713581], [24.0239151, 50.7661776], [24.0207322, 50.7616249], [24.0122033, 50.7576924], [24.0175354, 50.7538048], [24.0153651, 50.7473518], [24.020863, 50.7466941], [24.0163138, 50.7375854], [24.0206081, 50.7377543], [24.0185881, 50.7255026], [24.0219251, 50.721779], [24.0274724, 50.7226235], [24.0371806, 50.7189297], [24.0457128, 50.7168777], [24.0530947, 50.7178082], [24.0614929, 50.7205056], [24.0714493, 50.7207228], [24.0715258, 50.7151244], [24.0749806, 50.7103481], [24.0699872, 50.7052113], [24.0698913, 50.7011093], [24.0723546, 50.6987284], [24.069028, 50.6948359], [24.0673388, 50.6900162], [24.0628829, 50.6839447], [24.062387, 50.6781702], [24.0684963, 50.6776492], [24.0746687, 50.6741156], [24.0813646, 50.6726806], [24.0851846, 50.6679122], [24.0854287, 50.6613849], [24.0898733, 50.653403], [24.0884847, 50.6503867], [24.08453, 50.649563], [24.0804092, 50.64464], [24.0877222, 50.6440028], [24.0874445, 50.6377212], [24.0936026, 50.6352312], [24.106513, 50.6347551], [24.1112495, 50.636946], [24.1180874, 50.6448627], [24.1257224, 50.648883], [24.1297987, 50.6459075], [24.1382391, 50.64359], [24.1528934, 50.64302], [24.1591639, 50.6414201], [24.1604973, 50.6394618], [24.1709347, 50.6348509], [24.1731968, 50.6319027], [24.1702418, 50.6232087], [24.1734518, 50.6190244], [24.1779533, 50.618903], [24.1867258, 50.6152236], [24.1915588, 50.6175819], [24.1966419, 50.6131119], [24.2001788, 50.6145163], [24.2041662, 50.6104373], [24.1999523, 50.607696], [24.2129373, 50.5967232], [24.210725, 50.5931894], [24.2179623, 50.5919726], [24.2202651, 50.5939371], [24.2256372, 50.5925057], [24.2219889, 50.5889246], [24.2260766, 50.5877734], [24.2304379, 50.5836828], [24.2341822, 50.5851662], [24.2450666, 50.5812576], [24.2567289, 50.5803651], [24.2653334, 50.5807637], [24.2709875, 50.5785972], [24.2866478, 50.5760918], [24.293198, 50.5740566], [24.2992864, 50.5749296], [24.3083077, 50.5739505], [24.3122418, 50.5718515], [24.3182286, 50.5738842], [24.3198089, 50.5831898], [24.3264947, 50.5928612], [24.3234189, 50.5998563], [24.3369951, 50.5983684], [24.3541677, 50.5984869], [24.3627125, 50.5971275], [24.3655935, 50.6000812], [24.3715799, 50.6018979], [24.3807168, 50.6091548], [24.3857948, 50.6059301], [24.3953379, 50.5974631], [24.3973833, 50.5934354], [24.4014567, 50.590119], [24.4133393, 50.5866964], [24.4090962, 50.5813435], [24.3994188, 50.5753456], [24.4033027, 50.5710451], [24.4005971, 50.5691201], [24.4064438, 50.5602388], [24.4158477, 50.5585953], [24.4189682, 50.5546765], [24.423164, 50.5530286], [24.4346418, 50.5455968], [24.4493251, 50.5405028], [24.4584243, 50.540059], [24.4669319, 50.5408604], [24.4693338, 50.5426402], [24.4842155, 50.5486869], [24.4880119, 50.5512469], [24.4890428, 50.5564581], [24.4998706, 50.5545098], [24.5077038, 50.5559204], [24.5162291, 50.5556635], [24.5306178, 50.5515668], [24.5363176, 50.5469759], [24.5402638, 50.5408656], [24.5473513, 50.5342627], [24.5483468, 50.5265995], [24.5503439, 50.5209409], [24.5550864, 50.5167732], [24.5580032, 50.5088441], [24.5532825, 50.5060452], [24.5545922, 50.4940955], [24.563006, 50.4940964], [24.5632199, 50.4891376], [24.5835497, 50.4915179], [24.5877637, 50.4933891], [24.5912783, 50.4879219], [24.5911891, 50.4846901], [24.5940539, 50.4787959], [24.5974305, 50.4784911], [24.5979476, 50.4665078], [24.5812278, 50.4579671], [24.5994459, 50.4561891], [24.5978094, 50.4505933], [24.5985314, 50.435729], [24.5967046, 50.4138503], [24.6104668, 50.4105454], [24.6262718, 50.4084067], [24.6426133, 50.4085035], [24.6461524, 50.4103303], [24.6543127, 50.4101312], [24.6513219, 50.4034038], [24.6556789, 50.401315], [24.6757202, 50.3982106], [24.6808621, 50.3945545], [24.7038817, 50.3849076], [24.7156453, 50.3784764], [24.7219634, 50.3732731], [24.7213081, 50.3691178], [24.7166481, 50.3615311], [24.7141198, 50.3434663], [24.7314459, 50.3413134], [24.7673403, 50.3384681], [24.7786951, 50.3394932], [24.7893127, 50.3459118], [24.8083224, 50.3465626], [24.8103228, 50.3478898], [24.837733, 50.3498042], [24.8490309, 50.3514699], [24.8560515, 50.3513376], [24.8606838, 50.3545035], [24.8668826, 50.3610932], [24.887188, 50.3588069], [24.8854736, 50.344471], [24.8889603, 50.3459216], [24.9110255, 50.3454348], [24.9124404, 50.3484147], [24.9232454, 50.3466956], [24.9368321, 50.3457144], [24.9386393, 50.35343], [24.9397722, 50.363838], [24.9356361, 50.3729995], [24.9293611, 50.378121], [24.9371341, 50.382625], [24.9406026, 50.3892649], [24.9494318, 50.3856308], [24.9678333, 50.3723852], [24.9831068, 50.3640024], [24.9890649, 50.3594054], [25.0057785, 50.3495631], [25.0168725, 50.3416365], [25.0254219, 50.3447272], [25.0332834, 50.3458237], [25.0443354, 50.3425137], [25.0587799, 50.3423377], [25.0542239, 50.3352917], [25.0572417, 50.3344436], [25.0601835, 50.3294126], [25.0576829, 50.3201137], [25.0531279, 50.3141509], [25.0565528, 50.3113602], [25.0535106, 50.3083351], [25.0542227, 50.3009788], [25.0654496, 50.29825], [25.0682994, 50.2963566]], [[24.5881104, 50.4937021], [24.5866996, 50.4999093], [24.5958996, 50.4976914], [24.5965433, 50.4957087], [24.5881104, 50.4937021]]]}, "properties": {"name": "Волинська область", "type": "oblast", "id": "volyn_oblast"}}, {"type": "Feature", "geometry": {"type": "Polygon", "coordinates": [[[24.1783941, 48.3667029], [24.1801779, 48.3688314], [24.1817034, 48.3748886], [24.1748993, 48.3753398], [24.1687105, 48.3769784], [24.1650858, 48.3833748], [24.1564597, 48.3858301], [24.1519099, 48.3892835], [24.1496357, 48.3945802], [24.1525955, 48.4002776], [24.148115, 48.4048347], [24.1412805, 48.4088137], [24.1432726, 48.4178154], [24.1457726, 48.4192907], [24.1437595, 48.42173], [24.1444415, 48.4298726], [24.1454481, 48.4345163], [24.1409273, 48.4363198], [24.1344774, 48.4368069], [24.1319252, 48.4392407], [24.1291375, 48.4449408], [24.1317053, 48.4462512], [24.1304699, 48.4499805], [24.1266282, 48.4521025], [24.1296164, 48.4549941], [24.1261811, 48.4599522], [24.1254664, 48.4674553], [24.1269081, 48.4701956], [24.1400473, 48.48091], [24.1353963, 48.4847716], [24.128137, 48.4887701], [24.1252993, 48.4918416], [24.1175589, 48.4949777], [24.1149056, 48.4972308], [24.1150283, 48.4998031], [24.1187847, 48.5016328], [24.1189729, 48.504326], [24.1220897, 48.5075459], [24.1229861, 48.5130753], [24.1269304, 48.5156867], [24.1328889, 48.5241057], [24.1316736, 48.5300416], [24.1282296, 48.5308373], [24.1241848, 48.534142], [24.1103094, 48.5335556], [24.1065427, 48.5290034], [24.1022182, 48.5253037], [24.0971494, 48.5245156], [24.0885965, 48.5271554], [24.0879436, 48.5196411], [24.0790914, 48.5162998], [24.0767312, 48.5124854], [24.0670132, 48.5176113], [24.0569534, 48.5136153], [24.0549148, 48.5139615], [24.0423347, 48.5092778], [24.0393314, 48.5040644], [24.0318758, 48.5007076], [24.0241697, 48.5034913], [24.0237385, 48.5047264], [24.0157331, 48.5050398], [24.0082043, 48.5032915], [24.0033799, 48.5061133], [23.9942076, 48.5018833], [23.9936562, 48.4988696], [23.990176, 48.4959721], [23.9885602, 48.4899998], [23.9830959, 48.4842793], [23.9807531, 48.479832], [23.9749192, 48.4783772], [23.973227, 48.4766317], [23.976212, 48.4716254], [23.9802108, 48.4691878], [23.9806815, 48.4658025], [23.9772008, 48.4633453], [23.9721755, 48.4620234], [23.9659113, 48.4584304], [23.9630886, 48.4578644], [23.9582157, 48.4592033], [23.951083, 48.4599253], [23.9452627, 48.4627134], [23.9403392, 48.4622664], [23.9377683, 48.4635222], [23.9257179, 48.4650961], [23.9197932, 48.4688262], [23.9161466, 48.4699639], [23.912183, 48.472893], [23.9083427, 48.4808105], [23.9089105, 48.4851136], [23.9150005, 48.4872849], [23.9131993, 48.4887805], [23.919126, 48.4932516], [23.9176523, 48.4991886], [23.9181904, 48.5037788], [23.9163692, 48.5055592], [23.9183576, 48.5091582], [23.9244363, 48.5123421], [23.9241139, 48.5157063], [23.9196, 48.5209282], [23.9216118, 48.5226429], [23.9178216, 48.5267673], [23.9198492, 48.5291691], [23.9147517, 48.532183], [23.9152702, 48.5351413], [23.9178589, 48.5364666], [23.9192474, 48.5431098], [23.9267834, 48.5471796], [23.9289158, 48.5523017], [23.9168984, 48.554066], [23.9128821, 48.5553011], [23.9105776, 48.5591434], [23.9074355, 48.5614717], [23.8970249, 48.5573397], [23.8932946, 48.5549644], [23.8868082, 48.5547838], [23.8813949, 48.5532317], [23.8777291, 48.5547683], [23.8699938, 48.5564673], [23.8621487, 48.5540611], [23.852798, 48.5566631], [23.8460976, 48.5592129], [23.839947, 48.5643037], [23.8323102, 48.567659], [23.8350885, 48.5725914], [23.8330534, 48.5760454], [23.8237231, 48.5795584], [23.819663, 48.5774244], [23.8168182, 48.5772962], [23.8082835, 48.5810415], [23.8040131, 48.5805843], [23.8023283, 48.5854], [23.7968684, 48.5878241], [23.7925121, 48.591274], [23.7914295, 48.5950515], [23.7959008, 48.5987751], [23.7964438, 48.6006736], [23.790372, 48.6023509], [23.786535, 48.6060369], [23.7863623, 48.6106361], [23.7878203, 48.6134249], [23.7936555, 48.6149317], [23.7957964, 48.6259173], [23.7942071, 48.6293407], [23.7973739, 48.630886], [23.7934567, 48.6369887], [23.7881437, 48.6408237], [23.7827713, 48.6413775], [23.7782624, 48.6434862], [23.7721905, 48.6409617], [23.7694897, 48.6420178], [23.7657836, 48.6458282], [23.7554634, 48.6438709], [23.7513774, 48.6457033], [23.7460549, 48.6465839], [23.7420813, 48.6459797], [23.7412916, 48.6436953], [23.7326504, 48.6380008], [23.719277, 48.6385768], [23.7155058, 48.6376835], [23.705195, 48.6389535], [23.698193, 48.6435533], [23.6876187, 48.646987], [23.6841285, 48.6502356], [23.6821743, 48.6553624], [23.6762625, 48.6605065], [23.6750563, 48.6644008], [23.6694817, 48.6670095], [23.6665568, 48.6663063], [23.6633907, 48.6676593], [23.6611823, 48.6727989], [23.6570033, 48.6736589], [23.6510852, 48.6788412], [23.6452476, 48.6806929], [23.6436682, 48.6825264], [23.637259, 48.6844323], [23.6395887, 48.6890518], [23.6393284, 48.69121], [23.6358064, 48.6940816], [23.6381893, 48.6980689], [23.6345761, 48.7014064], [23.6260087, 48.7065158], [23.6207743, 48.7056044], [23.617799, 48.7064727], [23.6136538, 48.7038273], [23.6068895, 48.706046], [23.6014279, 48.705064], [23.5964614, 48.7065494], [23.5967502, 48.709745], [23.5938293, 48.7119643], [23.5935148, 48.7165421], [23.5887561, 48.7186812], [23.5854908, 48.7183141], [23.5758977, 48.7231457], [23.57015, 48.7247717], [23.5658575, 48.7243492], [23.5593232, 48.7251556], [23.5522926, 48.7240221], [23.5482911, 48.7253697], [23.5405858, 48.723437], [23.5369169, 48.7248769], [23.5248261, 48.7274835], [23.5222266, 48.7294173], [23.5162682, 48.7317855], [23.5116075, 48.7347016], [23.5028849, 48.730421], [23.4994445, 48.7272583], [23.4964822, 48.7265247], [23.4897746, 48.7223792], [23.4835056, 48.7213258], [23.4792931, 48.721517], [23.4718862, 48.7182803], [23.468457, 48.7198779], [23.4667633, 48.7237748], [23.4585368, 48.7242745], [23.4544512, 48.725841], [23.4350581, 48.7256717], [23.4305652, 48.7262934], [23.4252101, 48.7297229], [23.421775, 48.7299833], [23.4156613, 48.7322359], [23.4097694, 48.7356986], [23.4042497, 48.733559], [23.3968405, 48.7328638], [23.3951127, 48.7337033], [23.3914183, 48.7393517], [23.3852094, 48.7418843], [23.3809222, 48.7418876], [23.3777134, 48.7440807], [23.3755268, 48.7491317], [23.376008, 48.7515804], [23.3742644, 48.7590641], [23.3692137, 48.7654983], [23.3638301, 48.7696228], [23.3607757, 48.7706201], [23.3555237, 48.7669066], [23.3536055, 48.7634411], [23.3425996, 48.7591484], [23.34023, 48.7566788], [23.3257529, 48.7533961], [23.3173124, 48.7534616], [23.316651, 48.756513], [23.3129603, 48.7598879], [23.3078431, 48.7612712], [23.3017925, 48.7657139], [23.2963503, 48.7675388], [23.2902331, 48.7737657], [23.2862111, 48.7757565], [23.2808252, 48.7748405], [23.2791318, 48.767077], [23.2724699, 48.7659603], [23.2677976, 48.7616465], [23.2593681, 48.7607767], [23.2533025, 48.7627372], [23.2476583, 48.7597773], [23.2401518, 48.7586492], [23.2310445, 48.7609385], [23.22475, 48.763466], [23.2162457, 48.7606366], [23.211103, 48.7610998], [23.2017233, 48.7603487], [23.1985451, 48.7628331], [23.1982809, 48.765158], [23.1921658, 48.7737889], [23.1924105, 48.7770627], [23.1885429, 48.7832368], [23.183639, 48.7873301], [23.1789164, 48.7927062], [23.1789804, 48.8007216], [23.1776786, 48.8059798], [23.1720584, 48.808099], [23.1698787, 48.8102287], [23.1695258, 48.8147414], [23.164312, 48.8187942], [23.1588988, 48.8257849], [23.153257, 48.8306206], [23.1453861, 48.8333597], [23.133557, 48.8340725], [23.1314873, 48.8395539], [23.131935, 48.8414012], [23.136286, 48.8457458], [23.1307058, 48.853355], [23.1280664, 48.8515198], [23.1246083, 48.8512421], [23.1212128, 48.8547569], [23.1173032, 48.8548334], [23.1145451, 48.8572145], [23.10424, 48.858428], [23.100236, 48.8621972], [23.0969773, 48.8628557], [23.0895657, 48.8614654], [23.0860978, 48.8594032], [23.0849941, 48.8547636], [23.0788611, 48.8543532], [23.0764292, 48.8531021], [23.0699407, 48.8548226], [23.0631842, 48.8518172], [23.0580648, 48.8470289], [23.0557153, 48.8473092], [23.051479, 48.8502994], [23.0450168, 48.8512903], [23.0395168, 48.850473], [23.0287936, 48.8464296], [23.0209955, 48.8478247], [23.0123392, 48.8413526], [23.0107614, 48.8363983], [23.0063009, 48.8338179], [23.0038266, 48.8341572], [23.0003524, 48.8307438], [22.9924104, 48.8346862], [22.9862672, 48.836128], [22.974838, 48.8446284], [22.9722092, 48.8500398], [22.9722273, 48.8592958], [22.9705402, 48.8617542], [22.9710424, 48.8682836], [22.9693111, 48.8710654], [22.9706841, 48.8738119], [22.9631776, 48.8771713], [22.9557332, 48.878035], [22.9500445, 48.8804775], [22.9472857, 48.8834527], [22.9415874, 48.8852886], [22.9392127, 48.8844565], [22.9290704, 48.888197], [22.9277714, 48.8903146], [22.9191307, 48.8948574], [22.9153505, 48.8958012], [22.9080506, 48.9000304], [22.9034389, 48.90143], [22.8988159, 48.9042337], [22.8909721, 48.9117482], [22.8901514, 48.9160471], [22.8861648, 48.9258523], [22.8836706, 48.9271825], [22.8778633, 48.93251], [22.8762148, 48.9377836], [22.8731228, 48.941116], [22.8722527, 48.9455299], [22.8737067, 48.9466583], [22.8731532, 48.9566746], [22.8803386, 48.960542], [22.8840209, 48.9611365], [22.8870399, 48.9633334], [22.8954698, 48.9659886], [22.8979857, 48.9686294], [22.9022203, 48.9694415], [22.9055185, 48.9662579], [22.9122136, 48.9656414], [22.9158072, 48.9672657], [22.9190777, 48.970365], [22.9157627, 48.9772252], [22.9187511, 48.981661], [22.9151988, 48.9846934], [22.9140114, 48.9892925], [22.9002089, 49.0014734], [22.8980202, 49.0050469], [22.8926472, 49.0046868], [22.8890964, 49.0067091], [22.8826434, 49.0068659], [22.8745058, 49.0039037], [22.8695315, 49.0040957], [22.8678265, 49.0028681], [22.8596669, 49.0020468], [22.8523242, 49.0031674], [22.8474068, 49.002505], [22.8439762, 49.0049276], [22.8444529, 49.0114168], [22.8426126, 49.0130552], [22.8384676, 49.0212587], [22.8358134, 49.022472], [22.8337495, 49.0260768], [22.8284308, 49.0249319], [22.8243181, 49.0227587], [22.8195939, 49.0246442], [22.8131892, 49.0251418], [22.8097132, 49.0310763], [22.8095073, 49.034644], [22.8001386, 49.0366403], [22.794865, 49.0394999], [22.7862238, 49.0464511], [22.7730502, 49.0518137], [22.7654949, 49.0535296], [22.7617671, 49.0521094], [22.7600872, 49.047293], [22.7549671, 49.0429456], [22.7520197, 49.0427928], [22.7487024, 49.0452546], [22.7440137, 49.0453882], [22.7353886, 49.0490301], [22.7274759, 49.0482529], [22.7242914, 49.0512494], [22.7178584, 49.0527767], [22.7146473, 49.0514718], [22.6991089, 49.0497001], [22.6944927, 49.0454772], [22.6887933, 49.0420809], [22.686491, 49.0397282], [22.6833305, 49.038864], [22.6799408, 49.0404231], [22.6712612, 49.0428133], [22.6692004, 49.0476351], [22.6629358, 49.0480365], [22.659887, 49.0471126], [22.6546798, 49.0497978], [22.647108, 49.0548584], [22.6459767, 49.0577733], [22.6397195, 49.059719], [22.638019, 49.0614507], [22.6316916, 49.0719096], [22.6311562, 49.0757613], [22.6256698, 49.0803221], [22.6182989, 49.0811944], [22.6132153, 49.0841422], [22.6050313, 49.0845121], [22.5998128, 49.0934979], [22.5916217, 49.0950321], [22.5844791, 49.0973116], [22.5794209, 49.0961376], [22.5775555, 49.0942639], [22.5692247, 49.0904501], [22.56571, 49.0879956], [22.565596, 49.083661], [22.562596, 49.081037], [22.553237, 49.079483], [22.5513087, 49.0630172], [22.551079, 49.030161], [22.5477, 49.025201], [22.5439811, 49.0230634], [22.53799, 49.021321], [22.539036, 49.018092], [22.545495, 49.006765], [22.5412, 49.005098], [22.53112, 49.002884], [22.526931, 49.0009957], [22.520821, 48.996746], [22.513875, 48.996627], [22.50546, 48.999917], [22.494998, 48.998387], [22.490337, 48.994107], [22.479692, 48.992838], [22.477309, 48.991182], [22.477412, 48.984139], [22.47406, 48.975135], [22.466227, 48.972943], [22.428291, 48.931736], [22.424921, 48.929329], [22.426294, 48.92437], [22.431179, 48.921887], [22.430843, 48.918083], [22.425988, 48.914229], [22.424568, 48.911704], [22.42258, 48.901512], [22.421124, 48.884602], [22.419314, 48.883524], [22.3945494, 48.8772034], [22.3943678, 48.8733599], [22.3906548, 48.8707624], [22.386731, 48.869662], [22.383536, 48.86504], [22.381282, 48.860039], [22.382043, 48.855961], [22.379174, 48.841093], [22.379947, 48.838875], [22.376133, 48.836441], [22.375913, 48.834026], [22.381726, 48.825696], [22.383698, 48.824503], [22.385701, 48.810844], [22.384936, 48.807534], [22.387019, 48.798946], [22.380839, 48.796487], [22.376176, 48.790208], [22.377188, 48.788453], [22.373369, 48.782445], [22.366333, 48.780507], [22.362285, 48.77824], [22.357935, 48.773012], [22.350285, 48.7716], [22.345697, 48.766147], [22.345619, 48.757125], [22.343005, 48.751175], [22.345178, 48.749389], [22.35006, 48.749196], [22.353908, 48.743228], [22.360124, 48.741828], [22.361795, 48.7302], [22.36013, 48.726144], [22.356974, 48.725646], [22.350692, 48.72032], [22.353701, 48.717838], [22.34557, 48.70589], [22.345695, 48.698584], [22.339611, 48.683893], [22.332093, 48.68271], [22.325232, 48.682982], [22.31849, 48.681577], [22.316396, 48.679868], [22.309752, 48.678853], [22.30708, 48.676818], [22.302546, 48.676376], [22.301381, 48.673194], [22.290805, 48.669323], [22.289302, 48.666295], [22.282272, 48.661549], [22.255422, 48.648337], [22.250294, 48.647399], [22.249669, 48.639469], [22.240504, 48.627708], [22.230949, 48.622228], [22.229986, 48.620548], [22.215702, 48.621273], [22.208484, 48.617421], [22.203471, 48.61143], [22.195121, 48.609151], [22.189524, 48.610004], [22.187467, 48.603548], [22.183819, 48.602387], [22.171379, 48.587537], [22.1609681, 48.5672614], [22.158285, 48.527041], [22.155583, 48.514988], [22.153156, 48.512821], [22.154561, 48.509803], [22.150357, 48.490249], [22.14153, 48.452671], [22.1376904, 48.4326494], [22.14024, 48.428514], [22.137889, 48.42504], [22.137059, 48.418795], [22.138287, 48.414586], [22.142802, 48.411285], [22.142326, 48.405255], [22.143973, 48.403844], [22.152432, 48.403959], [22.155256, 48.403388], [22.1552806, 48.4082409], [22.1572029, 48.4101036], [22.1630757, 48.4123184], [22.1698079, 48.4135021], [22.1781574, 48.4137252], [22.1829396, 48.4145015], [22.1886791, 48.4166607], [22.1934128, 48.4202084], [22.1999252, 48.4237043], [22.2073947, 48.425715], [22.2130251, 48.4254131], [22.2153639, 48.4242739], [22.2246766, 48.4158007], [22.2291827, 48.4128098], [22.2344077, 48.4107232], [22.2410353, 48.4096582], [22.2524536, 48.411001], [22.2594975, 48.4111177], [22.2651338, 48.409986], [22.2653711, 48.4077463], [22.2620666, 48.4004741], [22.2552109, 48.3921537], [22.2494926, 48.3904274], [22.2432032, 48.3897183], [22.2398761, 48.3870056], [22.2413561, 48.3851879], [22.2463488, 48.3833759], [22.2537321, 48.3784704], [22.2587836, 48.3699212], [22.2672826, 48.3612219], [22.2943708, 48.3567319], [22.2979347, 48.3547705], [22.304257, 48.3542728], [22.3178106, 48.3545437], [22.3199238, 48.3497164], [22.3174355, 48.3456252], [22.3203234, 48.3387438], [22.3152092, 48.3284548], [22.3126717, 48.3273456], [22.3150391, 48.3235554], [22.3196445, 48.322079], [22.3185965, 48.3172041], [22.3211431, 48.3143459], [22.3279599, 48.312817], [22.3290893, 48.3106016], [22.3372945, 48.3079114], [22.33793, 48.3014259], [22.3402731, 48.2956329], [22.3368808, 48.2903472], [22.3409246, 48.2826463], [22.3384267, 48.2792074], [22.3494567, 48.271323], [22.3510755, 48.2721439], [22.3603068, 48.2653966], [22.3658867, 48.256161], [22.3669731, 48.2515782], [22.3708837, 48.2464843], [22.3691105, 48.245103], [22.3847548, 48.2339633], [22.3873884, 48.238831], [22.3946421, 48.2411909], [22.3963246, 48.2455622], [22.4006473, 48.2491985], [22.4196481, 48.2505759], [22.4198432, 48.2487921], [22.4329463, 48.2466155], [22.4299203, 48.2509939], [22.4328385, 48.2525166], [22.4362977, 48.2503327], [22.4403993, 48.2502124], [22.4459084, 48.2458087], [22.447296, 48.2436233], [22.456386, 48.242311], [22.46203, 48.2446496], [22.4660904, 48.2445118], [22.4697164, 48.2473374], [22.476731, 48.2495234], [22.4805591, 48.2496892], [22.4829963, 48.2512762], [22.4899699, 48.2527594], [22.5014498, 48.2492092], [22.4988748, 48.2466943], [22.5034924, 48.2452313], [22.4972202, 48.2395546], [22.5030005, 48.2394138], [22.5161491, 48.2379651], [22.5162873, 48.233515], [22.512995, 48.2296858], [22.5136141, 48.2258558], [22.5216009, 48.2204092], [22.5239654, 48.2165126], [22.5298484, 48.212445], [22.5311089, 48.2094282], [22.5366354, 48.2105585], [22.5438904, 48.2084122], [22.5513007, 48.203605], [22.557583, 48.1983168], [22.5711443, 48.1961428], [22.5718437, 48.1904617], [22.5682467, 48.184364], [22.5620673, 48.184631], [22.5613894, 48.1815208], [22.5656778, 48.1789055], [22.5670257, 48.1730941], [22.5692617, 48.171514], [22.5724726, 48.1665795], [22.5750223, 48.159262], [22.5778087, 48.1581058], [22.5829015, 48.1595523], [22.5862095, 48.1540184], [22.5894228, 48.1510091], [22.5922149, 48.1518528], [22.5982449, 48.144756], [22.5967218, 48.1434795], [22.5919153, 48.1432505], [22.5881388, 48.1395849], [22.5955202, 48.1350165], [22.5928189, 48.1321822], [22.5926176, 48.1231561], [22.6001107, 48.1167948], [22.5926019, 48.1131164], [22.5902764, 48.1073415], [22.5950937, 48.1076517], [22.6029681, 48.1038209], [22.6135663, 48.1036107], [22.6197055, 48.105618], [22.6246977, 48.103229], [22.6284146, 48.0998502], [22.6343357, 48.0960678], [22.6508796, 48.0949499], [22.6561475, 48.0956737], [22.6677458, 48.0919125], [22.6755298, 48.091997], [22.679121, 48.0935766], [22.6857698, 48.0986044], [22.6932156, 48.1016208], [22.7019195, 48.1064043], [22.7050388, 48.1098096], [22.7134706, 48.1107908], [22.720145, 48.1150746], [22.7277732, 48.1145088], [22.7310356, 48.1157455], [22.7325975, 48.1184134], [22.7372404, 48.1194909], [22.7443021, 48.1175631], [22.7506424, 48.1200411], [22.755488, 48.120524], [22.758555, 48.1188252], [22.7597237, 48.1145016], [22.7634573, 48.110483], [22.7683382, 48.1089291], [22.7765905, 48.1107217], [22.7777095, 48.1125767], [22.7715632, 48.1162549], [22.769798, 48.1195943], [22.7716327, 48.1216856], [22.7753608, 48.1218674], [22.7800764, 48.1206943], [22.7886428, 48.1168358], [22.7927126, 48.1170993], [22.7979197, 48.1219687], [22.8051725, 48.1212527], [22.8068134, 48.1181528], [22.8017557, 48.1114714], [22.8026699, 48.1068807], [22.8062572, 48.1061771], [22.8103509, 48.1087221], [22.8108193, 48.112414], [22.8148308, 48.1178083], [22.819966, 48.118704], [22.8268352, 48.1157082], [22.8315125, 48.1094485], [22.831502, 48.1058907], [22.8285281, 48.1023255], [22.8279608, 48.0962348], [22.8306061, 48.0936287], [22.8340733, 48.0935631], [22.8336671, 48.0887782], [22.8365287, 48.0856122], [22.8367041, 48.0801653], [22.8400434, 48.079353], [22.8448127, 48.0833722], [22.8485349, 48.0831141], [22.8517553, 48.0794603], [22.8575048, 48.0775496], [22.8581601, 48.075152], [22.8611983, 48.074073], [22.8616875, 48.0706089], [22.8598097, 48.0664813], [22.8625611, 48.0642606], [22.8629933, 48.0605291], [22.8610133, 48.0576242], [22.8696262, 48.0513832], [22.8723115, 48.0550846], [22.8771605, 48.0542979], [22.881463, 48.0548231], [22.8819801, 48.0524484], [22.880506, 48.0360613], [22.8783501, 48.033597], [22.8727529, 48.0247285], [22.865103, 48.02069], [22.864878, 48.0114208], [22.8590771, 48.009693], [22.8501541, 48.0025446], [22.8474929, 48.0024818], [22.8445869, 47.9980968], [22.836384, 47.9902272], [22.8426092, 47.9878419], [22.8440146, 47.984448], [22.8528123, 47.9802237], [22.8553458, 47.9806344], [22.8585571, 47.9767772], [22.8729055, 47.9748478], [22.8714516, 47.9724331], [22.8727216, 47.9702006], [22.867775, 47.9681129], [22.8781638, 47.9680357], [22.8775119, 47.9646549], [22.8796542, 47.9635098], [22.8837041, 47.9652329], [22.8920319, 47.9672726], [22.8935924, 47.9634453], [22.8914336, 47.9585773], [22.8961066, 47.9571085], [22.8977094, 47.9540405], [22.9011732, 47.954599], [22.9080989, 47.9601174], [22.9133133, 47.9598803], [22.9135415, 47.9574424], [22.9197775, 47.957307], [22.9225093, 47.9596854], [22.9293871, 47.9591675], [22.9368303, 47.9637316], [22.9418246, 47.9641177], [22.9420425, 47.965713], [22.9473412, 47.9671443], [22.9438372, 47.9698717], [22.9433373, 47.9750398], [22.9399393, 47.9839184], [22.9401687, 47.9884752], [22.937685, 47.995492], [22.9351986, 47.9990278], [22.9281846, 47.9997529], [22.9227424, 48.0026765], [22.9201004, 48.0069153], [22.9220987, 48.0102063], [22.9216802, 48.0143996], [22.9272874, 48.0191694], [22.9441641, 48.0166953], [22.9441296, 48.0152001], [22.9498146, 48.0121277], [22.9510617, 48.0128799], [22.960832, 48.0076997], [22.9629824, 48.0115791], [22.9775954, 48.009982], [22.9772331, 48.006818], [22.9866995, 48.0053821], [22.9866686, 48.0039871], [22.9919567, 48.0031717], [22.9955518, 48.0013371], [22.9967376, 47.9959714], [23.0065249, 47.9953888], [23.0111181, 47.9938381], [23.0131979, 47.9907838], [23.0172261, 47.9905621], [23.0238263, 47.9917314], [23.0251046, 47.994601], [23.0312056, 48.0003353], [23.0571178, 48.0034732], [23.0653616, 48.0076854], [23.0740469, 48.0086099], [23.0782857, 48.0076791], [23.0843422, 48.0048937], [23.0908274, 48.0060152], [23.092017, 48.0097572], [23.0969439, 48.015626], [23.0902378, 48.01657], [23.0895125, 48.0190716], [23.0925593, 48.0221853], [23.0970966, 48.0235303], [23.1012755, 48.0260345], [23.1091183, 48.0354513], [23.109129, 48.0384912], [23.1005824, 48.0411858], [23.098062, 48.0444292], [23.1106644, 48.0523081], [23.112184, 48.0545581], [23.1090753, 48.0588339], [23.1123288, 48.0617308], [23.1064601, 48.0635968], [23.1055429, 48.0660902], [23.1136892, 48.0694632], [23.117816, 48.0765109], [23.1206013, 48.0759234], [23.1236349, 48.0818215], [23.1143197, 48.0863517], [23.1179828, 48.0877337], [23.1187835, 48.0902671], [23.1271238, 48.0921375], [23.1303451, 48.0955843], [23.1363412, 48.0960349], [23.1464746, 48.0997107], [23.1512511, 48.1127037], [23.1568797, 48.1144587], [23.1654856, 48.115243], [23.1665546, 48.1198085], [23.1717311, 48.1178673], [23.174652, 48.1199784], [23.181072, 48.1176163], [23.1817656, 48.1123634], [23.1868571, 48.1112705], [23.1878858, 48.1049168], [23.1852802, 48.1034789], [23.1899244, 48.0994793], [23.1895098, 48.0977735], [23.1959699, 48.0975048], [23.211518, 48.094709], [23.2193515, 48.0941727], [23.2229341, 48.0932748], [23.2293348, 48.0930737], [23.2356846, 48.0917415], [23.2419085, 48.0941554], [23.2462545, 48.0916626], [23.2488278, 48.0943785], [23.2519946, 48.1006134], [23.2559775, 48.1010303], [23.2676437, 48.1000756], [23.2692539, 48.0916519], [23.2693574, 48.0858233], [23.2710097, 48.0841823], [23.2811195, 48.0818357], [23.28106, 48.08115], [23.28878, 48.07463], [23.29102, 48.07188], [23.28535, 48.07033], [23.28209, 48.06433], [23.2765371, 48.059736], [23.2841491, 48.0503882], [23.287755, 48.0498756], [23.2879691, 48.04679], [23.29514, 48.04441], [23.3032, 48.04338], [23.31093, 48.04441], [23.32157, 48.04167], [23.32604, 48.03703], [23.33428, 48.03858], [23.33736, 48.03738], [23.33754, 48.03532], [23.33342, 48.03411], [23.32878, 48.02399], [23.33325, 48.02107], [23.33513, 48.02124], [23.34166, 48.01832], [23.34715, 48.02072], [23.37341, 48.00991], [23.37547, 48.00871], [23.37547, 48.00407], [23.3785844, 48.0031822], [23.3844423, 48.0043523], [23.38835, 48.00424], [23.3948807, 48.0007821], [23.3993276, 48.0012097], [23.4034228, 47.9989642], [23.4016525, 47.995021], [23.4049451, 47.991846], [23.411634, 47.9898103], [23.4174228, 47.9866473], [23.422991, 47.9889595], [23.4306943, 47.9891605], [23.4335825, 47.990505], [23.4373355, 47.9843063], [23.4365415, 47.9830137], [23.4462429, 47.9812359], [23.4499097, 47.9765788], [23.45478, 47.97626], [23.4616268, 47.9738083], [23.4748489, 47.9740685], [23.4804688, 47.9732327], [23.4881461, 47.970712], [23.4889841, 47.9691374], [23.4936973, 47.9678959], [23.50113, 47.96871], [23.50422, 47.97146], [23.5025, 47.97352], [23.50285, 47.97678], [23.51006, 47.98365], [23.514, 47.98965], [23.51967, 47.99394], [23.52173, 47.99669], [23.52705, 48.01609], [23.5297268, 48.0217884], [23.531878, 48.0182549], [23.5373765, 48.0126103], [23.5404181, 48.010493], [23.5490441, 48.0099942], [23.5552193, 48.0086628], [23.5632116, 48.0042159], [23.5679854, 48.0027705], [23.5775655, 48.0046498], [23.5857308, 48.0037303], [23.589272, 48.0068725], [23.5938284, 48.0084587], [23.6011305, 48.0060065], [23.6101514, 48.0082763], [23.6161003, 48.0081006], [23.6165406, 48.0040974], [23.6231084, 48.0038715], [23.6283712, 48.0021671], [23.6373196, 48.0025215], [23.6426018, 47.9998546], [23.6449942, 47.992591], [23.6592642, 47.9877467], [23.6626867, 47.984526], [23.6663345, 47.9834812], [23.6732573, 47.9862531], [23.6866982, 47.9873236], [23.6927441, 47.9894811], [23.7029087, 47.9919758], [23.7073347, 47.993973], [23.7108709, 47.9916886], [23.71482, 47.991624], [23.7185543, 47.9949951], [23.7221954, 47.9953642], [23.7275221, 47.9928674], [23.7310015, 47.9924201], [23.7362906, 47.9946003], [23.7431518, 47.995717], [23.7509046, 47.9983084], [23.7527469, 47.99744], [23.7572346, 47.991879], [23.7663158, 47.9953762], [23.7703362, 47.9951189], [23.7800442, 47.9927896], [23.7868863, 47.9877531], [23.7899977, 47.9862883], [23.7997236, 47.9864215], [23.8083743, 47.9842559], [23.8184479, 47.9833914], [23.821501, 47.9800014], [23.8211113, 47.9781517], [23.82584, 47.9748029], [23.8319045, 47.9680871], [23.8359891, 47.9662242], [23.8340516, 47.9636797], [23.8409497, 47.959065], [23.8417054, 47.954136], [23.8404742, 47.9501564], [23.8444037, 47.9431297], [23.8480852, 47.9398069], [23.8520462, 47.939481], [23.8555455, 47.9355753], [23.8642731, 47.9317372], [23.8667251, 47.9320321], [23.8729472, 47.936173], [23.8783367, 47.9413982], [23.8822738, 47.9435772], [23.8887158, 47.9426335], [23.8935907, 47.94318], [23.8986711, 47.9452705], [23.9111923, 47.9466424], [23.9210916, 47.9457265], [23.9318605, 47.9490083], [23.9394605, 47.9475006], [23.9459226, 47.9521577], [23.9489078, 47.9572621], [23.9494454, 47.9625477], [23.9542266, 47.9633246], [23.9636513, 47.9623409], [23.9671249, 47.9628113], [23.9676481, 47.9657562], [23.9722748, 47.9678072], [23.97872, 47.9677375], [23.980553, 47.9661528], [23.9786816, 47.9609458], [23.9938766, 47.9614045], [23.9980245, 47.9624709], [24.0054863, 47.9672822], [24.0101215, 47.9666843], [24.0223685, 47.9594052], [24.0276629, 47.9551569], [24.0323093, 47.9490832], [24.0359192, 47.9492793], [24.0403212, 47.951331], [24.0502132, 47.9533247], [24.0550945, 47.9525059], [24.0577965, 47.9534624], [24.0640365, 47.9531614], [24.0680608, 47.9488838], [24.0802725, 47.9444969], [24.0991924, 47.9354776], [24.0991728, 47.9309707], [24.1006845, 47.9278885], [24.111714, 47.9151949], [24.1141886, 47.9146745], [24.1216802, 47.9157384], [24.1303838, 47.9159847], [24.138532, 47.9120724], [24.1440386, 47.912697], [24.1503417, 47.9169137], [24.1623495, 47.9155459], [24.165184, 47.920124], [24.1690311, 47.9184747], [24.1773783, 47.9167472], [24.1813438, 47.9147972], [24.19687, 47.91618], [24.2025577, 47.9109101], [24.2058, 47.91035], [24.212959, 47.906369], [24.218356, 47.90107], [24.21858, 47.897545], [24.2282284, 47.8974709], [24.24013, 47.90022], [24.254744, 47.906196], [24.2652287, 47.9073354], [24.273032, 47.906053], [24.27876, 47.90623], [24.2882527, 47.9098148], [24.2979597, 47.9113621], [24.303945, 47.917153], [24.308462, 47.917889], [24.3151629, 47.9220924], [24.3192461, 47.9228966], [24.3249358, 47.9260139], [24.3280485, 47.9221035], [24.334437, 47.917821], [24.3387885, 47.9181921], [24.3452283, 47.9144984], [24.3491371, 47.9151885], [24.3609913, 47.9196607], [24.3816838, 47.9265068], [24.3805062, 47.9336602], [24.3831182, 47.9399333], [24.3864217, 47.9411483], [24.3882872, 47.9442659], [24.3924662, 47.9484034], [24.392279, 47.9528154], [24.3976722, 47.9558894], [24.4012763, 47.9557796], [24.40691, 47.9590433], [24.4112046, 47.9602229], [24.418417, 47.9604578], [24.4284125, 47.9676958], [24.436135, 47.9703831], [24.4475296, 47.9639853], [24.450555, 47.9632218], [24.4582472, 47.9630269], [24.464318, 47.9619499], [24.4722101, 47.9631804], [24.4850672, 47.9577803], [24.4874093, 47.9558845], [24.4958548, 47.9553616], [24.501856, 47.9523426], [24.507589, 47.951848], [24.51239, 47.95257], [24.52372, 47.95978], [24.5272455, 47.9615832], [24.5310591, 47.960613], [24.5370067, 47.9618359], [24.5470189, 47.9604481], [24.552554, 47.9585476], [24.5560919, 47.9612445], [24.556527, 47.9633816], [24.5629372, 47.9686753], [24.5646626, 47.9714073], [24.5643246, 47.9772539], [24.5665508, 47.9824876], [24.5661592, 47.9883132], [24.5685169, 47.9950751], [24.5678464, 47.9967731], [24.5735487, 47.9990202], [24.5705634, 48.0040543], [24.5737419, 48.0095904], [24.5742112, 48.0138412], [24.5799619, 48.020458], [24.5886281, 48.0249896], [24.5930269, 48.0318937], [24.5956045, 48.0343043], [24.6006095, 48.0369426], [24.6084845, 48.0361409], [24.6125346, 48.037104], [24.6154529, 48.0412413], [24.6230489, 48.045737], [24.6272952, 48.0468543], [24.6257687, 48.0529575], [24.6212921, 48.0590351], [24.621563, 48.0615896], [24.6194199, 48.0648108], [24.6155391, 48.0666964], [24.6106379, 48.0707386], [24.6096809, 48.0745999], [24.6044911, 48.0769492], [24.6042914, 48.0807137], [24.6011162, 48.0827211], [24.6007398, 48.0850577], [24.597967, 48.0866347], [24.5956747, 48.0907143], [24.588286, 48.0916077], [24.585488, 48.0930951], [24.5811315, 48.0974113], [24.577263, 48.0999701], [24.5765372, 48.1018411], [24.569115, 48.1042839], [24.5590386, 48.1052515], [24.5571581, 48.1083823], [24.5585329, 48.1127644], [24.5543966, 48.1179534], [24.5496581, 48.1194688], [24.5442289, 48.1198037], [24.5301412, 48.1242398], [24.5331939, 48.1282894], [24.531455, 48.1352815], [24.5266188, 48.1373766], [24.5232361, 48.1428755], [24.5133122, 48.1493064], [24.5035529, 48.152684], [24.4999444, 48.1601536], [24.5038901, 48.1640633], [24.5057338, 48.1675643], [24.5121755, 48.1721304], [24.5174969, 48.1727315], [24.5186308, 48.1745361], [24.5161706, 48.1776182], [24.5110362, 48.1793079], [24.5101802, 48.1864333], [24.5168372, 48.1883007], [24.5255341, 48.1956978], [24.5208489, 48.2007182], [24.5249568, 48.2026852], [24.5288017, 48.210431], [24.5315453, 48.2126332], [24.5388235, 48.2137552], [24.5455697, 48.216027], [24.5379194, 48.2259399], [24.5319049, 48.2289595], [24.526199, 48.2335056], [24.5199611, 48.2366976], [24.5063316, 48.2395811], [24.4985399, 48.2420927], [24.4910268, 48.2431321], [24.4851822, 48.2432432], [24.4835622, 48.2473185], [24.4850728, 48.2517856], [24.4870644, 48.2528038], [24.4864631, 48.2571025], [24.4886638, 48.262346], [24.4870731, 48.2700267], [24.4903555, 48.2724086], [24.488186, 48.2798435], [24.4817605, 48.2837124], [24.4756677, 48.2828797], [24.4746922, 48.2849624], [24.4708625, 48.2866163], [24.468203, 48.290445], [24.4596736, 48.2924374], [24.4595498, 48.2974108], [24.4512214, 48.2992651], [24.4451933, 48.3027614], [24.439453, 48.308615], [24.4410259, 48.3122371], [24.4388152, 48.3149043], [24.4317149, 48.3129704], [24.4286294, 48.3149185], [24.428057, 48.3189071], [24.4161095, 48.3260049], [24.4156619, 48.3278256], [24.4180885, 48.3308586], [24.416855, 48.3320195], [24.4118204, 48.3315426], [24.4045916, 48.3330891], [24.4031337, 48.3351521], [24.398082, 48.33354], [24.3922201, 48.335734], [24.3918747, 48.3392129], [24.389696, 48.3417813], [24.3858563, 48.3421816], [24.384229, 48.3455755], [24.3802821, 48.3452165], [24.3719968, 48.3499752], [24.3626036, 48.3494361], [24.3551473, 48.3534825], [24.3544319, 48.3561218], [24.3512206, 48.359103], [24.3515732, 48.3651828], [24.3539422, 48.3702199], [24.3583242, 48.3732724], [24.3542955, 48.3783626], [24.3492864, 48.381652], [24.3446987, 48.3813432], [24.3443314, 48.3833175], [24.3397118, 48.3858806], [24.3352494, 48.3863551], [24.3303505, 48.3892591], [24.3239231, 48.3887623], [24.3194818, 48.38944], [24.3163413, 48.3928009], [24.312349, 48.3935086], [24.3036097, 48.3968955], [24.297691, 48.3979959], [24.2890778, 48.3983902], [24.2848447, 48.3957099], [24.2811714, 48.3917117], [24.2823902, 48.3886621], [24.286198, 48.3849086], [24.2890187, 48.3806582], [24.2834841, 48.3785569], [24.2822357, 48.3746412], [24.2748431, 48.3716386], [24.2730754, 48.3680802], [24.2738075, 48.3651179], [24.269322, 48.3627424], [24.2672744, 48.3602706], [24.2683963, 48.3584313], [24.2658014, 48.3548034], [24.2625209, 48.3537681], [24.2578241, 48.3496528], [24.2544556, 48.3502757], [24.2496334, 48.3545887], [24.2481109, 48.3570704], [24.2398902, 48.3587693], [24.2277151, 48.3559581], [24.2222626, 48.3573579], [24.2177177, 48.3595969], [24.2093646, 48.3651373], [24.2041367, 48.3635448], [24.1992403, 48.3637628], [24.1926348, 48.3664572], [24.1892277, 48.3662645], [24.1845912, 48.3640329], [24.1801795, 48.3644171], [24.1783941, 48.3667029]]]}, "properties": {"name": "Закарпатська область", "type": "oblast", "id": "zakarpattia_oblast"}}, {"type": "Feature", "geometry": {"type": "Polygon", "coordinates": [[[34.9477403, 46.50705], [34.9578811, 46.500283], [35.0196957, 46.4786555], [35.0546771, 46.4818658], [35.0695027, 46.3794352], [35.0567539, 46.3752108], [35.0720342, 46.2995725], [35.128223, 46.3020878], [35.2274451, 46.2812001], [35.2780627, 46.264581], [35.3757487, 46.1944895], [35.4680391, 46.1464862], [35.5029123, 46.175615], [35.5307274, 46.2137275], [35.5649494, 46.2423974], [35.5819369, 46.2628108], [35.6335757, 46.2813135], [35.6852912, 46.3127683], [35.720357, 46.3483463], [35.7671261, 46.363062], [35.7957952, 46.3763338], [35.8444224, 46.409999], [35.8790922, 46.3720979], [35.9055027, 46.3526211], [35.9355103, 46.335802], [35.968556, 46.3219563], [36.0040241, 46.3113444], [36.0412541, 46.3041657], [36.0795523, 46.3005555], [36.1182054, 46.3005817], [36.1564934, 46.3042438], [36.1937029, 46.3114728], [36.2291409, 46.3221328], [36.2621471, 46.3360231], [36.2921069, 46.3528828], [36.318462, 46.3723951], [36.3407215, 46.3941939], [36.3584708, 46.4178707], [36.4085639, 46.4393093], [36.4344772, 46.4550273], [36.4763173, 46.4927262], [36.4987834, 46.5281547], [36.5457041, 46.5356505], [36.5866935, 46.5043376], [36.6440533, 46.4780587], [36.7093378, 46.4628902], [36.778098, 46.4598754], [36.8123177, 46.4630239], [36.8618005, 46.4734327], [36.8927349, 46.4839878], [36.9473173, 46.5129313], [36.9891574, 46.5505902], [37.015404, 46.5943828], [37.024161, 46.6389232], [37.0644985, 46.6616796], [37.097886, 46.6898727], [37.1333852, 46.6979828], [37.1687215, 46.710379], [37.0624638, 46.8839559], [37.0214221, 46.9278993], [37.092348, 46.9683681], [37.1026884, 46.9599756], [37.1411334, 46.9819937], [37.0893372, 47.0074623], [37.1249171, 47.0391072], [37.0986952, 47.0592489], [37.081212, 47.0474791], [36.9854531, 47.0797697], [37.0092541, 47.0849283], [37.0020061, 47.1009728], [37.0022217, 47.1271634], [36.9835274, 47.1244045], [36.97378, 47.1396525], [36.9540581, 47.150135], [36.946181, 47.1601047], [36.9242413, 47.1702909], [36.9083458, 47.1655183], [36.9001958, 47.1735257], [36.8775763, 47.176965], [36.8590567, 47.189587], [36.8547708, 47.1991557], [36.8917618, 47.2000037], [36.894083, 47.2059071], [36.9308514, 47.2069799], [36.9313312, 47.2005647], [36.9625814, 47.2016615], [36.9491667, 47.2283417], [36.934741, 47.293757], [36.9260221, 47.3194161], [36.9466004, 47.3109951], [37.0264564, 47.3147836], [37.0364201, 47.3000354], [37.0837011, 47.3147193], [37.0922697, 47.3300747], [37.1221769, 47.3403728], [37.106553, 47.3759571], [37.146039, 47.3811051], [37.1619798, 47.341438], [37.2034197, 47.3557556], [37.1945741, 47.3733558], [37.2320059, 47.437834], [37.2470878, 47.4558253], [37.2451667, 47.4691811], [37.189947, 47.4691507], [37.1959706, 47.4789319], [37.1797983, 47.4836571], [37.1577018, 47.4548597], [37.0843387, 47.4961072], [37.0742173, 47.4936995], [37.0210271, 47.5527976], [37.0015961, 47.5388645], [36.9800607, 47.5607131], [36.9667558, 47.553407], [36.9443387, 47.5761317], [36.8934106, 47.5449148], [36.8303171, 47.6242291], [36.7646269, 47.600787], [36.7481032, 47.6065962], [36.7452576, 47.6217404], [36.7662122, 47.623444], [36.765849, 47.6341133], [36.725195, 47.6310934], [36.7182719, 47.6588466], [36.7548069, 47.6619953], [36.7814599, 47.6711125], [36.7894833, 47.6846898], [36.7133797, 47.6788709], [36.699959, 47.7324982], [36.685659, 47.7308949], [36.6713057, 47.7935819], [36.5878379, 47.7845698], [36.5885271, 47.8165077], [36.5993301, 47.8178481], [36.608341, 47.8397404], [36.6047014, 47.8508377], [36.5209169, 47.8364524], [36.5228575, 47.828813], [36.4759563, 47.824198], [36.4490522, 47.8240875], [36.421847, 47.8289118], [36.3767052, 47.8299891], [36.3744194, 47.837979], [36.324133, 47.8394667], [36.3326449, 47.820649], [36.2754525, 47.8153599], [36.2661856, 47.833203], [36.1975738, 47.8325454], [36.1787749, 47.8506565], [36.1016634, 47.8425887], [36.0958889, 47.8500811], [36.0736508, 47.8488326], [36.0685622, 47.8674888], [36.0540611, 47.8800013], [36.0807874, 47.8832195], [36.0872019, 47.8612274], [36.1192273, 47.8647615], [36.1169226, 47.8709357], [36.1301856, 47.8903331], [36.1277127, 47.9019169], [36.1103646, 47.924578], [36.1087035, 47.9417691], [36.0850119, 47.9303057], [36.0619976, 48.0010325], [36.0416478, 48.0039192], [36.0344335, 48.0187162], [36.0655311, 48.0251985], [36.0524844, 48.0590719], [35.9752911, 48.043179], [35.9878161, 48.0592888], [35.9693989, 48.0725478], [35.9854313, 48.0847805], [35.9665982, 48.0947947], [35.920633, 48.0820667], [35.8168631, 48.0661227], [35.8071672, 48.0980801], [35.7831565, 48.0941682], [35.7560005, 48.098353], [35.7428249, 48.0957479], [35.7034121, 48.1402147], [35.6805811, 48.1305586], [35.5535398, 48.0839004], [35.5241386, 48.0746014], [35.5194175, 48.0944868], [35.4856094, 48.0949666], [35.4620026, 48.1017175], [35.4212624, 48.1001881], [35.4162676, 48.1096858], [35.3807259, 48.1184547], [35.3376179, 48.1238301], [35.3033693, 48.1416419], [35.278903, 48.1446981], [35.2418637, 48.1346782], [35.218085, 48.1426864], [35.1945477, 48.1403684], [35.1790221, 48.1311071], [35.1545445, 48.1285755], [35.1026633, 48.1317639], [35.0827399, 48.1229596], [35.0550664, 48.1184153], [35.0360399, 48.0980534], [34.9902585, 48.0891896], [34.9855916, 48.0966064], [34.9297378, 48.0903267], [34.9147229, 48.0909369], [34.9116864, 48.1136994], [34.9158128, 48.1306035], [34.881325, 48.1271159], [34.8551126, 48.133049], [34.8756638, 48.0544638], [34.8392142, 48.0505126], [34.8465192, 48.0136198], [34.8583305, 48.0151785], [34.8695389, 47.9823938], [34.9048844, 47.9857185], [34.9190894, 47.9334607], [34.8810268, 47.9289083], [34.8764227, 47.9419506], [34.8492, 47.9377732], [34.8516809, 47.9209705], [34.8019738, 47.915638], [34.8171129, 47.8643294], [34.864016, 47.8794002], [34.8708044, 47.8506261], [34.8972316, 47.8528148], [34.9033773, 47.8295927], [34.8788837, 47.8184011], [34.8935727, 47.7601605], [34.9574977, 47.7695877], [34.9649274, 47.7402064], [34.9544831, 47.7390806], [34.9560414, 47.7123379], [34.9298855, 47.7115927], [34.93824, 47.6774], [34.9057129, 47.6738848], [34.9163019, 47.6336869], [34.9330849, 47.6356515], [34.9420904, 47.6010127], [34.9359785, 47.5824982], [34.9569205, 47.5685842], [34.965296, 47.5478479], [34.9529607, 47.5339938], [34.9383309, 47.5271275], [34.8996211, 47.5182247], [34.8622727, 47.5150718], [34.7963243, 47.5370197], [34.7355014, 47.5389117], [34.6696871, 47.5556503], [34.6291523, 47.5610366], [34.572379, 47.5616158], [34.5280762, 47.5536807], [34.4688614, 47.532118], [34.4240417, 47.5301679], [34.3457294, 47.5218916], [34.299975, 47.5191405], [34.2681162, 47.508853], [34.2341536, 47.4943982], [34.2073873, 47.4882571], [34.1394646, 47.4772499], [34.2126653, 47.4550758], [34.2271594, 47.4481234], [34.2481985, 47.4239013], [34.2563617, 47.3942107], [34.2529149, 47.3911219], [34.2599647, 47.3606487], [34.2711741, 47.3622316], [34.2834383, 47.3263116], [34.282583, 47.3176625], [34.2929939, 47.2743463], [34.3053474, 47.269141], [34.3290637, 47.2907036], [34.3576058, 47.2933836], [34.3695731, 47.2835733], [34.4012258, 47.2871716], [34.3987212, 47.2983781], [34.4187949, 47.3009396], [34.4134848, 47.3233412], [34.4901169, 47.3319828], [34.5054386, 47.3351652], [34.5161124, 47.3184443], [34.4794346, 47.3151248], [34.4877638, 47.2799494], [34.5182002, 47.2835488], [34.5300976, 47.2507598], [34.4908861, 47.2468443], [34.5195021, 47.1047491], [34.5529108, 47.1020308], [34.5672697, 47.0244915], [34.5916567, 47.0267916], [34.5996222, 46.9917725], [34.6174822, 46.9933158], [34.6238427, 46.9733971], [34.6809711, 46.9791411], [34.6854556, 46.9558631], [34.7364408, 46.9613595], [34.7525692, 46.8795369], [34.8046826, 46.8825274], [34.8132724, 46.8330884], [34.8165539, 46.8284506], [34.7581324, 46.8227066], [34.7675765, 46.7809131], [34.7501431, 46.7805134], [34.7504856, 46.7578954], [34.7350052, 46.7473443], [34.6586929, 46.7403319], [34.6612754, 46.7271564], [34.6252257, 46.723972], [34.6322356, 46.6876186], [34.6808284, 46.6919901], [34.6835688, 46.6772691], [34.7461772, 46.6832188], [34.7563087, 46.6269756], [34.7131884, 46.6192518], [34.7232991, 46.5814666], [34.748275, 46.5841895], [34.7576007, 46.5493238], [34.8912198, 46.5625704], [34.8950368, 46.5376268], [34.885143, 46.5367184], [34.8903832, 46.5069693], [34.9457548, 46.5122707], [34.9477403, 46.50705]]]}, "properties": {"name": "Запорізька область", "type": "oblast", "id": "zaporizhzhia_oblast"}}, {"type": "Feature", "geometry": {"type": "Polygon", "coordinates": [[[29.2536063, 51.4926067], [29.2510082, 51.4956141], [29.2510082, 51.5034241], [29.2555582, 51.5187841], [29.2551282, 51.5238441], [29.2665482, 51.5310541], [29.2614782, 51.5451341], [29.2644882, 51.5514841], [29.2576182, 51.5635041], [29.2574482, 51.5679641], [29.2542682, 51.5701141], [29.2410582, 51.5698541], [29.2141122, 51.5668881], [29.214451, 51.5709541], [29.2087517, 51.5738487], [29.2086859, 51.5771364], [29.2026733, 51.5806861], [29.205221, 51.5844017], [29.2055284, 51.5912972], [29.2040773, 51.5973022], [29.2043435, 51.6074128], [29.1775305, 51.6075963], [29.177465, 51.6116017], [29.18594, 51.6198417], [29.1887148, 51.6278496], [29.1680244, 51.6268694], [29.1732767, 51.6232713], [29.1570353, 51.6263492], [29.1594572, 51.6335548], [29.1586246, 51.6391191], [29.1655955, 51.6397705], [29.1739473, 51.6494383], [29.1681487, 51.6526996], [29.1634039, 51.6523402], [29.1603847, 51.6499851], [29.1543068, 51.6515428], [29.1422369, 51.6508971], [29.1375537, 51.6492695], [29.1319104, 51.6512732], [29.1224475, 51.6504278], [29.116458, 51.6540262], [29.1216023, 51.6608998], [29.1175363, 51.661638], [29.1161114, 51.6573047], [29.1061788, 51.6511835], [29.1009291, 51.6454696], [29.0938117, 51.6431286], [29.0952584, 51.6349738], [29.0904069, 51.6276636], [29.0745267, 51.6265329], [29.0632832, 51.620889], [29.0483693, 51.6098452], [29.0487607, 51.6075012], [29.039005, 51.6019605], [29.0325986, 51.5945227], [29.0303694, 51.5903087], [28.9993779, 51.5735218], [28.9825282, 51.5732041], [28.9749782, 51.5783541], [28.9738682, 51.5829841], [28.9695212, 51.5916213], [28.9584714, 51.5901578], [28.942599, 51.5899216], [28.9271546, 51.5880739], [28.9125477, 51.5902026], [28.884179, 51.5839107], [28.8813052, 51.57887], [28.8778456, 51.5759238], [28.8686403, 51.5740101], [28.866021, 51.5695655], [28.8593536, 51.5683475], [28.8494443, 51.5640284], [28.8423954, 51.5627812], [28.8364801, 51.5582395], [28.828585, 51.5598419], [28.8196328, 51.5588208], [28.8070956, 51.548256], [28.8047141, 51.5378637], [28.7961304, 51.5327426], [28.7884221, 51.5237855], [28.7814111, 51.5108609], [28.7760182, 51.5038406], [28.7616083, 51.4873512], [28.7608767, 51.4826235], [28.7698117, 51.477634], [28.7754892, 51.4734179], [28.7738028, 51.4713772], [28.7806687, 51.4562262], [28.7787753, 51.4489032], [28.7716225, 51.445986], [28.7662859, 51.4310539], [28.7663513, 51.4275169], [28.7529308, 51.4145633], [28.7498997, 51.4153314], [28.7475295, 51.425044], [28.7391246, 51.4258403], [28.7418614, 51.4289052], [28.7336698, 51.434556], [28.7356461, 51.4444593], [28.7342851, 51.4529025], [28.7360152, 51.4576101], [28.7365781, 51.4664115], [28.7249582, 51.4611041], [28.7218574, 51.4573093], [28.7198082, 51.4505541], [28.697488, 51.4414346], [28.6838178, 51.4442642], [28.6801467, 51.4521317], [28.6512346, 51.5233624], [28.6551299, 51.5265214], [28.649322, 51.5458175], [28.6465248, 51.5486823], [28.6502981, 51.5535575], [28.660021, 51.5579995], [28.658575, 51.5667494], [28.6485129, 51.5710827], [28.6478955, 51.572694], [28.5543316, 51.5722168], [28.554385, 51.5820017], [28.5227227, 51.5819655], [28.5180539, 51.5886747], [28.5124788, 51.5906756], [28.5072841, 51.5905004], [28.4807713, 51.5926134], [28.4674425, 51.5931192], [28.4508565, 51.5848765], [28.4425817, 51.5795923], [28.441494, 51.577523], [28.4197567, 51.565182], [28.4095375, 51.560203], [28.3912814, 51.5503843], [28.363174, 51.5417205], [28.3594882, 51.5393841], [28.352452, 51.5399722], [28.3494969, 51.5427083], [28.3537214, 51.5506893], [28.3545189, 51.5572355], [28.3487696, 51.5652272], [28.3426513, 51.5767948], [28.3218858, 51.5904222], [28.3115829, 51.5983853], [28.311106, 51.6009696], [28.2830115, 51.6213108], [28.281337, 51.6235777], [28.2561285, 51.6196693], [28.2531072, 51.6270815], [28.2585511, 51.6378466], [28.2602868, 51.6473854], [28.2646867, 51.6609099], [28.2640339, 51.66309], [28.269646, 51.6711764], [28.2678997, 51.6763919], [28.2593843, 51.6811359], [28.2570082, 51.6789441], [28.2458286, 51.6767692], [28.236889, 51.6722348], [28.2339999, 51.6680539], [28.2284875, 51.6655312], [28.2249355, 51.6657294], [28.2093416, 51.6598757], [28.1762863, 51.6460101], [28.1707759, 51.6445812], [28.1672732, 51.62818], [28.1684928, 51.6249746], [28.152118, 51.6087342], [28.1490203, 51.6048705], [28.1292803, 51.6084913], [28.1290674, 51.6049726], [28.120482, 51.5981028], [28.117615, 51.5835544], [28.1065175, 51.5816541], [28.1043625, 51.5790578], [28.0815519, 51.5739746], [28.0728007, 51.5800874], [28.063528, 51.5722155], [28.0494227, 51.5667451], [27.9857427, 51.5611647], [27.9578882, 51.5593841], [27.9457882, 51.5581841], [27.9445782, 51.5622141], [27.9607182, 51.5720841], [27.9622682, 51.5771441], [27.9680982, 51.5798141], [27.9671493, 51.5822253], [27.9749185, 51.5940535], [27.9671199, 51.5956127], [27.9606374, 51.591899], [27.9576345, 51.5926789], [27.9509271, 51.5861948], [27.9475461, 51.5801407], [27.9388428, 51.5780197], [27.9202579, 51.5778883], [27.9244225, 51.594115], [27.9221358, 51.6064921], [27.9195616, 51.6068648], [27.9115129, 51.6126106], [27.8996273, 51.6145371], [27.8920386, 51.6137918], [27.8861761, 51.6158601], [27.8831752, 51.6209984], [27.8789109, 51.6215655], [27.8735631, 51.6261731], [27.8580587, 51.6307924], [27.8460047, 51.6283247], [27.8339907, 51.6242266], [27.8192383, 51.6173691], [27.8308519, 51.6111462], [27.8399908, 51.6079708], [27.8354847, 51.6018404], [27.8291117, 51.5968022], [27.8287684, 51.5823376], [27.8247961, 51.5768259], [27.8275192, 51.5722434], [27.8314836, 51.5698263], [27.8345964, 51.562563], [27.8370858, 51.5619315], [27.8391186, 51.5552031], [27.8497575, 51.5464788], [27.8439518, 51.5398706], [27.8326251, 51.5348717], [27.8069599, 51.5331412], [27.7960982, 51.5223041], [27.7873382, 51.5094241], [27.7799582, 51.5007641], [27.7750682, 51.4977541], [27.7697482, 51.4926941], [27.7697482, 51.4832541], [27.7683682, 51.4777641], [27.7636482, 51.474494], [27.7590982, 51.4740641], [27.7420182, 51.4774141], [27.7225382, 51.4923441], [27.7101782, 51.4977541], [27.7033082, 51.4988741], [27.6976482, 51.4981041], [27.6935282, 51.5002441], [27.6839982, 51.5094241], [27.6724082, 51.5148341], [27.6688082, 51.5178441], [27.6630928, 51.5172614], [27.6687992, 51.4969216], [27.6484761, 51.5018524], [27.6463518, 51.4977899], [27.6240599, 51.4831234], [27.6204604, 51.4823584], [27.5913584, 51.4788739], [27.5788379, 51.4785298], [27.5799797, 51.4601092], [27.5826949, 51.4298321], [27.5990295, 51.4301732], [27.5994104, 51.4221423], [27.6046622, 51.4201151], [27.603128, 51.4149798], [27.6140982, 51.4088903], [27.6137924, 51.4031012], [27.5843579, 51.4017358], [27.5837356, 51.4073762], [27.5740045, 51.4112392], [27.5679749, 51.4157694], [27.5490519, 51.4216221], [27.5325885, 51.4320177], [27.5332886, 51.4348487], [27.5266609, 51.4431047], [27.5345305, 51.4529807], [27.5173777, 51.4527199], [27.5036287, 51.4519778], [27.5051638, 51.4361088], [27.4991261, 51.4228169], [27.4994285, 51.4178655], [27.4921086, 51.4080421], [27.494563, 51.3746501], [27.5259528, 51.3663968], [27.5240824, 51.3601541], [27.5275302, 51.3533054], [27.5221483, 51.3469189], [27.5223281, 51.3418401], [27.5129654, 51.3353045], [27.5109701, 51.3350468], [27.499938, 51.3223922], [27.4897397, 51.3154648], [27.4407671, 51.3105868], [27.4482465, 51.2820448], [27.4613115, 51.2642209], [27.4570119, 51.263657], [27.4512452, 51.2605855], [27.4470985, 51.2547709], [27.4534281, 51.2523247], [27.4526668, 51.2483143], [27.4692535, 51.2477199], [27.4738669, 51.2372421], [27.4636692, 51.2362379], [27.4576771, 51.2237922], [27.4429813, 51.2227691], [27.4159025, 51.2018165], [27.4006855, 51.2007864], [27.4025154, 51.1891406], [27.406105, 51.1878292], [27.4036601, 51.1819542], [27.3943689, 51.1720946], [27.3981321, 51.1702169], [27.3739561, 51.1547835], [27.3802927, 51.1477346], [27.3707414, 51.1428582], [27.3639876, 51.1429508], [27.3689121, 51.1122301], [27.3645206, 51.1092879], [27.3667288, 51.097669], [27.3602797, 51.0957729], [27.3538528, 51.0954009], [27.3544961, 51.0871489], [27.3452286, 51.086715], [27.3360051, 51.0883148], [27.3334329, 51.083038], [27.3236257, 51.0804325], [27.322306, 51.0763209], [27.3247978, 51.0693571], [27.3201442, 51.0626385], [27.3174405, 51.0525097], [27.3258447, 51.0422538], [27.277908, 51.0402621], [27.2765635, 51.0326301], [27.2200012, 51.0301236], [27.2201191, 51.0276312], [27.2286768, 51.021896], [27.2262937, 51.0079477], [27.2157873, 51.0085961], [27.211126, 51.0040835], [27.1998969, 51.0001324], [27.2039348, 50.9889693], [27.2114225, 50.9821362], [27.2163534, 50.9748354], [27.2192717, 50.9731921], [27.2257143, 50.96226], [27.2230784, 50.9521715], [27.2338088, 50.9486975], [27.2382751, 50.9454114], [27.2339526, 50.9380983], [27.2376952, 50.9351842], [27.2282772, 50.932864], [27.224185, 50.9299135], [27.2203981, 50.9308476], [27.2172385, 50.9255547], [27.2167638, 50.9199379], [27.224609, 50.9107833], [27.2338841, 50.9125753], [27.2356959, 50.9101867], [27.233601, 50.9065092], [27.239923, 50.9026149], [27.2507105, 50.9002008], [27.2568459, 50.8959659], [27.2505599, 50.8896472], [27.2468629, 50.8838281], [27.2532457, 50.882209], [27.2437349, 50.8697725], [27.2490734, 50.85764], [27.2413923, 50.8525088], [27.2368557, 50.8472992], [27.235247, 50.8411662], [27.2320444, 50.8391985], [27.2379514, 50.8337402], [27.2417403, 50.8256221], [27.2392813, 50.8220596], [27.2384145, 50.8140462], [27.2346568, 50.8116771], [27.2364215, 50.8059399], [27.233356, 50.8008801], [27.2337043, 50.7954566], [27.2436352, 50.7928439], [27.2392699, 50.775665], [27.2433048, 50.7725409], [27.2420193, 50.7705457], [27.2486649, 50.7683317], [27.2591735, 50.7662397], [27.261269, 50.7620371], [27.2699749, 50.7630638], [27.2715396, 50.7612883], [27.2703687, 50.7533114], [27.2625652, 50.7457601], [27.2654995, 50.7434281], [27.2676936, 50.7359883], [27.2718671, 50.735973], [27.2729722, 50.7328036], [27.27018, 50.728892], [27.274662, 50.7249529], [27.2734442, 50.7224755], [27.2724116, 50.7119906], [27.2690347, 50.7116764], [27.260744, 50.7059268], [27.2582227, 50.7019688], [27.2613448, 50.6985524], [27.2521207, 50.6933671], [27.2539902, 50.6887317], [27.2508171, 50.6873978], [27.2446065, 50.6730678], [27.2385299, 50.6726437], [27.2308749, 50.6735327], [27.2280923, 50.6706764], [27.222214, 50.672778], [27.2203311, 50.6701006], [27.2156158, 50.6710246], [27.2041064, 50.6663334], [27.2013786, 50.6632596], [27.2035512, 50.6597451], [27.2134244, 50.657652], [27.2120967, 50.6543922], [27.2124132, 50.6471577], [27.2075826, 50.6437747], [27.2137409, 50.6395869], [27.2075155, 50.6371527], [27.2004828, 50.6326785], [27.205461, 50.6295582], [27.1999678, 50.6268852], [27.1892711, 50.6270128], [27.1889681, 50.62095], [27.1979489, 50.6191792], [27.2042526, 50.6124466], [27.2214389, 50.6070636], [27.2245663, 50.6053579], [27.2236651, 50.599151], [27.2171259, 50.5928274], [27.215192, 50.5883184], [27.2311879, 50.5666842], [27.2114155, 50.5653917], [27.210938, 50.5637714], [27.1963522, 50.562359], [27.19649, 50.5522752], [27.2037201, 50.5438017], [27.2074024, 50.5318219], [27.2258859, 50.5270831], [27.2273108, 50.5236651], [27.2362149, 50.5209652], [27.2501812, 50.515676], [27.2589358, 50.5131082], [27.2630943, 50.5092847], [27.2611386, 50.499427], [27.2622131, 50.4956924], [27.2677959, 50.4917841], [27.2784402, 50.4908539], [27.2845298, 50.4933576], [27.2953245, 50.4938308], [27.3013301, 50.493127], [27.3000164, 50.4873663], [27.2912049, 50.4769526], [27.2896846, 50.4713845], [27.2913586, 50.4581493], [27.2894454, 50.4546436], [27.2590269, 50.4244458], [27.2483691, 50.3927607], [27.2994352, 50.375803], [27.3116727, 50.3723611], [27.3212009, 50.3677737], [27.3206357, 50.3646619], [27.3229853, 50.3608545], [27.3231619, 50.3540005], [27.3193586, 50.3468691], [27.3128209, 50.3398257], [27.3155756, 50.3317396], [27.3291128, 50.3334303], [27.3364653, 50.3323171], [27.343639, 50.3336426], [27.3543833, 50.3312887], [27.3635092, 50.3322311], [27.3803434, 50.3240527], [27.4129443, 50.3088099], [27.4165743, 50.3074602], [27.4164685, 50.300491], [27.4201366, 50.2996558], [27.4180195, 50.2960636], [27.4068196, 50.2926594], [27.4043851, 50.2893417], [27.3983708, 50.2904806], [27.3954204, 50.2875805], [27.4090978, 50.2807219], [27.414621, 50.2756309], [27.4218599, 50.2722347], [27.4241138, 50.2763927], [27.4447371, 50.2754372], [27.4426361, 50.2611654], [27.4610388, 50.2596922], [27.4611368, 50.2577552], [27.4811852, 50.2570182], [27.4807229, 50.2518062], [27.4894016, 50.2393098], [27.5211087, 50.2254468], [27.5270763, 50.2252571], [27.543369, 50.2459348], [27.5624746, 50.2458613], [27.5667359, 50.2480008], [27.5668601, 50.253007], [27.573134, 50.2537866], [27.5769432, 50.2586378], [27.5974589, 50.2585407], [27.5992076, 50.2491078], [27.6021135, 50.2427283], [27.5987259, 50.2301642], [27.5948335, 50.2308181], [27.5929794, 50.2156565], [27.6024517, 50.2159513], [27.6077542, 50.2145289], [27.6115328, 50.1951706], [27.6209386, 50.1983622], [27.6225255, 50.1886804], [27.6213184, 50.1696167], [27.6418861, 50.1722397], [27.6365073, 50.1882706], [27.6622336, 50.1940276], [27.6633347, 50.1833859], [27.6619133, 50.1711506], [27.6782523, 50.1605587], [27.6673051, 50.1532428], [27.6521341, 50.1531724], [27.6504372, 50.1471657], [27.6413212, 50.1470882], [27.6311081, 50.1442276], [27.6331604, 50.1406529], [27.6275729, 50.1338048], [27.6258873, 50.1224528], [27.6330041, 50.1206815], [27.6315294, 50.1121055], [27.6244166, 50.1124637], [27.6235619, 50.1040874], [27.629536, 50.1022859], [27.6154447, 50.0861911], [27.6589662, 50.0789555], [27.668488, 50.0775682], [27.6681376, 50.07427], [27.6719143, 50.0731568], [27.6784581, 50.0635635], [27.6746387, 50.0556816], [27.6789592, 50.053101], [27.6821912, 50.0471971], [27.6786501, 50.0442335], [27.6800136, 50.0356609], [27.6758996, 50.0324783], [27.6702335, 50.0252599], [27.6580343, 50.0257508], [27.6587407, 50.0321622], [27.6504738, 50.0342299], [27.6442691, 50.0369408], [27.641348, 50.0362162], [27.6166262, 50.011751], [27.611773, 50.0057265], [27.5926448, 50.0138331], [27.5803717, 50.0177975], [27.5710799, 50.0196731], [27.5630611, 50.0185665], [27.5618074, 50.0149014], [27.5538666, 50.0112325], [27.546477, 50.0115817], [27.5470864, 50.0020687], [27.5488091, 49.9962611], [27.5542893, 49.9876554], [27.5612004, 49.9840108], [27.5635702, 49.9682676], [27.5664084, 49.9588381], [27.571465, 49.955699], [27.5755721, 49.9484821], [27.5679959, 49.9465162], [27.5567695, 49.9452218], [27.557193, 49.9355607], [27.5477154, 49.9348233], [27.5494387, 49.9083031], [27.546772, 49.903453], [27.5498388, 49.9005286], [27.5629675, 49.9016006], [27.5619629, 49.9070252], [27.5632086, 49.9095666], [27.5680591, 49.909877], [27.5743036, 49.9080891], [27.5767455, 49.9042132], [27.5844843, 49.9012575], [27.5879402, 49.8977467], [27.5950331, 49.8957428], [27.5957866, 49.8901687], [27.6077626, 49.8904851], [27.6191238, 49.89385], [27.6253697, 49.8923954], [27.610048, 49.8757749], [27.6156628, 49.8732208], [27.6149487, 49.8641674], [27.622465, 49.860568], [27.617811, 49.8565206], [27.6215992, 49.8523044], [27.6276194, 49.8504453], [27.6255763, 49.842384], [27.6228591, 49.8382509], [27.6360116, 49.827083], [27.6345048, 49.8239955], [27.643753, 49.816265], [27.6405341, 49.8137708], [27.644067, 49.8111697], [27.6465631, 49.8067292], [27.6546797, 49.8040418], [27.6603889, 49.7994758], [27.6578546, 49.7971437], [27.6632732, 49.7955389], [27.6680087, 49.8070657], [27.6803165, 49.8054488], [27.6919022, 49.8020284], [27.6972174, 49.8090155], [27.716497, 49.8061699], [27.727053, 49.7995454], [27.7226994, 49.7922389], [27.7236959, 49.7904576], [27.7156538, 49.7834121], [27.7109569, 49.7822812], [27.7068276, 49.7789314], [27.7036566, 49.7689962], [27.7299896, 49.7634003], [27.7434111, 49.757862], [27.7483276, 49.757144], [27.7573745, 49.7502846], [27.7566165, 49.747259], [27.7686245, 49.7397639], [27.7733655, 49.7342114], [27.7753576, 49.7341354], [27.7804499, 49.7287005], [27.7930717, 49.7274052], [27.8028902, 49.7284816], [27.8062447, 49.7272979], [27.8175265, 49.7342877], [27.8174107, 49.7429184], [27.835757, 49.7448995], [27.8358037, 49.7558549], [27.8449404, 49.7533092], [27.8498488, 49.7532723], [27.8663865, 49.7550484], [27.8767228, 49.7550063], [27.8936465, 49.7577675], [27.8934153, 49.7625838], [27.8995135, 49.7672604], [27.9188396, 49.7669476], [27.9330612, 49.7684273], [27.940578, 49.7705935], [27.9519205, 49.7761815], [27.9604911, 49.7785136], [27.9704737, 49.7788226], [27.9803703, 49.7801209], [27.9897013, 49.7793407], [28.005304, 49.7762717], [28.01929, 49.7711524], [28.0393678, 49.7705977], [28.0590847, 49.7720251], [28.0971694, 49.7719246], [28.1109908, 49.7739305], [28.1239754, 49.7798646], [28.1362975, 49.7820919], [28.1450173, 49.7848888], [28.1462726, 49.7869046], [28.1544882, 49.7889705], [28.1554251, 49.7862299], [28.1737438, 49.7876631], [28.1947589, 49.7898225], [28.2047352, 49.7901437], [28.213095, 49.7917494], [28.2200185, 49.7902512], [28.2170775, 49.785036], [28.2255775, 49.7852127], [28.224497, 49.7876866], [28.2286531, 49.7951034], [28.2447051, 49.797571], [28.243618, 49.8140313], [28.2497549, 49.8153052], [28.2619083, 49.8104206], [28.2626483, 49.7995359], [28.2825047, 49.7976799], [28.2889125, 49.7979136], [28.2974856, 49.8010851], [28.3491288, 49.7921303], [28.3792173, 49.7804129], [28.3900323, 49.7842722], [28.406665, 49.7919769], [28.4121962, 49.8082408], [28.411605, 49.8104464], [28.4188049, 49.8114846], [28.4164832, 49.8140606], [28.4195083, 49.8210639], [28.4242217, 49.8234088], [28.431814, 49.8209218], [28.4395814, 49.8221685], [28.4441205, 49.8210684], [28.4632602, 49.8212502], [28.4693976, 49.8226983], [28.4698357, 49.8190796], [28.4729739, 49.8125815], [28.4795185, 49.8104819], [28.481887, 49.8071499], [28.4955322, 49.8115118], [28.5160563, 49.8161669], [28.5279066, 49.8196536], [28.5301408, 49.8135242], [28.5416981, 49.8064745], [28.5494197, 49.7955576], [28.5534811, 49.7941257], [28.5562399, 49.7872001], [28.5629522, 49.7870685], [28.5699157, 49.7739557], [28.5765753, 49.7751775], [28.5978119, 49.7807248], [28.6014192, 49.7823214], [28.6022399, 49.8100352], [28.6121335, 49.8105788], [28.6190581, 49.813616], [28.6334006, 49.8129763], [28.635641, 49.8100268], [28.6395678, 49.8094763], [28.6356088, 49.8170892], [28.6678465, 49.8079571], [28.6900544, 49.7995338], [28.6882415, 49.8051813], [28.7064552, 49.8095288], [28.7091772, 49.8051958], [28.7180033, 49.8073614], [28.7255144, 49.796518], [28.7340091, 49.7981867], [28.7348932, 49.8026279], [28.7461337, 49.8175979], [28.7501643, 49.8186117], [28.7589884, 49.8184281], [28.7588352, 49.8232905], [28.7503569, 49.8230642], [28.750946, 49.8444883], [28.7699582, 49.843766], [28.784754, 49.8426164], [28.7839097, 49.8515749], [28.8139727, 49.8527442], [28.814198, 49.8586684], [28.816992, 49.8584694], [28.8439089, 49.8599461], [28.8465327, 49.8648729], [28.8572808, 49.8885749], [28.870635, 49.8890206], [28.8807905, 49.8883196], [28.8818569, 49.8854355], [28.8987358, 49.8817681], [28.8955011, 49.8731831], [28.9045633, 49.8713739], [28.9100809, 49.8665214], [28.9029071, 49.8635858], [28.9073574, 49.8606784], [28.9386467, 49.8529699], [28.9378073, 49.8516221], [28.9426464, 49.8466751], [28.9537469, 49.8399143], [28.9512521, 49.8359433], [28.9450357, 49.81938], [28.9608282, 49.8208747], [28.9614775, 49.8094037], [28.9702209, 49.803634], [28.9510345, 49.7892926], [28.9422841, 49.783957], [28.9571694, 49.7785279], [28.965803, 49.7764963], [28.9640647, 49.7549733], [29.0016215, 49.7398642], [29.0052559, 49.7292566], [29.0047973, 49.7265993], [28.9956572, 49.7275418], [28.9942827, 49.7219469], [28.9906157, 49.7189822], [28.9948431, 49.7166287], [28.9885412, 49.7112659], [28.9760271, 49.6981281], [28.9645262, 49.6997322], [28.9576316, 49.6842917], [28.9468103, 49.6833178], [28.9456927, 49.6787453], [28.9470877, 49.6740986], [28.9637371, 49.6725108], [28.9700455, 49.665501], [28.9855499, 49.6500865], [28.9790924, 49.6491045], [28.98188, 49.6446807], [28.9890787, 49.6456579], [29.0101338, 49.632545], [29.0038395, 49.6282399], [28.9959032, 49.6166198], [28.9883018, 49.6092742], [28.9850782, 49.603277], [28.993628, 49.5972528], [29.0082602, 49.5937108], [29.0271717, 49.5904206], [29.0525125, 49.5943802], [29.0616048, 49.5926362], [29.0693166, 49.5940664], [29.0743776, 49.5928374], [29.1050655, 49.5933369], [29.1167416, 49.5836448], [29.1211397, 49.586601], [29.1341792, 49.5905017], [29.1527675, 49.5930135], [29.1558328, 49.5908042], [29.1646025, 49.5913378], [29.1815203, 49.5877389], [29.1894555, 49.5872648], [29.2039943, 49.5932976], [29.2129954, 49.5876265], [29.2233562, 49.5914516], [29.2239075, 49.5934826], [29.2415363, 49.6034981], [29.2501892, 49.5943625], [29.2525343, 49.5901193], [29.2757057, 49.5902007], [29.2757808, 49.6271199], [29.2921237, 49.6264955], [29.3037849, 49.6266953], [29.3277593, 49.6280498], [29.3407902, 49.6151765], [29.3543373, 49.6277913], [29.3585614, 49.6276284], [29.3623412, 49.6239571], [29.3713546, 49.6190999], [29.3753105, 49.620535], [29.3799712, 49.6198319], [29.3960771, 49.6476375], [29.4099221, 49.6592075], [29.4182265, 49.6548192], [29.4267345, 49.6538042], [29.4311848, 49.662138], [29.4826812, 49.6495191], [29.4851787, 49.6542307], [29.5052255, 49.6491931], [29.5134814, 49.6628506], [29.4889911, 49.6689197], [29.4913096, 49.7055687], [29.4921222, 49.7093556], [29.4958644, 49.710832], [29.4962685, 49.7141634], [29.4835988, 49.7120116], [29.4453545, 49.7134413], [29.4351659, 49.7293503], [29.4446173, 49.7320799], [29.462044, 49.7619157], [29.4570415, 49.7742256], [29.4497306, 49.7866472], [29.4475944, 49.7887027], [29.4415452, 49.7986011], [29.4388651, 49.8052365], [29.4487183, 49.8025101], [29.4700061, 49.8144242], [29.4802456, 49.8031992], [29.4876454, 49.8063785], [29.4863338, 49.8094601], [29.4961588, 49.8137087], [29.494932, 49.8206406], [29.490665, 49.8253514], [29.5090815, 49.8350422], [29.511568, 49.8321317], [29.5226639, 49.8288667], [29.5270491, 49.8251047], [29.5384232, 49.8216296], [29.5418946, 49.8189979], [29.5501847, 49.8280664], [29.5475941, 49.8288468], [29.5468349, 49.8353901], [29.5585623, 49.8369225], [29.5744475, 49.8374905], [29.5731174, 49.8403953], [29.5890963, 49.8417694], [29.5929383, 49.8414512], [29.6002405, 49.8473968], [29.5985219, 49.8508993], [29.6037997, 49.8557671], [29.6211645, 49.8524385], [29.6268717, 49.8565148], [29.6262246, 49.8598291], [29.6314021, 49.8640904], [29.6359799, 49.8646544], [29.6404752, 49.8696516], [29.646728, 49.8665394], [29.6510575, 49.8681533], [29.6551358, 49.8666594], [29.6666348, 49.8739772], [29.6471177, 49.8777502], [29.6324976, 49.8771286], [29.6282912, 49.8864044], [29.6336105, 49.8857153], [29.6431331, 49.898494], [29.6562342, 49.9023251], [29.665875, 49.9112778], [29.7165263, 49.9289562], [29.728047, 49.9327959], [29.7254035, 49.9417649], [29.7352238, 49.9443586], [29.7243403, 49.9572363], [29.7214565, 49.9586672], [29.7306899, 49.9644211], [29.7285653, 49.9684876], [29.7146213, 49.9668066], [29.7115402, 49.9722865], [29.7168579, 49.9783573], [29.7153563, 49.9805986], [29.7070798, 49.983921], [29.696454, 49.9915607], [29.6945904, 49.9962917], [29.6906253, 49.9979564], [29.6928532, 50.004023], [29.6814811, 50.0140193], [29.6794286, 50.0190918], [29.6791763, 50.0243906], [29.6772839, 50.0295301], [29.6715101, 50.0322104], [29.6916418, 50.0412166], [29.6952236, 50.0438828], [29.696071, 50.0506374], [29.6965987, 50.0686685], [29.6787155, 50.0825489], [29.6469242, 50.1065546], [29.6496629, 50.1091449], [29.6668624, 50.111842], [29.6700542, 50.1142147], [29.6557451, 50.1180738], [29.6591354, 50.1276466], [29.6880735, 50.143882], [29.6921189, 50.1522501], [29.6909959, 50.1551596], [29.6803081, 50.1576482], [29.6717379, 50.162198], [29.6653843, 50.1677528], [29.6569999, 50.1711304], [29.6507336, 50.1720105], [29.6431484, 50.1798054], [29.6475671, 50.1826576], [29.6502747, 50.1864522], [29.6551269, 50.1874833], [29.6621274, 50.1952075], [29.669229, 50.2004582], [29.6758974, 50.2068093], [29.6828286, 50.2163406], [29.6839508, 50.2238696], [29.6895862, 50.2283886], [29.6990067, 50.2289728], [29.6996257, 50.2333823], [29.68886, 50.2400889], [29.6845664, 50.246281], [29.6815709, 50.2550158], [29.6775015, 50.2540863], [29.6752342, 50.2590792], [29.6655592, 50.2649714], [29.6736799, 50.2674243], [29.666215, 50.2745823], [29.6733531, 50.2778802], [29.6812277, 50.2738272], [29.6844125, 50.277097], [29.6886841, 50.277236], [29.6894385, 50.2842286], [29.6779942, 50.2847685], [29.6755439, 50.297601], [29.6820533, 50.3116333], [29.6908808, 50.3096448], [29.6924045, 50.3232406], [29.6817217, 50.320408], [29.6734229, 50.3203218], [29.6637026, 50.3239318], [29.6563686, 50.3223643], [29.6549106, 50.3244743], [29.6449552, 50.3243804], [29.6259877, 50.3300803], [29.6221686, 50.3349671], [29.6170317, 50.3391957], [29.6182826, 50.3426895], [29.6277287, 50.3463118], [29.6308034, 50.3495677], [29.6296014, 50.3518794], [29.6375195, 50.3545134], [29.6418163, 50.358275], [29.640118, 50.3654525], [29.6347218, 50.3689274], [29.6383696, 50.3714853], [29.6352419, 50.3741842], [29.6307543, 50.3726717], [29.6217955, 50.3653547], [29.6174937, 50.3649006], [29.609144, 50.3728527], [29.6002822, 50.3750597], [29.5889815, 50.3747518], [29.5893439, 50.3805859], [29.5860031, 50.3892093], [29.5903771, 50.4003375], [29.5843032, 50.404633], [29.5743231, 50.4130767], [29.5602398, 50.4225009], [29.4802885, 50.4131377], [29.4816451, 50.4039859], [29.454759, 50.4014455], [29.4425755, 50.4154229], [29.4424519, 50.4188146], [29.4510189, 50.4204762], [29.469304, 50.4154633], [29.4714718, 50.4202981], [29.4815295, 50.4190046], [29.489377, 50.4295838], [29.4969044, 50.4349857], [29.4993597, 50.4442554], [29.4975412, 50.4506092], [29.4766113, 50.4492377], [29.4764391, 50.4520624], [29.4518589, 50.4513786], [29.4467841, 50.4527614], [29.4571438, 50.4711127], [29.4634938, 50.466527], [29.4772848, 50.462], [29.4835292, 50.459305], [29.5006988, 50.4676942], [29.5053751, 50.4659579], [29.5108425, 50.4707502], [29.5066424, 50.479474], [29.5025369, 50.4838911], [29.5090502, 50.4879389], [29.5033937, 50.495093], [29.5032598, 50.502204], [29.4917909, 50.504185], [29.4847686, 50.5070603], [29.483922, 50.5092537], [29.4750401, 50.5104298], [29.465308, 50.5138907], [29.4604825, 50.5166877], [29.4642474, 50.5209718], [29.4667811, 50.5272922], [29.4606275, 50.5330167], [29.4581371, 50.5394687], [29.4692992, 50.5396359], [29.4889487, 50.5388432], [29.4923025, 50.5441991], [29.5024022, 50.5473408], [29.5028772, 50.5534316], [29.4984472, 50.5605827], [29.4993275, 50.5656146], [29.5050411, 50.5727991], [29.4988554, 50.5765321], [29.4983402, 50.5898195], [29.4921964, 50.5958691], [29.4867239, 50.5979077], [29.4754541, 50.6082004], [29.4616333, 50.6115735], [29.4560733, 50.614001], [29.4545107, 50.6164331], [29.4449252, 50.6211623], [29.4554679, 50.623843], [29.4540275, 50.6270765], [29.4584773, 50.6296548], [29.4643098, 50.6260909], [29.4722914, 50.6282155], [29.4635237, 50.6332494], [29.4789771, 50.6416532], [29.4848657, 50.6466896], [29.4768263, 50.6525475], [29.4790422, 50.6571001], [29.486399, 50.6594322], [29.4862694, 50.6618377], [29.500173, 50.66116], [29.5040719, 50.6598558], [29.508328, 50.662709], [29.5123427, 50.659953], [29.5226443, 50.6619626], [29.5251568, 50.6659997], [29.5292571, 50.6681474], [29.5311076, 50.6737626], [29.5284326, 50.678118], [29.5381466, 50.6817964], [29.5426223, 50.6883759], [29.5506904, 50.6931389], [29.554515, 50.6918537], [29.564926, 50.6931619], [29.5699533, 50.6986235], [29.5767365, 50.6993032], [29.5790416, 50.7036353], [29.5860904, 50.7087567], [29.5911209, 50.7204922], [29.5959637, 50.7253383], [29.5976293, 50.7291076], [29.5918103, 50.7307731], [29.5859309, 50.7364534], [29.5871472, 50.7381289], [29.5788169, 50.7407921], [29.5816329, 50.7475241], [29.5777511, 50.7496784], [29.5725951, 50.7613315], [29.5688439, 50.7634984], [29.5719064, 50.7689524], [29.5619898, 50.7701629], [29.557742, 50.7728717], [29.5491474, 50.7720961], [29.5433119, 50.7761042], [29.5350364, 50.7763668], [29.5284091, 50.7731357], [29.5201227, 50.7720498], [29.5114666, 50.7696562], [29.5102686, 50.7654158], [29.5036442, 50.7652691], [29.5009014, 50.7674124], [29.4905306, 50.768658], [29.4911404, 50.7731404], [29.497643, 50.7743755], [29.5070758, 50.7746472], [29.5105244, 50.7772297], [29.5099186, 50.7853405], [29.5187475, 50.7892136], [29.5214833, 50.7926341], [29.5151389, 50.7932921], [29.4987855, 50.8012339], [29.4982671, 50.803171], [29.4921886, 50.8066483], [29.4940117, 50.8093218], [29.4881867, 50.8122172], [29.5009086, 50.818839], [29.5171622, 50.8174658], [29.5299259, 50.8149702], [29.5347261, 50.8131312], [29.5473784, 50.8139025], [29.5421762, 50.8283871], [29.5348188, 50.829895], [29.529195, 50.8238182], [29.4974716, 50.8372841], [29.5111173, 50.8549849], [29.5213186, 50.8688505], [29.5134458, 50.8786701], [29.5003053, 50.8870184], [29.4902467, 50.8895679], [29.4713189, 50.9036449], [29.4750774, 50.9147994], [29.4674832, 50.9247398], [29.4393642, 50.9424255], [29.4354234, 50.9455251], [29.4309237, 50.9453708], [29.4114766, 50.9489313], [29.413866, 50.980784], [29.41378, 50.983654], [29.419477, 50.9834952], [29.4247768, 50.9863869], [29.4404774, 50.9885436], [29.4487506, 50.9856329], [29.4761712, 50.9788998], [29.4669716, 50.9878625], [29.4654366, 50.9932563], [29.4655901, 51.0046918], [29.4685462, 51.0096736], [29.4645617, 51.018945], [29.4673625, 51.0190581], [29.4781655, 51.0331193], [29.5117379, 51.060619], [29.5077849, 51.0642509], [29.4939175, 51.0735606], [29.4826245, 51.0767176], [29.4768096, 51.0795769], [29.4678324, 51.0861996], [29.4588561, 51.089615], [29.4508877, 51.0973426], [29.429066, 51.1217], [29.4274518, 51.1239321], [29.4082136, 51.133224], [29.360665, 51.1544941], [29.3488983, 51.1600001], [29.3306014, 51.157561], [29.3291884, 51.1266959], [29.3213265, 51.1277779], [29.3162441, 51.1314653], [29.3113703, 51.1428096], [29.3016889, 51.1679707], [29.2956593, 51.1863277], [29.2689088, 51.2602955], [29.2675489, 51.2648114], [29.2719599, 51.2664846], [29.2992521, 51.2732649], [29.3074645, 51.2713448], [29.3100871, 51.2757145], [29.3175269, 51.2752236], [29.3293393, 51.2763291], [29.3290531, 51.2710519], [29.3349399, 51.269656], [29.3544641, 51.2744186], [29.3680535, 51.2894174], [29.3554059, 51.2934792], [29.3671779, 51.3059679], [29.3648682, 51.3081835], [29.3495178, 51.3164095], [29.3511352, 51.3205935], [29.3478737, 51.3241786], [29.3664733, 51.3264001], [29.3741433, 51.3258619], [29.3964355, 51.3275122], [29.3929554, 51.3404592], [29.3934342, 51.3794092], [29.3593877, 51.3759191], [29.3591582, 51.3854941], [29.3562382, 51.3845441], [29.3443982, 51.3841141], [29.3402782, 51.3857441], [29.3311782, 51.3796541], [29.3261982, 51.3776741], [29.3218182, 51.3861741], [29.3204688, 51.3949512], [29.3228993, 51.3991021], [29.3247382, 51.4099541], [29.3220782, 51.4174141], [29.3165882, 51.4214541], [29.3157282, 51.4337241], [29.3079182, 51.4448841], [29.3072282, 51.4476341], [29.3091182, 51.454234], [29.2949582, 51.4594741], [29.2888582, 51.4601641], [29.2815682, 51.4586141], [29.2753882, 51.4587841], [29.2717782, 51.4658241], [29.2706682, 51.4720041], [29.2713482, 51.4769841], [29.2628582, 51.4808541], [29.2585682, 51.4842841], [29.2536063, 51.4926067]]]}, "properties": {"name": "Житомирська область", "type": "oblast", "id": "zhytomyr_oblast"}}]}